# https://github.com/mikedh/trimesh
v -0.01446222 -0.00073237 -0.03531887 0.54509804 0.71372549 0.60000000
v -0.01352987 -0.00073237 -0.03526379 0.54509804 0.71372549 0.60000000
v -0.01549623 -0.00073237 -0.03526379 0.54509804 0.71372549 0.60000000
v -0.01446222 0.00440095 -0.03626215 0.54509804 0.71372549 0.60000000
v -0.01320456 0.00440095 -0.03627592 0.54509804 0.71372549 0.60000000
v -0.01289958 -0.00073237 -0.03513297 0.54509804 0.71372549 0.60000000
v -0.01560370 -0.00073237 -0.03525690 0.54509804 0.71372549 0.60000000
v -0.01454355 0.00555878 -0.03642051 0.54509804 0.71372549 0.60000000
v -0.01418048 0.00591053 -0.03649625 0.54509804 0.71372549 0.60000000
v -0.01617880 -0.00073237 -0.03519494 0.54509804 0.71372549 0.60000000
v -0.01697464 -0.00073237 -0.03510543 0.54509804 0.71372549 0.60000000
v -0.01812774 -0.00073237 -0.03497461 0.54509804 0.71372549 0.60000000
v -0.01938831 -0.00073237 -0.03480936 0.54509804 0.71372549 0.60000000
v -0.01948997 -0.00073237 -0.03479559 0.54509804 0.71372549 0.60000000
v -0.01348920 0.00591053 -0.03649625 0.54509804 0.71372549 0.60000000
v -0.01312323 0.00555878 -0.03642740 0.54509804 0.71372549 0.60000000
v -0.01264979 0.00638319 -0.03645494 0.54509804 0.71372549 0.60000000
v -0.01194689 0.00440095 -0.03600740 0.54509804 0.71372549 0.60000000
v -0.01194689 -0.00073237 -0.03480247 0.54509804 0.71372549 0.60000000
v -0.01501989 0.00666899 -0.03645494 0.54509804 0.71372549 0.60000000
v -0.01571988 0.00440095 -0.03608313 0.54509804 0.71372549 0.60000000
v -0.01571988 0.00566138 -0.03625527 0.54509804 0.71372549 0.60000000
v -0.01454355 0.00702073 -0.03651691 0.54509804 0.71372549 0.60000000
v -0.01320456 0.00817491 -0.03657887 0.54509804 0.71372549 0.60000000
v -0.01312323 0.00684852 -0.03653068 0.54509804 0.71372549 0.60000000
v -0.02064306 -0.00073237 -0.03462346 0.54509804 0.71372549 0.60000000
v -0.01249004 0.00722226 -0.03648248 0.54509804 0.71372549 0.60000000
v -0.00867058 0.01320563 -0.03599363 0.54509804 0.71372549 0.60000000
v -0.01194689 0.00566138 -0.03617953 0.54509804 0.71372549 0.60000000
v -0.00867058 0.01194520 -0.03580772 0.54509804 0.71372549 0.60000000
v -0.01063985 0.00449255 -0.03544969 0.54509804 0.71372549 0.60000000
v -0.01104649 0.00314418 -0.03534641 0.54509804 0.71372549 0.60000000
v -0.01184233 -0.00073237 -0.03475428 0.54509804 0.71372549 0.60000000
v -0.01697464 0.00691814 -0.03607625 0.54509804 0.71372549 0.60000000
v -0.01559499 0.00702073 -0.03635854 0.54509804 0.71372549 0.60000000
v -0.01509541 0.00750805 -0.03646182 0.54509804 0.71372549 0.60000000
v -0.02074763 -0.00073237 -0.03460280 0.54509804 0.71372549 0.60000000
v -0.01697464 0.00566138 -0.03597985 0.54509804 0.71372549 0.60000000
v -0.01456678 0.00808697 -0.03652379 0.54509804 0.71372549 0.60000000
v -0.01242905 0.00817491 -0.03650313 0.54509804 0.71372549 0.60000000
v -0.01417467 0.00943167 -0.03650313 0.54509804 0.71372549 0.60000000
v -0.01320456 0.00943167 -0.03652379 0.54509804 0.71372549 0.60000000
v -0.01256846 0.01007654 -0.03646182 0.54509804 0.71372549 0.60000000
v -0.00867058 0.01446240 -0.03604182 0.54509804 0.71372549 0.60000000
v -0.00867058 0.01066279 -0.03551854 0.54509804 0.71372549 0.60000000
v -0.01004152 0.00497254 -0.03521559 0.54509804 0.71372549 0.60000000
v -0.01018675 0.00413347 -0.03512608 0.54509804 0.71372549 0.60000000
v -0.01077056 -0.00073237 -0.03423788 0.54509804 0.71372549 0.60000000
v -0.01697464 0.00817491 -0.03609691 0.54509804 0.71372549 0.60000000
v -0.01823230 0.00691814 -0.03577330 0.54509804 0.71372549 0.60000000
v -0.01823230 0.00817491 -0.03581461 0.54509804 0.71372549 0.60000000
v -0.01509541 0.00760698 -0.03646182 0.54509804 0.71372549 0.60000000
v -0.01559499 0.00808697 -0.03636543 0.54509804 0.71372549 0.60000000
v -0.02200529 -0.00073237 -0.03426543 0.54509804 0.71372549 0.60000000
v -0.01505474 0.00844605 -0.03645494 0.54509804 0.71372549 0.60000000
v -0.01390455 0.01012418 -0.03646871 0.54509804 0.71372549 0.60000000
v -0.01480205 0.00943167 -0.03642051 0.54509804 0.71372549 0.60000000
v -0.01320456 0.01012051 -0.03646871 0.54509804 0.71372549 0.60000000
v -0.00867058 0.01571916 -0.03589723 0.54509804 0.71372549 0.60000000
v -0.00867058 0.00566138 -0.03432739 0.54509804 0.71372549 0.60000000
v -0.00954775 0.00449255 -0.03472674 0.54509804 0.71372549 0.60000000
v -0.00935605 -0.00073237 -0.03332215 0.54509804 0.71372549 0.60000000
v -0.01010833 -0.00073237 -0.03386608 0.54509804 0.71372549 0.60000000
v -0.01823230 0.00943167 -0.03577330 0.54509804 0.71372549 0.60000000
v -0.01697464 0.00943167 -0.03604871 0.54509804 0.71372549 0.60000000
v -0.01948997 0.00691814 -0.03543592 0.54509804 0.71372549 0.60000000
v -0.01948997 0.00817491 -0.03546346 0.54509804 0.71372549 0.60000000
v -0.02018124 0.00691814 -0.03522936 0.54509804 0.71372549 0.60000000
v -0.02014349 0.00619632 -0.03520871 0.54509804 0.71372549 0.60000000
v -0.02264429 -0.00073237 -0.03401067 0.54509804 0.71372549 0.60000000
v -0.01571988 0.00943167 -0.03628280 0.54509804 0.71372549 0.60000000
v -0.01571988 0.01068844 -0.03614510 0.54509804 0.71372549 0.60000000
v -0.01437799 0.01060416 -0.03634477 0.54509804 0.71372549 0.60000000
v -0.01446222 0.01194520 -0.03611756 0.54509804 0.71372549 0.60000000
v -0.01320456 0.01194520 -0.03622772 0.54509804 0.71372549 0.60000000
v -0.00943157 0.01571916 -0.03583527 0.54509804 0.71372549 0.60000000
v -0.00867058 0.01621381 -0.03575953 0.54509804 0.71372549 0.60000000
v -0.00867058 -0.00072871 -0.03279887 0.54509804 0.71372549 0.60000000
v -0.00867058 -0.00073237 -0.03244083 0.54509804 0.71372549 0.60000000
v -0.01953644 0.00935473 -0.03538084 0.54509804 0.71372549 0.60000000
v -0.01823230 0.01068844 -0.03562871 0.54509804 0.71372549 0.60000000
v -0.01697464 0.01068844 -0.03593166 0.54509804 0.71372549 0.60000000
v -0.02018415 0.00817491 -0.03523625 0.54509804 0.71372549 0.60000000
v -0.02014639 0.00888207 -0.03521559 0.54509804 0.71372549 0.60000000
v -0.02081153 0.00691814 -0.03494018 0.54509804 0.71372549 0.60000000
v -0.02270238 -0.00073237 -0.03398313 0.54509804 0.71372549 0.60000000
v -0.01571988 0.01194520 -0.03595232 0.54509804 0.71372549 0.60000000
v -0.01571988 0.01320563 -0.03569068 0.54509804 0.71372549 0.60000000
v -0.01446222 0.01320563 -0.03584904 0.54509804 0.71372549 0.60000000
v -0.01320456 0.01320563 -0.03597985 0.54509804 0.71372549 0.60000000
v -0.01068923 0.01571916 -0.03569756 0.54509804 0.71372549 0.60000000
v -0.00943157 0.01697593 -0.03548412 0.54509804 0.71372549 0.60000000
v -0.00867058 0.01697593 -0.03554608 0.54509804 0.71372549 0.60000000
v -0.00867058 -0.00073237 0.02905827 0.54509804 0.71372549 0.60000000
v -0.01912980 0.01068844 -0.03532576 0.54509804 0.71372549 0.60000000
v -0.01697464 0.01194520 -0.03573887 0.54509804 0.71372549 0.60000000
v -0.01823230 0.01189024 -0.03539461 0.54509804 0.71372549 0.60000000
v -0.02190944 0.00691814 -0.03430674 0.54509804 0.71372549 0.60000000
v -0.02081443 0.00817491 -0.03487133 0.54509804 0.71372549 0.60000000
v -0.02177002 0.00817491 -0.03424477 0.54509804 0.71372549 0.60000000
v -0.02063726 0.00935473 -0.03478182 0.54509804 0.71372549 0.60000000
v -0.01998374 0.00972113 -0.03513297 0.54509804 0.71372549 0.60000000
v -0.02270238 -0.00062612 -0.03398313 0.54509804 0.71372549 0.60000000
v -0.02327748 -0.00073237 -0.03362510 0.54509804 0.71372549 0.60000000
v -0.01699497 0.01322762 -0.03542215 0.54509804 0.71372549 0.60000000
v -0.01659124 0.01405569 -0.03529133 0.54509804 0.71372549 0.60000000
v -0.01565308 0.01446973 -0.03535330 0.54509804 0.71372549 0.60000000
v -0.01519126 0.01516589 -0.03522936 0.54509804 0.71372549 0.60000000
v -0.01446222 0.01446240 -0.03552543 0.54509804 0.71372549 0.60000000
v -0.01194689 0.01571916 -0.03552543 0.54509804 0.71372549 0.60000000
v -0.01194689 0.01659487 -0.03528444 0.54509804 0.71372549 0.60000000
v -0.01057596 0.01701257 -0.03533953 0.54509804 0.71372549 0.60000000
v -0.00867058 0.01726172 -0.03544969 0.54509804 0.71372549 0.60000000
v -0.01008219 0.01761347 -0.03520871 0.54509804 0.71372549 0.60000000
v -0.00943157 0.01769774 -0.03523625 0.54509804 0.71372549 0.60000000
v -0.00867058 0.01101820 0.03263860 0.54509804 0.71372549 0.60000000
v -0.00954775 -0.00073237 0.02946450 0.54509804 0.71372549 0.60000000
v -0.01893229 0.01143590 -0.03524313 0.54509804 0.71372549 0.60000000
v -0.01781114 0.01282457 -0.03529821 0.54509804 0.71372549 0.60000000
v -0.02262686 0.00346295 -0.03394182 0.54509804 0.71372549 0.60000000
v -0.02258910 0.00566138 -0.03391428 0.54509804 0.71372549 0.60000000
v -0.02253972 0.00691814 -0.03386608 0.54509804 0.71372549 0.60000000
v -0.02156961 0.00943167 -0.03410018 0.54509804 0.71372549 0.60000000
v -0.02239740 0.00817491 -0.03374215 0.54509804 0.71372549 0.60000000
v -0.02143310 0.01019379 -0.03399002 0.54509804 0.71372549 0.60000000
v -0.01975718 0.01068844 -0.03498838 0.54509804 0.71372549 0.60000000
v -0.02079120 0.01064080 -0.03430674 0.54509804 0.71372549 0.60000000
v -0.02332976 -0.00062612 -0.03359067 0.54509804 0.71372549 0.60000000
v -0.02330652 0.00063065 -0.03358379 0.54509804 0.71372549 0.60000000
v -0.02332976 -0.00073237 -0.03359067 0.54509804 0.71372549 0.60000000
v -0.01742775 0.01366364 -0.03513297 0.54509804 0.71372549 0.60000000
v -0.01699497 0.01446973 -0.03496772 0.54509804 0.71372549 0.60000000
v -0.01708211 0.01582542 -0.03434805 0.54509804 0.71372549 0.60000000
v -0.01565308 0.01563855 -0.03492641 0.54509804 0.71372549 0.60000000
v -0.01603067 0.01489475 -0.03511920 0.54509804 0.71372549 0.60000000
v -0.01446222 0.01596099 -0.03507789 0.54509804 0.71372549 0.60000000
v -0.01194689 0.01722142 -0.03507100 0.54509804 0.71372549 0.60000000
v -0.01092160 0.01745958 -0.03515363 0.54509804 0.71372549 0.60000000
v -0.00867058 0.01777103 -0.03527068 0.54509804 0.71372549 0.60000000
v -0.01057596 0.01810812 -0.03495395 0.54509804 0.71372549 0.60000000
v -0.00943157 0.01832430 -0.03500215 0.54509804 0.71372549 0.60000000
v -0.00867058 0.01166674 0.03281074 0.54509804 0.71372549 0.60000000
v -0.01423857 -0.00073237 0.03130286 0.54509804 0.71372549 0.60000000
v -0.01320456 -0.00073237 0.03095860 0.54509804 0.71372549 0.60000000
v -0.01193528 -0.00073237 0.03049040 0.54509804 0.71372549 0.60000000
v -0.01124109 -0.00073237 0.03020811 0.54509804 0.71372549 0.60000000
v -0.01069214 -0.00073237 0.02997401 0.54509804 0.71372549 0.60000000
v -0.01940864 0.01189024 -0.03478182 0.54509804 0.71372549 0.60000000
v -0.01865055 0.01227497 -0.03509166 0.54509804 0.71372549 0.60000000
v -0.01823230 0.01322762 -0.03492641 0.54509804 0.71372549 0.60000000
v -0.02426792 0.00063065 -0.03295723 0.54509804 0.71372549 0.60000000
v -0.02418079 0.00314418 -0.03291592 0.54509804 0.71372549 0.60000000
v -0.02412269 0.00440095 -0.03288149 0.54509804 0.71372549 0.60000000
v -0.02401232 0.00566138 -0.03279198 0.54509804 0.71372549 0.60000000
v -0.02392519 0.00643449 -0.03272313 0.54509804 0.71372549 0.60000000
v -0.02219699 0.00943167 -0.03356313 0.54509804 0.71372549 0.60000000
v -0.02308287 0.00817491 -0.03310871 0.54509804 0.71372549 0.60000000
v -0.02289698 0.00943167 -0.03293657 0.54509804 0.71372549 0.60000000
v -0.02273723 0.01032203 -0.03278510 0.54509804 0.71372549 0.60000000
v -0.02256877 0.01116110 -0.03262674 0.54509804 0.71372549 0.60000000
v -0.02124140 0.01102919 -0.03383854 0.54509804 0.71372549 0.60000000
v -0.02037294 0.01194520 -0.03412772 0.54509804 0.71372549 0.60000000
v -0.02426211 -0.00062612 -0.03296411 0.54509804 0.71372549 0.60000000
v -0.02425921 -0.00073237 -0.03296411 0.54509804 0.71372549 0.60000000
v -0.01793314 0.01547734 -0.03412083 0.54509804 0.71372549 0.60000000
v -0.01757007 0.01631640 -0.03392805 0.54509804 0.71372549 0.60000000
v -0.01673356 0.01662418 -0.03410707 0.54509804 0.71372549 0.60000000
v -0.01571117 0.01701623 -0.03426543 0.54509804 0.71372549 0.60000000
v -0.01446222 0.01697593 -0.03464411 0.54509804 0.71372549 0.60000000
v -0.01194689 0.01822903 -0.03467166 0.54509804 0.71372549 0.60000000
v -0.00867058 0.01801652 -0.03517428 0.54509804 0.71372549 0.60000000
v -0.01080251 0.01960671 -0.03427231 0.54509804 0.71372549 0.60000000
v -0.00943157 0.01948580 -0.03451330 0.54509804 0.71372549 0.60000000
v -0.00867058 0.01885558 -0.03483690 0.54509804 0.71372549 0.60000000
v -0.00867058 0.01839758 -0.03502280 0.54509804 0.71372549 0.60000000
v -0.00867058 0.01194520 0.03287959 0.54509804 0.71372549 0.60000000
v -0.01493275 -0.00073237 0.03151631 0.54509804 0.71372549 0.60000000
v -0.02017543 0.01266335 -0.03398313 0.54509804 0.71372549 0.60000000
v -0.01948997 0.01313235 -0.03423788 0.54509804 0.71372549 0.60000000
v -0.01906881 0.01413996 -0.03407952 0.54509804 0.71372549 0.60000000
v -0.01876964 0.01497536 -0.03389362 0.54509804 0.71372549 0.60000000
v -0.01830492 0.01452102 -0.03434116 0.54509804 0.71372549 0.60000000
v -0.02489530 0.00063065 -0.03249591 0.54509804 0.71372549 0.60000000
v -0.02485173 0.00188741 -0.03244772 0.54509804 0.71372549 0.60000000
v -0.02480816 0.00314418 -0.03238575 0.54509804 0.71372549 0.60000000
v -0.02475298 0.00440095 -0.03231690 0.54509804 0.71372549 0.60000000
v -0.02463970 0.00566138 -0.03218608 0.54509804 0.71372549 0.60000000
v -0.02370735 0.00817491 -0.03250969 0.54509804 0.71372549 0.60000000
v -0.02526418 0.00566138 -0.03155264 0.54509804 0.71372549 0.60000000
v -0.02352436 0.00943167 -0.03233067 0.54509804 0.71372549 0.60000000
v -0.02399780 0.01038066 -0.03154575 0.54509804 0.71372549 0.60000000
v -0.02385257 0.01121972 -0.03139427 0.54509804 0.71372549 0.60000000
v -0.02239159 0.01194520 -0.03246838 0.54509804 0.71372549 0.60000000
v -0.02176131 0.01194520 -0.03302608 0.54509804 0.71372549 0.60000000
v -0.02306254 0.01194520 -0.03184182 0.54509804 0.71372549 0.60000000
v -0.02100032 0.01194520 -0.03365264 0.54509804 0.71372549 0.60000000
v -0.02483721 -0.00073237 -0.03251657 0.54509804 0.71372549 0.60000000
v -0.01830492 0.01582542 -0.03374215 0.54509804 0.71372549 0.60000000
v -0.01874060 0.01746691 -0.03261297 0.54509804 0.71372549 0.60000000
v -0.01790119 0.01786995 -0.03285395 0.54509804 0.71372549 0.60000000
v -0.01708211 0.01701623 -0.03373526 0.54509804 0.71372549 0.60000000
v -0.01612652 0.01746325 -0.03385919 0.54509804 0.71372549 0.60000000
v -0.01528711 0.01773439 -0.03401756 0.54509804 0.71372549 0.60000000
v -0.01446222 0.01796888 -0.03414149 0.54509804 0.71372549 0.60000000
v -0.01289087 0.01903878 -0.03405199 0.54509804 0.71372549 0.60000000
v -0.01194689 0.01930259 -0.03417592 0.54509804 0.71372549 0.60000000
v -0.01129628 0.02010868 -0.03394182 0.54509804 0.71372549 0.60000000
v -0.01045977 0.02023326 -0.03402444 0.54509804 0.71372549 0.60000000
v -0.00943157 0.02036883 -0.03409330 0.54509804 0.71372549 0.60000000
v -0.00867058 0.02044944 -0.03411395 0.54509804 0.71372549 0.60000000
v -0.00867058 0.01948580 -0.03456838 0.54509804 0.71372549 0.60000000
v -0.00867058 0.01271099 0.03306549 0.54509804 0.71372549 0.60000000
v -0.01571988 -0.00073237 0.03173663 0.54509804 0.71372549 0.60000000
v -0.02153766 0.01284289 -0.03282641 0.54509804 0.71372549 0.60000000
v -0.02073020 0.01317266 -0.03330838 0.54509804 0.71372549 0.60000000
v -0.02042522 0.01446240 -0.03293657 0.54509804 0.71372549 0.60000000
v -0.01990822 0.01350242 -0.03379035 0.54509804 0.71372549 0.60000000
v -0.01948997 0.01452102 -0.03360444 0.54509804 0.71372549 0.60000000
v -0.01948997 0.01566787 -0.03303297 0.54509804 0.71372549 0.60000000
v -0.01906881 0.01663151 -0.03283329 0.54509804 0.71372549 0.60000000
v -0.02488949 -0.00062612 -0.03247526 0.54509804 0.71372549 0.60000000
v -0.02560981 0.00063065 -0.03186247 0.54509804 0.71372549 0.60000000
v -0.02556915 0.00188741 -0.03182116 0.54509804 0.71372549 0.60000000
v -0.02619943 0.00188741 -0.03122214 0.54509804 0.71372549 0.60000000
v -0.02539778 0.00440095 -0.03169034 0.54509804 0.71372549 0.60000000
v -0.02507829 0.00720760 -0.03135296 0.54509804 0.71372549 0.60000000
v -0.02432020 0.00817491 -0.03187624 0.54509804 0.71372549 0.60000000
v -0.02414012 0.00943167 -0.03169722 0.54509804 0.71372549 0.60000000
v -0.02602516 0.00440095 -0.03098805 0.54509804 0.71372549 0.60000000
v -0.02597578 0.00570901 -0.03072641 0.54509804 0.71372549 0.60000000
v -0.02522061 0.01026707 -0.03025821 0.54509804 0.71372549 0.60000000
v -0.02506957 0.01110614 -0.03008608 0.54509804 0.71372549 0.60000000
v -0.02428244 0.01194520 -0.03060247 0.54509804 0.71372549 0.60000000
v -0.02368992 0.01194520 -0.03123591 0.54509804 0.71372549 0.60000000
v -0.02282437 0.01293083 -0.03161460 0.54509804 0.71372549 0.60000000
v -0.02553430 -0.00073237 -0.03189690 0.54509804 0.71372549 0.60000000
v -0.01990822 0.01605259 -0.03253034 0.54509804 0.71372549 0.60000000
v -0.01948997 0.01701990 -0.03229624 0.54509804 0.71372549 0.60000000
v -0.01898458 0.01899115 -0.03152510 0.54509804 0.71372549 0.60000000
v -0.01734642 0.01870536 -0.03259231 0.54509804 0.71372549 0.60000000
v -0.01814517 0.01944183 -0.03169722 0.54509804 0.71372549 0.60000000
v -0.01571117 0.01818140 -0.03357690 0.54509804 0.71372549 0.60000000
v -0.01446222 0.01859543 -0.03379035 0.54509804 0.71372549 0.60000000
v -0.01194689 0.01992915 -0.03383166 0.54509804 0.71372549 0.60000000
v -0.01499084 0.02006471 -0.03265428 0.54509804 0.71372549 0.60000000
v -0.01320456 0.02050440 -0.03297788 0.54509804 0.71372549 0.60000000
v -0.01320456 0.02113462 -0.03250969 0.54509804 0.71372549 0.60000000
v -0.01241162 0.02131415 -0.03264051 0.54509804 0.71372549 0.60000000
v -0.01157511 0.02146071 -0.03276444 0.54509804 0.71372549 0.60000000
v -0.01068923 0.02158895 -0.03288149 0.54509804 0.71372549 0.60000000
v -0.01080251 0.02068760 -0.03359067 0.54509804 0.71372549 0.60000000
v -0.00943157 0.02099538 -0.03367330 0.54509804 0.71372549 0.60000000
v -0.00867058 0.02107599 -0.03374903 0.54509804 0.71372549 0.60000000
v -0.00867058 0.01320563 0.03316877 0.54509804 0.71372549 0.60000000
v -0.01697464 -0.00073237 0.03203959 0.54509804 0.71372549 0.60000000
v -0.01582154 -0.00073237 0.03176418 0.54509804 0.71372549 0.60000000
v -0.02019867 0.01521353 -0.03275067 0.54509804 0.71372549 0.60000000
v -0.02128787 0.01619549 -0.03135296 0.54509804 0.71372549 0.60000000
v -0.02622267 -0.00062612 -0.03124969 0.54509804 0.71372549 0.60000000
v -0.02624010 0.00063065 -0.03126346 0.54509804 0.71372549 0.60000000
v -0.02678615 0.00188741 -0.03059558 0.54509804 0.71372549 0.60000000
v -0.02668449 0.00314418 -0.03049231 0.54509804 0.71372549 0.60000000
v -0.02628947 0.00691814 -0.03003788 0.54509804 0.71372549 0.60000000
v -0.02550816 0.00817491 -0.03058870 0.54509804 0.71372549 0.60000000
v -0.02495048 0.00817491 -0.03121526 0.54509804 0.71372549 0.60000000
v -0.02476750 0.00943167 -0.03101558 0.54509804 0.71372549 0.60000000
v -0.02655960 0.00440095 -0.03036149 0.54509804 0.71372549 0.60000000
v -0.02646665 0.00532062 -0.03025821 0.54509804 0.71372549 0.60000000
v -0.02534260 0.00943167 -0.03038903 0.54509804 0.71372549 0.60000000
v -0.02596998 0.00943167 -0.02965919 0.54509804 0.71372549 0.60000000
v -0.02650151 0.00943167 -0.02903263 0.54509804 0.71372549 0.60000000
v -0.02640275 0.01006189 -0.02891558 0.54509804 0.71372549 0.60000000
v -0.02573761 0.01058218 -0.02950083 0.54509804 0.71372549 0.60000000
v -0.02625462 0.01090095 -0.02872280 0.54509804 0.71372549 0.60000000
v -0.02542973 0.01194520 -0.02926673 0.54509804 0.71372549 0.60000000
v -0.02490982 0.01194520 -0.02989329 0.54509804 0.71372549 0.60000000
v -0.02406751 0.01291617 -0.03036149 0.54509804 0.71372549 0.60000000
v -0.02303640 0.01446240 -0.03058870 0.54509804 0.71372549 0.60000000
v -0.02259781 0.01376989 -0.03139427 0.54509804 0.71372549 0.60000000
v -0.02616749 -0.00073237 -0.03129788 0.54509804 0.71372549 0.60000000
v -0.02036713 0.01697593 -0.03162838 0.54509804 0.71372549 0.60000000
v -0.01982399 0.01844155 -0.03118772 0.54509804 0.71372549 0.60000000
v -0.02000697 0.01997678 -0.03007919 0.54509804 0.71372549 0.60000000
v -0.01916756 0.02040547 -0.03039591 0.54509804 0.71372549 0.60000000
v -0.01850533 0.01983022 -0.03122903 0.54509804 0.71372549 0.60000000
v -0.01766882 0.02016364 -0.03146313 0.54509804 0.71372549 0.60000000
v -0.01452612 0.02071691 -0.03233755 0.54509804 0.71372549 0.60000000
v -0.01521449 0.02144606 -0.03149067 0.54509804 0.71372549 0.60000000
v -0.01446222 0.02164392 -0.03164903 0.54509804 0.71372549 0.60000000
v -0.01348920 0.02249764 -0.03131854 0.54509804 0.71372549 0.60000000
v -0.01312323 0.02205063 -0.03180739 0.54509804 0.71372549 0.60000000
v -0.01264979 0.02265885 -0.03145624 0.54509804 0.71372549 0.60000000
v -0.00943157 0.02176116 -0.03303985 0.54509804 0.71372549 0.60000000
v -0.00867058 0.02193337 -0.03306739 0.54509804 0.71372549 0.60000000
v -0.00867058 0.01396775 0.03332024 0.54509804 0.71372549 0.60000000
v -0.01707920 -0.00073237 0.03206024 0.54509804 0.71372549 0.60000000
v -0.02240031 0.01446240 -0.03121526 0.54509804 0.71372549 0.60000000
v -0.02279823 0.01537108 -0.03034083 0.54509804 0.71372549 0.60000000
v -0.02255134 0.01621015 -0.03008608 0.54509804 0.71372549 0.60000000
v -0.02168289 0.01697593 -0.03048542 0.54509804 0.71372549 0.60000000
v -0.02145052 0.01771973 -0.03025132 0.54509804 0.71372549 0.60000000
v -0.02032066 0.01913771 -0.03034772 0.54509804 0.71372549 0.60000000
v -0.02621686 -0.00073237 -0.03124969 0.54509804 0.71372549 0.60000000
v -0.02680648 -0.00062612 -0.03062313 0.54509804 0.71372549 0.60000000
v -0.02682101 0.00063065 -0.03063690 0.54509804 0.71372549 0.60000000
v -0.02741643 0.00188741 -0.02986575 0.54509804 0.71372549 0.60000000
v -0.02731187 0.00314418 -0.02974182 0.54509804 0.71372549 0.60000000
v -0.02667287 0.00817491 -0.02923919 0.54509804 0.71372549 0.60000000
v -0.02613553 0.00817491 -0.02986575 0.54509804 0.71372549 0.60000000
v -0.02744257 0.00691814 -0.02863329 0.54509804 0.71372549 0.60000000
v -0.02681229 0.00691814 -0.02941132 0.54509804 0.71372549 0.60000000
v -0.02730025 0.00817491 -0.02843361 0.54509804 0.71372549 0.60000000
v -0.02768075 0.00886375 -0.02769001 0.54509804 0.71372549 0.60000000
v -0.02667868 0.01056386 -0.02829591 0.54509804 0.71372549 0.60000000
v -0.02653346 0.01194520 -0.02783460 0.54509804 0.71372549 0.60000000
v -0.02641437 0.01260107 -0.02767624 0.54509804 0.71372549 0.60000000
v -0.02606002 0.01194520 -0.02846804 0.54509804 0.71372549 0.60000000
v -0.02525256 0.01282091 -0.02904640 0.54509804 0.71372549 0.60000000
v -0.02366378 0.01446240 -0.02992772 0.54509804 0.71372549 0.60000000
v -0.02506667 0.01365997 -0.02881919 0.54509804 0.71372549 0.60000000
v -0.02424178 0.01446240 -0.02930116 0.54509804 0.71372549 0.60000000
v -0.02115717 0.01855513 -0.02996214 0.54509804 0.71372549 0.60000000
v -0.02079991 0.01956274 -0.02960411 0.54509804 0.71372549 0.60000000
v -0.02128206 0.01998777 -0.02881919 0.54509804 0.71372549 0.60000000
v -0.02044556 0.02050440 -0.02923919 0.54509804 0.71372549 0.60000000
v -0.02009120 0.02134346 -0.02888804 0.54509804 0.71372549 0.60000000
v -0.01962938 0.02087447 -0.02965230 0.54509804 0.71372549 0.60000000
v -0.01866508 0.02124453 -0.03006542 0.54509804 0.71372549 0.60000000
v -0.01782857 0.02149369 -0.03029263 0.54509804 0.71372549 0.60000000
v -0.01446222 0.02227413 -0.03112575 0.54509804 0.71372549 0.60000000
v -0.01446222 0.02297396 -0.03049919 0.54509804 0.71372549 0.60000000
v -0.01352406 0.02378738 -0.03007230 0.54509804 0.71372549 0.60000000
v -0.01268755 0.02392295 -0.03021001 0.54509804 0.71372549 0.60000000
v -0.01068923 0.02419042 -0.03047165 0.54509804 0.71372549 0.60000000
v -0.00943157 0.02370677 -0.03126346 0.54509804 0.71372549 0.60000000
v -0.00867058 0.02316449 -0.03194510 0.54509804 0.71372549 0.60000000
v -0.00867058 0.02265519 -0.03241329 0.54509804 0.71372549 0.60000000
v -0.00867058 0.01446240 0.03340287 0.54509804 0.71372549 0.60000000
v -0.01948997 -0.00073237 0.03246647 0.54509804 0.71372549 0.60000000
v -0.01833687 -0.00073237 0.03228746 0.54509804 0.71372549 0.60000000
v -0.02402104 0.01529780 -0.02906017 0.54509804 0.71372549 0.60000000
v -0.02268205 0.01768309 -0.02897066 0.54509804 0.71372549 0.60000000
v -0.02231317 0.01697593 -0.02983821 0.54509804 0.71372549 0.60000000
v -0.02157251 0.01914870 -0.02912903 0.54509804 0.71372549 0.60000000
v -0.02675420 -0.00073237 -0.03067132 0.54509804 0.71372549 0.60000000
v -0.02680358 -0.00073237 -0.03061624 0.54509804 0.71372549 0.60000000
v -0.02737867 -0.00073237 -0.02994837 0.54509804 0.71372549 0.60000000
v -0.02743386 -0.00062612 -0.02989329 0.54509804 0.71372549 0.60000000
v -0.02744838 0.00063065 -0.02990018 0.54509804 0.71372549 0.60000000
v -0.02788697 0.00188741 -0.02923230 0.54509804 0.71372549 0.60000000
v -0.02780854 0.00314418 -0.02911525 0.54509804 0.71372549 0.60000000
v -0.02791311 0.00691814 -0.02799985 0.54509804 0.71372549 0.60000000
v -0.02776498 0.00817491 -0.02780706 0.54509804 0.71372549 0.60000000
v -0.02900231 0.00657006 -0.02653328 0.54509804 0.71372549 0.60000000
v -0.02890355 0.01000326 -0.02511492 0.54509804 0.71372549 0.60000000
v -0.02828779 0.01068844 -0.02577591 0.54509804 0.71372549 0.60000000
v -0.02767784 0.01136628 -0.02643000 0.54509804 0.71372549 0.60000000
v -0.02737577 0.01068844 -0.02722181 0.54509804 0.71372549 0.60000000
v -0.02574633 0.01313235 -0.02824771 0.54509804 0.71372549 0.60000000
v -0.02752681 0.01220535 -0.02618214 0.54509804 0.71372549 0.60000000
v -0.02665545 0.01309571 -0.02701525 0.54509804 0.71372549 0.60000000
v -0.02624010 0.01344013 -0.02742837 0.54509804 0.71372549 0.60000000
v -0.02538036 0.01446240 -0.02795853 0.54509804 0.71372549 0.60000000
v -0.02487206 0.01446240 -0.02858509 0.54509804 0.71372549 0.60000000
v -0.02240902 0.01851849 -0.02866083 0.54509804 0.71372549 0.60000000
v -0.02277790 0.01907176 -0.02782083 0.54509804 0.71372549 0.60000000
v -0.02249325 0.01991082 -0.02749722 0.54509804 0.71372549 0.60000000
v -0.02165384 0.02047875 -0.02797919 0.54509804 0.71372549 0.60000000
v -0.02132854 0.02131782 -0.02760738 0.54509804 0.71372549 0.60000000
v -0.02088705 0.02091111 -0.02843361 0.54509804 0.71372549 0.60000000
v -0.01965262 0.02213123 -0.02842673 0.54509804 0.71372549 0.60000000
v -0.01925179 0.02168788 -0.02922542 0.54509804 0.71372549 0.60000000
v -0.02132273 0.02257824 -0.02634050 0.54509804 0.71372549 0.60000000
v -0.02005344 0.02257458 -0.02760050 0.54509804 0.71372549 0.60000000
v -0.01866508 0.02252695 -0.02879853 0.54509804 0.71372549 0.60000000
v -0.01824682 0.02201032 -0.02954903 0.54509804 0.71372549 0.60000000
v -0.01534810 0.02277244 -0.03029952 0.54509804 0.71372549 0.60000000
v -0.01621656 0.02382402 -0.02884673 0.54509804 0.71372549 0.60000000
v -0.01578378 0.02329640 -0.02957657 0.54509804 0.71372549 0.60000000
v -0.01446222 0.02360418 -0.02989329 0.54509804 0.71372549 0.60000000
v -0.01446222 0.02420508 -0.02925985 0.54509804 0.71372549 0.60000000
v -0.01343692 0.02501850 -0.02877099 0.54509804 0.71372549 0.60000000
v -0.01306224 0.02446889 -0.02950083 0.54509804 0.71372549 0.60000000
v -0.01194689 0.02525666 -0.02903263 0.54509804 0.71372549 0.60000000
v -0.01194689 0.02464843 -0.02966608 0.54509804 0.71372549 0.60000000
v -0.01068923 0.02482064 -0.02984509 0.54509804 0.71372549 0.60000000
v -0.00943157 0.02435164 -0.03063001 0.54509804 0.71372549 0.60000000
v -0.00867058 0.02389364 -0.03125657 0.54509804 0.71372549 0.60000000
v -0.00867058 0.02343929 -0.03169034 0.54509804 0.71372549 0.60000000
v -0.00867058 0.01522452 0.03350615 0.54509804 0.71372549 0.60000000
v -0.02074763 -0.00073237 0.03260418 0.54509804 0.71372549 0.60000000
v -0.02520028 0.01519887 -0.02773132 0.54509804 0.71372549 0.60000000
v -0.02449157 0.01566787 -0.02824771 0.54509804 0.71372549 0.60000000
v -0.02496501 0.01603794 -0.02742837 0.54509804 0.71372549 0.60000000
v -0.02396585 0.01898016 -0.02649197 0.54509804 0.71372549 0.60000000
v -0.02743096 -0.00073237 -0.02988641 0.54509804 0.71372549 0.60000000
v -0.02791892 -0.00073237 -0.02925985 0.54509804 0.71372549 0.60000000
v -0.02792182 -0.00062612 -0.02925985 0.54509804 0.71372549 0.60000000
v -0.02791892 0.00063065 -0.02926673 0.54509804 0.71372549 0.60000000
v -0.02854920 0.00063065 -0.02837165 0.54509804 0.71372549 0.60000000
v -0.02895293 0.00160528 -0.02771066 0.54509804 0.71372549 0.60000000
v -0.02859277 0.00196802 -0.02819263 0.54509804 0.71372549 0.60000000
v -0.02838364 0.00314418 -0.02828902 0.54509804 0.71372549 0.60000000
v -0.02876994 0.00440095 -0.02744902 0.54509804 0.71372549 0.60000000
v -0.02866829 0.00566138 -0.02730443 0.54509804 0.71372549 0.60000000
v -0.02901683 0.00916420 -0.02530771 0.54509804 0.71372549 0.60000000
v -0.02909816 0.00566138 -0.02667788 0.54509804 0.71372549 0.60000000
v -0.02961807 0.00566138 -0.02577591 0.54509804 0.71372549 0.60000000
v -0.03028611 0.00691814 -0.02408213 0.54509804 0.71372549 0.60000000
v -0.02993466 0.00691814 -0.02471558 0.54509804 0.71372549 0.60000000
v -0.03020188 0.00765095 -0.02393754 0.54509804 0.71372549 0.60000000
v -0.02980686 0.00811262 -0.02441951 0.54509804 0.71372549 0.60000000
v -0.03009151 0.00849001 -0.02373099 0.54509804 0.71372549 0.60000000
v -0.02995790 0.00943167 -0.02349000 0.54509804 0.71372549 0.60000000
v -0.03019898 0.01014249 -0.02267754 0.54509804 0.71372549 0.60000000
v -0.03007118 0.01098156 -0.02244344 0.54509804 0.71372549 0.60000000
v -0.02887160 0.01242519 -0.02380672 0.54509804 0.71372549 0.60000000
v -0.02790149 0.01184994 -0.02576902 0.54509804 0.71372549 0.60000000
v -0.02737867 0.01326426 -0.02576902 0.54509804 0.71372549 0.60000000
v -0.02809029 0.01326426 -0.02459853 0.54509804 0.71372549 0.60000000
v -0.02653055 0.01409599 -0.02658836 0.54509804 0.71372549 0.60000000
v -0.02603968 0.01449538 -0.02701525 0.54509804 0.71372549 0.60000000
v -0.02323391 0.01944549 -0.02699460 0.54509804 0.71372549 0.60000000
v -0.02368992 0.01981922 -0.02614771 0.54509804 0.71372549 0.60000000
v -0.02285341 0.02040181 -0.02665722 0.54509804 0.71372549 0.60000000
v -0.02209243 0.02085981 -0.02713230 0.54509804 0.71372549 0.60000000
v -0.02252811 0.02124087 -0.02627853 0.54509804 0.71372549 0.60000000
v -0.02169160 0.02173918 -0.02676738 0.54509804 0.71372549 0.60000000
v -0.01921403 0.02289335 -0.02796542 0.54509804 0.71372549 0.60000000
v -0.02287665 0.02164758 -0.02543853 0.54509804 0.71372549 0.60000000
v -0.02249906 0.02248664 -0.02497722 0.54509804 0.71372549 0.60000000
v -0.02166256 0.02291900 -0.02550050 0.54509804 0.71372549 0.60000000
v -0.02123268 0.02375807 -0.02496344 0.54509804 0.71372549 0.60000000
v -0.02039327 0.02411348 -0.02541787 0.54509804 0.71372549 0.60000000
v -0.02048622 0.02293366 -0.02676050 0.54509804 0.71372549 0.60000000
v -0.01995469 0.02376906 -0.02625788 0.54509804 0.71372549 0.60000000
v -0.01958581 0.02333304 -0.02711164 0.54509804 0.71372549 0.60000000
v -0.01858956 0.02373242 -0.02746280 0.54509804 0.71372549 0.60000000
v -0.01775305 0.02397058 -0.02775197 0.54509804 0.71372549 0.60000000
v -0.01537715 0.02401821 -0.02906017 0.54509804 0.71372549 0.60000000
v -0.01697464 0.02417210 -0.02798607 0.54509804 0.71372549 0.60000000
v -0.01697464 0.02479865 -0.02724935 0.54509804 0.71372549 0.60000000
v -0.01608585 0.02502216 -0.02751099 0.54509804 0.71372549 0.60000000
v -0.01524935 0.02522002 -0.02774509 0.54509804 0.71372549 0.60000000
v -0.01446222 0.02483529 -0.02855755 0.54509804 0.71372549 0.60000000
v -0.01259751 0.02515407 -0.02892247 0.54509804 0.71372549 0.60000000
v -0.01446222 0.02538124 -0.02793099 0.54509804 0.71372549 0.60000000
v -0.01320456 0.02624229 -0.02745591 0.54509804 0.71372549 0.60000000
v -0.01242033 0.02636686 -0.02761427 0.54509804 0.71372549 0.60000000
v -0.01068923 0.02541788 -0.02921853 0.54509804 0.71372549 0.60000000
v -0.01197884 0.02596748 -0.02820640 0.54509804 0.71372549 0.60000000
v -0.00943157 0.02497819 -0.02999657 0.54509804 0.71372549 0.60000000
v -0.00867058 0.02506247 -0.03008608 0.54509804 0.71372549 0.60000000
v -0.00867058 0.02443958 -0.03071263 0.54509804 0.71372549 0.60000000
v -0.00867058 0.01571916 0.03356811 0.54509804 0.71372549 0.60000000
v -0.02083767 -0.00073237 0.03261106 0.54509804 0.71372549 0.60000000
v -0.02632723 0.01493506 -0.02629230 0.54509804 0.71372549 0.60000000
v -0.02546459 0.01565688 -0.02701525 0.54509804 0.71372549 0.60000000
v -0.02527870 0.01659487 -0.02659525 0.54509804 0.71372549 0.60000000
v -0.02504634 0.01743393 -0.02626476 0.54509804 0.71372549 0.60000000
v -0.02486045 0.01832430 -0.02581722 0.54509804 0.71372549 0.60000000
v -0.02511314 0.01880428 -0.02510115 0.54509804 0.71372549 0.60000000
v -0.02423888 0.01943450 -0.02574836 0.54509804 0.71372549 0.60000000
v -0.02855211 -0.00073237 -0.02835099 0.54509804 0.71372549 0.60000000
v -0.02855211 -0.00062612 -0.02836476 0.54509804 0.71372549 0.60000000
v -0.02897617 0.00063065 -0.02774509 0.54509804 0.71372549 0.60000000
v -0.02890936 0.00244068 -0.02764869 0.54509804 0.71372549 0.60000000
v -0.02942927 0.00063065 -0.02702902 0.54509804 0.71372549 0.60000000
v -0.02997533 0.00188741 -0.02605820 0.54509804 0.71372549 0.60000000
v -0.02928114 0.00196802 -0.02714607 0.54509804 0.71372549 0.60000000
v -0.02886580 0.00314418 -0.02757985 0.54509804 0.71372549 0.60000000
v -0.02919401 0.00440095 -0.02682247 0.54509804 0.71372549 0.60000000
v -0.02990852 0.00314418 -0.02594115 0.54509804 0.71372549 0.60000000
v -0.02987367 0.00440827 -0.02568640 0.54509804 0.71372549 0.60000000
v -0.03014379 0.00482964 -0.02508738 0.54509804 0.71372549 0.60000000
v -0.03006537 0.00566138 -0.02494968 0.54509804 0.71372549 0.60000000
v -0.03040810 0.00566138 -0.02431623 0.54509804 0.71372549 0.60000000
v -0.03095706 0.00566138 -0.02325590 0.54509804 0.71372549 0.60000000
v -0.03070727 0.00691814 -0.02325590 0.54509804 0.71372549 0.60000000
v -0.03146826 0.00768393 -0.02144508 0.54509804 0.71372549 0.60000000
v -0.03029483 0.00943167 -0.02285656 0.54509804 0.71372549 0.60000000
v -0.03073051 0.00943167 -0.02200278 0.54509804 0.71372549 0.60000000
v -0.03040520 0.01061149 -0.02200967 0.54509804 0.71372549 0.60000000
v -0.03029773 0.01169971 -0.02160344 0.54509804 0.71372549 0.60000000
v -0.03016412 0.01253878 -0.02134869 0.54509804 0.71372549 0.60000000
v -0.02873800 0.01320563 -0.02355197 0.54509804 0.71372549 0.60000000
v -0.02761685 0.01372226 -0.02508050 0.54509804 0.71372549 0.60000000
v -0.02849692 0.01439278 -0.02316639 0.54509804 0.71372549 0.60000000
v -0.02747162 0.01446240 -0.02481886 0.54509804 0.71372549 0.60000000
v -0.02683262 0.01449538 -0.02583099 0.54509804 0.71372549 0.60000000
v -0.02661478 0.01550665 -0.02545230 0.54509804 0.71372549 0.60000000
v -0.02400942 0.02029555 -0.02530771 0.54509804 0.71372549 0.60000000
v -0.02328328 0.02076821 -0.02578968 0.54509804 0.71372549 0.60000000
v -0.02371025 0.02113462 -0.02489460 0.54509804 0.71372549 0.60000000
v -0.01911819 0.02406585 -0.02662968 0.54509804 0.71372549 0.60000000
v -0.02326876 0.02200299 -0.02451591 0.54509804 0.71372549 0.60000000
v -0.02282146 0.02282740 -0.02413722 0.54509804 0.71372549 0.60000000
v -0.02239159 0.02366646 -0.02353820 0.54509804 0.71372549 0.60000000
v -0.02155509 0.02404020 -0.02412344 0.54509804 0.71372549 0.60000000
v -0.02023643 0.02523468 -0.02403394 0.54509804 0.71372549 0.60000000
v -0.01983270 0.02495254 -0.02486705 0.54509804 0.71372549 0.60000000
v -0.01947544 0.02450919 -0.02575525 0.54509804 0.71372549 0.60000000
v -0.01847047 0.02490491 -0.02609263 0.54509804 0.71372549 0.60000000
v -0.01763106 0.02516139 -0.02642312 0.54509804 0.71372549 0.60000000
v -0.01697464 0.02532261 -0.02662279 0.54509804 0.71372549 0.60000000
v -0.01568793 0.02557543 -0.02707033 0.54509804 0.71372549 0.60000000
v -0.01508960 0.02640350 -0.02640246 0.54509804 0.71372549 0.60000000
v -0.01458711 0.02608840 -0.02702214 0.54509804 0.71372549 0.60000000
v -0.01425019 0.02654640 -0.02659525 0.54509804 0.71372549 0.60000000
v -0.01320456 0.02672594 -0.02682935 0.54509804 0.71372549 0.60000000
v -0.01194689 0.02753569 -0.02623033 0.54509804 0.71372549 0.60000000
v -0.01119753 0.02763096 -0.02636115 0.54509804 0.71372549 0.60000000
v -0.01036102 0.02773355 -0.02649197 0.54509804 0.71372549 0.60000000
v -0.01068923 0.02656839 -0.02786214 0.54509804 0.71372549 0.60000000
v -0.01068923 0.02604809 -0.02848870 0.54509804 0.71372549 0.60000000
v -0.00943157 0.02554612 -0.02937001 0.54509804 0.71372549 0.60000000
v -0.00867058 0.02625328 -0.02874345 0.54509804 0.71372549 0.60000000
v -0.00867058 0.02556444 -0.02952149 0.54509804 0.71372549 0.60000000
v -0.00867058 0.01648128 0.03364385 0.54509804 0.71372549 0.60000000
v -0.02210985 -0.00073237 0.03266615 0.54509804 0.71372549 0.60000000
v -0.00867058 0.01697593 0.03369205 0.54509804 0.71372549 0.60000000
v -0.02618491 0.01584374 -0.02583099 0.54509804 0.71372549 0.60000000
v -0.02640275 0.01634572 -0.02514246 0.54509804 0.71372549 0.60000000
v -0.02559820 0.01699791 -0.02581722 0.54509804 0.71372549 0.60000000
v -0.02534841 0.01796888 -0.02543164 0.54509804 0.71372549 0.60000000
v -0.02646084 0.01770874 -0.02397885 0.54509804 0.71372549 0.60000000
v -0.02622558 0.01854414 -0.02360705 0.54509804 0.71372549 0.60000000
v -0.02538616 0.01926595 -0.02426115 0.54509804 0.71372549 0.60000000
v -0.02513928 0.02010502 -0.02387558 0.54509804 0.71372549 0.60000000
v -0.02494468 0.01960671 -0.02461230 0.54509804 0.71372549 0.60000000
v -0.02896455 -0.00073237 -0.02773132 0.54509804 0.71372549 0.60000000
v -0.02896745 -0.00062612 -0.02773132 0.54509804 0.71372549 0.60000000
v -0.02941475 -0.00062612 -0.02702902 0.54509804 0.71372549 0.60000000
v -0.02928114 0.00314418 -0.02695328 0.54509804 0.71372549 0.60000000
v -0.02999275 -0.00062612 -0.02609263 0.54509804 0.71372549 0.60000000
v -0.02999856 0.00063065 -0.02609951 0.54509804 0.71372549 0.60000000
v -0.03036454 0.00063065 -0.02547296 0.54509804 0.71372549 0.60000000
v -0.03033549 0.00188741 -0.02543164 0.54509804 0.71372549 0.60000000
v -0.03026868 0.00314418 -0.02531460 0.54509804 0.71372549 0.60000000
v -0.03020769 0.00399424 -0.02520443 0.54509804 0.71372549 0.60000000
v -0.03045748 0.00440827 -0.02460541 0.54509804 0.71372549 0.60000000
v -0.03141888 0.00490292 -0.02260180 0.54509804 0.71372549 0.60000000
v -0.03135207 0.00566138 -0.02245721 0.54509804 0.71372549 0.60000000
v -0.03145083 0.01013150 -0.02015065 0.54509804 0.71372549 0.60000000
v -0.03109067 0.01060416 -0.02063950 0.54509804 0.71372549 0.60000000
v -0.03153797 0.00691814 -0.02158967 0.54509804 0.71372549 0.60000000
v -0.03192136 0.00691814 -0.02074278 0.54509804 0.71372549 0.60000000
v -0.03259231 0.00817491 -0.01862901 0.54509804 0.71372549 0.60000000
v -0.03276658 0.00910924 -0.01777524 0.54509804 0.71372549 0.60000000
v -0.03249065 0.00949030 -0.01820901 0.54509804 0.71372549 0.60000000
v -0.03193879 0.00943167 -0.01948278 0.54509804 0.71372549 0.60000000
v -0.03163962 0.01060416 -0.01949655 0.54509804 0.71372549 0.60000000
v -0.03056785 0.01205146 -0.02085295 0.54509804 0.71372549 0.60000000
v -0.03037325 0.01320563 -0.02050180 0.54509804 0.71372549 0.60000000
v -0.03004504 0.01320563 -0.02112836 0.54509804 0.71372549 0.60000000
v -0.02895003 0.01392378 -0.02269131 0.54509804 0.71372549 0.60000000
v -0.02879899 0.01476285 -0.02240213 0.54509804 0.71372549 0.60000000
v -0.02785211 0.01446240 -0.02419230 0.54509804 0.71372549 0.60000000
v -0.02792182 0.01563489 -0.02322836 0.54509804 0.71372549 0.60000000
v -0.02750647 0.01599763 -0.02363459 0.54509804 0.71372549 0.60000000
v -0.02664383 0.01697593 -0.02426803 0.54509804 0.71372549 0.60000000
v -0.02427663 0.02072790 -0.02449525 0.54509804 0.71372549 0.60000000
v -0.02400070 0.02151934 -0.02405459 0.54509804 0.71372549 0.60000000
v -0.01899329 0.02522368 -0.02525263 0.54509804 0.71372549 0.60000000
v -0.02365797 0.02235840 -0.02352443 0.54509804 0.71372549 0.60000000
v -0.02392228 0.02266618 -0.02268443 0.54509804 0.71372549 0.60000000
v -0.02317001 0.02316449 -0.02311131 0.54509804 0.71372549 0.60000000
v -0.02267914 0.02393394 -0.02270508 0.54509804 0.71372549 0.60000000
v -0.02188620 0.02440660 -0.02309066 0.54509804 0.71372549 0.60000000
v -0.02138082 0.02515040 -0.02263623 0.54509804 0.71372549 0.60000000
v -0.02107294 0.02487926 -0.02347623 0.54509804 0.71372549 0.60000000
v -0.01872898 0.02632656 -0.02375853 0.54509804 0.71372549 0.60000000
v -0.01944349 0.02545452 -0.02447459 0.54509804 0.71372549 0.60000000
v -0.02069244 0.02539223 -0.02313885 0.54509804 0.71372549 0.60000000
v -0.02030614 0.02653541 -0.02161721 0.54509804 0.71372549 0.60000000
v -0.01996921 0.02630091 -0.02245721 0.54509804 0.71372549 0.60000000
v -0.01912980 0.02657571 -0.02291852 0.54509804 0.71372549 0.60000000
v -0.01812483 0.02538856 -0.02571394 0.54509804 0.71372549 0.60000000
v -0.01739289 0.02629358 -0.02497722 0.54509804 0.71372549 0.60000000
v -0.01655348 0.02650610 -0.02529394 0.54509804 0.71372549 0.60000000
v -0.01571988 0.02625328 -0.02619591 0.54509804 0.71372549 0.60000000
v -0.01571988 0.02669296 -0.02556935 0.54509804 0.71372549 0.60000000
v -0.01627465 0.02763096 -0.02383427 0.54509804 0.71372549 0.60000000
v -0.01580121 0.02737081 -0.02451591 0.54509804 0.71372549 0.60000000
v -0.01474105 0.02752470 -0.02493591 0.54509804 0.71372549 0.60000000
v -0.01390455 0.02768592 -0.02518377 0.54509804 0.71372549 0.60000000
v -0.01320456 0.02735249 -0.02596869 0.54509804 0.71372549 0.60000000
v -0.01194689 0.02798637 -0.02559689 0.54509804 0.71372549 0.60000000
v -0.01068923 0.02878513 -0.02493591 0.54509804 0.71372549 0.60000000
v -0.01074442 0.02809995 -0.02587230 0.54509804 0.71372549 0.60000000
v -0.00987887 0.02888039 -0.02508738 0.54509804 0.71372549 0.60000000
v -0.00944900 0.02852865 -0.02568640 0.54509804 0.71372549 0.60000000
v -0.00943157 0.02783248 -0.02661591 0.54509804 0.71372549 0.60000000
v -0.00943157 0.02670029 -0.02802050 0.54509804 0.71372549 0.60000000
v -0.00867058 0.02645846 -0.02849558 0.54509804 0.71372549 0.60000000
v -0.02212728 -0.00073237 0.03266615 0.54509804 0.71372549 0.60000000
v -0.00867058 0.01822903 0.03376090 0.54509804 0.71372549 0.60000000
v -0.02624010 0.01697593 -0.02489460 0.54509804 0.71372549 0.60000000
v -0.02728573 0.01697227 -0.02322836 0.54509804 0.71372549 0.60000000
v -0.02755295 0.01738630 -0.02243656 0.54509804 0.71372549 0.60000000
v -0.02667578 0.01816674 -0.02321459 0.54509804 0.71372549 0.60000000
v -0.02648989 0.01899848 -0.02276705 0.54509804 0.71372549 0.60000000
v -0.02492725 0.02082317 -0.02337984 0.54509804 0.71372549 0.60000000
v -0.02622267 0.01983754 -0.02231951 0.54509804 0.71372549 0.60000000
v -0.02646665 0.02021494 -0.02148639 0.54509804 0.71372549 0.60000000
v -0.02578118 0.02075722 -0.02200967 0.54509804 0.71372549 0.60000000
v -0.02940313 -0.00073237 -0.02703591 0.54509804 0.71372549 0.60000000
v -0.02998985 -0.00073237 -0.02608574 0.54509804 0.71372549 0.60000000
v -0.03032097 -0.00073237 -0.02550738 0.54509804 0.71372549 0.60000000
v -0.03035292 -0.00062612 -0.02545919 0.54509804 0.71372549 0.60000000
v -0.03082635 -0.00062612 -0.02451591 0.54509804 0.71372549 0.60000000
v -0.03084378 0.00063065 -0.02451591 0.54509804 0.71372549 0.60000000
v -0.03079441 0.00188741 -0.02451591 0.54509804 0.71372549 0.60000000
v -0.03067532 0.00314418 -0.02451591 0.54509804 0.71372549 0.60000000
v -0.03120975 0.00314418 -0.02343492 0.54509804 0.71372549 0.60000000
v -0.03151473 0.00314418 -0.02280147 0.54509804 0.71372549 0.60000000
v -0.03267945 0.00364982 -0.02008869 0.54509804 0.71372549 0.60000000
v -0.03230476 0.00440095 -0.02074278 0.54509804 0.71372549 0.60000000
v -0.03213920 0.00566138 -0.02074278 0.54509804 0.71372549 0.60000000
v -0.03164543 0.00566138 -0.02183066 0.54509804 0.71372549 0.60000000
v -0.03134046 0.01096691 -0.01992344 0.54509804 0.71372549 0.60000000
v -0.03247903 0.00695478 -0.01942770 0.54509804 0.71372549 0.60000000
v -0.03266492 0.00739813 -0.01880114 0.54509804 0.71372549 0.60000000
v -0.03285662 0.00817491 -0.01800245 0.54509804 0.71372549 0.60000000
v -0.03326035 0.00817491 -0.01696966 0.54509804 0.71372549 0.60000000
v -0.03296409 0.00949030 -0.01705917 0.54509804 0.71372549 0.60000000
v -0.03283339 0.01068844 -0.01668048 0.54509804 0.71372549 0.60000000
v -0.03266202 0.00994830 -0.01753426 0.54509804 0.71372549 0.60000000
v -0.03218277 0.01068844 -0.01822967 0.54509804 0.71372549 0.60000000
v -0.03153797 0.01165574 -0.01908344 0.54509804 0.71372549 0.60000000
v -0.03123299 0.01202215 -0.01949655 0.54509804 0.71372549 0.60000000
v -0.03023673 0.01398974 -0.02023328 0.54509804 0.71372549 0.60000000
v -0.03140436 0.01249114 -0.01880114 0.54509804 0.71372549 0.60000000
v -0.03084959 0.01320563 -0.01948278 0.54509804 0.71372549 0.60000000
v -0.02901393 0.01531978 -0.02156213 0.54509804 0.71372549 0.60000000
v -0.02861020 0.01573016 -0.02198902 0.54509804 0.71372549 0.60000000
v -0.02776207 0.01654724 -0.02279459 0.54509804 0.71372549 0.60000000
v -0.02509281 0.02129583 -0.02253295 0.54509804 0.71372549 0.60000000
v -0.02419531 0.02196269 -0.02316639 0.54509804 0.71372549 0.60000000
v -0.01827878 0.02608840 -0.02454344 0.54509804 0.71372549 0.60000000
v -0.02534260 0.02161827 -0.02169983 0.54509804 0.71372549 0.60000000
v -0.02500277 0.02245733 -0.02110082 0.54509804 0.71372549 0.60000000
v -0.02412269 0.02288969 -0.02200278 0.54509804 0.71372549 0.60000000
v -0.02378286 0.02378005 -0.02119033 0.54509804 0.71372549 0.60000000
v -0.02353017 0.02351990 -0.02200278 0.54509804 0.71372549 0.60000000
v -0.02290569 0.02414646 -0.02200278 0.54509804 0.71372549 0.60000000
v -0.02222313 0.02477667 -0.02200278 0.54509804 0.71372549 0.60000000
v -0.02159575 0.02532994 -0.02200278 0.54509804 0.71372549 0.60000000
v -0.02073311 0.02598580 -0.02202344 0.54509804 0.71372549 0.60000000
v -0.01788957 0.02656839 -0.02413722 0.54509804 0.71372549 0.60000000
v -0.01758750 0.02765294 -0.02261557 0.54509804 0.71372549 0.60000000
v -0.01953353 0.02741111 -0.02083229 0.54509804 0.71372549 0.60000000
v -0.01952482 0.02681754 -0.02202344 0.54509804 0.71372549 0.60000000
v -0.02114264 0.02622397 -0.02099754 0.54509804 0.71372549 0.60000000
v -0.02028000 0.02777019 -0.01909032 0.54509804 0.71372549 0.60000000
v -0.01998083 0.02756500 -0.01992344 0.54509804 0.71372549 0.60000000
v -0.01832234 0.02748806 -0.02211295 0.54509804 0.71372549 0.60000000
v -0.01697464 0.02679922 -0.02454344 0.54509804 0.71372549 0.60000000
v -0.01543814 0.02779584 -0.02409591 0.54509804 0.71372549 0.60000000
v -0.01709082 0.02748439 -0.02335230 0.54509804 0.71372549 0.60000000
v -0.01674809 0.02785446 -0.02299426 0.54509804 0.71372549 0.60000000
v -0.01583025 0.02875582 -0.02208541 0.54509804 0.71372549 0.60000000
v -0.01499084 0.02888039 -0.02256049 0.54509804 0.71372549 0.60000000
v -0.01320456 0.02779584 -0.02534213 0.54509804 0.71372549 0.60000000
v -0.01437799 0.02792774 -0.02451591 0.54509804 0.71372549 0.60000000
v -0.01342530 0.02878147 -0.02366213 0.54509804 0.71372549 0.60000000
v -0.01258589 0.02892070 -0.02388935 0.54509804 0.71372549 0.60000000
v -0.01194689 0.02861292 -0.02466738 0.54509804 0.71372549 0.60000000
v -0.01194689 0.02901230 -0.02404082 0.54509804 0.71372549 0.60000000
v -0.01068923 0.02918084 -0.02430246 0.54509804 0.71372549 0.60000000
v -0.00867058 0.03004922 -0.02366902 0.54509804 0.71372549 0.60000000
v -0.00867058 0.02952160 -0.02448836 0.54509804 0.71372549 0.60000000
v -0.00903946 0.02896833 -0.02521132 0.54509804 0.71372549 0.60000000
v -0.00867058 0.02855429 -0.02584476 0.54509804 0.71372549 0.60000000
v -0.00867058 0.02760531 -0.02709099 0.54509804 0.71372549 0.60000000
v -0.00867058 0.02677723 -0.02811001 0.54509804 0.71372549 0.60000000
v -0.02314096 -0.00073237 0.03265238 0.54509804 0.71372549 0.60000000
v -0.00867058 0.01899115 0.03374024 0.54509804 0.71372549 0.60000000
v -0.02271109 0.00900664 0.03269369 0.54509804 0.71372549 0.60000000
v -0.02344884 0.00817491 0.03264549 0.54509804 0.71372549 0.60000000
v -0.02291731 0.00691814 0.03271434 0.54509804 0.71372549 0.60000000
v -0.02800605 0.01697227 -0.02200967 0.54509804 0.71372549 0.60000000
v -0.02779402 0.01784431 -0.02160344 0.54509804 0.71372549 0.60000000
v -0.02756166 0.01867971 -0.02118344 0.54509804 0.71372549 0.60000000
v -0.02668449 0.01944549 -0.02194082 0.54509804 0.71372549 0.60000000
v -0.02730316 0.01947480 -0.02075655 0.54509804 0.71372549 0.60000000
v -0.02751809 0.01988884 -0.01983393 0.54509804 0.71372549 0.60000000
v -0.02773012 0.02022593 -0.01899393 0.54509804 0.71372549 0.60000000
v -0.02665835 0.02049707 -0.02074278 0.54509804 0.71372549 0.60000000
v -0.02623138 0.02112729 -0.02074278 0.54509804 0.71372549 0.60000000
v -0.03081764 -0.00073237 -0.02451591 0.54509804 0.71372549 0.60000000
v -0.03157572 -0.00073237 -0.02293230 0.54509804 0.71372549 0.60000000
v -0.03127946 -0.00062612 -0.02356574 0.54509804 0.71372549 0.60000000
v -0.03157863 -0.00062612 -0.02293230 0.54509804 0.71372549 0.60000000
v -0.03157863 0.00063065 -0.02293918 0.54509804 0.71372549 0.60000000
v -0.03156701 0.00188741 -0.02290475 0.54509804 0.71372549 0.60000000
v -0.03271721 0.00281442 -0.02017131 0.54509804 0.71372549 0.60000000
v -0.03187199 0.00314418 -0.02200278 0.54509804 0.71372549 0.60000000
v -0.03290600 0.00319548 -0.01959295 0.54509804 0.71372549 0.60000000
v -0.03375993 0.00440095 -0.01707294 0.54509804 0.71372549 0.60000000
v -0.03331844 0.00440095 -0.01822967 0.54509804 0.71372549 0.60000000
v -0.03263588 0.00440095 -0.01997852 0.54509804 0.71372549 0.60000000
v -0.03255455 0.00566138 -0.01977196 0.54509804 0.71372549 0.60000000
v -0.03273463 0.00655907 -0.01897327 0.54509804 0.71372549 0.60000000
v -0.03293505 0.00695478 -0.01831917 0.54509804 0.71372549 0.60000000
v -0.03347238 0.00691814 -0.01696966 0.54509804 0.71372549 0.60000000
v -0.03382964 0.00691814 -0.01601950 0.54509804 0.71372549 0.60000000
v -0.03398939 0.00777919 -0.01520015 0.54509804 0.71372549 0.60000000
v -0.03374832 0.00818956 -0.01565458 0.54509804 0.71372549 0.60000000
v -0.03391387 0.00861826 -0.01499360 0.54509804 0.71372549 0.60000000
v -0.03348691 0.00943167 -0.01571655 0.54509804 0.71372549 0.60000000
v -0.03320226 0.01068844 -0.01571655 0.54509804 0.71372549 0.60000000
v -0.03272882 0.01143957 -0.01643950 0.54509804 0.71372549 0.60000000
v -0.03176452 0.01202215 -0.01831917 0.54509804 0.71372549 0.60000000
v -0.03156991 0.01320563 -0.01790606 0.54509804 0.71372549 0.60000000
v -0.03145373 0.01388348 -0.01764442 0.54509804 0.71372549 0.60000000
v -0.03007118 0.01482514 -0.01988901 0.54509804 0.71372549 0.60000000
v -0.02883675 0.01615885 -0.02121098 0.54509804 0.71372549 0.60000000
v -0.02924338 0.01573016 -0.02077033 0.54509804 0.71372549 0.60000000
v -0.02639694 0.02136545 -0.02010246 0.54509804 0.71372549 0.60000000
v -0.02555753 0.02202131 -0.02070836 0.54509804 0.71372549 0.60000000
v -0.02522351 0.02272114 -0.02026082 0.54509804 0.71372549 0.60000000
v -0.02450900 0.02324876 -0.02072902 0.54509804 0.71372549 0.60000000
v -0.02401523 0.02402188 -0.02035033 0.54509804 0.71372549 0.60000000
v -0.02326586 0.02452385 -0.02074967 0.54509804 0.71372549 0.60000000
v -0.02250197 0.02502582 -0.02114902 0.54509804 0.71372549 0.60000000
v -0.01880159 0.02762729 -0.02130738 0.54509804 0.71372549 0.60000000
v -0.01796509 0.02786179 -0.02177557 0.54509804 0.71372549 0.60000000
v -0.01832234 0.02813293 -0.02083229 0.54509804 0.71372549 0.60000000
v -0.01758169 0.02890604 -0.02008869 0.54509804 0.71372549 0.60000000
v -0.01708792 0.02877414 -0.02085295 0.54509804 0.71372549 0.60000000
v -0.01674518 0.02911123 -0.02051557 0.54509804 0.71372549 0.60000000
v -0.01632403 0.02890604 -0.02134869 0.54509804 0.71372549 0.60000000
v -0.01914142 0.02783614 -0.02046738 0.54509804 0.71372549 0.60000000
v -0.02195301 0.02573298 -0.02065328 0.54509804 0.71372549 0.60000000
v -0.02140405 0.02642549 -0.02015754 0.54509804 0.71372549 0.60000000
v -0.02160737 0.02658671 -0.01948278 0.54509804 0.71372549 0.60000000
v -0.02115426 0.02749539 -0.01822967 0.54509804 0.71372549 0.60000000
v -0.02052398 0.02794606 -0.01822967 0.54509804 0.71372549 0.60000000
v -0.01988498 0.02877047 -0.01718999 0.54509804 0.71372549 0.60000000
v -0.01947544 0.02860926 -0.01827098 0.54509804 0.71372549 0.60000000
v -0.01876093 0.02886207 -0.01871852 0.54509804 0.71372549 0.60000000
v -0.01953353 0.02804866 -0.01949655 0.54509804 0.71372549 0.60000000
v -0.01452612 0.02864223 -0.02324902 0.54509804 0.71372549 0.60000000
v -0.01548752 0.02908924 -0.02172049 0.54509804 0.71372549 0.60000000
v -0.01451160 0.02995029 -0.02076344 0.54509804 0.71372549 0.60000000
v -0.01359086 0.03009686 -0.02119721 0.54509804 0.71372549 0.60000000
v -0.01318423 0.02984037 -0.02194082 0.54509804 0.71372549 0.60000000
v -0.01415143 0.02903062 -0.02282213 0.54509804 0.71372549 0.60000000
v -0.01308547 0.02913688 -0.02324902 0.54509804 0.71372549 0.60000000
v -0.01194689 0.03001258 -0.02232639 0.54509804 0.71372549 0.60000000
v -0.01194689 0.02947763 -0.02325590 0.54509804 0.71372549 0.60000000
v -0.01070085 0.02985503 -0.02319394 0.54509804 0.71372549 0.60000000
v -0.00943157 0.02996129 -0.02351754 0.54509804 0.71372549 0.60000000
v -0.01029131 0.03023242 -0.02273263 0.54509804 0.71372549 0.60000000
v -0.00867058 0.03037166 -0.02311131 0.54509804 0.71372549 0.60000000
v -0.00867058 0.02899764 -0.02525263 0.54509804 0.71372549 0.60000000
v -0.02451771 -0.00073237 0.03254221 0.54509804 0.71372549 0.60000000
v -0.00867058 0.01948580 0.03372647 0.54509804 0.71372549 0.60000000
v -0.02318162 0.00942801 0.03262483 0.54509804 0.71372549 0.60000000
v -0.02451771 0.00817491 0.03250090 0.54509804 0.71372549 0.60000000
v -0.02451771 0.00691814 0.03254221 0.54509804 0.71372549 0.60000000
v -0.02354179 0.00691814 0.03265926 0.54509804 0.71372549 0.60000000
v -0.02865376 0.01701257 -0.02077033 0.54509804 0.71372549 0.60000000
v -0.02884546 0.01745225 -0.01996475 0.54509804 0.71372549 0.60000000
v -0.02801767 0.01824735 -0.02075655 0.54509804 0.71372549 0.60000000
v -0.02777660 0.01904977 -0.02034344 0.54509804 0.71372549 0.60000000
v -0.02796539 0.01947480 -0.01944147 0.54509804 0.71372549 0.60000000
v -0.02902264 0.01903146 -0.01782344 0.54509804 0.71372549 0.60000000
v -0.02876123 0.01986686 -0.01723819 0.54509804 0.71372549 0.60000000
v -0.02791020 0.02048974 -0.01822967 0.54509804 0.71372549 0.60000000
v -0.02748324 0.02111629 -0.01822967 0.54509804 0.71372549 0.60000000
v -0.03194460 -0.00073237 -0.02207164 0.54509804 0.71372549 0.60000000
v -0.03197945 -0.00062612 -0.02200278 0.54509804 0.71372549 0.60000000
v -0.03199398 0.00063065 -0.02200278 0.54509804 0.71372549 0.60000000
v -0.03196493 0.00188741 -0.02200278 0.54509804 0.71372549 0.60000000
v -0.03273173 0.00188741 -0.02021262 0.54509804 0.71372549 0.60000000
v -0.03301056 0.00188741 -0.01948278 0.54509804 0.71372549 0.60000000
v -0.03347819 0.00188741 -0.01822967 0.54509804 0.71372549 0.60000000
v -0.03380640 0.00314418 -0.01721065 0.54509804 0.71372549 0.60000000
v -0.03342591 0.00314418 -0.01822967 0.54509804 0.71372549 0.60000000
v -0.03403586 0.00314418 -0.01658409 0.54509804 0.71372549 0.60000000
v -0.03398358 0.00440095 -0.01643950 0.54509804 0.71372549 0.60000000
v -0.03395163 0.00506047 -0.01634999 0.54509804 0.71372549 0.60000000
v -0.03371056 0.00555145 -0.01685262 0.54509804 0.71372549 0.60000000
v -0.03316741 0.00566138 -0.01822967 0.54509804 0.71372549 0.60000000
v -0.03405329 0.00691814 -0.01538606 0.54509804 0.71372549 0.60000000
v -0.03390225 0.00589587 -0.01621229 0.54509804 0.71372549 0.60000000
v -0.03436698 0.00691814 -0.01445655 0.54509804 0.71372549 0.60000000
v -0.03459644 0.00817491 -0.01319654 0.54509804 0.71372549 0.60000000
v -0.03414914 0.00818956 -0.01452540 0.54509804 0.71372549 0.60000000
v -0.03405910 0.00943167 -0.01413982 0.54509804 0.71372549 0.60000000
v -0.03398358 0.01020845 -0.01391950 0.54509804 0.71372549 0.60000000
v -0.03387902 0.01104385 -0.01363031 0.54509804 0.71372549 0.60000000
v -0.03333587 0.01194520 -0.01445655 0.54509804 0.71372549 0.60000000
v -0.03195331 0.01320563 -0.01696966 0.54509804 0.71372549 0.60000000
v -0.03239771 0.01189391 -0.01690081 0.54509804 0.71372549 0.60000000
v -0.03287986 0.01189391 -0.01570278 0.54509804 0.71372549 0.60000000
v -0.03276949 0.01279892 -0.01526901 0.54509804 0.71372549 0.60000000
v -0.03262136 0.01363799 -0.01491097 0.54509804 0.71372549 0.60000000
v -0.03158153 0.01436713 -0.01689393 0.54509804 0.71372549 0.60000000
v -0.03146826 0.01518055 -0.01642573 0.54509804 0.71372549 0.60000000
v -0.03009441 0.01614786 -0.01867032 0.54509804 0.71372549 0.60000000
v -0.03026287 0.01531246 -0.01904901 0.54509804 0.71372549 0.60000000
v -0.02989110 0.01572649 -0.01947590 0.54509804 0.71372549 0.60000000
v -0.02904878 0.01661319 -0.02037098 0.54509804 0.71372549 0.60000000
v -0.02660607 0.02162560 -0.01926245 0.54509804 0.71372549 0.60000000
v -0.02647827 0.02272114 -0.01775458 0.54509804 0.71372549 0.60000000
v -0.02611230 0.02202864 -0.01960672 0.54509804 0.71372549 0.60000000
v -0.02507248 0.02380570 -0.01869786 0.54509804 0.71372549 0.60000000
v -0.02487206 0.02357853 -0.01948278 0.54509804 0.71372549 0.60000000
v -0.02424178 0.02424539 -0.01948278 0.54509804 0.71372549 0.60000000
v -0.02380900 0.02506979 -0.01871163 0.54509804 0.71372549 0.60000000
v -0.02359988 0.02487560 -0.01948278 0.54509804 0.71372549 0.60000000
v -0.02274595 0.02524200 -0.02030902 0.54509804 0.71372549 0.60000000
v -0.01829911 0.02873383 -0.01959983 0.54509804 0.71372549 0.60000000
v -0.01792152 0.02908924 -0.01924868 0.54509804 0.71372549 0.60000000
v -0.01701821 0.02996495 -0.01830540 0.54509804 0.71372549 0.60000000
v -0.01627174 0.03014082 -0.01877360 0.54509804 0.71372549 0.60000000
v -0.01580121 0.02999060 -0.01955164 0.54509804 0.71372549 0.60000000
v -0.01583025 0.02936038 -0.02085295 0.54509804 0.71372549 0.60000000
v -0.02223765 0.02607740 -0.01948278 0.54509804 0.71372549 0.60000000
v -0.02249616 0.02628992 -0.01860835 0.54509804 0.71372549 0.60000000
v -0.02204886 0.02681388 -0.01820212 0.54509804 0.71372549 0.60000000
v -0.02271981 0.02647312 -0.01776835 0.54509804 0.71372549 0.60000000
v -0.02157251 0.02780317 -0.01669425 0.54509804 0.71372549 0.60000000
v -0.02073020 0.02828682 -0.01694212 0.54509804 0.71372549 0.60000000
v -0.02012315 0.02892070 -0.01634999 0.54509804 0.71372549 0.60000000
v -0.01947544 0.02915153 -0.01685262 0.54509804 0.71372549 0.60000000
v -0.01904557 0.02903428 -0.01787852 0.54509804 0.71372549 0.60000000
v -0.01820616 0.02986602 -0.01699032 0.54509804 0.71372549 0.60000000
v -0.01829911 0.02930176 -0.01827098 0.54509804 0.71372549 0.60000000
v -0.01496180 0.03012617 -0.02001295 0.54509804 0.71372549 0.60000000
v -0.01412529 0.03028372 -0.02035721 0.54509804 0.71372549 0.60000000
v -0.01275145 0.03023242 -0.02147950 0.54509804 0.71372549 0.60000000
v -0.01451160 0.03050723 -0.01955164 0.54509804 0.71372549 0.60000000
v -0.01344854 0.03130965 -0.01857393 0.54509804 0.71372549 0.60000000
v -0.01309709 0.03106783 -0.01937262 0.54509804 0.71372549 0.60000000
v -0.01260913 0.03144156 -0.01888377 0.54509804 0.71372549 0.60000000
v -0.01318423 0.03041929 -0.02076344 0.54509804 0.71372549 0.60000000
v -0.01113072 0.03012617 -0.02253295 0.54509804 0.71372549 0.60000000
v -0.00867058 0.03140492 -0.02124541 0.54509804 0.71372549 0.60000000
v -0.00867058 0.03138660 -0.02127983 0.54509804 0.71372549 0.60000000
v -0.02451771 0.00440095 0.03256287 0.54509804 0.71372549 0.60000000
v -0.02577537 -0.00073237 0.03235631 0.54509804 0.71372549 0.60000000
v -0.00867058 0.02074623 0.03358188 0.54509804 0.71372549 0.60000000
v -0.00943157 0.01948580 0.03364385 0.54509804 0.71372549 0.60000000
v -0.02194429 0.01193788 0.03261106 0.54509804 0.71372549 0.60000000
v -0.02326295 0.01068844 0.03252155 0.54509804 0.71372549 0.60000000
v -0.02451771 0.00943167 0.03241139 0.54509804 0.71372549 0.60000000
v -0.02148247 0.01151651 0.03270057 0.54509804 0.71372549 0.60000000
v -0.02577537 0.00817491 0.03221172 0.54509804 0.71372549 0.60000000
v -0.02577537 0.00691814 0.03228746 0.54509804 0.71372549 0.60000000
v -0.02451771 0.00566138 0.03255598 0.54509804 0.71372549 0.60000000
v -0.02577537 0.00566138 0.03232188 0.54509804 0.71372549 0.60000000
v -0.02577537 0.00440095 0.03234254 0.54509804 0.71372549 0.60000000
v -0.02927824 0.01701257 -0.01952410 0.54509804 0.71372549 0.60000000
v -0.02904878 0.01784797 -0.01912475 0.54509804 0.71372549 0.60000000
v -0.02863343 0.01825101 -0.01952410 0.54509804 0.71372549 0.60000000
v -0.02882223 0.01868337 -0.01865655 0.54509804 0.71372549 0.60000000
v -0.02925500 0.01825101 -0.01823655 0.54509804 0.71372549 0.60000000
v -0.02985043 0.01820705 -0.01696966 0.54509804 0.71372549 0.60000000
v -0.03004213 0.01861376 -0.01601261 0.54509804 0.71372549 0.60000000
v -0.02916787 0.01946381 -0.01688016 0.54509804 0.71372549 0.60000000
v -0.02894131 0.02015265 -0.01639819 0.54509804 0.71372549 0.60000000
v -0.02764008 0.02134346 -0.01754803 0.54509804 0.71372549 0.60000000
v -0.03197365 -0.00073237 -0.02200278 0.54509804 0.71372549 0.60000000
v -0.03272592 -0.00073237 -0.02019885 0.54509804 0.71372549 0.60000000
v -0.03272882 -0.00062612 -0.02020574 0.54509804 0.71372549 0.60000000
v -0.03273754 0.00063065 -0.02023328 0.54509804 0.71372549 0.60000000
v -0.03247613 0.00063065 -0.02085983 0.54509804 0.71372549 0.60000000
v -0.03302508 0.00063065 -0.01948278 0.54509804 0.71372549 0.60000000
v -0.03349271 0.00063065 -0.01822967 0.54509804 0.71372549 0.60000000
v -0.03382964 0.00188741 -0.01727262 0.54509804 0.71372549 0.60000000
v -0.03405619 0.00188741 -0.01664606 0.54509804 0.71372549 0.60000000
v -0.03432632 0.00314418 -0.01571655 0.54509804 0.71372549 0.60000000
v -0.03423627 0.00440095 -0.01571655 0.54509804 0.71372549 0.60000000
v -0.03409976 0.00555145 -0.01576474 0.54509804 0.71372549 0.60000000
v -0.03452382 0.00566138 -0.01445655 0.54509804 0.71372549 0.60000000
v -0.03477652 0.00691814 -0.01319654 0.54509804 0.71372549 0.60000000
v -0.03437279 0.00943167 -0.01319654 0.54509804 0.71372549 0.60000000
v -0.03501759 0.00807231 -0.01182638 0.54509804 0.71372549 0.60000000
v -0.03508440 0.00943167 -0.01088310 0.54509804 0.71372549 0.60000000
v -0.03476781 0.00943167 -0.01194343 0.54509804 0.71372549 0.60000000
v -0.03450930 0.01068844 -0.01194343 0.54509804 0.71372549 0.60000000
v -0.03411719 0.01065180 -0.01320343 0.54509804 0.71372549 0.60000000
v -0.03402425 0.01160078 -0.01279031 0.54509804 0.71372549 0.60000000
v -0.03377155 0.01198917 -0.01320343 0.54509804 0.71372549 0.60000000
v -0.03390806 0.01243985 -0.01244605 0.54509804 0.71372549 0.60000000
v -0.03339977 0.01320563 -0.01319654 0.54509804 0.71372549 0.60000000
v -0.03293505 0.01321296 -0.01447720 0.54509804 0.71372549 0.60000000
v -0.03201140 0.01446240 -0.01571655 0.54509804 0.71372549 0.60000000
v -0.03278691 0.01408500 -0.01407097 0.54509804 0.71372549 0.60000000
v -0.03159025 0.01564588 -0.01562704 0.54509804 0.71372549 0.60000000
v -0.03145954 0.01641167 -0.01515196 0.54509804 0.71372549 0.60000000
v -0.03129108 0.01601595 -0.01599196 0.54509804 0.71372549 0.60000000
v -0.03008279 0.01740096 -0.01738967 0.54509804 0.71372549 0.60000000
v -0.02989690 0.01697959 -0.01824344 0.54509804 0.71372549 0.60000000
v -0.03045167 0.01697959 -0.01696966 0.54509804 0.71372549 0.60000000
v -0.02680939 0.02202864 -0.01819524 0.54509804 0.71372549 0.60000000
v -0.02733801 0.02199566 -0.01706606 0.54509804 0.71372549 0.60000000
v -0.02766913 0.02264054 -0.01510376 0.54509804 0.71372549 0.60000000
v -0.02698656 0.02320480 -0.01560638 0.54509804 0.71372549 0.60000000
v -0.02648698 0.02397425 -0.01526901 0.54509804 0.71372549 0.60000000
v -0.02629528 0.02376539 -0.01610901 0.54509804 0.71372549 0.60000000
v -0.02609778 0.02354922 -0.01696966 0.54509804 0.71372549 0.60000000
v -0.02526708 0.02401821 -0.01786475 0.54509804 0.71372549 0.60000000
v -0.02454966 0.02454584 -0.01828475 0.54509804 0.71372549 0.60000000
v -0.02297250 0.02544719 -0.01948278 0.54509804 0.71372549 0.60000000
v -0.02402684 0.02527131 -0.01787163 0.54509804 0.71372549 0.60000000
v -0.02326586 0.02578062 -0.01823655 0.54509804 0.71372549 0.60000000
v -0.01746841 0.03010785 -0.01741721 0.54509804 0.71372549 0.60000000
v -0.01662900 0.03030937 -0.01794049 0.54509804 0.71372549 0.60000000
v -0.01580121 0.03053288 -0.01830540 0.54509804 0.71372549 0.60000000
v -0.01543524 0.03032402 -0.01917295 0.54509804 0.71372549 0.60000000
v -0.02353598 0.02609206 -0.01696966 0.54509804 0.71372549 0.60000000
v -0.02290860 0.02663800 -0.01696966 0.54509804 0.71372549 0.60000000
v -0.02243806 0.02750271 -0.01571655 0.54509804 0.71372549 0.60000000
v -0.02180778 0.02797904 -0.01571655 0.54509804 0.71372549 0.60000000
v -0.02091319 0.02860559 -0.01571655 0.54509804 0.71372549 0.60000000
v -0.02028581 0.02902696 -0.01571655 0.54509804 0.71372549 0.60000000
v -0.01948997 0.02954359 -0.01571655 0.54509804 0.71372549 0.60000000
v -0.01866217 0.03006388 -0.01571655 0.54509804 0.71372549 0.60000000
v -0.01776758 0.03026174 -0.01658409 0.54509804 0.71372549 0.60000000
v -0.01026227 0.03148919 -0.02023328 0.54509804 0.71372549 0.60000000
v -0.00943157 0.03129133 -0.02108705 0.54509804 0.71372549 0.60000000
v -0.01194689 0.03033868 -0.02169295 0.54509804 0.71372549 0.60000000
v -0.01194689 0.03193254 -0.01822967 0.54509804 0.71372549 0.60000000
v -0.01442446 0.03113378 -0.01818147 0.54509804 0.71372549 0.60000000
v -0.01398007 0.03148919 -0.01773393 0.54509804 0.71372549 0.60000000
v -0.01309709 0.03159178 -0.01818147 0.54509804 0.71372549 0.60000000
v -0.01070085 0.03047059 -0.02207164 0.54509804 0.71372549 0.60000000
v -0.00943157 0.03159545 -0.02046049 0.54509804 0.71372549 0.60000000
v -0.00867058 0.03166873 -0.02068082 0.54509804 0.71372549 0.60000000
v -0.02577537 0.00063065 0.03235631 0.54509804 0.71372549 0.60000000
v -0.02587703 -0.00073237 0.03233565 0.54509804 0.71372549 0.60000000
v -0.00867058 0.02150835 0.03341664 0.54509804 0.71372549 0.60000000
v -0.00943157 0.02074623 0.03349238 0.54509804 0.71372549 0.60000000
v -0.01068923 0.01948580 0.03348549 0.54509804 0.71372549 0.60000000
v -0.02200529 0.01320563 0.03245959 0.54509804 0.71372549 0.60000000
v -0.01194689 0.01948580 0.03329959 0.54509804 0.71372549 0.60000000
v -0.02326295 0.01194520 0.03237696 0.54509804 0.71372549 0.60000000
v -0.02451771 0.01068844 0.03225991 0.54509804 0.71372549 0.60000000
v -0.02577537 0.00943167 0.03206024 0.54509804 0.71372549 0.60000000
v -0.02715793 0.00829948 0.03169532 0.54509804 0.71372549 0.60000000
v -0.02703304 0.00691814 0.03187434 0.54509804 0.71372549 0.60000000
v -0.02703304 0.00566138 0.03193631 0.54509804 0.71372549 0.60000000
v -0.02703304 0.00440095 0.03198451 0.54509804 0.71372549 0.60000000
v -0.02703304 0.00063065 0.03206024 0.54509804 0.71372549 0.60000000
v -0.02703304 -0.00062612 0.03206713 0.54509804 0.71372549 0.60000000
v -0.03026287 0.01777835 -0.01654966 0.54509804 0.71372549 0.60000000
v -0.03040520 0.01820705 -0.01564081 0.54509804 0.71372549 0.60000000
v -0.03021059 0.01892153 -0.01517261 0.54509804 0.71372549 0.60000000
v -0.02973135 0.01939786 -0.01564081 0.54509804 0.71372549 0.60000000
v -0.02909235 0.02036517 -0.01571655 0.54509804 0.71372549 0.60000000
v -0.02865086 0.02099538 -0.01571655 0.54509804 0.71372549 0.60000000
v -0.02882804 0.02125186 -0.01483524 0.54509804 0.71372549 0.60000000
v -0.02795668 0.02199566 -0.01559950 0.54509804 0.71372549 0.60000000
v -0.03297280 -0.00073237 -0.01957229 0.54509804 0.71372549 0.60000000
v -0.03301056 -0.00062612 -0.01948278 0.54509804 0.71372549 0.60000000
v -0.03346367 -0.00062612 -0.01822967 0.54509804 0.71372549 0.60000000
v -0.03383545 0.00063065 -0.01727262 0.54509804 0.71372549 0.60000000
v -0.03404748 0.00063065 -0.01664606 0.54509804 0.71372549 0.60000000
v -0.03436117 0.00188741 -0.01571655 0.54509804 0.71372549 0.60000000
v -0.03475909 0.00188741 -0.01445655 0.54509804 0.71372549 0.60000000
v -0.03472133 0.00314418 -0.01445655 0.54509804 0.71372549 0.60000000
v -0.03464581 0.00440095 -0.01445655 0.54509804 0.71372549 0.60000000
v -0.03491303 0.00566138 -0.01319654 0.54509804 0.71372549 0.60000000
v -0.03515701 0.00566138 -0.01238408 0.54509804 0.71372549 0.60000000
v -0.03509311 0.00691814 -0.01211556 0.54509804 0.71372549 0.60000000
v -0.03515992 0.00842406 -0.01115851 0.54509804 0.71372549 0.60000000
v -0.03526157 0.00943167 -0.01025654 0.54509804 0.71372549 0.60000000
v -0.03520639 0.01006555 -0.01005687 0.54509804 0.71372549 0.60000000
v -0.03495950 0.01056752 -0.01055949 0.54509804 0.71372549 0.60000000
v -0.03458772 0.01194520 -0.01068343 0.54509804 0.71372549 0.60000000
v -0.03416947 0.01198917 -0.01199162 0.54509804 0.71372549 0.60000000
v -0.03403586 0.01286488 -0.01160605 0.54509804 0.71372549 0.60000000
v -0.03390806 0.01370394 -0.01116539 0.54509804 0.71372549 0.60000000
v -0.03379188 0.01325326 -0.01199162 0.54509804 0.71372549 0.60000000
v -0.03293795 0.01448805 -0.01321031 0.54509804 0.71372549 0.60000000
v -0.03262426 0.01492407 -0.01363720 0.54509804 0.71372549 0.60000000
v -0.03200269 0.01571916 -0.01445655 0.54509804 0.71372549 0.60000000
v -0.03105291 0.01688799 -0.01562704 0.54509804 0.71372549 0.60000000
v -0.03245580 0.01570817 -0.01321031 0.54509804 0.71372549 0.60000000
v -0.03260393 0.01612221 -0.01230835 0.54509804 0.71372549 0.60000000
v -0.03158734 0.01669746 -0.01445655 0.54509804 0.71372549 0.60000000
v -0.03130851 0.01732401 -0.01445655 0.54509804 0.71372549 0.60000000
v -0.02883675 0.02252695 -0.01232900 0.54509804 0.71372549 0.60000000
v -0.02727992 0.02342464 -0.01445655 0.54509804 0.71372549 0.60000000
v -0.02523803 0.02523468 -0.01528278 0.54509804 0.71372549 0.60000000
v -0.02485754 0.02485361 -0.01696966 0.54509804 0.71372549 0.60000000
v -0.02764880 0.02387165 -0.01253556 0.54509804 0.71372549 0.60000000
v -0.02664964 0.02414646 -0.01445655 0.54509804 0.71372549 0.60000000
v -0.02642018 0.02516139 -0.01260441 0.54509804 0.71372549 0.60000000
v -0.02603678 0.02477667 -0.01445655 0.54509804 0.71372549 0.60000000
v -0.02422726 0.02546184 -0.01696966 0.54509804 0.71372549 0.60000000
v -0.01701821 0.03048524 -0.01699032 0.54509804 0.71372549 0.60000000
v -0.01567051 0.03112279 -0.01692835 0.54509804 0.71372549 0.60000000
v -0.01481657 0.03132797 -0.01732081 0.54509804 0.71372549 0.60000000
v -0.02394261 0.02644747 -0.01520704 0.54509804 0.71372549 0.60000000
v -0.02330652 0.02680655 -0.01566147 0.54509804 0.71372549 0.60000000
v -0.02259491 0.02763096 -0.01500048 0.54509804 0.71372549 0.60000000
v -0.02410527 0.02658671 -0.01445655 0.54509804 0.71372549 0.60000000
v -0.02322229 0.02728654 -0.01453228 0.54509804 0.71372549 0.60000000
v -0.02198786 0.02827583 -0.01441523 0.54509804 0.71372549 0.60000000
v -0.02137791 0.02891703 -0.01382999 0.54509804 0.71372549 0.60000000
v -0.02117459 0.02877780 -0.01466999 0.54509804 0.71372549 0.60000000
v -0.01885387 0.03017013 -0.01506933 0.54509804 0.71372549 0.60000000
v -0.01803479 0.03041196 -0.01571655 0.54509804 0.71372549 0.60000000
v -0.01685555 0.03104584 -0.01559261 0.54509804 0.71372549 0.60000000
v -0.01068633 0.03169071 -0.01953098 0.54509804 0.71372549 0.60000000
v -0.01057596 0.03235390 -0.01811262 0.54509804 0.71372549 0.60000000
v -0.00943157 0.03204246 -0.01948278 0.54509804 0.71372549 0.60000000
v -0.01194109 0.03246383 -0.01694901 0.54509804 0.71372549 0.60000000
v -0.01092160 0.03259939 -0.01735524 0.54509804 0.71372549 0.60000000
v -0.01521740 0.03148552 -0.01648081 0.54509804 0.71372549 0.60000000
v -0.01442446 0.03161743 -0.01692835 0.54509804 0.71372549 0.60000000
v -0.01320456 0.03203513 -0.01696966 0.54509804 0.71372549 0.60000000
v -0.00867058 0.03224765 -0.01943459 0.54509804 0.71372549 0.60000000
v -0.02703304 -0.00073237 0.03206713 0.54509804 0.71372549 0.60000000
v -0.00867058 0.02200299 0.03330647 0.54509804 0.71372549 0.60000000
v -0.00943157 0.02200299 0.03321008 0.54509804 0.71372549 0.60000000
v -0.01068923 0.02074623 0.03332024 0.54509804 0.71372549 0.60000000
v -0.02074763 0.01446240 0.03250090 0.54509804 0.71372549 0.60000000
v -0.02074763 0.01571916 0.03229434 0.54509804 0.71372549 0.60000000
v -0.02200529 0.01446240 0.03224615 0.54509804 0.71372549 0.60000000
v -0.02326295 0.01320563 0.03216352 0.54509804 0.71372549 0.60000000
v -0.01320456 0.01948580 0.03309991 0.54509804 0.71372549 0.60000000
v -0.01745679 0.01739729 0.03266615 0.54509804 0.71372549 0.60000000
v -0.02451771 0.01194520 0.03204647 0.54509804 0.71372549 0.60000000
v -0.02577537 0.01068844 0.03185368 0.54509804 0.71372549 0.60000000
v -0.02687909 0.00943167 0.03164024 0.54509804 0.71372549 0.60000000
v -0.02766041 0.00880146 0.03143368 0.54509804 0.71372549 0.60000000
v -0.02775917 0.00796239 0.03148188 0.54509804 0.71372549 0.60000000
v -0.02786954 0.00691814 0.03153008 0.54509804 0.71372549 0.60000000
v -0.02795958 0.00566138 0.03157139 0.54509804 0.71372549 0.60000000
v -0.02800605 0.00440095 0.03159893 0.54509804 0.71372549 0.60000000
v -0.02811643 0.00188741 0.03163336 0.54509804 0.71372549 0.60000000
v -0.02813966 0.00063065 0.03164713 0.54509804 0.71372549 0.60000000
v -0.02816580 -0.00062612 0.03165401 0.54509804 0.71372549 0.60000000
v -0.03086121 0.01822903 -0.01445655 0.54509804 0.71372549 0.60000000
v -0.03035873 0.01915603 -0.01445655 0.54509804 0.71372549 0.60000000
v -0.02997533 0.01978258 -0.01445655 0.54509804 0.71372549 0.60000000
v -0.03012055 0.02003174 -0.01367851 0.54509804 0.71372549 0.60000000
v -0.03027449 0.02026257 -0.01283851 0.54509804 0.71372549 0.60000000
v -0.02981267 0.02070592 -0.01323786 0.54509804 0.71372549 0.60000000
v -0.02913592 0.02166956 -0.01319654 0.54509804 0.71372549 0.60000000
v -0.03300185 -0.00073237 -0.01949655 0.54509804 0.71372549 0.60000000
v -0.03345496 -0.00073237 -0.01822967 0.54509804 0.71372549 0.60000000
v -0.03400391 -0.00073237 -0.01659097 0.54509804 0.71372549 0.60000000
v -0.03402134 -0.00062612 -0.01656343 0.54509804 0.71372549 0.60000000
v -0.03434665 0.00063065 -0.01571655 0.54509804 0.71372549 0.60000000
v -0.03473586 0.00063065 -0.01445655 0.54509804 0.71372549 0.60000000
v -0.03508149 0.00188741 -0.01338245 0.54509804 0.71372549 0.60000000
v -0.03506116 0.00314418 -0.01334113 0.54509804 0.71372549 0.60000000
v -0.03522672 0.00404187 -0.01264572 0.54509804 0.71372549 0.60000000
v -0.03504955 0.00443759 -0.01312081 0.54509804 0.71372549 0.60000000
v -0.03519187 0.00488093 -0.01252179 0.54509804 0.71372549 0.60000000
v -0.03547651 0.00691814 -0.01068343 0.54509804 0.71372549 0.60000000
v -0.03593833 0.00566138 -0.00942342 0.54509804 0.71372549 0.60000000
v -0.03581053 0.00691814 -0.00942342 0.54509804 0.71372549 0.60000000
v -0.03566821 0.00817491 -0.00942342 0.54509804 0.71372549 0.60000000
v -0.03533128 0.00807231 -0.01071785 0.54509804 0.71372549 0.60000000
v -0.03548232 0.00943167 -0.00942342 0.54509804 0.71372549 0.60000000
v -0.03556074 0.01068844 -0.00817031 0.54509804 0.71372549 0.60000000
v -0.03512797 0.01090462 -0.00972638 0.54509804 0.71372549 0.60000000
v -0.03417819 0.01325326 -0.01072474 0.54509804 0.71372549 0.60000000
v -0.03498855 0.01187192 -0.00935457 0.54509804 0.71372549 0.60000000
v -0.03456449 0.01320563 -0.00942342 0.54509804 0.71372549 0.60000000
v -0.03375122 0.01445873 -0.01072474 0.54509804 0.71372549 0.60000000
v -0.03327778 0.01571916 -0.01068343 0.54509804 0.71372549 0.60000000
v -0.03274334 0.01646663 -0.01147523 0.54509804 0.71372549 0.60000000
v -0.03337072 0.01446240 -0.01194343 0.54509804 0.71372549 0.60000000
v -0.03448026 0.01446240 -0.00817031 0.54509804 0.71372549 0.60000000
v -0.03413462 0.01445873 -0.00938900 0.54509804 0.71372549 0.60000000
v -0.03398939 0.01519521 -0.00894146 0.54509804 0.71372549 0.60000000
v -0.03182842 0.01708951 -0.01331359 0.54509804 0.71372549 0.60000000
v -0.03142469 0.01758782 -0.01380245 0.54509804 0.71372549 0.60000000
v -0.02999566 0.02111629 -0.01194343 0.54509804 0.71372549 0.60000000
v -0.03026287 0.02149735 -0.01032539 0.54509804 0.71372549 0.60000000
v -0.02979524 0.02195170 -0.01071785 0.54509804 0.71372549 0.60000000
v -0.02911268 0.02287137 -0.01068343 0.54509804 0.71372549 0.60000000
v -0.02859858 0.02350158 -0.01068343 0.54509804 0.71372549 0.60000000
v -0.02831974 0.02328907 -0.01201228 0.54509804 0.71372549 0.60000000
v -0.02540940 0.02540322 -0.01445655 0.54509804 0.71372549 0.60000000
v -0.02473265 0.02602977 -0.01445655 0.54509804 0.71372549 0.60000000
v -0.02779983 0.02404753 -0.01169556 0.54509804 0.71372549 0.60000000
v -0.02726249 0.02448721 -0.01204671 0.54509804 0.71372549 0.60000000
v -0.02499405 0.02626793 -0.01319654 0.54509804 0.71372549 0.60000000
v -0.02654508 0.02528597 -0.01194343 0.54509804 0.71372549 0.60000000
v -0.02573761 0.02600412 -0.01203982 0.54509804 0.71372549 0.60000000
v -0.01605681 0.03130965 -0.01593688 0.54509804 0.71372549 0.60000000
v -0.02360859 0.02743676 -0.01319654 0.54509804 0.71372549 0.60000000
v -0.02277790 0.02777019 -0.01416048 0.54509804 0.71372549 0.60000000
v -0.02512766 0.02638885 -0.01252867 0.54509804 0.71372549 0.60000000
v -0.02436667 0.02680655 -0.01319654 0.54509804 0.71372549 0.60000000
v -0.02298121 0.02791675 -0.01319654 0.54509804 0.71372549 0.60000000
v -0.02332976 0.02804866 -0.01192277 0.54509804 0.71372549 0.60000000
v -0.02238288 0.02873750 -0.01194343 0.54509804 0.71372549 0.60000000
v -0.02175550 0.02918451 -0.01194343 0.54509804 0.71372549 0.60000000
v -0.02070406 0.02986968 -0.01200540 0.54509804 0.71372549 0.60000000
v -0.02007378 0.03014815 -0.01247359 0.54509804 0.71372549 0.60000000
v -0.01927503 0.03041929 -0.01319654 0.54509804 0.71372549 0.60000000
v -0.01767173 0.03147087 -0.01271458 0.54509804 0.71372549 0.60000000
v -0.01745389 0.03135728 -0.01354769 0.54509804 0.71372549 0.60000000
v -0.01835429 0.03058051 -0.01457360 0.54509804 0.71372549 0.60000000
v -0.01718377 0.03123271 -0.01445655 0.54509804 0.71372549 0.60000000
v -0.01635307 0.03143423 -0.01509687 0.54509804 0.71372549 0.60000000
v -0.01655348 0.03153316 -0.01445655 0.54509804 0.71372549 0.60000000
v -0.00943157 0.03250413 -0.01843622 0.54509804 0.71372549 0.60000000
v -0.00867058 0.03259939 -0.01864967 0.54509804 0.71372549 0.60000000
v -0.01235934 0.03262138 -0.01612966 0.54509804 0.71372549 0.60000000
v -0.01151993 0.03275328 -0.01651524 0.54509804 0.71372549 0.60000000
v -0.00943157 0.03277893 -0.01780278 0.54509804 0.71372549 0.60000000
v -0.00943157 0.03310503 -0.01696966 0.54509804 0.71372549 0.60000000
v -0.00867058 0.03328823 -0.01696966 0.54509804 0.71372549 0.60000000
v -0.01567051 0.03158079 -0.01559261 0.54509804 0.71372549 0.60000000
v -0.01446222 0.03202780 -0.01571655 0.54509804 0.71372549 0.60000000
v -0.01319875 0.03247115 -0.01571655 0.54509804 0.71372549 0.60000000
v -0.02816580 -0.00073237 0.03165401 0.54509804 0.71372549 0.60000000
v -0.00867058 0.02284938 0.03303107 0.54509804 0.71372549 0.60000000
v -0.00943157 0.02305091 0.03285893 0.54509804 0.71372549 0.60000000
v -0.01048011 0.02282740 0.03277631 0.54509804 0.71372549 0.60000000
v -0.01081413 0.02212757 0.03294155 0.54509804 0.71372549 0.60000000
v -0.01194689 0.02074623 0.03309991 0.54509804 0.71372549 0.60000000
v -0.01455226 0.01957373 0.03285205 0.54509804 0.71372549 0.60000000
v -0.01948997 0.01697593 0.03232877 0.54509804 0.71372549 0.60000000
v -0.02200529 0.01571916 0.03197762 0.54509804 0.71372549 0.60000000
v -0.02326295 0.01446240 0.03188811 0.54509804 0.71372549 0.60000000
v -0.01625722 0.01873100 0.03267303 0.54509804 0.71372549 0.60000000
v -0.02461937 0.01329723 0.03170910 0.54509804 0.71372549 0.60000000
v -0.02536293 0.01293816 0.03152319 0.54509804 0.71372549 0.60000000
v -0.02577828 0.01186459 0.03161270 0.54509804 0.71372549 0.60000000
v -0.02644051 0.01138827 0.03144746 0.54509804 0.71372549 0.60000000
v -0.02659155 0.01068844 0.03152319 0.54509804 0.71372549 0.60000000
v -0.02692847 0.01186459 0.03108254 0.54509804 0.71372549 0.60000000
v -0.02807286 0.01194520 0.03042844 0.54509804 0.71372549 0.60000000
v -0.02838364 0.01074340 0.03054549 0.54509804 0.71372549 0.60000000
v -0.02903716 0.01036234 0.03025630 0.54509804 0.71372549 0.60000000
v -0.02919691 0.00943167 0.03035958 0.54509804 0.71372549 0.60000000
v -0.02938280 0.00817491 0.03048352 0.54509804 0.71372549 0.60000000
v -0.02822389 0.00829948 0.03117204 0.54509804 0.71372549 0.60000000
v -0.02849692 0.00691814 0.03120647 0.54509804 0.71372549 0.60000000
v -0.02858987 0.00566138 0.03126155 0.54509804 0.71372549 0.60000000
v -0.02874381 0.00188741 0.03135106 0.54509804 0.71372549 0.60000000
v -0.02879318 -0.00062612 0.03137172 0.54509804 0.71372549 0.60000000
v -0.03157863 0.01787728 -0.01296933 0.54509804 0.71372549 0.60000000
v -0.03125332 0.01826567 -0.01331359 0.54509804 0.71372549 0.60000000
v -0.03135498 0.01871268 -0.01234277 0.54509804 0.71372549 0.60000000
v -0.03056495 0.01956274 -0.01323786 0.54509804 0.71372549 0.60000000
v -0.03108195 0.01943084 -0.01192966 0.54509804 0.71372549 0.60000000
v -0.03125332 0.01981556 -0.01068343 0.54509804 0.71372549 0.60000000
v -0.03042553 0.02048608 -0.01194343 0.54509804 0.71372549 0.60000000
v -0.03426823 -0.00073237 -0.01572343 0.54509804 0.71372549 0.60000000
v -0.03427984 -0.00062612 -0.01571655 0.54509804 0.71372549 0.60000000
v -0.03465453 -0.00062612 -0.01445655 0.54509804 0.71372549 0.60000000
v -0.03506697 0.00063065 -0.01332736 0.54509804 0.71372549 0.60000000
v -0.03525577 0.00188741 -0.01275589 0.54509804 0.71372549 0.60000000
v -0.03524705 0.00314418 -0.01270769 0.54509804 0.71372549 0.60000000
v -0.03545908 0.00314418 -0.01194343 0.54509804 0.71372549 0.60000000
v -0.03578730 0.00314418 -0.01068343 0.54509804 0.71372549 0.60000000
v -0.03571759 0.00440095 -0.01068343 0.54509804 0.71372549 0.60000000
v -0.03535743 0.00443759 -0.01203982 0.54509804 0.71372549 0.60000000
v -0.03603999 0.00440095 -0.00942342 0.54509804 0.71372549 0.60000000
v -0.03624040 0.00566138 -0.00817031 0.54509804 0.71372549 0.60000000
v -0.03652214 0.00691814 -0.00651785 0.54509804 0.71372549 0.60000000
v -0.03647857 0.00768393 -0.00634571 0.54509804 0.71372549 0.60000000
v -0.03642920 0.00852299 -0.00611162 0.54509804 0.71372549 0.60000000
v -0.03579020 0.00943167 -0.00817031 0.54509804 0.71372549 0.60000000
v -0.03522672 0.01140292 -0.00889326 0.54509804 0.71372549 0.60000000
v -0.03586572 0.01068844 -0.00691031 0.54509804 0.71372549 0.60000000
v -0.03531095 0.01187192 -0.00810145 0.54509804 0.71372549 0.60000000
v -0.03511925 0.01224199 -0.00847326 0.54509804 0.71372549 0.60000000
v -0.03522672 0.01264870 -0.00763326 0.54509804 0.71372549 0.60000000
v -0.03495079 0.01312136 -0.00810145 0.54509804 0.71372549 0.60000000
v -0.03367861 0.01565688 -0.00938900 0.54509804 0.71372549 0.60000000
v -0.03286243 0.01672678 -0.01068343 0.54509804 0.71372549 0.60000000
v -0.03257488 0.01735333 -0.01068343 0.54509804 0.71372549 0.60000000
v -0.03238899 0.01692097 -0.01190900 0.54509804 0.71372549 0.60000000
v -0.03511635 0.01355372 -0.00691031 0.54509804 0.71372549 0.60000000
v -0.03480556 0.01446240 -0.00691031 0.54509804 0.71372549 0.60000000
v -0.03410267 0.01545902 -0.00817031 0.54509804 0.71372549 0.60000000
v -0.03058818 0.02082683 -0.01071785 0.54509804 0.71372549 0.60000000
v -0.03137531 0.02002075 -0.00981588 0.54509804 0.71372549 0.60000000
v -0.03118942 0.02099538 -0.00817031 0.54509804 0.71372549 0.60000000
v -0.03038777 0.02166956 -0.00942342 0.54509804 0.71372549 0.60000000
v -0.03018736 0.02264786 -0.00758506 0.54509804 0.71372549 0.60000000
v -0.02992886 0.02229978 -0.00942342 0.54509804 0.71372549 0.60000000
v -0.02930148 0.02310587 -0.00942342 0.54509804 0.71372549 0.60000000
v -0.02796829 0.02423439 -0.01068343 0.54509804 0.71372549 0.60000000
v -0.02878447 0.02373242 -0.00942342 0.54509804 0.71372549 0.60000000
v -0.02739610 0.02486461 -0.01068343 0.54509804 0.71372549 0.60000000
v -0.02676872 0.02550948 -0.01068343 0.54509804 0.71372549 0.60000000
v -0.02610939 0.02613603 -0.01068343 0.54509804 0.71372549 0.60000000
v -0.02529613 0.02652808 -0.01168867 0.54509804 0.71372549 0.60000000
v -0.01571988 0.03190689 -0.01445655 0.54509804 0.71372549 0.60000000
v -0.02378867 0.02758332 -0.01232212 0.54509804 0.71372549 0.60000000
v -0.02395423 0.02771157 -0.01148900 0.54509804 0.71372549 0.60000000
v -0.02255425 0.02886207 -0.01106211 0.54509804 0.71372549 0.60000000
v -0.02106422 0.02997228 -0.01068343 0.54509804 0.71372549 0.60000000
v -0.02025676 0.03026174 -0.01163359 0.54509804 0.71372549 0.60000000
v -0.01958872 0.03055120 -0.01200540 0.54509804 0.71372549 0.60000000
v -0.01846757 0.03121072 -0.01194343 0.54509804 0.71372549 0.60000000
v -0.01784019 0.03155881 -0.01194343 0.54509804 0.71372549 0.60000000
v -0.01697464 0.03198383 -0.01194343 0.54509804 0.71372549 0.60000000
v -0.01701240 0.03167972 -0.01315523 0.54509804 0.71372549 0.60000000
v -0.01559208 0.03234291 -0.01307261 0.54509804 0.71372549 0.60000000
v -0.00867058 0.03284855 -0.01806442 0.54509804 0.71372549 0.60000000
v -0.01277759 0.03275695 -0.01529655 0.54509804 0.71372549 0.60000000
v -0.01194109 0.03288885 -0.01571655 0.54509804 0.71372549 0.60000000
v -0.01068923 0.03324060 -0.01571655 0.54509804 0.71372549 0.60000000
v -0.00943157 0.03354838 -0.01571655 0.54509804 0.71372549 0.60000000
v -0.00867058 0.03346044 -0.01647393 0.54509804 0.71372549 0.60000000
v -0.01441284 0.03244184 -0.01443589 0.54509804 0.71372549 0.60000000
v -0.01361700 0.03261771 -0.01483524 0.54509804 0.71372549 0.60000000
v -0.02879318 -0.00073237 0.03137172 0.54509804 0.71372549 0.60000000
v -0.00867058 0.02323777 0.03290024 0.54509804 0.71372549 0.60000000
v -0.00867058 0.02382768 0.03266615 0.54509804 0.71372549 0.60000000
v -0.01131661 0.02262954 0.03268680 0.54509804 0.71372549 0.60000000
v -0.00943157 0.02367746 0.03259041 0.54509804 0.71372549 0.60000000
v -0.01081413 0.02325243 0.03250779 0.54509804 0.71372549 0.60000000
v -0.01194689 0.02179048 0.03282451 0.54509804 0.71372549 0.60000000
v -0.01279211 0.02151201 0.03273500 0.54509804 0.71372549 0.60000000
v -0.01419500 0.02037982 0.03276254 0.54509804 0.71372549 0.60000000
v -0.01503151 0.02005006 0.03267303 0.54509804 0.71372549 0.60000000
v -0.01823230 0.01822903 0.03234254 0.54509804 0.71372549 0.60000000
v -0.01948997 0.01822903 0.03203959 0.54509804 0.71372549 0.60000000
v -0.02074763 0.01697593 0.03201205 0.54509804 0.71372549 0.60000000
v -0.02201110 0.01697227 0.03163336 0.54509804 0.71372549 0.60000000
v -0.02280984 0.01655090 0.03149565 0.54509804 0.71372549 0.60000000
v -0.02324262 0.01565688 0.03159893 0.54509804 0.71372549 0.60000000
v -0.02423016 0.01446240 0.03155762 0.54509804 0.71372549 0.60000000
v -0.02510443 0.01377722 0.03141303 0.54509804 0.71372549 0.60000000
v -0.02620234 0.01222733 0.03134418 0.54509804 0.71372549 0.60000000
v -0.02712889 0.01328624 0.03055926 0.54509804 0.71372549 0.60000000
v -0.02784340 0.01291984 0.03029073 0.54509804 0.71372549 0.60000000
v -0.02886580 0.01120140 0.03013926 0.54509804 0.71372549 0.60000000
v -0.02949317 0.01074340 0.02980876 0.54509804 0.71372549 0.60000000
v -0.02982720 0.00943167 0.02991204 0.54509804 0.71372549 0.60000000
v -0.03001018 0.00817491 0.03005663 0.54509804 0.71372549 0.60000000
v -0.02963840 0.00688883 0.03051106 0.54509804 0.71372549 0.60000000
v -0.03012055 0.00728454 0.03013237 0.54509804 0.71372549 0.60000000
v -0.02954546 0.00566138 0.03069696 0.54509804 0.71372549 0.60000000
v -0.02954546 0.00188741 0.03089663 0.54509804 0.71372549 0.60000000
v -0.02954546 0.00063065 0.03093106 0.54509804 0.71372549 0.60000000
v -0.02954546 -0.00062612 0.03095172 0.54509804 0.71372549 0.60000000
v -0.03172676 0.01826567 -0.01192966 0.54509804 0.71372549 0.60000000
v -0.03150021 0.01897283 -0.01150277 0.54509804 0.71372549 0.60000000
v -0.03162220 0.01918901 -0.01068343 0.54509804 0.71372549 0.60000000
v -0.03461387 -0.00073237 -0.01456671 0.54509804 0.71372549 0.60000000
v -0.03464581 -0.00073237 -0.01445655 0.54509804 0.71372549 0.60000000
v -0.03499145 -0.00073237 -0.01325163 0.54509804 0.71372549 0.60000000
v -0.03504664 -0.00058581 -0.01310015 0.54509804 0.71372549 0.60000000
v -0.03521510 -0.00013880 -0.01261130 0.54509804 0.71372549 0.60000000
v -0.03524124 0.00063065 -0.01270081 0.54509804 0.71372549 0.60000000
v -0.03547942 0.00188741 -0.01194343 0.54509804 0.71372549 0.60000000
v -0.03580182 0.00188741 -0.01068343 0.54509804 0.71372549 0.60000000
v -0.03609518 0.00314418 -0.00942342 0.54509804 0.71372549 0.60000000
v -0.03647857 0.00402721 -0.00761260 0.54509804 0.71372549 0.60000000
v -0.03634787 0.00443026 -0.00808768 0.54509804 0.71372549 0.60000000
v -0.03658023 0.00566138 -0.00674506 0.54509804 0.71372549 0.60000000
v -0.03671384 0.00691814 -0.00565719 0.54509804 0.71372549 0.60000000
v -0.03636820 0.00950129 -0.00567784 0.54509804 0.71372549 0.60000000
v -0.03609227 0.00943167 -0.00691031 0.54509804 0.71372549 0.60000000
v -0.03697235 0.00691814 -0.00439719 0.54509804 0.71372549 0.60000000
v -0.03682131 0.00817491 -0.00439719 0.54509804 0.71372549 0.60000000
v -0.03661799 0.00950129 -0.00447981 0.54509804 0.71372549 0.60000000
v -0.03644953 0.00996296 -0.00496178 0.54509804 0.71372549 0.60000000
v -0.03558107 0.01194520 -0.00691031 0.54509804 0.71372549 0.60000000
v -0.03615327 0.01068844 -0.00565719 0.54509804 0.71372549 0.60000000
v -0.03586862 0.01194520 -0.00565719 0.54509804 0.71372549 0.60000000
v -0.03580182 0.01320563 -0.00439719 0.54509804 0.71372549 0.60000000
v -0.03531095 0.01292717 -0.00691031 0.54509804 0.71372549 0.60000000
v -0.03519768 0.01380654 -0.00624932 0.54509804 0.71372549 0.60000000
v -0.03384126 0.01608923 -0.00817031 0.54509804 0.71372549 0.60000000
v -0.03267364 0.01757317 -0.01000179 0.54509804 0.71372549 0.60000000
v -0.03393420 0.01631640 -0.00748867 0.54509804 0.71372549 0.60000000
v -0.03303380 0.01708219 -0.00951982 0.54509804 0.71372549 0.60000000
v -0.03213630 0.01822903 -0.01068343 0.54509804 0.71372549 0.60000000
v -0.03529643 0.01408134 -0.00540932 0.54509804 0.71372549 0.60000000
v -0.03506697 0.01448438 -0.00576047 0.54509804 0.71372549 0.60000000
v -0.03461677 0.01571916 -0.00565719 0.54509804 0.71372549 0.60000000
v -0.03425370 0.01582542 -0.00700670 0.54509804 0.71372549 0.60000000
v -0.03175290 0.01955541 -0.00940965 0.54509804 0.71372549 0.60000000
v -0.03278982 0.01902046 -0.00664867 0.54509804 0.71372549 0.60000000
v -0.03159025 0.02036883 -0.00817031 0.54509804 0.71372549 0.60000000
v -0.03175000 0.02061432 -0.00691031 0.54509804 0.71372549 0.60000000
v -0.03134627 0.02124453 -0.00691031 0.54509804 0.71372549 0.60000000
v -0.03049233 0.02203963 -0.00806703 0.54509804 0.71372549 0.60000000
v -0.03080602 0.02200299 -0.00691031 0.54509804 0.71372549 0.60000000
v -0.03151473 0.02149003 -0.00538178 0.54509804 0.71372549 0.60000000
v -0.03026287 0.02274313 -0.00691031 0.54509804 0.71372549 0.60000000
v -0.03004794 0.02372509 -0.00439719 0.54509804 0.71372549 0.60000000
v -0.02990562 0.02354555 -0.00565719 0.54509804 0.71372549 0.60000000
v -0.02975749 0.02337334 -0.00691031 0.54509804 0.71372549 0.60000000
v -0.02912720 0.02413546 -0.00691031 0.54509804 0.71372549 0.60000000
v -0.02900521 0.02399257 -0.00785359 0.54509804 0.71372549 0.60000000
v -0.02888903 0.02385333 -0.00869359 0.54509804 0.71372549 0.60000000
v -0.02769236 0.02517971 -0.00889326 0.54509804 0.71372549 0.60000000
v -0.02755585 0.02502949 -0.00973326 0.54509804 0.71372549 0.60000000
v -0.02850563 0.02445423 -0.00823227 0.54509804 0.71372549 0.60000000
v -0.02698656 0.02573665 -0.00928572 0.54509804 0.71372549 0.60000000
v -0.02627786 0.02629358 -0.00967818 0.54509804 0.71372549 0.60000000
v -0.02547911 0.02668197 -0.01068343 0.54509804 0.71372549 0.60000000
v -0.01508960 0.03269099 -0.01256999 0.54509804 0.71372549 0.60000000
v -0.01479914 0.03257741 -0.01340999 0.54509804 0.71372549 0.60000000
v -0.02471812 0.02730852 -0.01068343 0.54509804 0.71372549 0.60000000
v -0.02492144 0.02748073 -0.00942342 0.54509804 0.71372549 0.60000000
v -0.02408784 0.02781416 -0.01068343 0.54509804 0.71372549 0.60000000
v -0.02316710 0.02850666 -0.01066277 0.54509804 0.71372549 0.60000000
v -0.02208371 0.02927978 -0.01066277 0.54509804 0.71372549 0.60000000
v -0.02364345 0.02874116 -0.00817031 0.54509804 0.71372549 0.60000000
v -0.02281275 0.02904528 -0.00942342 0.54509804 0.71372549 0.60000000
v -0.02043684 0.03037532 -0.01068343 0.54509804 0.71372549 0.60000000
v -0.02127335 0.03010785 -0.00942342 0.54509804 0.71372549 0.60000000
v -0.01948997 0.03092859 -0.01068343 0.54509804 0.71372549 0.60000000
v -0.01872317 0.03135728 -0.01068343 0.54509804 0.71372549 0.60000000
v -0.01809579 0.03169071 -0.01068343 0.54509804 0.71372549 0.60000000
v -0.01697464 0.03224032 -0.01068343 0.54509804 0.71372549 0.60000000
v -0.01632983 0.03268367 -0.01000867 0.54509804 0.71372549 0.60000000
v -0.01586511 0.03248581 -0.01194343 0.54509804 0.71372549 0.60000000
v -0.01319875 0.03288152 -0.01443589 0.54509804 0.71372549 0.60000000
v -0.01194689 0.03327724 -0.01445655 0.54509804 0.71372549 0.60000000
v -0.01057886 0.03368761 -0.01434638 0.54509804 0.71372549 0.60000000
v -0.00943157 0.03385249 -0.01475261 0.54509804 0.71372549 0.60000000
v -0.00867058 0.03372059 -0.01572343 0.54509804 0.71372549 0.60000000
v -0.00873739 0.03393310 -0.01503491 0.54509804 0.71372549 0.60000000
v -0.00867058 0.03391478 -0.01513819 0.54509804 0.71372549 0.60000000
v -0.01396264 0.03273863 -0.01399523 0.54509804 0.71372549 0.60000000
v -0.02885418 -0.00073237 0.03133729 0.54509804 0.71372549 0.60000000
v -0.00867058 0.02447622 0.03233565 0.54509804 0.71372549 0.60000000
v -0.00943157 0.02451652 0.03217041 0.54509804 0.71372549 0.60000000
v -0.01194689 0.02325976 0.03225303 0.54509804 0.71372549 0.60000000
v -0.01320456 0.02325976 0.03195696 0.54509804 0.71372549 0.60000000
v -0.01446222 0.02200299 0.03219106 0.54509804 0.71372549 0.60000000
v -0.01080541 0.02463744 0.03181237 0.54509804 0.71372549 0.60000000
v -0.01194689 0.02437729 0.03169532 0.54509804 0.71372549 0.60000000
v -0.01363152 0.02121889 0.03264549 0.54509804 0.71372549 0.60000000
v -0.01455226 0.02077554 0.03257664 0.54509804 0.71372549 0.60000000
v -0.01571988 0.02074623 0.03230123 0.54509804 0.71372549 0.60000000
v -0.01697464 0.02074623 0.03195696 0.54509804 0.71372549 0.60000000
v -0.02035552 0.01908642 0.03152319 0.54509804 0.71372549 0.60000000
v -0.02076505 0.01823636 0.03165401 0.54509804 0.71372549 0.60000000
v -0.02243226 0.01738997 0.03135794 0.54509804 0.71372549 0.60000000
v -0.02364635 0.01603794 0.03133729 0.54509804 0.71372549 0.60000000
v -0.02396585 0.01519887 0.03146122 0.54509804 0.71372549 0.60000000
v -0.02486045 0.01446240 0.03130975 0.54509804 0.71372549 0.60000000
v -0.02577537 0.01446240 0.03086221 0.54509804 0.71372549 0.60000000
v -0.02577828 0.01329723 0.03123401 0.54509804 0.71372549 0.60000000
v -0.02673968 0.01446240 0.03035958 0.54509804 0.71372549 0.60000000
v -0.02761104 0.01375890 0.03014614 0.54509804 0.71372549 0.60000000
v -0.02827327 0.01328624 0.02986385 0.54509804 0.71372549 0.60000000
v -0.02870314 0.01194520 0.03002221 0.54509804 0.71372549 0.60000000
v -0.02960936 0.01193788 0.02934057 0.54509804 0.71372549 0.60000000
v -0.03025416 0.01151285 0.02898942 0.54509804 0.71372549 0.60000000
v -0.03039939 0.01068844 0.02911335 0.54509804 0.71372549 0.60000000
v -0.03059980 0.00943167 0.02928549 0.54509804 0.71372549 0.60000000
v -0.03088445 0.00813460 0.02934745 0.54509804 0.71372549 0.60000000
v -0.03020479 0.00644914 0.03019434 0.54509804 0.71372549 0.60000000
v -0.03146826 0.00768759 0.02894811 0.54509804 0.71372549 0.60000000
v -0.03069565 0.00688883 0.02971926 0.54509804 0.71372549 0.60000000
v -0.03025126 0.00566138 0.03022877 0.54509804 0.71372549 0.60000000
v -0.03030935 0.00440095 0.03027008 0.54509804 0.71372549 0.60000000
v -0.03041972 0.00188741 0.03034582 0.54509804 0.71372549 0.60000000
v -0.03045457 0.00063065 0.03037335 0.54509804 0.71372549 0.60000000
v -0.03045748 -0.00062612 0.03038024 0.54509804 0.71372549 0.60000000
v -0.03045748 -0.00073237 0.03038024 0.54509804 0.71372549 0.60000000
v -0.02962097 -0.00073237 0.03090352 0.54509804 0.71372549 0.60000000
v -0.03247032 0.01822537 -0.00951982 0.54509804 0.71372549 0.60000000
v -0.03258940 0.01867604 -0.00817031 0.54509804 0.71372549 0.60000000
v -0.03519187 -0.00073237 -0.01251490 0.54509804 0.71372549 0.60000000
v -0.03563917 -0.00073237 -0.01076605 0.54509804 0.71372549 0.60000000
v -0.03566821 -0.00062612 -0.01068343 0.54509804 0.71372549 0.60000000
v -0.03576115 0.00063065 -0.01068343 0.54509804 0.71372549 0.60000000
v -0.03543875 0.00063065 -0.01194343 0.54509804 0.71372549 0.60000000
v -0.03610389 0.00188741 -0.00942342 0.54509804 0.71372549 0.60000000
v -0.03635368 0.00314418 -0.00830801 0.54509804 0.71372549 0.60000000
v -0.03665575 0.00314418 -0.00691031 0.54509804 0.71372549 0.60000000
v -0.03688811 0.00440095 -0.00565719 0.54509804 0.71372549 0.60000000
v -0.03659185 0.00443026 -0.00701358 0.54509804 0.71372549 0.60000000
v -0.03682131 0.00566138 -0.00565719 0.54509804 0.71372549 0.60000000
v -0.03708272 0.00566138 -0.00439719 0.54509804 0.71372549 0.60000000
v -0.03721633 0.00691814 -0.00313719 0.54509804 0.71372549 0.60000000
v -0.03731508 0.00817491 -0.00188407 0.54509804 0.71372549 0.60000000
v -0.03688521 0.00943167 -0.00313719 0.54509804 0.71372549 0.60000000
v -0.03653667 0.01042829 -0.00412178 0.54509804 0.71372549 0.60000000
v -0.03638854 0.01078370 -0.00447981 0.54509804 0.71372549 0.60000000
v -0.03645243 0.01126736 -0.00370178 0.54509804 0.71372549 0.60000000
v -0.03614455 0.01194520 -0.00439719 0.54509804 0.71372549 0.60000000
v -0.03545908 0.01331555 -0.00576047 0.54509804 0.71372549 0.60000000
v -0.03636239 0.01195986 -0.00322669 0.54509804 0.71372549 0.60000000
v -0.03603708 0.01320563 -0.00313719 0.54509804 0.71372549 0.60000000
v -0.03537775 0.01448438 -0.00432833 0.54509804 0.71372549 0.60000000
v -0.03279272 0.01780767 -0.00916178 0.54509804 0.71372549 0.60000000
v -0.03415785 0.01678906 -0.00565719 0.54509804 0.71372549 0.60000000
v -0.03374832 0.01696860 -0.00700670 0.54509804 0.71372549 0.60000000
v -0.03514249 0.01492040 -0.00470014 0.54509804 0.71372549 0.60000000
v -0.03493336 0.01561657 -0.00432833 0.54509804 0.71372549 0.60000000
v -0.03306284 0.01833895 -0.00700670 0.54509804 0.71372549 0.60000000
v -0.03344334 0.01822903 -0.00565719 0.54509804 0.71372549 0.60000000
v -0.03290019 0.01921099 -0.00565719 0.54509804 0.71372549 0.60000000
v -0.03251970 0.01984121 -0.00565719 0.54509804 0.71372549 0.60000000
v -0.03184875 0.02085615 -0.00573981 0.54509804 0.71372549 0.60000000
v -0.03262426 0.02000609 -0.00465194 0.54509804 0.71372549 0.60000000
v -0.03229314 0.02062531 -0.00430079 0.54509804 0.71372549 0.60000000
v -0.03161348 0.02162560 -0.00439719 0.54509804 0.71372549 0.60000000
v -0.03115747 0.02225581 -0.00439719 0.54509804 0.71372549 0.60000000
v -0.03039648 0.02291900 -0.00565719 0.54509804 0.71372549 0.60000000
v -0.03013798 0.02384234 -0.00357096 0.54509804 0.71372549 0.60000000
v -0.02927824 0.02430767 -0.00565719 0.54509804 0.71372549 0.60000000
v -0.02858406 0.02476568 -0.00691031 0.54509804 0.71372549 0.60000000
v -0.02779402 0.02528231 -0.00817031 0.54509804 0.71372549 0.60000000
v -0.02713760 0.02591252 -0.00817031 0.54509804 0.71372549 0.60000000
v -0.02641727 0.02641450 -0.00883818 0.54509804 0.71372549 0.60000000
v -0.02582475 0.02676991 -0.00932703 0.54509804 0.71372549 0.60000000
v -0.01441284 0.03281191 -0.01307261 0.54509804 0.71372549 0.60000000
v -0.01446222 0.03332121 -0.01068343 0.54509804 0.71372549 0.60000000
v -0.01446222 0.03306473 -0.01194343 0.54509804 0.71372549 0.60000000
v -0.01320456 0.03352640 -0.01194343 0.54509804 0.71372549 0.60000000
v -0.02506376 0.02759798 -0.00851457 0.54509804 0.71372549 0.60000000
v -0.02429116 0.02796438 -0.00942342 0.54509804 0.71372549 0.60000000
v -0.02301607 0.02918084 -0.00817031 0.54509804 0.71372549 0.60000000
v -0.02200529 0.02960587 -0.00942342 0.54509804 0.71372549 0.60000000
v -0.02379158 0.02885108 -0.00718572 0.54509804 0.71372549 0.60000000
v -0.02064597 0.03050723 -0.00942342 0.54509804 0.71372549 0.60000000
v -0.01944930 0.03119240 -0.00953359 0.54509804 0.71372549 0.60000000
v -0.02137210 0.03017380 -0.00878998 0.54509804 0.71372549 0.60000000
v -0.01885097 0.03142690 -0.01002933 0.54509804 0.71372549 0.60000000
v -0.01900200 0.03150751 -0.00918933 0.54509804 0.71372549 0.60000000
v -0.01835139 0.03177499 -0.00953359 0.54509804 0.71372549 0.60000000
v -0.01692526 0.03247848 -0.00951982 0.54509804 0.71372549 0.60000000
v -0.01726509 0.03253344 -0.00817031 0.54509804 0.71372549 0.60000000
v -0.01663771 0.03281924 -0.00817031 0.54509804 0.71372549 0.60000000
v -0.01571988 0.03342014 -0.00691031 0.54509804 0.71372549 0.60000000
v -0.01571988 0.03322961 -0.00817031 0.54509804 0.71372549 0.60000000
v -0.01479043 0.03382685 -0.00691031 0.54509804 0.71372549 0.60000000
v -0.01442156 0.03376089 -0.00823227 0.54509804 0.71372549 0.60000000
v -0.01446222 0.03354105 -0.00942342 0.54509804 0.71372549 0.60000000
v -0.01320456 0.03321495 -0.01319654 0.54509804 0.71372549 0.60000000
v -0.01184233 0.03368028 -0.01310015 0.54509804 0.71372549 0.60000000
v -0.01135437 0.03395875 -0.01261130 0.54509804 0.71372549 0.60000000
v -0.01092450 0.03384883 -0.01345130 0.54509804 0.71372549 0.60000000
v -0.01008509 0.03395509 -0.01385064 0.54509804 0.71372549 0.60000000
v -0.00867058 0.03396975 -0.01496606 0.54509804 0.71372549 0.60000000
v -0.00943157 0.03403570 -0.01412605 0.54509804 0.71372549 0.60000000
v -0.00867058 0.03413829 -0.01440146 0.54509804 0.71372549 0.60000000
v -0.00867058 0.02570367 0.03168155 0.54509804 0.71372549 0.60000000
v -0.00943157 0.02551314 0.03164024 0.54509804 0.71372549 0.60000000
v -0.01320456 0.02410249 0.03154385 0.54509804 0.71372549 0.60000000
v -0.01393069 0.02393394 0.03145434 0.54509804 0.71372549 0.60000000
v -0.01439542 0.02328541 0.03165401 0.54509804 0.71372549 0.60000000
v -0.01547009 0.02288603 0.03155073 0.54509804 0.71372549 0.60000000
v -0.01582154 0.02210925 0.03177794 0.54509804 0.71372549 0.60000000
v -0.01046268 0.02531162 0.03152319 0.54509804 0.71372549 0.60000000
v -0.01130209 0.02513941 0.03142680 0.54509804 0.71372549 0.60000000
v -0.01194689 0.02500384 0.03135106 0.54509804 0.71372549 0.60000000
v -0.01771820 0.02146438 0.03147499 0.54509804 0.71372549 0.60000000
v -0.01817712 0.02071325 0.03160582 0.54509804 0.71372549 0.60000000
v -0.01905429 0.02027357 0.03149565 0.54509804 0.71372549 0.60000000
v -0.01989079 0.01992548 0.03135106 0.54509804 0.71372549 0.60000000
v -0.02076505 0.01950045 0.03117204 0.54509804 0.71372549 0.60000000
v -0.02119492 0.01865772 0.03135794 0.54509804 0.71372549 0.60000000
v -0.02201110 0.01823636 0.03119270 0.54509804 0.71372549 0.60000000
v -0.02324262 0.01697227 0.03117204 0.54509804 0.71372549 0.60000000
v -0.02443929 0.01565688 0.03111008 0.54509804 0.71372549 0.60000000
v -0.02578118 0.01566420 0.03044221 0.54509804 0.71372549 0.60000000
v -0.02648117 0.01520986 0.03022188 0.54509804 0.71372549 0.60000000
v -0.02620234 0.01604893 0.03004975 0.54509804 0.71372549 0.60000000
v -0.02736996 0.01446240 0.02999466 0.54509804 0.71372549 0.60000000
v -0.02833426 0.01446240 0.02932680 0.54509804 0.71372549 0.60000000
v -0.02903716 0.01404103 0.02901007 0.54509804 0.71372549 0.60000000
v -0.02924338 0.01320563 0.02917532 0.54509804 0.71372549 0.60000000
v -0.03102677 0.01068844 0.02851433 0.54509804 0.71372549 0.60000000
v -0.03007118 0.01235191 0.02882417 0.54509804 0.71372549 0.60000000
v -0.03135207 0.01236290 0.02757105 0.54509804 0.71372549 0.60000000
v -0.03150602 0.01152750 0.02773630 0.54509804 0.71372549 0.60000000
v -0.03122718 0.00943167 0.02872089 0.54509804 0.71372549 0.60000000
v -0.03136079 0.00852299 0.02884483 0.54509804 0.71372549 0.60000000
v -0.03153216 0.00691814 0.02901007 0.54509804 0.71372549 0.60000000
v -0.03162510 0.00566138 0.02909269 0.54509804 0.71372549 0.60000000
v -0.03088154 0.00566138 0.02971926 0.54509804 0.71372549 0.60000000
v -0.03215953 0.00691814 0.02836974 0.54509804 0.71372549 0.60000000
v -0.03260102 0.00841673 0.02755729 0.54509804 0.71372549 0.60000000
v -0.03269687 0.00757767 0.02766745 0.54509804 0.71372549 0.60000000
v -0.03276658 0.00691814 0.02774319 0.54509804 0.71372549 0.60000000
v -0.03093673 0.00440095 0.02977434 0.54509804 0.71372549 0.60000000
v -0.03104710 0.00188741 0.02987762 0.54509804 0.71372549 0.60000000
v -0.03108486 0.00063065 0.02990516 0.54509804 0.71372549 0.60000000
v -0.03108776 -0.00062612 0.02989827 0.54509804 0.71372549 0.60000000
v -0.03108486 -0.00073237 0.02989139 0.54509804 0.71372549 0.60000000
v -0.03292052 0.01804583 -0.00817031 0.54509804 0.71372549 0.60000000
v -0.03565950 -0.00073237 -0.01068343 0.54509804 0.71372549 0.60000000
v -0.03593833 -0.00073237 -0.00953359 0.54509804 0.71372549 0.60000000
v -0.03597318 -0.00062612 -0.00942342 0.54509804 0.71372549 0.60000000
v -0.03646405 -0.00001056 -0.00754375 0.54509804 0.71372549 0.60000000
v -0.03605742 0.00063065 -0.00942342 0.54509804 0.71372549 0.60000000
v -0.03635658 0.00188741 -0.00828047 0.54509804 0.71372549 0.60000000
v -0.03664413 0.00188741 -0.00691031 0.54509804 0.71372549 0.60000000
v -0.03691135 0.00314418 -0.00565719 0.54509804 0.71372549 0.60000000
v -0.03714662 0.00440095 -0.00439719 0.54509804 0.71372549 0.60000000
v -0.03732670 0.00566138 -0.00313719 0.54509804 0.71372549 0.60000000
v -0.03745159 0.00691814 -0.00188407 0.54509804 0.71372549 0.60000000
v -0.03755325 0.00817491 -0.00063095 0.54509804 0.71372549 0.60000000
v -0.03734413 0.00943167 -0.00063095 0.54509804 0.71372549 0.60000000
v -0.03708562 0.01068844 -0.00063095 0.54509804 0.71372549 0.60000000
v -0.03680098 0.01194520 -0.00063095 0.54509804 0.71372549 0.60000000
v -0.03649019 0.01266702 -0.00140899 0.54509804 0.71372549 0.60000000
v -0.03560721 0.01446240 -0.00313719 0.54509804 0.71372549 0.60000000
v -0.03627235 0.01313235 -0.00184964 0.54509804 0.71372549 0.60000000
v -0.03582505 0.01446240 -0.00188407 0.54509804 0.71372549 0.60000000
v -0.03522382 0.01513292 -0.00386014 0.54509804 0.71372549 0.60000000
v -0.03386159 0.01741928 -0.00565719 0.54509804 0.71372549 0.60000000
v -0.03425661 0.01708951 -0.00448670 0.54509804 0.71372549 0.60000000
v -0.03393711 0.01758050 -0.00496178 0.54509804 0.71372549 0.60000000
v -0.03502631 0.01592435 -0.00313719 0.54509804 0.71372549 0.60000000
v -0.03370475 0.01818140 -0.00448670 0.54509804 0.71372549 0.60000000
v -0.03377155 0.01852948 -0.00313719 0.54509804 0.71372549 0.60000000
v -0.03296409 0.01954808 -0.00430079 0.54509804 0.71372549 0.60000000
v -0.03276658 0.02023692 -0.00313719 0.54509804 0.71372549 0.60000000
v -0.03235704 0.02086348 -0.00313719 0.54509804 0.71372549 0.60000000
v -0.03145954 0.02266618 -0.00138833 0.54509804 0.71372549 0.60000000
v -0.03053009 0.02309487 -0.00439719 0.54509804 0.71372549 0.60000000
v -0.02893550 0.02516139 -0.00383948 0.54509804 0.71372549 0.60000000
v -0.02933052 0.02458980 -0.00431456 0.54509804 0.71372549 0.60000000
v -0.03021640 0.02393760 -0.00273096 0.54509804 0.71372549 0.60000000
v -0.02872928 0.02493789 -0.00565719 0.54509804 0.71372549 0.60000000
v -0.02795668 0.02544719 -0.00691031 0.54509804 0.71372549 0.60000000
v -0.02730316 0.02607374 -0.00691031 0.54509804 0.71372549 0.60000000
v -0.02650731 0.02649510 -0.00817031 0.54509804 0.71372549 0.60000000
v -0.01318132 0.03379021 -0.01075916 0.54509804 0.71372549 0.60000000
v -0.01397716 0.03400272 -0.00785359 0.54509804 0.71372549 0.60000000
v -0.01361119 0.03386715 -0.00942342 0.54509804 0.71372549 0.60000000
v -0.01252490 0.03393310 -0.01123425 0.54509804 0.71372549 0.60000000
v -0.02567081 0.02719127 -0.00812211 0.54509804 0.71372549 0.60000000
v -0.02518285 0.02768958 -0.00767457 0.54509804 0.71372549 0.60000000
v -0.02227541 0.02994297 -0.00691031 0.54509804 0.71372549 0.60000000
v -0.02440153 0.02845903 -0.00682080 0.54509804 0.71372549 0.60000000
v -0.02390485 0.02892803 -0.00634571 0.54509804 0.71372549 0.60000000
v -0.02332976 0.02923947 -0.00682080 0.54509804 0.71372549 0.60000000
v -0.02164803 0.03034234 -0.00691031 0.54509804 0.71372549 0.60000000
v -0.02087252 0.03056952 -0.00828736 0.54509804 0.71372549 0.60000000
v -0.02074763 0.03088462 -0.00691031 0.54509804 0.71372549 0.60000000
v -0.02008539 0.03141591 -0.00613916 0.54509804 0.71372549 0.60000000
v -0.01977751 0.03124004 -0.00817031 0.54509804 0.71372549 0.60000000
v -0.01915013 0.03159178 -0.00817031 0.54509804 0.71372549 0.60000000
v -0.01823230 0.03206444 -0.00817031 0.54509804 0.71372549 0.60000000
v -0.01746841 0.03262871 -0.00691031 0.54509804 0.71372549 0.60000000
v -0.01684103 0.03291450 -0.00691031 0.54509804 0.71372549 0.60000000
v -0.01560080 0.03366563 -0.00555391 0.54509804 0.71372549 0.60000000
v -0.01496470 0.03389646 -0.00591194 0.54509804 0.71372549 0.60000000
v -0.01451160 0.03412730 -0.00555391 0.54509804 0.71372549 0.60000000
v -0.01416015 0.03407600 -0.00691031 0.54509804 0.71372549 0.60000000
v -0.01225187 0.03384517 -0.01194343 0.54509804 0.71372549 0.60000000
v -0.01057886 0.03403203 -0.01310015 0.54509804 0.71372549 0.60000000
v -0.01162449 0.03403570 -0.01194343 0.54509804 0.71372549 0.60000000
v -0.01068923 0.03457798 -0.01068343 0.54509804 0.71372549 0.60000000
v -0.01068923 0.03429218 -0.01194343 0.54509804 0.71372549 0.60000000
v -0.00943157 0.03462561 -0.01194343 0.54509804 0.71372549 0.60000000
v -0.00943157 0.03429585 -0.01319654 0.54509804 0.71372549 0.60000000
v -0.00867058 0.03448271 -0.01319654 0.54509804 0.71372549 0.60000000
v -0.00867058 0.02615801 0.03142680 0.54509804 0.71372549 0.60000000
v -0.00867058 0.02627892 0.03135794 0.54509804 0.71372549 0.60000000
v -0.00943157 0.02614336 0.03127532 0.54509804 0.71372549 0.60000000
v -0.01320456 0.02472904 0.03118582 0.54509804 0.71372549 0.60000000
v -0.01477010 0.02372143 0.03134418 0.54509804 0.71372549 0.60000000
v -0.01582154 0.02328541 0.03122713 0.54509804 0.71372549 0.60000000
v -0.01630660 0.02260389 0.03141991 0.54509804 0.71372549 0.60000000
v -0.01080541 0.02574764 0.03117893 0.54509804 0.71372549 0.60000000
v -0.01194689 0.02577329 0.03087598 0.54509804 0.71372549 0.60000000
v -0.01697464 0.02236207 0.03129598 0.54509804 0.71372549 0.60000000
v -0.01817712 0.02192971 0.03104811 0.54509804 0.71372549 0.60000000
v -0.01855761 0.02110897 0.03130975 0.54509804 0.71372549 0.60000000
v -0.01947835 0.02071325 0.03113073 0.54509804 0.71372549 0.60000000
v -0.02077377 0.02078287 0.03053860 0.54509804 0.71372549 0.60000000
v -0.02206629 0.01955175 0.03056614 0.54509804 0.71372549 0.60000000
v -0.02296669 0.01917435 0.03033893 0.54509804 0.71372549 0.60000000
v -0.02333557 0.01830231 0.03057303 0.54509804 0.71372549 0.60000000
v -0.02456418 0.01701257 0.03053172 0.54509804 0.71372549 0.60000000
v -0.02536583 0.01662052 0.03029762 0.54509804 0.71372549 0.60000000
v -0.02578118 0.01701257 0.02985008 0.54509804 0.71372549 0.60000000
v -0.02679196 0.01697593 0.02919597 0.54509804 0.71372549 0.60000000
v -0.02794796 0.01549932 0.02912024 0.54509804 0.71372549 0.60000000
v -0.02878447 0.01488010 0.02881040 0.54509804 0.71372549 0.60000000
v -0.02956579 0.01448805 0.02830778 0.54509804 0.71372549 0.60000000
v -0.02987367 0.01320563 0.02864516 0.54509804 0.71372549 0.60000000
v -0.03165415 0.01068844 0.02788778 0.54509804 0.71372549 0.60000000
v -0.03053300 0.01320563 0.02801171 0.54509804 0.71372549 0.60000000
v -0.03116328 0.01320563 0.02736450 0.54509804 0.71372549 0.60000000
v -0.03170933 0.01320563 0.02673794 0.54509804 0.71372549 0.60000000
v -0.03202593 0.01184627 0.02698581 0.54509804 0.71372549 0.60000000
v -0.03228153 0.01068844 0.02717171 0.54509804 0.71372549 0.60000000
v -0.03184584 0.00943167 0.02808745 0.54509804 0.71372549 0.60000000
v -0.03225248 0.00566138 0.02847991 0.54509804 0.71372549 0.60000000
v -0.03232219 0.00440095 0.02854876 0.54509804 0.71372549 0.60000000
v -0.03169191 0.00440095 0.02914778 0.54509804 0.71372549 0.60000000
v -0.03286243 0.00566138 0.02785335 0.54509804 0.71372549 0.60000000
v -0.03247613 0.00943167 0.02740581 0.54509804 0.71372549 0.60000000
v -0.03306284 0.00806865 0.02709597 0.54509804 0.71372549 0.60000000
v -0.03389354 0.00720394 0.02632482 0.54509804 0.71372549 0.60000000
v -0.03347238 0.00683753 0.02691007 0.54509804 0.71372549 0.60000000
v -0.03396034 0.00636487 0.02641433 0.54509804 0.71372549 0.60000000
v -0.03175000 0.00314418 0.02919597 0.54509804 0.71372549 0.60000000
v -0.03179937 0.00188741 0.02924417 0.54509804 0.71372549 0.60000000
v -0.03182551 0.00063065 0.02927171 0.54509804 0.71372549 0.60000000
v -0.03181971 -0.00062612 0.02926483 0.54509804 0.71372549 0.60000000
v -0.03181680 -0.00073237 0.02926483 0.54509804 0.71372549 0.60000000
v -0.03114585 -0.00073237 0.02984319 0.54509804 0.71372549 0.60000000
v -0.03596447 -0.00073237 -0.00942342 0.54509804 0.71372549 0.60000000
v -0.03642629 -0.00073237 -0.00735785 0.54509804 0.71372549 0.60000000
v -0.03651343 -0.00073237 -0.00691031 0.54509804 0.71372549 0.60000000
v -0.03674870 -0.00073237 -0.00566407 0.54509804 0.71372549 0.60000000
v -0.03676031 -0.00062612 -0.00565719 0.54509804 0.71372549 0.60000000
v -0.03684454 0.00063065 -0.00565719 0.54509804 0.71372549 0.60000000
v -0.03689392 0.00188741 -0.00565719 0.54509804 0.71372549 0.60000000
v -0.03627235 -0.00073237 -0.00806703 0.54509804 0.71372549 0.60000000
v -0.03715823 0.00314418 -0.00439719 0.54509804 0.71372549 0.60000000
v -0.03738769 0.00440095 -0.00313719 0.54509804 0.71372549 0.60000000
v -0.03754744 0.00566138 -0.00188407 0.54509804 0.71372549 0.60000000
v -0.03766072 0.00704272 -0.00058964 0.54509804 0.71372549 0.60000000
v -0.03771881 0.00754103 -0.00000439 0.54509804 0.71372549 0.60000000
v -0.03769267 0.00828483 0.00049823 0.54509804 0.71372549 0.60000000
v -0.03771591 0.00877581 0.00128315 0.54509804 0.71372549 0.60000000
v -0.03751259 0.00943167 0.00062216 0.54509804 0.71372549 0.60000000
v -0.03725699 0.01068844 0.00062216 0.54509804 0.71372549 0.60000000
v -0.03698106 0.01194520 0.00062216 0.54509804 0.71372549 0.60000000
v -0.03654828 0.01283190 -0.00063095 0.54509804 0.71372549 0.60000000
v -0.03634497 0.01346212 -0.00063095 0.54509804 0.71372549 0.60000000
v -0.03528772 0.01529780 -0.00313719 0.54509804 0.71372549 0.60000000
v -0.03600804 0.01446240 -0.00063095 0.54509804 0.71372549 0.60000000
v -0.03547070 0.01583275 -0.00072735 0.54509804 0.71372549 0.60000000
v -0.03540099 0.01556527 -0.00188407 0.54509804 0.71372549 0.60000000
v -0.03514249 0.01619549 -0.00188407 0.54509804 0.71372549 0.60000000
v -0.03455577 0.01697593 -0.00313719 0.54509804 0.71372549 0.60000000
v -0.03478233 0.01697593 -0.00188407 0.54509804 0.71372549 0.60000000
v -0.03410557 0.01790293 -0.00313719 0.54509804 0.71372549 0.60000000
v -0.03421594 0.01809346 -0.00188407 0.54509804 0.71372549 0.60000000
v -0.03387321 0.01872368 -0.00188407 0.54509804 0.71372549 0.60000000
v -0.03343172 0.01948580 -0.00188407 0.54509804 0.71372549 0.60000000
v -0.03321678 0.01948580 -0.00313719 0.54509804 0.71372549 0.60000000
v -0.03287695 0.02040181 -0.00188407 0.54509804 0.71372549 0.60000000
v -0.03246451 0.02103202 -0.00188407 0.54509804 0.71372549 0.60000000
v -0.03255746 0.02117125 -0.00063095 0.54509804 0.71372549 0.60000000
v -0.03200850 0.02200299 -0.00063095 0.54509804 0.71372549 0.60000000
v -0.03151473 0.02273946 -0.00063095 0.54509804 0.71372549 0.60000000
v -0.03102096 0.02336968 -0.00063095 0.54509804 0.71372549 0.60000000
v -0.03029483 0.02402554 -0.00188407 0.54509804 0.71372549 0.60000000
v -0.02971973 0.02465576 -0.00188407 0.54509804 0.71372549 0.60000000
v -0.02899359 0.02522002 -0.00313719 0.54509804 0.71372549 0.60000000
v -0.02766913 0.02641083 -0.00380506 0.54509804 0.71372549 0.60000000
v -0.02757618 0.02632656 -0.00464506 0.54509804 0.71372549 0.60000000
v -0.02809900 0.02559009 -0.00565719 0.54509804 0.71372549 0.60000000
v -0.02746000 0.02622030 -0.00565719 0.54509804 0.71372549 0.60000000
v -0.02667578 0.02663434 -0.00691031 0.54509804 0.71372549 0.60000000
v -0.02591189 0.02726455 -0.00691031 0.54509804 0.71372549 0.60000000
v -0.01298091 0.03409432 -0.00942342 0.54509804 0.71372549 0.60000000
v -0.01274855 0.03400638 -0.01039424 0.54509804 0.71372549 0.60000000
v -0.01330041 0.03418592 -0.00823227 0.54509804 0.71372549 0.60000000
v -0.01320456 0.03444241 -0.00691031 0.54509804 0.71372549 0.60000000
v -0.01194689 0.03444607 -0.00942342 0.54509804 0.71372549 0.60000000
v -0.01068923 0.03482713 -0.00942342 0.54509804 0.71372549 0.60000000
v -0.02528160 0.02776653 -0.00691031 0.54509804 0.71372549 0.60000000
v -0.02326295 0.02949962 -0.00565719 0.54509804 0.71372549 0.60000000
v -0.02244387 0.03005655 -0.00565719 0.54509804 0.71372549 0.60000000
v -0.02461646 0.02851399 -0.00565719 0.54509804 0.71372549 0.60000000
v -0.02398618 0.02899031 -0.00565719 0.54509804 0.71372549 0.60000000
v -0.02181650 0.03044128 -0.00565719 0.54509804 0.71372549 0.60000000
v -0.01815969 0.03245283 -0.00572604 0.54509804 0.71372549 0.60000000
v -0.01823230 0.03225131 -0.00691031 0.54509804 0.71372549 0.60000000
v -0.02065759 0.03113378 -0.00569162 0.54509804 0.71372549 0.60000000
v -0.02027419 0.03152217 -0.00439719 0.54509804 0.71372549 0.60000000
v -0.01948997 0.03194720 -0.00439719 0.54509804 0.71372549 0.60000000
v -0.01861570 0.03256642 -0.00313719 0.54509804 0.71372549 0.60000000
v -0.01845595 0.03248581 -0.00439719 0.54509804 0.71372549 0.60000000
v -0.01757878 0.03268000 -0.00619424 0.54509804 0.71372549 0.60000000
v -0.01697464 0.03320030 -0.00439719 0.54509804 0.71372549 0.60000000
v -0.01581864 0.03372059 -0.00439719 0.54509804 0.71372549 0.60000000
v -0.01510412 0.03395143 -0.00507194 0.54509804 0.71372549 0.60000000
v -0.01446222 0.03427752 -0.00439719 0.54509804 0.71372549 0.60000000
v -0.01320456 0.03462194 -0.00565719 0.54509804 0.71372549 0.60000000
v -0.00943157 0.03491507 -0.01068343 0.54509804 0.71372549 0.60000000
v -0.00867058 0.03510560 -0.01068343 0.54509804 0.71372549 0.60000000
v -0.00867058 0.03482347 -0.01189523 0.54509804 0.71372549 0.60000000
v -0.00867058 0.02700807 0.03084155 0.54509804 0.71372549 0.60000000
v -0.00945771 0.02712532 0.03058680 0.54509804 0.71372549 0.60000000
v -0.01068923 0.02684319 0.03049040 0.54509804 0.71372549 0.60000000
v -0.01194689 0.02661235 0.03032516 0.54509804 0.71372549 0.60000000
v -0.01316099 0.02582092 0.03051106 0.54509804 0.71372549 0.60000000
v -0.01439542 0.02441759 0.03103434 0.54509804 0.71372549 0.60000000
v -0.01569665 0.02456416 0.03051794 0.54509804 0.71372549 0.60000000
v -0.01697464 0.02411714 0.03031827 0.54509804 0.71372549 0.60000000
v -0.01697464 0.02325976 0.03081401 0.54509804 0.71372549 0.60000000
v -0.01271079 0.02646213 0.03021499 0.54509804 0.71372549 0.60000000
v -0.01812193 0.02319747 0.03037335 0.54509804 0.71372549 0.60000000
v -0.01944930 0.02199933 0.03046975 0.54509804 0.71372549 0.60000000
v -0.02037004 0.02157796 0.03029762 0.54509804 0.71372549 0.60000000
v -0.02168579 0.02038715 0.03032516 0.54509804 0.71372549 0.60000000
v -0.02252520 0.02001342 0.03011860 0.54509804 0.71372549 0.60000000
v -0.02380320 0.01876764 0.03012549 0.54509804 0.71372549 0.60000000
v -0.02417788 0.01793224 0.03032516 0.54509804 0.71372549 0.60000000
v -0.02501729 0.01745958 0.03010483 0.54509804 0.71372549 0.60000000
v -0.02650731 0.01773439 0.02898942 0.54509804 0.71372549 0.60000000
v -0.02765461 0.01633839 0.02891368 0.54509804 0.71372549 0.60000000
v -0.02833426 0.01584008 0.02863827 0.54509804 0.71372549 0.60000000
v -0.02899069 0.01645564 0.02772941 0.54509804 0.71372549 0.60000000
v -0.02922596 0.01571916 0.02794286 0.54509804 0.71372549 0.60000000
v -0.03009151 0.01493872 0.02757794 0.54509804 0.71372549 0.60000000
v -0.03031516 0.01409966 0.02779827 0.54509804 0.71372549 0.60000000
v -0.03081474 0.01448072 0.02704777 0.54509804 0.71372549 0.60000000
v -0.03152635 0.01402638 0.02651761 0.54509804 0.71372549 0.60000000
v -0.03239480 0.01329723 0.02578089 0.54509804 0.71372549 0.60000000
v -0.03254293 0.01216504 0.02620089 0.54509804 0.71372549 0.60000000
v -0.03269397 0.01132598 0.02640745 0.54509804 0.71372549 0.60000000
v -0.03279853 0.01068844 0.02654515 0.54509804 0.71372549 0.60000000
v -0.03238028 0.00314418 0.02860385 0.54509804 0.71372549 0.60000000
v -0.03292052 0.00440095 0.02792221 0.54509804 0.71372549 0.60000000
v -0.03348981 0.00566138 0.02709597 0.54509804 0.71372549 0.60000000
v -0.03298442 0.00943167 0.02677925 0.54509804 0.71372549 0.60000000
v -0.03378026 0.00817491 0.02615958 0.54509804 0.71372549 0.60000000
v -0.03419852 0.00817491 0.02553302 0.54509804 0.71372549 0.60000000
v -0.03496531 0.00691814 0.02471368 0.54509804 0.71372549 0.60000000
v -0.03426532 0.00683753 0.02584974 0.54509804 0.71372549 0.60000000
v -0.03399810 0.00566138 0.02646941 0.54509804 0.71372549 0.60000000
v -0.03447735 0.00566138 0.02577400 0.54509804 0.71372549 0.60000000
v -0.03242675 0.00188741 0.02864516 0.54509804 0.71372549 0.60000000
v -0.03245289 0.00063065 0.02866581 0.54509804 0.71372549 0.60000000
v -0.03244708 -0.00062612 0.02865893 0.54509804 0.71372549 0.60000000
v -0.03244418 -0.00073237 0.02865893 0.54509804 0.71372549 0.60000000
v -0.03695782 -0.00073237 -0.00439719 0.54509804 0.71372549 0.60000000
v -0.03696944 -0.00062612 -0.00439719 0.54509804 0.71372549 0.60000000
v -0.03706529 0.00063065 -0.00439719 0.54509804 0.71372549 0.60000000
v -0.03712919 0.00188741 -0.00439719 0.54509804 0.71372549 0.60000000
v -0.03739060 0.00314418 -0.00313719 0.54509804 0.71372549 0.60000000
v -0.03759682 0.00440095 -0.00188407 0.54509804 0.71372549 0.60000000
v -0.03771010 0.00440095 -0.00118177 0.54509804 0.71372549 0.60000000
v -0.03768686 0.00566138 -0.00100276 0.54509804 0.71372549 0.60000000
v -0.03786985 0.00566138 0.00062216 0.54509804 0.71372549 0.60000000
v -0.03794246 0.00691814 0.00188217 0.54509804 0.71372549 0.60000000
v -0.03781756 0.00828483 0.00177200 0.54509804 0.71372549 0.60000000
v -0.03776528 0.00566138 -0.00037620 0.54509804 0.71372549 0.60000000
v -0.03775947 0.00899565 0.00212315 0.54509804 0.71372549 0.60000000
v -0.03739641 0.01068844 0.00188217 0.54509804 0.71372549 0.60000000
v -0.03713500 0.01194520 0.00188217 0.54509804 0.71372549 0.60000000
v -0.03676322 0.01320563 0.00188217 0.54509804 0.71372549 0.60000000
v -0.03660928 0.01323128 0.00073233 0.54509804 0.71372549 0.60000000
v -0.03646696 0.01384684 0.00122118 0.54509804 0.71372549 0.60000000
v -0.03622007 0.01434515 0.00073233 0.54509804 0.71372549 0.60000000
v -0.03569144 0.01571916 0.00062216 0.54509804 0.71372549 0.60000000
v -0.03519768 0.01633106 -0.00120931 0.54509804 0.71372549 0.60000000
v -0.03525867 0.01646296 -0.00036931 0.54509804 0.71372549 0.60000000
v -0.03498855 0.01692097 -0.00072735 0.54509804 0.71372549 0.60000000
v -0.03426532 0.01833895 -0.00068603 0.54509804 0.71372549 0.60000000
v -0.03393130 0.01882993 -0.00114735 0.54509804 0.71372549 0.60000000
v -0.03365537 0.01940519 -0.00068603 0.54509804 0.71372549 0.60000000
v -0.03296699 0.02054470 -0.00063095 0.54509804 0.71372549 0.60000000
v -0.03217987 0.02200299 0.00062216 0.54509804 0.71372549 0.60000000
v -0.03159896 0.02285671 0.00062216 0.54509804 0.71372549 0.60000000
v -0.03039358 0.02412813 -0.00063095 0.54509804 0.71372549 0.60000000
v -0.03109938 0.02348693 0.00062216 0.54509804 0.71372549 0.60000000
v -0.02980977 0.02475835 -0.00063095 0.54509804 0.71372549 0.60000000
v -0.02909235 0.02531895 -0.00188407 0.54509804 0.71372549 0.60000000
v -0.02633885 0.02760897 -0.00313719 0.54509804 0.71372549 0.60000000
v -0.02620234 0.02750271 -0.00439719 0.54509804 0.71372549 0.60000000
v -0.02710565 0.02678456 -0.00429391 0.54509804 0.71372549 0.60000000
v -0.02682972 0.02675892 -0.00565719 0.54509804 0.71372549 0.60000000
v -0.02772141 0.02645846 -0.00313719 0.54509804 0.71372549 0.60000000
v -0.02640275 0.02766027 -0.00251063 0.54509804 0.71372549 0.60000000
v -0.02606002 0.02738547 -0.00565719 0.54509804 0.71372549 0.60000000
v -0.02543264 0.02788744 -0.00565719 0.54509804 0.71372549 0.60000000
v -0.01194689 0.03466225 -0.00817031 0.54509804 0.71372549 0.60000000
v -0.01194689 0.03487476 -0.00691031 0.54509804 0.71372549 0.60000000
v -0.01109587 0.03514224 -0.00691031 0.54509804 0.71372549 0.60000000
v -0.00948966 0.03512392 -0.00954736 0.54509804 0.71372549 0.60000000
v -0.01065438 0.03505064 -0.00819096 0.54509804 0.71372549 0.60000000
v -0.01021289 0.03524849 -0.00778473 0.54509804 0.71372549 0.60000000
v -0.00994858 0.03517521 -0.00862473 0.54509804 0.71372549 0.60000000
v -0.02411979 0.02908558 -0.00439719 0.54509804 0.71372549 0.60000000
v -0.02326295 0.02967183 -0.00439719 0.54509804 0.71372549 0.60000000
v -0.02343722 0.02987335 -0.00188407 0.54509804 0.71372549 0.60000000
v -0.02280984 0.03028739 -0.00188407 0.54509804 0.71372549 0.60000000
v -0.02557206 0.02799370 -0.00439719 0.54509804 0.71372549 0.60000000
v -0.02474717 0.02862391 -0.00439719 0.54509804 0.71372549 0.60000000
v -0.02193849 0.03051822 -0.00439719 0.54509804 0.71372549 0.60000000
v -0.02090157 0.03114843 -0.00439719 0.54509804 0.71372549 0.60000000
v -0.01782857 0.03280092 -0.00439719 0.54509804 0.71372549 0.60000000
v -0.02102356 0.03122172 -0.00313719 0.54509804 0.71372549 0.60000000
v -0.02113974 0.03129500 -0.00188407 0.54509804 0.71372549 0.60000000
v -0.02039327 0.03159178 -0.00313719 0.54509804 0.71372549 0.60000000
v -0.01948997 0.03209742 -0.00313719 0.54509804 0.71372549 0.60000000
v -0.01872317 0.03261771 -0.00188407 0.54509804 0.71372549 0.60000000
v -0.01809579 0.03293649 -0.00188407 0.54509804 0.71372549 0.60000000
v -0.01798542 0.03287786 -0.00313719 0.54509804 0.71372549 0.60000000
v -0.01697464 0.03335052 -0.00313719 0.54509804 0.71372549 0.60000000
v -0.01518835 0.03398807 -0.00439719 0.54509804 0.71372549 0.60000000
v -0.01597258 0.03379021 -0.00313719 0.54509804 0.71372549 0.60000000
v -0.01320456 0.03475385 -0.00439719 0.54509804 0.71372549 0.60000000
v -0.01534229 0.03405402 -0.00313719 0.54509804 0.71372549 0.60000000
v -0.01446222 0.03440210 -0.00313719 0.54509804 0.71372549 0.60000000
v -0.01224025 0.03509094 -0.00439719 0.54509804 0.71372549 0.60000000
v -0.01190042 0.03505796 -0.00573981 0.54509804 0.71372549 0.60000000
v -0.00867058 0.03513857 -0.01053195 0.54509804 0.71372549 0.60000000
v -0.00910917 0.03528880 -0.00920998 0.54509804 0.71372549 0.60000000
v -0.00867058 0.02778851 0.03027696 0.54509804 0.71372549 0.60000000
v -0.00905689 0.02773721 0.03023565 0.54509804 0.71372549 0.60000000
v -0.00989339 0.02760531 0.03013237 0.54509804 0.71372549 0.60000000
v -0.01068923 0.02746974 0.03002221 0.54509804 0.71372549 0.60000000
v -0.01194689 0.02723890 0.02982942 0.54509804 0.71372549 0.60000000
v -0.01446222 0.02542887 0.03036647 0.54509804 0.71372549 0.60000000
v -0.01526387 0.02523468 0.03023565 0.54509804 0.71372549 0.60000000
v -0.01610328 0.02501483 0.03007729 0.54509804 0.71372549 0.60000000
v -0.01762816 0.02390463 0.03018745 0.54509804 0.71372549 0.60000000
v -0.01355020 0.02627160 0.03007040 0.54509804 0.71372549 0.60000000
v -0.01320746 0.02703372 0.02955401 0.54509804 0.71372549 0.60000000
v -0.01984141 0.02241703 0.03003598 0.54509804 0.71372549 0.60000000
v -0.02120945 0.02122622 0.03008418 0.54509804 0.71372549 0.60000000
v -0.02206629 0.02078287 0.02989139 0.54509804 0.71372549 0.60000000
v -0.02322519 0.02071691 0.02925794 0.54509804 0.71372549 0.60000000
v -0.02333557 0.01955175 0.02992582 0.54509804 0.71372549 0.60000000
v -0.02449447 0.01946015 0.02927171 0.54509804 0.71372549 0.60000000
v -0.02530484 0.01902413 0.02902385 0.54509804 0.71372549 0.60000000
v -0.02456418 0.01830231 0.02991204 0.54509804 0.71372549 0.60000000
v -0.02574342 0.01818140 0.02923040 0.54509804 0.71372549 0.60000000
v -0.02614425 0.01856979 0.02873466 0.54509804 0.71372549 0.60000000
v -0.02702432 0.01821804 0.02828024 0.54509804 0.71372549 0.60000000
v -0.02785502 0.01787362 0.02783269 0.54509804 0.71372549 0.60000000
v -0.02741934 0.01697593 0.02872778 0.54509804 0.71372549 0.60000000
v -0.02828198 0.01691364 0.02805302 0.54509804 0.71372549 0.60000000
v -0.02869443 0.01729470 0.02744024 0.54509804 0.71372549 0.60000000
v -0.02946703 0.01685868 0.02695138 0.54509804 0.71372549 0.60000000
v -0.03022802 0.01642632 0.02646253 0.54509804 0.71372549 0.60000000
v -0.02985334 0.01571916 0.02732319 0.54509804 0.71372549 0.60000000
v -0.03044005 0.01571916 0.02669663 0.54509804 0.71372549 0.60000000
v -0.03131432 0.01486178 0.02625597 0.54509804 0.71372549 0.60000000
v -0.03184584 0.01445141 0.02580843 0.54509804 0.71372549 0.60000000
v -0.03266783 0.01378089 0.02511302 0.54509804 0.71372549 0.60000000
v -0.03284500 0.01294182 0.02536089 0.54509804 0.71372549 0.60000000
v -0.03296990 0.01182429 0.02578089 0.54509804 0.71372549 0.60000000
v -0.03383835 0.01094492 0.02496843 0.54509804 0.71372549 0.60000000
v -0.03346657 0.01059317 0.02565696 0.54509804 0.71372549 0.60000000
v -0.03361180 0.00943167 0.02591860 0.54509804 0.71372549 0.60000000
v -0.03296990 0.00314418 0.02797729 0.54509804 0.71372549 0.60000000
v -0.03354790 0.00440095 0.02716483 0.54509804 0.71372549 0.60000000
v -0.03396034 0.01010586 0.02516122 0.54509804 0.71372549 0.60000000
v -0.03449768 0.00943167 0.02451400 0.54509804 0.71372549 0.60000000
v -0.03486075 0.00811995 0.02441761 0.54509804 0.71372549 0.60000000
v -0.03523253 0.00766560 0.02393564 0.54509804 0.71372549 0.60000000
v -0.03530514 0.00691814 0.02408023 0.54509804 0.71372549 0.60000000
v -0.03505245 0.00566138 0.02487204 0.54509804 0.71372549 0.60000000
v -0.03457030 0.00440095 0.02577400 0.54509804 0.71372549 0.60000000
v -0.03404748 0.00440095 0.02653138 0.54509804 0.71372549 0.60000000
v -0.03510182 0.00440095 0.02496154 0.54509804 0.71372549 0.60000000
v -0.03299314 0.00188741 0.02801171 0.54509804 0.71372549 0.60000000
v -0.03299895 0.00063065 0.02803237 0.54509804 0.71372549 0.60000000
v -0.03300185 -0.00062612 0.02803237 0.54509804 0.71372549 0.60000000
v -0.03299895 -0.00073237 0.02803237 0.54509804 0.71372549 0.60000000
v -0.03751259 -0.00073237 -0.00063095 0.54509804 0.71372549 0.60000000
v -0.03752421 -0.00062612 -0.00063095 0.54509804 0.71372549 0.60000000
v -0.03745740 0.00063065 -0.00188407 0.54509804 0.71372549 0.60000000
v -0.03726280 0.00063065 -0.00313719 0.54509804 0.71372549 0.60000000
v -0.03734703 0.00188741 -0.00313719 0.54509804 0.71372549 0.60000000
v -0.03758810 0.00314418 -0.00188407 0.54509804 0.71372549 0.60000000
v -0.03769848 0.00314418 -0.00111981 0.54509804 0.71372549 0.60000000
v -0.03778561 0.00314418 -0.00049325 0.54509804 0.71372549 0.60000000
v -0.03778852 0.00440095 -0.00054833 0.54509804 0.71372549 0.60000000
v -0.03791341 0.00440095 0.00062216 0.54509804 0.71372549 0.60000000
v -0.03799765 0.00566138 0.00188217 0.54509804 0.71372549 0.60000000
v -0.03805283 0.00691814 0.00314217 0.54509804 0.71372549 0.60000000
v -0.03794246 0.00817491 0.00314217 0.54509804 0.71372549 0.60000000
v -0.03802959 0.00817491 0.00439528 0.54509804 0.71372549 0.60000000
v -0.03794536 0.00943167 0.00565529 0.54509804 0.71372549 0.60000000
v -0.03775657 0.01028906 0.00474643 0.54509804 0.71372549 0.60000000
v -0.03763748 0.01069943 0.00435397 0.54509804 0.71372549 0.60000000
v -0.03725409 0.01194520 0.00314217 0.54509804 0.71372549 0.60000000
v -0.03701010 0.01320563 0.00439528 0.54509804 0.71372549 0.60000000
v -0.03689102 0.01320563 0.00314217 0.54509804 0.71372549 0.60000000
v -0.03650472 0.01394577 0.00188217 0.54509804 0.71372549 0.60000000
v -0.03657442 0.01413996 0.00314217 0.54509804 0.71372549 0.60000000
v -0.03627235 0.01457598 0.00188217 0.54509804 0.71372549 0.60000000
v -0.03532548 0.01659853 0.00062216 0.54509804 0.71372549 0.60000000
v -0.03634206 0.01477018 0.00314217 0.54509804 0.71372549 0.60000000
v -0.03583086 0.01571916 0.00188217 0.54509804 0.71372549 0.60000000
v -0.03502050 0.01722875 0.00062216 0.54509804 0.71372549 0.60000000
v -0.03449478 0.01822903 0.00062216 0.54509804 0.71372549 0.60000000
v -0.03399229 0.01893253 -0.00030735 0.54509804 0.71372549 0.60000000
v -0.03366989 0.01965801 0.00062216 0.54509804 0.71372549 0.60000000
v -0.03304251 0.02066928 0.00062216 0.54509804 0.71372549 0.60000000
v -0.03274044 0.02144972 0.00216446 0.54509804 0.71372549 0.60000000
v -0.03264169 0.02129583 0.00062216 0.54509804 0.71372549 0.60000000
v -0.03235123 0.02215322 0.00314217 0.54509804 0.71372549 0.60000000
v -0.03166867 0.02293366 0.00188217 0.54509804 0.71372549 0.60000000
v -0.03046910 0.02419409 0.00062216 0.54509804 0.71372549 0.60000000
v -0.03114585 0.02356387 0.00188217 0.54509804 0.71372549 0.60000000
v -0.02918239 0.02540689 -0.00063095 0.54509804 0.71372549 0.60000000
v -0.02986786 0.02482430 0.00062216 0.54509804 0.71372549 0.60000000
v -0.02843883 0.02594550 -0.00188407 0.54509804 0.71372549 0.60000000
v -0.02570857 0.02809263 -0.00313719 0.54509804 0.71372549 0.60000000
v -0.02852016 0.02603710 -0.00063095 0.54509804 0.71372549 0.60000000
v -0.02781145 0.02653907 -0.00188407 0.54509804 0.71372549 0.60000000
v -0.02694009 0.02726455 -0.00200800 0.54509804 0.71372549 0.60000000
v -0.02715793 0.02723890 -0.00063095 0.54509804 0.71372549 0.60000000
v -0.02652765 0.02775920 -0.00063095 0.54509804 0.71372549 0.60000000
v -0.02577537 0.02833079 -0.00063095 0.54509804 0.71372549 0.60000000
v -0.02498244 0.02879978 -0.00188407 0.54509804 0.71372549 0.60000000
v -0.02487497 0.02872284 -0.00313719 0.54509804 0.71372549 0.60000000
v -0.01128757 0.03519720 -0.00621489 0.54509804 0.71372549 0.60000000
v -0.01046558 0.03531811 -0.00691031 0.54509804 0.71372549 0.60000000
v -0.00943157 0.03560024 -0.00691031 0.54509804 0.71372549 0.60000000
v -0.00948966 0.03537307 -0.00819096 0.54509804 0.71372549 0.60000000
v -0.00867058 0.03558925 -0.00817719 0.54509804 0.71372549 0.60000000
v -0.02424759 0.02916985 -0.00313719 0.54509804 0.71372549 0.60000000
v -0.02435506 0.02924680 -0.00188407 0.54509804 0.71372549 0.60000000
v -0.02354760 0.02994297 -0.00063095 0.54509804 0.71372549 0.60000000
v -0.02292022 0.03035700 -0.00063095 0.54509804 0.71372549 0.60000000
v -0.02200529 0.03077837 -0.00188407 0.54509804 0.71372549 0.60000000
v -0.02200529 0.03091394 -0.00063095 0.54509804 0.71372549 0.60000000
v -0.02124140 0.03135728 -0.00063095 0.54509804 0.71372549 0.60000000
v -0.01948997 0.03220368 -0.00188407 0.54509804 0.71372549 0.60000000
v -0.01878416 0.03265069 -0.00063095 0.54509804 0.71372549 0.60000000
v -0.02067501 0.03173102 0.00062216 0.54509804 0.71372549 0.60000000
v -0.01815679 0.03296580 -0.00063095 0.54509804 0.71372549 0.60000000
v -0.01697464 0.03353006 -0.00063095 0.54509804 0.71372549 0.60000000
v -0.01697464 0.03346411 -0.00188407 0.54509804 0.71372549 0.60000000
v -0.01611199 0.03384517 -0.00188407 0.54509804 0.71372549 0.60000000
v -0.01548171 0.03411264 -0.00188407 0.54509804 0.71372549 0.60000000
v -0.01320456 0.03487110 -0.00313719 0.54509804 0.71372549 0.60000000
v -0.01253361 0.03518987 -0.00232473 0.54509804 0.71372549 0.60000000
v -0.01242324 0.03515323 -0.00313719 0.54509804 0.71372549 0.60000000
v -0.01446222 0.03451202 -0.00188407 0.54509804 0.71372549 0.60000000
v -0.01160997 0.03530346 -0.00439719 0.54509804 0.71372549 0.60000000
v -0.01068923 0.03560024 -0.00439719 0.54509804 0.71372549 0.60000000
v -0.01144731 0.03524483 -0.00537489 0.54509804 0.71372549 0.60000000
v -0.00867058 0.03525949 -0.00991916 0.54509804 0.71372549 0.60000000
v -0.00867058 0.03536208 -0.00938900 0.54509804 0.71372549 0.60000000
v -0.00867058 0.02806331 0.03004286 0.54509804 0.71372549 0.60000000
v -0.00954194 0.02832346 0.02958155 0.54509804 0.71372549 0.60000000
v -0.01068923 0.02817690 0.02939565 0.54509804 0.71372549 0.60000000
v -0.01194689 0.02795705 0.02919597 0.54509804 0.71372549 0.60000000
v -0.01286182 0.02777752 0.02903073 0.54509804 0.71372549 0.60000000
v -0.01446222 0.02605542 0.02990516 0.54509804 0.71372549 0.60000000
v -0.01577216 0.02579894 0.02957466 0.54509804 0.71372549 0.60000000
v -0.01627755 0.02636320 0.02887925 0.54509804 0.71372549 0.60000000
v -0.01697464 0.02552047 0.02923729 0.54509804 0.71372549 0.60000000
v -0.01697464 0.02474369 0.02986385 0.54509804 0.71372549 0.60000000
v -0.01926051 0.02414646 0.02912712 0.54509804 0.71372549 0.60000000
v -0.02009701 0.02387165 0.02889991 0.54509804 0.71372549 0.60000000
v -0.01955096 0.02330373 0.02958155 0.54509804 0.71372549 0.60000000
v -0.01446222 0.02680288 0.02927171 0.54509804 0.71372549 0.60000000
v -0.02077377 0.02199933 0.02980876 0.54509804 0.71372549 0.60000000
v -0.02192106 0.02195536 0.02919597 0.54509804 0.71372549 0.60000000
v -0.02278080 0.02150102 0.02901007 0.54509804 0.71372549 0.60000000
v -0.02405879 0.02027723 0.02903073 0.54509804 0.71372549 0.60000000
v -0.02489820 0.01986319 0.02873466 0.54509804 0.71372549 0.60000000
v -0.02670192 0.01917069 0.02789466 0.54509804 0.71372549 0.60000000
v -0.02754133 0.01870536 0.02755040 0.54509804 0.71372549 0.60000000
v -0.02832555 0.01828033 0.02707532 0.54509804 0.71372549 0.60000000
v -0.02910106 0.01785896 0.02660024 0.54509804 0.71372549 0.60000000
v -0.02994047 0.01726539 0.02611827 0.54509804 0.71372549 0.60000000
v -0.03028030 0.01776003 0.02528515 0.54509804 0.71372549 0.60000000
v -0.03048943 0.01689898 0.02573269 0.54509804 0.71372549 0.60000000
v -0.03111100 0.01579244 0.02580843 0.54509804 0.71372549 0.60000000
v -0.03163091 0.01542604 0.02541597 0.54509804 0.71372549 0.60000000
v -0.03250808 0.01446240 0.02485138 0.54509804 0.71372549 0.60000000
v -0.03290890 0.01446240 0.02422482 0.54509804 0.71372549 0.60000000
v -0.03317902 0.01329723 0.02462416 0.54509804 0.71372549 0.60000000
v -0.03371636 0.01205146 0.02453466 0.54509804 0.71372549 0.60000000
v -0.03409105 0.01170338 0.02412843 0.54509804 0.71372549 0.60000000
v -0.03419852 0.01059317 0.02453466 0.54509804 0.71372549 0.60000000
v -0.03360018 0.00314418 0.02720614 0.54509804 0.71372549 0.60000000
v -0.03503212 0.00943167 0.02352941 0.54509804 0.71372549 0.60000000
v -0.03513668 0.00850101 0.02374974 0.54509804 0.71372549 0.60000000
v -0.03543294 0.00811995 0.02330220 0.54509804 0.71372549 0.60000000
v -0.03568564 0.00691814 0.02326088 0.54509804 0.71372549 0.60000000
v -0.03538647 0.00566138 0.02424547 0.54509804 0.71372549 0.60000000
v -0.03512216 0.00314418 0.02500285 0.54509804 0.71372549 0.60000000
v -0.03461677 0.00314418 0.02577400 0.54509804 0.71372549 0.60000000
v -0.03407072 0.00314418 0.02657269 0.54509804 0.71372549 0.60000000
v -0.03543875 0.00440095 0.02432810 0.54509804 0.71372549 0.60000000
v -0.03546489 0.00314418 0.02436941 0.54509804 0.71372549 0.60000000
v -0.03362051 0.00188741 0.02722679 0.54509804 0.71372549 0.60000000
v -0.03362923 0.00063065 0.02722679 0.54509804 0.71372549 0.60000000
v -0.03363213 -0.00062612 0.02719925 0.54509804 0.71372549 0.60000000
v -0.03305123 -0.00073237 0.02796352 0.54509804 0.71372549 0.60000000
v -0.03774204 -0.00073237 0.00109036 0.54509804 0.71372549 0.60000000
v -0.03775947 -0.00040261 0.00098020 0.54509804 0.71372549 0.60000000
v -0.03764329 0.00067828 -0.00055521 0.54509804 0.71372549 0.60000000
v -0.03767815 0.00188741 -0.00090636 0.54509804 0.71372549 0.60000000
v -0.03753873 0.00188741 -0.00188407 0.54509804 0.71372549 0.60000000
v -0.03775657 0.00188741 -0.00027980 0.54509804 0.71372549 0.60000000
v -0.03786694 0.00188741 0.00062216 0.54509804 0.71372549 0.60000000
v -0.03791341 0.00314418 0.00062216 0.54509804 0.71372549 0.60000000
v -0.03802088 0.00440095 0.00188217 0.54509804 0.71372549 0.60000000
v -0.03810221 0.00566138 0.00314217 0.54509804 0.71372549 0.60000000
v -0.03813997 0.00691814 0.00439528 0.54509804 0.71372549 0.60000000
v -0.03809349 0.00817491 0.00565529 0.54509804 0.71372549 0.60000000
v -0.03798312 0.00943167 0.00691529 0.54509804 0.71372549 0.60000000
v -0.03779142 0.01043195 0.00565529 0.54509804 0.71372549 0.60000000
v -0.03766943 0.01105851 0.00565529 0.54509804 0.71372549 0.60000000
v -0.03737027 0.01194520 0.00439528 0.54509804 0.71372549 0.60000000
v -0.03664123 0.01429752 0.00439528 0.54509804 0.71372549 0.60000000
v -0.03710305 0.01320563 0.00565529 0.54509804 0.71372549 0.60000000
v -0.03595866 0.01571916 0.00314217 0.54509804 0.71372549 0.60000000
v -0.03539228 0.01673410 0.00188217 0.54509804 0.71372549 0.60000000
v -0.03640015 0.01492773 0.00439528 0.54509804 0.71372549 0.60000000
v -0.03508440 0.01736432 0.00188217 0.54509804 0.71372549 0.60000000
v -0.03404748 0.01902779 0.00062216 0.54509804 0.71372549 0.60000000
v -0.03461677 0.01822903 0.00188217 0.54509804 0.71372549 0.60000000
v -0.03410848 0.01914504 0.00188217 0.54509804 0.71372549 0.60000000
v -0.03374541 0.01977159 0.00188217 0.54509804 0.71372549 0.60000000
v -0.03328068 0.02074623 0.00314217 0.54509804 0.71372549 0.60000000
v -0.03278982 0.02152300 0.00314217 0.54509804 0.71372549 0.60000000
v -0.03283048 0.02157430 0.00439528 0.54509804 0.71372549 0.60000000
v -0.03237737 0.02220451 0.00439528 0.54509804 0.71372549 0.60000000
v -0.03172385 0.02297763 0.00314217 0.54509804 0.71372549 0.60000000
v -0.03051557 0.02424539 0.00188217 0.54509804 0.71372549 0.60000000
v -0.02996952 0.02492689 0.00314217 0.54509804 0.71372549 0.60000000
v -0.03117780 0.02360784 0.00314217 0.54509804 0.71372549 0.60000000
v -0.03058818 0.02434431 0.00439528 0.54509804 0.71372549 0.60000000
v -0.03001308 0.02497453 0.00439528 0.54509804 0.71372549 0.60000000
v -0.02923758 0.02546917 0.00062216 0.54509804 0.71372549 0.60000000
v -0.02865957 0.02615435 0.00188217 0.54509804 0.71372549 0.60000000
v -0.02859277 0.02609939 0.00062216 0.54509804 0.71372549 0.60000000
v -0.02934214 0.02557177 0.00314217 0.54509804 0.71372549 0.60000000
v -0.02789278 0.02660869 -0.00063095 0.54509804 0.71372549 0.60000000
v -0.02723345 0.02730119 0.00062216 0.54509804 0.71372549 0.60000000
v -0.02660607 0.02782149 0.00062216 0.54509804 0.71372549 0.60000000
v -0.02506667 0.02886207 -0.00063095 0.54509804 0.71372549 0.60000000
v -0.02512476 0.02890238 0.00024348 0.54509804 0.71372549 0.60000000
v -0.02443929 0.02931275 -0.00063095 0.54509804 0.71372549 0.60000000
v -0.00943157 0.03595932 -0.00439719 0.54509804 0.71372549 0.60000000
v -0.00943157 0.03578711 -0.00565719 0.54509804 0.71372549 0.60000000
v -0.00867058 0.03579810 -0.00691031 0.54509804 0.71372549 0.60000000
v -0.02361150 0.02999426 0.00062216 0.54509804 0.71372549 0.60000000
v -0.02298702 0.03039731 0.00062216 0.54509804 0.71372549 0.60000000
v -0.02200529 0.03098355 0.00062216 0.54509804 0.71372549 0.60000000
v -0.02130239 0.03139026 0.00062216 0.54509804 0.71372549 0.60000000
v -0.01936797 0.03241253 0.00073233 0.54509804 0.71372549 0.60000000
v -0.01886549 0.03269099 0.00122118 0.54509804 0.71372549 0.60000000
v -0.02137791 0.03143423 0.00249495 0.54509804 0.71372549 0.60000000
v -0.02085219 0.03169071 0.00199922 0.54509804 0.71372549 0.60000000
v -0.01950739 0.03238688 0.00188217 0.54509804 0.71372549 0.60000000
v -0.01620203 0.03388181 -0.00063095 0.54509804 0.71372549 0.60000000
v -0.01823230 0.03300244 0.00188217 0.54509804 0.71372549 0.60000000
v -0.01697464 0.03358868 0.00188217 0.54509804 0.71372549 0.60000000
v -0.01630660 0.03392944 0.00314217 0.54509804 0.71372549 0.60000000
v -0.01624270 0.03390013 0.00062216 0.54509804 0.71372549 0.60000000
v -0.01557466 0.03415661 -0.00063095 0.54509804 0.71372549 0.60000000
v -0.01446222 0.03460362 -0.00063095 0.54509804 0.71372549 0.60000000
v -0.01068923 0.03572848 -0.00313719 0.54509804 0.71372549 0.60000000
v -0.01179586 0.03536208 -0.00313719 0.54509804 0.71372549 0.60000000
v -0.01310580 0.03501399 -0.00189784 0.54509804 0.71372549 0.60000000
v -0.01262075 0.03522285 -0.00149161 0.54509804 0.71372549 0.60000000
v -0.01332945 0.03502499 -0.00063095 0.54509804 0.71372549 0.60000000
v -0.00943157 0.03610222 -0.00313719 0.54509804 0.71372549 0.60000000
v -0.00867058 0.02909657 0.02909958 0.54509804 0.71372549 0.60000000
v -0.00919049 0.02903428 0.02903073 0.54509804 0.71372549 0.60000000
v -0.01002990 0.02890604 0.02890680 0.54509804 0.71372549 0.60000000
v -0.01068923 0.02880711 0.02879663 0.54509804 0.71372549 0.60000000
v -0.01194689 0.02858727 0.02855565 0.54509804 0.71372549 0.60000000
v -0.01370123 0.02760165 0.02885860 0.54509804 0.71372549 0.60000000
v -0.01543814 0.02657571 0.02907204 0.54509804 0.71372549 0.60000000
v -0.01446222 0.02742944 0.02868647 0.54509804 0.71372549 0.60000000
v -0.01583316 0.02708502 0.02835597 0.54509804 0.71372549 0.60000000
v -0.01622527 0.02759432 0.02757794 0.54509804 0.71372549 0.60000000
v -0.01697464 0.02675159 0.02803925 0.54509804 0.71372549 0.60000000
v -0.01697464 0.02615068 0.02867269 0.54509804 0.71372549 0.60000000
v -0.01778210 0.02526399 0.02901696 0.54509804 0.71372549 0.60000000
v -0.01862151 0.02498552 0.02876221 0.54509804 0.71372549 0.60000000
v -0.01968747 0.02464476 0.02841794 0.54509804 0.71372549 0.60000000
v -0.02011734 0.02514307 0.02765368 0.54509804 0.71372549 0.60000000
v -0.02074763 0.02429302 0.02805302 0.54509804 0.71372549 0.60000000
v -0.02153476 0.02401088 0.02777761 0.54509804 0.71372549 0.60000000
v -0.02288827 0.02284206 0.02784647 0.54509804 0.71372549 0.60000000
v -0.02228122 0.02234008 0.02868647 0.54509804 0.71372549 0.60000000
v -0.02144472 0.02268450 0.02895499 0.54509804 0.71372549 0.60000000
v -0.02074763 0.02297396 0.02915466 0.54509804 0.71372549 0.60000000
v -0.02325424 0.02199200 0.02828712 0.54509804 0.71372549 0.60000000
v -0.02361440 0.02111629 0.02872089 0.54509804 0.71372549 0.60000000
v -0.02453804 0.02076455 0.02831466 0.54509804 0.71372549 0.60000000
v -0.02545297 0.02041280 0.02790155 0.54509804 0.71372549 0.60000000
v -0.02629238 0.02000609 0.02756417 0.54509804 0.71372549 0.60000000
v -0.02714922 0.01960671 0.02713729 0.54509804 0.71372549 0.60000000
v -0.02759361 0.02004640 0.02633171 0.54509804 0.71372549 0.60000000
v -0.02795668 0.01920733 0.02671040 0.54509804 0.71372549 0.60000000
v -0.02879609 0.01869436 0.02625597 0.54509804 0.71372549 0.60000000
v -0.02954255 0.01822537 0.02576712 0.54509804 0.71372549 0.60000000
v -0.02998404 0.01859543 0.02488580 0.54509804 0.71372549 0.60000000
v -0.03053300 0.01819972 0.02448646 0.54509804 0.71372549 0.60000000
v -0.03140145 0.01755485 0.02383236 0.54509804 0.71372549 0.60000000
v -0.03119232 0.01707119 0.02459663 0.54509804 0.71372549 0.60000000
v -0.03137822 0.01626144 0.02506482 0.54509804 0.71372549 0.60000000
v -0.03206369 0.01571550 0.02450712 0.54509804 0.71372549 0.60000000
v -0.03272882 0.01516589 0.02394941 0.54509804 0.71372549 0.60000000
v -0.03353628 0.01439278 0.02318515 0.54509804 0.71372549 0.60000000
v -0.03381512 0.01320563 0.02361892 0.54509804 0.71372549 0.60000000
v -0.03393420 0.01254244 0.02386679 0.54509804 0.71372549 0.60000000
v -0.03437569 0.01205146 0.02337105 0.54509804 0.71372549 0.60000000
v -0.03490722 0.01065546 0.02317826 0.54509804 0.71372549 0.60000000
v -0.03409395 0.00188741 0.02660024 0.54509804 0.71372549 0.60000000
v -0.03523834 0.01021578 0.02270318 0.54509804 0.71372549 0.60000000
v -0.03533128 0.00943167 0.02289597 0.54509804 0.71372549 0.60000000
v -0.03597609 0.00817491 0.02200088 0.54509804 0.71372549 0.60000000
v -0.03623750 0.00686318 0.02190449 0.54509804 0.71372549 0.60000000
v -0.03628978 0.00566138 0.02215924 0.54509804 0.71372549 0.60000000
v -0.03584248 0.00566138 0.02326088 0.54509804 0.71372549 0.60000000
v -0.03593543 0.00440095 0.02326088 0.54509804 0.71372549 0.60000000
v -0.03512506 0.00188741 0.02499597 0.54509804 0.71372549 0.60000000
v -0.03464291 0.00188741 0.02577400 0.54509804 0.71372549 0.60000000
v -0.03598480 0.00314418 0.02326088 0.54509804 0.71372549 0.60000000
v -0.03545618 0.00188741 0.02436941 0.54509804 0.71372549 0.60000000
v -0.03408524 0.00063065 0.02659335 0.54509804 0.71372549 0.60000000
v -0.03362923 -0.00073237 0.02719925 0.54509804 0.71372549 0.60000000
v -0.03780595 -0.00073237 0.00173069 0.54509804 0.71372549 0.60000000
v -0.03792213 0.00063065 0.00188217 0.54509804 0.71372549 0.60000000
v -0.03778561 0.00067828 0.00058774 0.54509804 0.71372549 0.60000000
v -0.03798603 0.00188741 0.00188217 0.54509804 0.71372549 0.60000000
v -0.03801798 0.00314418 0.00188217 0.54509804 0.71372549 0.60000000
v -0.03811383 0.00440095 0.00314217 0.54509804 0.71372549 0.60000000
v -0.03818644 0.00566138 0.00439528 0.54509804 0.71372549 0.60000000
v -0.03825905 0.00566138 0.00565529 0.54509804 0.71372549 0.60000000
v -0.03820386 0.00691814 0.00565529 0.54509804 0.71372549 0.60000000
v -0.03824453 0.00691814 0.00691529 0.54509804 0.71372549 0.60000000
v -0.03813125 0.00817491 0.00691529 0.54509804 0.71372549 0.60000000
v -0.03813706 0.00817491 0.00816840 0.54509804 0.71372549 0.60000000
v -0.03798312 0.00943167 0.00816840 0.54509804 0.71372549 0.60000000
v -0.03781175 0.01049791 0.00691529 0.54509804 0.71372549 0.60000000
v -0.03750387 0.01194520 0.00691529 0.54509804 0.71372549 0.60000000
v -0.03745740 0.01194520 0.00565529 0.54509804 0.71372549 0.60000000
v -0.03668480 0.01437446 0.00565529 0.54509804 0.71372549 0.60000000
v -0.03716114 0.01320563 0.00691529 0.54509804 0.71372549 0.60000000
v -0.03605451 0.01571916 0.00439528 0.54509804 0.71372549 0.60000000
v -0.03545037 0.01682937 0.00314217 0.54509804 0.71372549 0.60000000
v -0.03642629 0.01500101 0.00565529 0.54509804 0.71372549 0.60000000
v -0.03512797 0.01745958 0.00314217 0.54509804 0.71372549 0.60000000
v -0.03380931 0.01986319 0.00314217 0.54509804 0.71372549 0.60000000
v -0.03384997 0.01993281 0.00439528 0.54509804 0.71372549 0.60000000
v -0.03336201 0.02074623 0.00439528 0.54509804 0.71372549 0.60000000
v -0.03339977 0.02074623 0.00565529 0.54509804 0.71372549 0.60000000
v -0.03284791 0.02159262 0.00565529 0.54509804 0.71372549 0.60000000
v -0.03175000 0.02301060 0.00439528 0.54509804 0.71372549 0.60000000
v -0.03237737 0.02221917 0.00565529 0.54509804 0.71372549 0.60000000
v -0.03121556 0.02364082 0.00439528 0.54509804 0.71372549 0.60000000
v -0.03123299 0.02365181 0.00565529 0.54509804 0.71372549 0.60000000
v -0.03060270 0.02435530 0.00565529 0.54509804 0.71372549 0.60000000
v -0.02938280 0.02561207 0.00439528 0.54509804 0.71372549 0.60000000
v -0.03002180 0.02498552 0.00565529 0.54509804 0.71372549 0.60000000
v -0.02939442 0.02562673 0.00565529 0.54509804 0.71372549 0.60000000
v -0.02802929 0.02672960 0.00188217 0.54509804 0.71372549 0.60000000
v -0.02870895 0.02620198 0.00314217 0.54509804 0.71372549 0.60000000
v -0.02796249 0.02667098 0.00062216 0.54509804 0.71372549 0.60000000
v -0.02729735 0.02735982 0.00188217 0.54509804 0.71372549 0.60000000
v -0.02666706 0.02786912 0.00188217 0.54509804 0.71372549 0.60000000
v -0.02583346 0.02849933 0.00188217 0.54509804 0.71372549 0.60000000
v -0.02565629 0.02853597 0.00064971 0.54509804 0.71372549 0.60000000
v -0.02520609 0.02896100 0.00188217 0.54509804 0.71372549 0.60000000
v -0.02463099 0.02927978 0.00064971 0.54509804 0.71372549 0.60000000
v -0.00867058 0.03615718 -0.00436965 0.54509804 0.71372549 0.60000000
v -0.00867058 0.03598497 -0.00565719 0.54509804 0.71372549 0.60000000
v -0.00867058 0.03630007 -0.00313719 0.54509804 0.71372549 0.60000000
v -0.02364635 0.03001991 0.00188217 0.54509804 0.71372549 0.60000000
v -0.02525837 0.02899764 0.00314217 0.54509804 0.71372549 0.60000000
v -0.02302188 0.03041929 0.00188217 0.54509804 0.71372549 0.60000000
v -0.02188039 0.03111546 0.00199922 0.54509804 0.71372549 0.60000000
v -0.01888001 0.03269832 0.00188217 0.54509804 0.71372549 0.60000000
v -0.02304511 0.03044128 0.00314217 0.54509804 0.71372549 0.60000000
v -0.02188039 0.03114111 0.00307332 0.54509804 0.71372549 0.60000000
v -0.02137791 0.03143423 0.00261200 0.54509804 0.71372549 0.60000000
v -0.02087252 0.03170170 0.00307332 0.54509804 0.71372549 0.60000000
v -0.01953353 0.03239787 0.00314217 0.54509804 0.71372549 0.60000000
v -0.01890615 0.03271298 0.00314217 0.54509804 0.71372549 0.60000000
v -0.01561241 0.03417859 0.00062216 0.54509804 0.71372549 0.60000000
v -0.01697464 0.03361800 0.00314217 0.54509804 0.71372549 0.60000000
v -0.01635017 0.03394776 0.00495299 0.54509804 0.71372549 0.60000000
v -0.01567631 0.03421523 0.00314217 0.54509804 0.71372549 0.60000000
v -0.01446222 0.03470255 0.00188217 0.54509804 0.71372549 0.60000000
v -0.01446222 0.03466225 0.00062216 0.54509804 0.71372549 0.60000000
v -0.01342530 0.03506163 0.00062216 0.54509804 0.71372549 0.60000000
v -0.01068923 0.03581642 -0.00188407 0.54509804 0.71372549 0.60000000
v -0.00943157 0.03620847 -0.00188407 0.54509804 0.71372549 0.60000000
v -0.01270207 0.03524849 -0.00063095 0.54509804 0.71372549 0.60000000
v -0.01068923 0.03590069 -0.00063095 0.54509804 0.71372549 0.60000000
v -0.00867058 0.03642832 -0.00185653 0.54509804 0.71372549 0.60000000
v -0.00867058 0.02941901 0.02874843 0.54509804 0.71372549 0.60000000
v -0.00901041 0.03023609 0.02773630 0.54509804 0.71372549 0.60000000
v -0.00951871 0.02957290 0.02832155 0.54509804 0.71372549 0.60000000
v -0.01068923 0.02935672 0.02817007 0.54509804 0.71372549 0.60000000
v -0.01194689 0.02914054 0.02792909 0.54509804 0.71372549 0.60000000
v -0.01323070 0.02830147 0.02830089 0.54509804 0.71372549 0.60000000
v -0.01276016 0.02899031 0.02774319 0.54509804 0.71372549 0.60000000
v -0.01446222 0.02801568 0.02805302 0.54509804 0.71372549 0.60000000
v -0.01538586 0.02781049 0.02782581 0.54509804 0.71372549 0.60000000
v -0.01697464 0.02738180 0.02729565 0.54509804 0.71372549 0.60000000
v -0.01778791 0.02651343 0.02778450 0.54509804 0.71372549 0.60000000
v -0.01569084 0.02827949 0.02701335 0.54509804 0.71372549 0.60000000
v -0.01599581 0.02874849 0.02614581 0.54509804 0.71372549 0.60000000
v -0.01697464 0.02785813 0.02666220 0.54509804 0.71372549 0.60000000
v -0.01927793 0.02541055 0.02792909 0.54509804 0.71372549 0.60000000
v -0.02074763 0.02492323 0.02740581 0.54509804 0.71372549 0.60000000
v -0.01862441 0.02624595 0.02747466 0.54509804 0.71372549 0.60000000
v -0.01916756 0.02658671 0.02664155 0.54509804 0.71372549 0.60000000
v -0.02000407 0.02633022 0.02629728 0.54509804 0.71372549 0.60000000
v -0.02074763 0.02545452 0.02677925 0.54509804 0.71372549 0.60000000
v -0.02147086 0.02521269 0.02648319 0.54509804 0.71372549 0.60000000
v -0.02192106 0.02445790 0.02696515 0.54509804 0.71372549 0.60000000
v -0.02237416 0.02367746 0.02744024 0.54509804 0.71372549 0.60000000
v -0.02372477 0.02248298 0.02751597 0.54509804 0.71372549 0.60000000
v -0.02418079 0.02164758 0.02788778 0.54509804 0.71372549 0.60000000
v -0.02502019 0.02125186 0.02755729 0.54509804 0.71372549 0.60000000
v -0.02589446 0.02085615 0.02713729 0.54509804 0.71372549 0.60000000
v -0.02675420 0.02046410 0.02672417 0.54509804 0.71372549 0.60000000
v -0.02633304 0.02130316 0.02632482 0.54509804 0.71372549 0.60000000
v -0.02715793 0.02086714 0.02591171 0.54509804 0.71372549 0.60000000
v -0.02755876 0.02127018 0.02502351 0.54509804 0.71372549 0.60000000
v -0.02795087 0.02043478 0.02549171 0.54509804 0.71372549 0.60000000
v -0.02878737 0.01996945 0.02498220 0.54509804 0.71372549 0.60000000
v -0.02837203 0.01958839 0.02587728 0.54509804 0.71372549 0.60000000
v -0.02914463 0.01913038 0.02542286 0.54509804 0.71372549 0.60000000
v -0.02954836 0.01948580 0.02451400 0.54509804 0.71372549 0.60000000
v -0.03028030 0.01900214 0.02404580 0.54509804 0.71372549 0.60000000
v -0.03165996 0.01671945 0.02422482 0.54509804 0.71372549 0.60000000
v -0.03118071 0.01829132 0.02335039 0.54509804 0.71372549 0.60000000
v -0.03164253 0.01791759 0.02299925 0.54509804 0.71372549 0.60000000
v -0.03206949 0.01698692 0.02327466 0.54509804 0.71372549 0.60000000
v -0.03249937 0.01600496 0.02354318 0.54509804 0.71372549 0.60000000
v -0.03290600 0.01563855 0.02317826 0.54509804 0.71372549 0.60000000
v -0.03380931 0.01476651 0.02232449 0.54509804 0.71372549 0.60000000
v -0.03398649 0.01393111 0.02271007 0.54509804 0.71372549 0.60000000
v -0.03413752 0.01320563 0.02299236 0.54509804 0.71372549 0.60000000
v -0.03503212 0.01202948 0.02203531 0.54509804 0.71372549 0.60000000
v -0.03514249 0.01105484 0.02247597 0.54509804 0.71372549 0.60000000
v -0.03570887 0.00943167 0.02200088 0.54509804 0.71372549 0.60000000
v -0.03622298 0.00934373 0.02063760 0.54509804 0.71372549 0.60000000
v -0.03633916 0.00817491 0.02098875 0.54509804 0.71372549 0.60000000
v -0.03642048 0.00724424 0.02124350 0.54509804 0.71372549 0.60000000
v -0.03647857 0.00640517 0.02141564 0.54509804 0.71372549 0.60000000
v -0.03652214 0.00566138 0.02153269 0.54509804 0.71372549 0.60000000
v -0.03657152 0.00440095 0.02166350 0.54509804 0.71372549 0.60000000
v -0.03633044 0.00440095 0.02229007 0.54509804 0.71372549 0.60000000
v -0.03510182 0.00063065 0.02495466 0.54509804 0.71372549 0.60000000
v -0.03461096 0.00063065 0.02577400 0.54509804 0.71372549 0.60000000
v -0.03635368 0.00314418 0.02233826 0.54509804 0.71372549 0.60000000
v -0.03597028 0.00188741 0.02326088 0.54509804 0.71372549 0.60000000
v -0.03543004 0.00063065 0.02432121 0.54509804 0.71372549 0.60000000
v -0.03592381 0.00063065 0.02326088 0.54509804 0.71372549 0.60000000
v -0.03405910 -0.00062612 0.02657269 0.54509804 0.71372549 0.60000000
v -0.03405619 -0.00073237 0.02656581 0.54509804 0.71372549 0.60000000
v -0.03782337 -0.00073237 0.00193036 0.54509804 0.71372549 0.60000000
v -0.03793375 -0.00062612 0.00314217 0.54509804 0.71372549 0.60000000
v -0.03802378 0.00063065 0.00314217 0.54509804 0.71372549 0.60000000
v -0.03808188 0.00188741 0.00314217 0.54509804 0.71372549 0.60000000
v -0.03811092 0.00314418 0.00314217 0.54509804 0.71372549 0.60000000
v -0.03819515 0.00440095 0.00439528 0.54509804 0.71372549 0.60000000
v -0.03826777 0.00440095 0.00565529 0.54509804 0.71372549 0.60000000
v -0.03829972 0.00566138 0.00691529 0.54509804 0.71372549 0.60000000
v -0.03831133 0.00566138 0.00816840 0.54509804 0.71372549 0.60000000
v -0.03825034 0.00691814 0.00816840 0.54509804 0.71372549 0.60000000
v -0.03823001 0.00691814 0.00942841 0.54509804 0.71372549 0.60000000
v -0.03810221 0.00817491 0.00942841 0.54509804 0.71372549 0.60000000
v -0.03792794 0.00943167 0.00942841 0.54509804 0.71372549 0.60000000
v -0.03777690 0.01036234 0.00942841 0.54509804 0.71372549 0.60000000
v -0.03780885 0.01048691 0.00816840 0.54509804 0.71372549 0.60000000
v -0.03750678 0.01194520 0.00816840 0.54509804 0.71372549 0.60000000
v -0.03716985 0.01320563 0.00816840 0.54509804 0.71372549 0.60000000
v -0.03671094 0.01440744 0.00691529 0.54509804 0.71372549 0.60000000
v -0.03671094 0.01444041 0.00816840 0.54509804 0.71372549 0.60000000
v -0.03549103 0.01690265 0.00439528 0.54509804 0.71372549 0.60000000
v -0.03610970 0.01571916 0.00565529 0.54509804 0.71372549 0.60000000
v -0.03613874 0.01571916 0.00691529 0.54509804 0.71372549 0.60000000
v -0.03645243 0.01507063 0.00816840 0.54509804 0.71372549 0.60000000
v -0.03516573 0.01752920 0.00439528 0.54509804 0.71372549 0.60000000
v -0.03519187 0.01757683 0.00533856 0.54509804 0.71372549 0.60000000
v -0.03520929 0.01761347 0.00617857 0.54509804 0.71372549 0.60000000
v -0.03387031 0.01997311 0.00565529 0.54509804 0.71372549 0.60000000
v -0.03338525 0.02074623 0.00691529 0.54509804 0.71372549 0.60000000
v -0.03284500 0.02158529 0.00691529 0.54509804 0.71372549 0.60000000
v -0.03175000 0.02302526 0.00565529 0.54509804 0.71372549 0.60000000
v -0.03237157 0.02221551 0.00691529 0.54509804 0.71372549 0.60000000
v -0.03174419 0.02302526 0.00691529 0.54509804 0.71372549 0.60000000
v -0.03123009 0.02365181 0.00691529 0.54509804 0.71372549 0.60000000
v -0.03060270 0.02434431 0.00691529 0.54509804 0.71372549 0.60000000
v -0.02874381 0.02624229 0.00439528 0.54509804 0.71372549 0.60000000
v -0.02876123 0.02625694 0.00565529 0.54509804 0.71372549 0.60000000
v -0.03001308 0.02497453 0.00691529 0.54509804 0.71372549 0.60000000
v -0.02938571 0.02562673 0.00691529 0.54509804 0.71372549 0.60000000
v -0.02875833 0.02625328 0.00691529 0.54509804 0.71372549 0.60000000
v -0.02808157 0.02676991 0.00314217 0.54509804 0.71372549 0.60000000
v -0.02733801 0.02740012 0.00314217 0.54509804 0.71372549 0.60000000
v -0.02671063 0.02790576 0.00314217 0.54509804 0.71372549 0.60000000
v -0.02588575 0.02853597 0.00314217 0.54509804 0.71372549 0.60000000
v -0.02451771 0.02948496 0.00314217 0.54509804 0.71372549 0.60000000
v -0.02590027 0.02856162 0.00439528 0.54509804 0.71372549 0.60000000
v -0.02526998 0.02900131 0.00439528 0.54509804 0.71372549 0.60000000
v -0.02304802 0.03044128 0.00439528 0.54509804 0.71372549 0.60000000
v -0.02200529 0.03106050 0.00439528 0.54509804 0.71372549 0.60000000
v -0.02137210 0.03143057 0.00345200 0.54509804 0.71372549 0.60000000
v -0.02073311 0.03176766 0.00439528 0.54509804 0.71372549 0.60000000
v -0.01954515 0.03239421 0.00439528 0.54509804 0.71372549 0.60000000
v -0.01891777 0.03271664 0.00439528 0.54509804 0.71372549 0.60000000
v -0.01823230 0.03304641 0.00439528 0.54509804 0.71372549 0.60000000
v -0.01446222 0.03473553 0.00314217 0.54509804 0.71372549 0.60000000
v -0.01583025 0.03417127 0.00447791 0.54509804 0.71372549 0.60000000
v -0.01635017 0.03394776 0.00542807 0.54509804 0.71372549 0.60000000
v -0.01584478 0.03417493 0.00577234 0.54509804 0.71372549 0.60000000
v -0.01446222 0.03476118 0.00439528 0.54509804 0.71372549 0.60000000
v -0.01350372 0.03508361 0.00188217 0.54509804 0.71372549 0.60000000
v -0.01355891 0.03509827 0.00314217 0.54509804 0.71372549 0.60000000
v -0.01287635 0.03531445 0.00188217 0.54509804 0.71372549 0.60000000
v -0.01194689 0.03564055 0.00188217 0.54509804 0.71372549 0.60000000
v -0.01279792 0.03528147 0.00062216 0.54509804 0.71372549 0.60000000
v -0.00934443 0.03631840 -0.00069292 0.54509804 0.71372549 0.60000000
v -0.00877515 0.03645396 -0.00114735 0.54509804 0.71372549 0.60000000
v -0.01194689 0.03556727 0.00062216 0.54509804 0.71372549 0.60000000
v -0.01068923 0.03597398 0.00062216 0.54509804 0.71372549 0.60000000
v -0.00867058 0.03649060 -0.00105095 0.54509804 0.71372549 0.60000000
v -0.00867058 0.03027273 0.02777761 0.54509804 0.71372549 0.60000000
v -0.00867058 0.03052921 0.02742646 0.54509804 0.71372549 0.60000000
v -0.00867058 0.03121439 0.02644187 0.54509804 0.71372549 0.60000000
v -0.00943157 0.03056219 0.02710286 0.54509804 0.71372549 0.60000000
v -0.00984982 0.03011151 0.02757105 0.54509804 0.71372549 0.60000000
v -0.01068923 0.02998327 0.02740581 0.54509804 0.71372549 0.60000000
v -0.01202532 0.02983304 0.02700646 0.54509804 0.71372549 0.60000000
v -0.01249585 0.03014449 0.02635925 0.54509804 0.71372549 0.60000000
v -0.01319003 0.02932741 0.02708220 0.54509804 0.71372549 0.60000000
v -0.01359957 0.02882177 0.02753663 0.54509804 0.71372549 0.60000000
v -0.01446222 0.02864589 0.02728876 0.54509804 0.71372549 0.60000000
v -0.01762235 0.02767126 0.02641433 0.54509804 0.71372549 0.60000000
v -0.01812483 0.02697143 0.02694450 0.54509804 0.71372549 0.60000000
v -0.01515640 0.02895001 0.02644876 0.54509804 0.71372549 0.60000000
v -0.01563275 0.02917718 0.02574646 0.54509804 0.71372549 0.60000000
v -0.01654767 0.02901963 0.02531269 0.54509804 0.71372549 0.60000000
v -0.01696883 0.02849933 0.02574646 0.54509804 0.71372549 0.60000000
v -0.01846176 0.02742577 0.02605630 0.54509804 0.71372549 0.60000000
v -0.01947254 0.02701906 0.02576023 0.54509804 0.71372549 0.60000000
v -0.02045717 0.02661602 0.02546417 0.54509804 0.71372549 0.60000000
v -0.02082605 0.02611771 0.02583597 0.54509804 0.71372549 0.60000000
v -0.02193558 0.02545452 0.02571204 0.54509804 0.71372549 0.60000000
v -0.02274595 0.02522735 0.02525761 0.54509804 0.71372549 0.60000000
v -0.02231027 0.02490125 0.02609761 0.54509804 0.71372549 0.60000000
v -0.02286213 0.02406218 0.02660024 0.54509804 0.71372549 0.60000000
v -0.02329490 0.02328541 0.02706155 0.54509804 0.71372549 0.60000000
v -0.02418659 0.02289335 0.02668286 0.54509804 0.71372549 0.60000000
v -0.02549654 0.02168422 0.02671728 0.54509804 0.71372549 0.60000000
v -0.02502310 0.02252329 0.02626974 0.54509804 0.71372549 0.60000000
v -0.02587122 0.02209093 0.02587728 0.54509804 0.71372549 0.60000000
v -0.02671935 0.02165491 0.02548482 0.54509804 0.71372549 0.60000000
v -0.02624881 0.02249397 0.02497532 0.54509804 0.71372549 0.60000000
v -0.02708822 0.02204696 0.02457597 0.54509804 0.71372549 0.60000000
v -0.02745419 0.02243535 0.02360515 0.54509804 0.71372549 0.60000000
v -0.02787825 0.02159628 0.02418351 0.54509804 0.71372549 0.60000000
v -0.02833426 0.02079752 0.02458285 0.54509804 0.71372549 0.60000000
v -0.02911268 0.02032120 0.02414220 0.54509804 0.71372549 0.60000000
v -0.02995209 0.01984121 0.02351564 0.54509804 0.71372549 0.60000000
v -0.03046038 0.01944916 0.02315761 0.54509804 0.71372549 0.60000000
v -0.03135788 0.01875299 0.02248974 0.54509804 0.71372549 0.60000000
v -0.03189232 0.01829132 0.02204219 0.54509804 0.71372549 0.60000000
v -0.03252841 0.01733501 0.02200088 0.54509804 0.71372549 0.60000000
v -0.03273173 0.01641900 0.02271007 0.54509804 0.71372549 0.60000000
v -0.03354209 0.01565688 0.02194580 0.54509804 0.71372549 0.60000000
v -0.03399520 0.01519521 0.02148449 0.54509804 0.71372549 0.60000000
v -0.03414043 0.01439278 0.02194580 0.54509804 0.71372549 0.60000000
v -0.03460806 0.01320563 0.02200088 0.54509804 0.71372549 0.60000000
v -0.03518315 0.01250214 0.02131236 0.54509804 0.71372549 0.60000000
v -0.03530224 0.01166307 0.02163597 0.54509804 0.71372549 0.60000000
v -0.03588315 0.01068844 0.02074088 0.54509804 0.71372549 0.60000000
v -0.03540680 0.01065546 0.02203531 0.54509804 0.71372549 0.60000000
v -0.03639725 0.00970648 0.01988711 0.54509804 0.71372549 0.60000000
v -0.03653957 0.00817491 0.02036219 0.54509804 0.71372549 0.60000000
v -0.03661509 0.00686318 0.02078908 0.54509804 0.71372549 0.60000000
v -0.03676322 0.00566138 0.02074088 0.54509804 0.71372549 0.60000000
v -0.03658023 0.00314418 0.02170482 0.54509804 0.71372549 0.60000000
v -0.03685035 0.00440095 0.02074088 0.54509804 0.71372549 0.60000000
v -0.03507569 -0.00073237 0.02479630 0.54509804 0.71372549 0.60000000
v -0.03505535 -0.00062612 0.02485138 0.54509804 0.71372549 0.60000000
v -0.03452963 -0.00073237 0.02577400 0.54509804 0.71372549 0.60000000
v -0.03635077 0.00188741 0.02230383 0.54509804 0.71372549 0.60000000
v -0.03632754 0.00063065 0.02226252 0.54509804 0.71372549 0.60000000
v -0.03537485 -0.00073237 0.02421794 0.54509804 0.71372549 0.60000000
v -0.03583377 -0.00062612 0.02326088 0.54509804 0.71372549 0.60000000
v -0.03628978 -0.00062612 0.02217302 0.54509804 0.71372549 0.60000000
v -0.03792503 -0.00073237 0.00313528 0.54509804 0.71372549 0.60000000
v -0.03801798 -0.00062612 0.00439528 0.54509804 0.71372549 0.60000000
v -0.03810802 0.00063065 0.00439528 0.54509804 0.71372549 0.60000000
v -0.03815740 0.00188741 0.00439528 0.54509804 0.71372549 0.60000000
v -0.03818644 0.00314418 0.00439528 0.54509804 0.71372549 0.60000000
v -0.03825905 0.00314418 0.00565529 0.54509804 0.71372549 0.60000000
v -0.03830843 0.00314418 0.00691529 0.54509804 0.71372549 0.60000000
v -0.03830553 0.00440095 0.00691529 0.54509804 0.71372549 0.60000000
v -0.03833747 0.00440095 0.00942841 0.54509804 0.71372549 0.60000000
v -0.03831714 0.00566138 0.00942841 0.54509804 0.71372549 0.60000000
v -0.03829681 0.00566138 0.01068152 0.54509804 0.71372549 0.60000000
v -0.03818644 0.00691814 0.01068152 0.54509804 0.71372549 0.60000000
v -0.03803540 0.00817491 0.01068152 0.54509804 0.71372549 0.60000000
v -0.03774495 0.01020845 0.01033726 0.54509804 0.71372549 0.60000000
v -0.03764039 0.01065180 0.01072283 0.54509804 0.71372549 0.60000000
v -0.03739931 0.01194520 0.01068152 0.54509804 0.71372549 0.60000000
v -0.03765781 0.01098889 0.00942841 0.54509804 0.71372549 0.60000000
v -0.03746611 0.01194520 0.00942841 0.54509804 0.71372549 0.60000000
v -0.03712919 0.01320563 0.00942841 0.54509804 0.71372549 0.60000000
v -0.03669351 0.01443309 0.00942841 0.54509804 0.71372549 0.60000000
v -0.03644953 0.01505964 0.00942841 0.54509804 0.71372549 0.60000000
v -0.03545618 0.01708585 0.00571725 0.54509804 0.71372549 0.60000000
v -0.03554331 0.01697593 0.00691529 0.54509804 0.71372549 0.60000000
v -0.03615617 0.01571916 0.00816840 0.54509804 0.71372549 0.60000000
v -0.03521801 0.01763179 0.00816840 0.54509804 0.71372549 0.60000000
v -0.03486075 0.01824369 0.00691529 0.54509804 0.71372549 0.60000000
v -0.03521801 0.01763179 0.00942841 0.54509804 0.71372549 0.60000000
v -0.03485494 0.01825468 0.00942841 0.54509804 0.71372549 0.60000000
v -0.03385869 0.01996579 0.00691529 0.54509804 0.71372549 0.60000000
v -0.03422756 0.01928428 0.00942841 0.54509804 0.71372549 0.60000000
v -0.03420432 0.01925863 0.01068152 0.54509804 0.71372549 0.60000000
v -0.03282177 0.02154865 0.00816840 0.54509804 0.71372549 0.60000000
v -0.03233671 0.02217887 0.00816840 0.54509804 0.71372549 0.60000000
v -0.03170643 0.02297396 0.00816840 0.54509804 0.71372549 0.60000000
v -0.03118942 0.02360418 0.00816840 0.54509804 0.71372549 0.60000000
v -0.03056204 0.02431867 0.00816840 0.54509804 0.71372549 0.60000000
v -0.02999856 0.02494888 0.00816840 0.54509804 0.71372549 0.60000000
v -0.02811643 0.02679189 0.00439528 0.54509804 0.71372549 0.60000000
v -0.02813385 0.02681388 0.00565529 0.54509804 0.71372549 0.60000000
v -0.02936828 0.02560474 0.00816840 0.54509804 0.71372549 0.60000000
v -0.02813095 0.02680655 0.00691529 0.54509804 0.71372549 0.60000000
v -0.02873219 0.02623129 0.00816840 0.54509804 0.71372549 0.60000000
v -0.02736996 0.02742211 0.00439528 0.54509804 0.71372549 0.60000000
v -0.02674258 0.02793141 0.00439528 0.54509804 0.71372549 0.60000000
v -0.02676582 0.02793507 0.00565529 0.54509804 0.71372549 0.60000000
v -0.02589155 0.02856529 0.00565529 0.54509804 0.71372549 0.60000000
v -0.02526127 0.02899398 0.00565529 0.54509804 0.71372549 0.60000000
v -0.02451771 0.02947030 0.00565529 0.54509804 0.71372549 0.60000000
v -0.02302188 0.03041929 0.00565529 0.54509804 0.71372549 0.60000000
v -0.02136048 0.03142324 0.00439528 0.54509804 0.71372549 0.60000000
v -0.02200529 0.03101653 0.00565529 0.54509804 0.71372549 0.60000000
v -0.02132563 0.03140492 0.00565529 0.54509804 0.71372549 0.60000000
v -0.02065468 0.03172735 0.00691529 0.54509804 0.71372549 0.60000000
v -0.01951901 0.03237589 0.00565529 0.54509804 0.71372549 0.60000000
v -0.01888873 0.03270565 0.00565529 0.54509804 0.71372549 0.60000000
v -0.01823230 0.03303175 0.00565529 0.54509804 0.71372549 0.60000000
v -0.01634726 0.03394776 0.00626807 0.54509804 0.71372549 0.60000000
v -0.01446222 0.03477583 0.00565529 0.54509804 0.71372549 0.60000000
v -0.01446222 0.03476484 0.00691529 0.54509804 0.71372549 0.60000000
v -0.01358215 0.03510926 0.00439528 0.54509804 0.71372549 0.60000000
v -0.01360248 0.03512025 0.00565529 0.54509804 0.71372549 0.60000000
v -0.01292863 0.03534010 0.00314217 0.54509804 0.71372549 0.60000000
v -0.01194689 0.03569184 0.00314217 0.54509804 0.71372549 0.60000000
v -0.01068923 0.03603993 0.00188217 0.54509804 0.71372549 0.60000000
v -0.00958551 0.03631473 0.00062216 0.54509804 0.71372549 0.60000000
v -0.00895523 0.03650893 0.00062216 0.54509804 0.71372549 0.60000000
v -0.00886519 0.03647961 -0.00030735 0.54509804 0.71372549 0.60000000
v -0.00867058 0.03658587 0.00062216 0.54509804 0.71372549 0.60000000
v -0.00867058 0.03134263 0.02624908 0.54509804 0.71372549 0.60000000
v -0.01068923 0.03043395 0.02677236 0.54509804 0.71372549 0.60000000
v -0.01165935 0.03029105 0.02656581 0.54509804 0.71372549 0.60000000
v -0.01320456 0.03000525 0.02613204 0.54509804 0.71372549 0.60000000
v -0.01446222 0.02910757 0.02666220 0.54509804 0.71372549 0.60000000
v -0.01202532 0.03060249 0.02587040 0.54509804 0.71372549 0.60000000
v -0.01320456 0.03039364 0.02550548 0.54509804 0.71372549 0.60000000
v -0.01811903 0.02787278 0.02569138 0.54509804 0.71372549 0.60000000
v -0.01442736 0.02975244 0.02571204 0.54509804 0.71372549 0.60000000
v -0.01482529 0.03005655 0.02492712 0.54509804 0.71372549 0.60000000
v -0.01573731 0.02986602 0.02451400 0.54509804 0.71372549 0.60000000
v -0.01616718 0.03009319 0.02372220 0.54509804 0.71372549 0.60000000
v -0.01696883 0.02925046 0.02451400 0.54509804 0.71372549 0.60000000
v -0.01738418 0.02879612 0.02493400 0.54509804 0.71372549 0.60000000
v -0.01894101 0.02770790 0.02521630 0.54509804 0.71372549 0.60000000
v -0.01978042 0.02745508 0.02480318 0.54509804 0.71372549 0.60000000
v -0.02129658 0.02635221 0.02505794 0.54509804 0.71372549 0.60000000
v -0.02409946 0.02406585 0.02537466 0.54509804 0.71372549 0.60000000
v -0.02322229 0.02448355 0.02573269 0.54509804 0.71372549 0.60000000
v -0.02206338 0.02612504 0.02458974 0.54509804 0.71372549 0.60000000
v -0.02320486 0.02542521 0.02442449 0.54509804 0.71372549 0.60000000
v -0.02393971 0.02518704 0.02394941 0.54509804 0.71372549 0.60000000
v -0.02357955 0.02490125 0.02478941 0.54509804 0.71372549 0.60000000
v -0.02369573 0.02373242 0.02621466 0.54509804 0.71372549 0.60000000
v -0.02456128 0.02329640 0.02582220 0.54509804 0.71372549 0.60000000
v -0.02541231 0.02286404 0.02542974 0.54509804 0.71372549 0.60000000
v -0.02661478 0.02282007 0.02413531 0.54509804 0.71372549 0.60000000
v -0.02776207 0.02271748 0.02277203 0.54509804 0.71372549 0.60000000
v -0.02823842 0.02195170 0.02317826 0.54509804 0.71372549 0.60000000
v -0.02871766 0.02116026 0.02359138 0.54509804 0.71372549 0.60000000
v -0.02899940 0.02146438 0.02275138 0.54509804 0.71372549 0.60000000
v -0.03019898 0.02014532 0.02267564 0.54509804 0.71372549 0.60000000
v -0.03105000 0.01947847 0.02204219 0.54509804 0.71372549 0.60000000
v -0.03157572 0.01905344 0.02165662 0.54509804 0.71372549 0.60000000
v -0.03268235 0.01759149 0.02135367 0.54509804 0.71372549 0.60000000
v -0.03291762 0.01670845 0.02200088 0.54509804 0.71372549 0.60000000
v -0.03378898 0.01603427 0.02097498 0.54509804 0.71372549 0.60000000
v -0.03410557 0.01565688 0.02063072 0.54509804 0.71372549 0.60000000
v -0.03460806 0.01446240 0.02074088 0.54509804 0.71372549 0.60000000
v -0.03506407 0.01329357 0.02083039 0.54509804 0.71372549 0.60000000
v -0.03518315 0.01376989 0.02004547 0.54509804 0.71372549 0.60000000
v -0.03532548 0.01293083 0.02047236 0.54509804 0.71372549 0.60000000
v -0.03594995 0.01194520 0.01948777 0.54509804 0.71372549 0.60000000
v -0.03548522 0.01202948 0.02083039 0.54509804 0.71372549 0.60000000
v -0.03629268 0.01069943 0.01947399 0.54509804 0.71372549 0.60000000
v -0.03651633 0.01028539 0.01904711 0.54509804 0.71372549 0.60000000
v -0.03657733 0.00934373 0.01947399 0.54509804 0.71372549 0.60000000
v -0.03678065 0.00817491 0.01948777 0.54509804 0.71372549 0.60000000
v -0.03696363 0.00691814 0.01948777 0.54509804 0.71372549 0.60000000
v -0.03708562 0.00566138 0.01948777 0.54509804 0.71372549 0.60000000
v -0.03656571 0.00188741 0.02167728 0.54509804 0.71372549 0.60000000
v -0.03686778 0.00314418 0.02074088 0.54509804 0.71372549 0.60000000
v -0.03682712 0.00063065 0.02074088 0.54509804 0.71372549 0.60000000
v -0.03714952 0.00440095 0.01948777 0.54509804 0.71372549 0.60000000
v -0.03504955 -0.00073237 0.02484449 0.54509804 0.71372549 0.60000000
v -0.03655119 0.00063065 0.02162908 0.54509804 0.71372549 0.60000000
v -0.03652795 -0.00062612 0.02154646 0.54509804 0.71372549 0.60000000
v -0.03582505 -0.00073237 0.02326088 0.54509804 0.71372549 0.60000000
v -0.03628978 -0.00073237 0.02215236 0.54509804 0.71372549 0.60000000
v -0.03800055 -0.00073237 0.00429889 0.54509804 0.71372549 0.60000000
v -0.03800636 -0.00073237 0.00439528 0.54509804 0.71372549 0.60000000
v -0.03807607 -0.00062612 0.00565529 0.54509804 0.71372549 0.60000000
v -0.03817191 0.00063065 0.00565529 0.54509804 0.71372549 0.60000000
v -0.03823001 0.00188741 0.00565529 0.54509804 0.71372549 0.60000000
v -0.03829100 0.00188741 0.00691529 0.54509804 0.71372549 0.60000000
v -0.03833747 0.00440095 0.01068152 0.54509804 0.71372549 0.60000000
v -0.03829391 0.00188741 0.00816840 0.54509804 0.71372549 0.60000000
v -0.03827938 0.00440095 0.01194153 0.54509804 0.71372549 0.60000000
v -0.03819515 0.00566138 0.01194153 0.54509804 0.71372549 0.60000000
v -0.03807607 0.00691814 0.01194153 0.54509804 0.71372549 0.60000000
v -0.03792503 0.00817491 0.01194153 0.54509804 0.71372549 0.60000000
v -0.03777690 0.00914588 0.01194153 0.54509804 0.71372549 0.60000000
v -0.03782337 0.00951228 0.01072283 0.54509804 0.71372549 0.60000000
v -0.03753582 0.01068844 0.01194153 0.54509804 0.71372549 0.60000000
v -0.03705077 0.01320563 0.01068152 0.54509804 0.71372549 0.60000000
v -0.03729184 0.01194520 0.01194153 0.54509804 0.71372549 0.60000000
v -0.03665575 0.01433782 0.01068152 0.54509804 0.71372549 0.60000000
v -0.03641467 0.01496437 0.01068152 0.54509804 0.71372549 0.60000000
v -0.03609227 0.01571916 0.01068152 0.54509804 0.71372549 0.60000000
v -0.03614746 0.01571916 0.00942841 0.54509804 0.71372549 0.60000000
v -0.03555203 0.01697593 0.00816840 0.54509804 0.71372549 0.60000000
v -0.03554622 0.01697593 0.00942841 0.54509804 0.71372549 0.60000000
v -0.03520929 0.01761347 0.01014447 0.54509804 0.71372549 0.60000000
v -0.03489270 0.01811178 0.01061267 0.54509804 0.71372549 0.60000000
v -0.03379188 0.01988518 0.01068152 0.54509804 0.71372549 0.60000000
v -0.03470681 0.01822903 0.01194153 0.54509804 0.71372549 0.60000000
v -0.03414043 0.01916336 0.01194153 0.54509804 0.71372549 0.60000000
v -0.03373089 0.01979358 0.01194153 0.54509804 0.71372549 0.60000000
v -0.03278110 0.02149735 0.00942841 0.54509804 0.71372549 0.60000000
v -0.03228733 0.02212391 0.00942841 0.54509804 0.71372549 0.60000000
v -0.03161058 0.02284206 0.01068152 0.54509804 0.71372549 0.60000000
v -0.03045167 0.02421241 0.01068152 0.54509804 0.71372549 0.60000000
v -0.03050395 0.02427836 0.00942841 0.54509804 0.71372549 0.60000000
v -0.02995790 0.02490491 0.00942841 0.54509804 0.71372549 0.60000000
v -0.02739320 0.02744409 0.00565529 0.54509804 0.71372549 0.60000000
v -0.02932762 0.02554978 0.00942841 0.54509804 0.71372549 0.60000000
v -0.02736706 0.02743676 0.00691529 0.54509804 0.71372549 0.60000000
v -0.02810481 0.02677723 0.00816840 0.54509804 0.71372549 0.60000000
v -0.02866538 0.02617633 0.00942841 0.54509804 0.71372549 0.60000000
v -0.02673677 0.02790576 0.00691529 0.54509804 0.71372549 0.60000000
v -0.02585670 0.02853597 0.00691529 0.54509804 0.71372549 0.60000000
v -0.02522642 0.02897199 0.00691529 0.54509804 0.71372549 0.60000000
v -0.02451771 0.02942634 0.00691529 0.54509804 0.71372549 0.60000000
v -0.02297540 0.03038998 0.00691529 0.54509804 0.71372549 0.60000000
v -0.02200529 0.03096523 0.00691529 0.54509804 0.71372549 0.60000000
v -0.02128206 0.03137927 0.00691529 0.54509804 0.71372549 0.60000000
v -0.02060240 0.03170170 0.00816840 0.54509804 0.71372549 0.60000000
v -0.01948997 0.03229894 0.00816840 0.54509804 0.71372549 0.60000000
v -0.01936797 0.03241253 0.00681201 0.54509804 0.71372549 0.60000000
v -0.01834267 0.03293649 0.00681201 0.54509804 0.71372549 0.60000000
v -0.01697464 0.03361433 0.00691529 0.54509804 0.71372549 0.60000000
v -0.01883354 0.03267634 0.00716316 0.54509804 0.71372549 0.60000000
v -0.01620784 0.03388181 0.00942841 0.54509804 0.71372549 0.60000000
v -0.01558046 0.03417859 0.00942841 0.54509804 0.71372549 0.60000000
v -0.01563275 0.03420424 0.00816840 0.54509804 0.71372549 0.60000000
v -0.01446222 0.03472820 0.00816840 0.54509804 0.71372549 0.60000000
v -0.01360829 0.03512025 0.00691529 0.54509804 0.71372549 0.60000000
v -0.01297510 0.03534742 0.00565529 0.54509804 0.71372549 0.60000000
v -0.01295186 0.03534742 0.00439528 0.54509804 0.71372549 0.60000000
v -0.01297800 0.03535475 0.00691529 0.54509804 0.71372549 0.60000000
v -0.01194689 0.03570650 0.00439528 0.54509804 0.71372549 0.60000000
v -0.01068923 0.03612786 0.00439528 0.54509804 0.71372549 0.60000000
v -0.01068923 0.03609122 0.00314217 0.54509804 0.71372549 0.60000000
v -0.00903365 0.03653091 0.00188217 0.54509804 0.71372549 0.60000000
v -0.00867058 0.03661152 0.00135200 0.54509804 0.71372549 0.60000000
v -0.00867058 0.03167239 0.02567072 0.54509804 0.71372549 0.60000000
v -0.00943157 0.03160644 0.02545728 0.54509804 0.71372549 0.60000000
v -0.00943157 0.03124004 0.02608384 0.54509804 0.71372549 0.60000000
v -0.01070376 0.03110813 0.02571204 0.54509804 0.71372549 0.60000000
v -0.01113363 0.03138293 0.02505105 0.54509804 0.71372549 0.60000000
v -0.01398588 0.03023975 0.02525072 0.54509804 0.71372549 0.60000000
v -0.01194689 0.03125103 0.02481007 0.54509804 0.71372549 0.60000000
v -0.01313485 0.03102752 0.02443138 0.54509804 0.71372549 0.60000000
v -0.01442736 0.03045593 0.02451400 0.54509804 0.71372549 0.60000000
v -0.01532777 0.03028372 0.02409400 0.54509804 0.71372549 0.60000000
v -0.01446222 0.03111546 0.02324023 0.54509804 0.71372549 0.60000000
v -0.01488338 0.03133896 0.02240711 0.54509804 0.71372549 0.60000000
v -0.01660286 0.03029838 0.02288219 0.54509804 0.71372549 0.60000000
v -0.01744227 0.03009319 0.02245531 0.54509804 0.71372549 0.60000000
v -0.01700368 0.02989533 0.02328154 0.54509804 0.71372549 0.60000000
v -0.01780824 0.02903428 0.02410089 0.54509804 0.71372549 0.60000000
v -0.01822940 0.02854697 0.02451400 0.54509804 0.71372549 0.60000000
v -0.01941445 0.02789110 0.02443827 0.54509804 0.71372549 0.60000000
v -0.02018996 0.02770424 0.02396318 0.54509804 0.71372549 0.60000000
v -0.02074472 0.02702639 0.02451400 0.54509804 0.71372549 0.60000000
v -0.02168289 0.02660136 0.02422482 0.54509804 0.71372549 0.60000000
v -0.02443929 0.02445790 0.02442449 0.54509804 0.71372549 0.60000000
v -0.02529613 0.02401088 0.02405958 0.54509804 0.71372549 0.60000000
v -0.02493596 0.02369944 0.02489958 0.54509804 0.71372549 0.60000000
v -0.02252230 0.02633022 0.02374285 0.54509804 0.71372549 0.60000000
v -0.02508990 0.02510277 0.02255171 0.54509804 0.71372549 0.60000000
v -0.02482850 0.02489392 0.02326088 0.54509804 0.71372549 0.60000000
v -0.02613263 0.02365547 0.02350187 0.54509804 0.71372549 0.60000000
v -0.02573761 0.02420142 0.02315072 0.54509804 0.71372549 0.60000000
v -0.02578699 0.02478400 0.02208351 0.54509804 0.71372549 0.60000000
v -0.02800605 0.02292999 0.02200088 0.54509804 0.71372549 0.60000000
v -0.02885708 0.02257092 0.02125039 0.54509804 0.71372549 0.60000000
v -0.02863634 0.02234008 0.02200088 0.54509804 0.71372549 0.60000000
v -0.02922015 0.02171353 0.02200088 0.54509804 0.71372549 0.60000000
v -0.02984753 0.02099904 0.02200088 0.54509804 0.71372549 0.60000000
v -0.03037906 0.02036883 0.02200088 0.54509804 0.71372549 0.60000000
v -0.03126203 0.01989250 0.02101629 0.54509804 0.71372549 0.60000000
v -0.03146245 0.02015265 0.02017629 0.54509804 0.71372549 0.60000000
v -0.03173257 0.01947847 0.02065138 0.54509804 0.71372549 0.60000000
v -0.03259521 0.01872001 0.01989400 0.54509804 0.71372549 0.60000000
v -0.03246451 0.01827300 0.02085793 0.54509804 0.71372549 0.60000000
v -0.03287405 0.01788461 0.02052055 0.54509804 0.71372549 0.60000000
v -0.03333006 0.01697959 0.02074777 0.54509804 0.71372549 0.60000000
v -0.03395744 0.01636403 0.02013498 0.54509804 0.71372549 0.60000000
v -0.03447445 0.01571916 0.01948777 0.54509804 0.71372549 0.60000000
v -0.03501469 0.01447705 0.01957039 0.54509804 0.71372549 0.60000000
v -0.03530805 0.01407035 0.01920547 0.54509804 0.71372549 0.60000000
v -0.03591510 0.01320563 0.01822776 0.54509804 0.71372549 0.60000000
v -0.03549394 0.01329357 0.01957039 0.54509804 0.71372549 0.60000000
v -0.03630430 0.01195620 0.01824153 0.54509804 0.71372549 0.60000000
v -0.03641467 0.01112446 0.01867530 0.54509804 0.71372549 0.60000000
v -0.03661799 0.01069943 0.01824153 0.54509804 0.71372549 0.60000000
v -0.03686778 0.00943167 0.01822776 0.54509804 0.71372549 0.60000000
v -0.03706529 0.00817491 0.01822776 0.54509804 0.71372549 0.60000000
v -0.03723085 0.00691814 0.01822776 0.54509804 0.71372549 0.60000000
v -0.03734703 0.00566138 0.01822776 0.54509804 0.71372549 0.60000000
v -0.03716404 0.00314418 0.01948777 0.54509804 0.71372549 0.60000000
v -0.03716985 0.00188741 0.01948777 0.54509804 0.71372549 0.60000000
v -0.03715823 0.00063065 0.01948777 0.54509804 0.71372549 0.60000000
v -0.03676903 -0.00062612 0.02074088 0.54509804 0.71372549 0.60000000
v -0.03739350 0.00440095 0.01822776 0.54509804 0.71372549 0.60000000
v -0.03744869 0.00188741 0.01822776 0.54509804 0.71372549 0.60000000
v -0.03652214 -0.00073237 0.02153269 0.54509804 0.71372549 0.60000000
v -0.03675741 -0.00073237 0.02075465 0.54509804 0.71372549 0.60000000
v -0.03806445 -0.00073237 0.00565529 0.54509804 0.71372549 0.60000000
v -0.03808478 -0.00073237 0.00680512 0.54509804 0.71372549 0.60000000
v -0.03821548 0.00063065 0.00691529 0.54509804 0.71372549 0.60000000
v -0.03823001 0.00063065 0.00816840 0.54509804 0.71372549 0.60000000
v -0.03826196 0.00314418 0.01194153 0.54509804 0.71372549 0.60000000
v -0.03818644 0.00314418 0.01320153 0.54509804 0.71372549 0.60000000
v -0.03815449 0.00440095 0.01320153 0.54509804 0.71372549 0.60000000
v -0.03804992 0.00566138 0.01320153 0.54509804 0.71372549 0.60000000
v -0.03773914 0.00647846 0.01526022 0.54509804 0.71372549 0.60000000
v -0.03769557 0.00731752 0.01485399 0.54509804 0.71372549 0.60000000
v -0.03764620 0.00816025 0.01444776 0.54509804 0.71372549 0.60000000
v -0.03769267 0.00856696 0.01358022 0.54509804 0.71372549 0.60000000
v -0.03773623 0.00891871 0.01274021 0.54509804 0.71372549 0.60000000
v -0.03762005 0.00937671 0.01317399 0.54509804 0.71372549 0.60000000
v -0.03747483 0.00943167 0.01445464 0.54509804 0.71372549 0.60000000
v -0.03739931 0.01068844 0.01320153 0.54509804 0.71372549 0.60000000
v -0.03693459 0.01320563 0.01194153 0.54509804 0.71372549 0.60000000
v -0.03659766 0.01419859 0.01194153 0.54509804 0.71372549 0.60000000
v -0.03725699 0.01068844 0.01445464 0.54509804 0.71372549 0.60000000
v -0.03710886 0.01068844 0.01571464 0.54509804 0.71372549 0.60000000
v -0.03699268 0.01194520 0.01445464 0.54509804 0.71372549 0.60000000
v -0.03679517 0.01320563 0.01320153 0.54509804 0.71372549 0.60000000
v -0.03636530 0.01482514 0.01194153 0.54509804 0.71372549 0.60000000
v -0.03599933 0.01571916 0.01194153 0.54509804 0.71372549 0.60000000
v -0.03545327 0.01707852 0.01061267 0.54509804 0.71372549 0.60000000
v -0.03546780 0.01686234 0.01194153 0.54509804 0.71372549 0.60000000
v -0.03518315 0.01756584 0.01098447 0.54509804 0.71372549 0.60000000
v -0.03273754 0.02143873 0.01044054 0.54509804 0.71372549 0.60000000
v -0.03514249 0.01748889 0.01194153 0.54509804 0.71372549 0.60000000
v -0.03457030 0.01822903 0.01320153 0.54509804 0.71372549 0.60000000
v -0.03407072 0.01904977 0.01320153 0.54509804 0.71372549 0.60000000
v -0.03399810 0.01893253 0.01445464 0.54509804 0.71372549 0.60000000
v -0.03364665 0.01967999 0.01320153 0.54509804 0.71372549 0.60000000
v -0.03310060 0.02068027 0.01194153 0.54509804 0.71372549 0.60000000
v -0.03153797 0.02275778 0.01194153 0.54509804 0.71372549 0.60000000
v -0.03101805 0.02338434 0.01194153 0.54509804 0.71372549 0.60000000
v -0.03038777 0.02413180 0.01194153 0.54509804 0.71372549 0.60000000
v -0.02988238 0.02484262 0.01068152 0.54509804 0.71372549 0.60000000
v -0.02925500 0.02546184 0.01068152 0.54509804 0.71372549 0.60000000
v -0.02732349 0.02740379 0.00816840 0.54509804 0.71372549 0.60000000
v -0.02803800 0.02671861 0.00942841 0.54509804 0.71372549 0.60000000
v -0.02726540 0.02734883 0.00942841 0.54509804 0.71372549 0.60000000
v -0.02856663 0.02609206 0.01068152 0.54509804 0.71372549 0.60000000
v -0.02793635 0.02663800 0.01068152 0.54509804 0.71372549 0.60000000
v -0.02669321 0.02787278 0.00816840 0.54509804 0.71372549 0.60000000
v -0.02663802 0.02783248 0.00942841 0.54509804 0.71372549 0.60000000
v -0.02518285 0.02894268 0.00783791 0.54509804 0.71372549 0.60000000
v -0.02463389 0.02927245 0.00822349 0.54509804 0.71372549 0.60000000
v -0.02349531 0.02992831 0.00942841 0.54509804 0.71372549 0.60000000
v -0.02355050 0.02996861 0.00816840 0.54509804 0.71372549 0.60000000
v -0.02292312 0.03035334 0.00816840 0.54509804 0.71372549 0.60000000
v -0.02286794 0.03031670 0.00942841 0.54509804 0.71372549 0.60000000
v -0.02200529 0.03082600 0.00942841 0.54509804 0.71372549 0.60000000
v -0.02122978 0.03134996 0.00816840 0.54509804 0.71372549 0.60000000
v -0.02116298 0.03131332 0.00942841 0.54509804 0.71372549 0.60000000
v -0.02053269 0.03166140 0.00942841 0.54509804 0.71372549 0.60000000
v -0.01866798 0.03259207 0.01068152 0.54509804 0.71372549 0.60000000
v -0.01879288 0.03265435 0.00816840 0.54509804 0.71372549 0.60000000
v -0.01873188 0.03262504 0.00942841 0.54509804 0.71372549 0.60000000
v -0.01816550 0.03296946 0.00816840 0.54509804 0.71372549 0.60000000
v -0.01697464 0.03350441 0.00942841 0.54509804 0.71372549 0.60000000
v -0.01697464 0.03343846 0.01068152 0.54509804 0.71372549 0.60000000
v -0.01613233 0.03384883 0.01068152 0.54509804 0.71372549 0.60000000
v -0.01446222 0.03466958 0.00942841 0.54509804 0.71372549 0.60000000
v -0.01550495 0.03413463 0.01068152 0.54509804 0.71372549 0.60000000
v -0.01356181 0.03510193 0.00816840 0.54509804 0.71372549 0.60000000
v -0.01293444 0.03534010 0.00816840 0.54509804 0.71372549 0.60000000
v -0.01194689 0.03571016 0.00691529 0.54509804 0.71372549 0.60000000
v -0.01194689 0.03571383 0.00565529 0.54509804 0.71372549 0.60000000
v -0.00979754 0.03639534 0.00439528 0.54509804 0.71372549 0.60000000
v -0.01068923 0.03612786 0.00565529 0.54509804 0.71372549 0.60000000
v -0.00980335 0.03639534 0.00565529 0.54509804 0.71372549 0.60000000
v -0.00867058 0.03669579 0.00439528 0.54509804 0.71372549 0.60000000
v -0.00867058 0.03214505 0.02483072 0.54509804 0.71372549 0.60000000
v -0.00943157 0.03211941 0.02451400 0.54509804 0.71372549 0.60000000
v -0.00870544 0.03266535 0.02383925 0.54509804 0.71372549 0.60000000
v -0.00943157 0.03257008 0.02363269 0.54509804 0.71372549 0.60000000
v -0.01070376 0.03173834 0.02458285 0.54509804 0.71372549 0.60000000
v -0.01070666 0.03242718 0.02321269 0.54509804 0.71372549 0.60000000
v -0.01194689 0.03158079 0.02418351 0.54509804 0.71372549 0.60000000
v -0.01350953 0.03130599 0.02364646 0.54509804 0.71372549 0.60000000
v -0.01267012 0.03146721 0.02395630 0.54509804 0.71372549 0.60000000
v -0.01404397 0.03152217 0.02280646 0.54509804 0.71372549 0.60000000
v -0.01446222 0.03169438 0.02199400 0.54509804 0.71372549 0.60000000
v -0.01527549 0.03151484 0.02157400 0.54509804 0.71372549 0.60000000
v -0.01611490 0.03132797 0.02111957 0.54509804 0.71372549 0.60000000
v -0.01570536 0.03113378 0.02199400 0.54509804 0.71372549 0.60000000
v -0.01700368 0.03050356 0.02202154 0.54509804 0.71372549 0.60000000
v -0.01781695 0.03028739 0.02162219 0.54509804 0.71372549 0.60000000
v -0.01823521 0.02986602 0.02202154 0.54509804 0.71372549 0.60000000
v -0.01822940 0.02925413 0.02324711 0.54509804 0.71372549 0.60000000
v -0.01864475 0.02878879 0.02365335 0.54509804 0.71372549 0.60000000
v -0.01902524 0.02901963 0.02282023 0.54509804 0.71372549 0.60000000
v -0.02066630 0.02785080 0.02314383 0.54509804 0.71372549 0.60000000
v -0.02139243 0.02767126 0.02264810 0.54509804 0.71372549 0.60000000
v -0.02102937 0.02744043 0.02348810 0.54509804 0.71372549 0.60000000
v -0.02227251 0.02741111 0.02200088 0.54509804 0.71372549 0.60000000
v -0.02255425 0.02760531 0.02125728 0.54509804 0.71372549 0.60000000
v -0.02537455 0.02532261 0.02171859 0.54509804 0.71372549 0.60000000
v -0.02621396 0.02498186 0.02103006 0.54509804 0.71372549 0.60000000
v -0.02753261 0.02377639 0.02116088 0.54509804 0.71372549 0.60000000
v -0.02777660 0.02399257 0.02032088 0.54509804 0.71372549 0.60000000
v -0.02861020 0.02359318 0.01948777 0.54509804 0.71372549 0.60000000
v -0.02904878 0.02275778 0.02041039 0.54509804 0.71372549 0.60000000
v -0.03007699 0.02252695 0.01862022 0.54509804 0.71372549 0.60000000
v -0.02988529 0.02232543 0.01948777 0.54509804 0.71372549 0.60000000
v -0.03027740 0.02148636 0.02033465 0.54509804 0.71372549 0.60000000
v -0.03007699 0.02126286 0.02116777 0.54509804 0.71372549 0.60000000
v -0.03076826 0.02070959 0.02067203 0.54509804 0.71372549 0.60000000
v -0.03109067 0.02096973 0.01948777 0.54509804 0.71372549 0.60000000
v -0.03160767 0.02033952 0.01948777 0.54509804 0.71372549 0.60000000
v -0.03277530 0.01897649 0.01905399 0.54509804 0.71372549 0.60000000
v -0.03305994 0.01827300 0.01948088 0.54509804 0.71372549 0.60000000
v -0.03371636 0.01720676 0.01948777 0.54509804 0.71372549 0.60000000
v -0.03387321 0.01747424 0.01864088 0.54509804 0.71372549 0.60000000
v -0.03407072 0.01657655 0.01948777 0.54509804 0.71372549 0.60000000
v -0.03424208 0.01702356 0.01822088 0.54509804 0.71372549 0.60000000
v -0.03490722 0.01563855 0.01817268 0.54509804 0.71372549 0.60000000
v -0.03512216 0.01490941 0.01855826 0.54509804 0.71372549 0.60000000
v -0.03541842 0.01447705 0.01817268 0.54509804 0.71372549 0.60000000
v -0.03573211 0.01446240 0.01696776 0.54509804 0.71372549 0.60000000
v -0.03624912 0.01315067 0.01695399 0.54509804 0.71372549 0.60000000
v -0.03640886 0.01238122 0.01736022 0.54509804 0.71372549 0.60000000
v -0.03652214 0.01154216 0.01783530 0.54509804 0.71372549 0.60000000
v -0.03689683 0.01068844 0.01696776 0.54509804 0.71372549 0.60000000
v -0.03712048 0.00943167 0.01696776 0.54509804 0.71372549 0.60000000
v -0.03730346 0.00817491 0.01696776 0.54509804 0.71372549 0.60000000
v -0.03745740 0.00691814 0.01696776 0.54509804 0.71372549 0.60000000
v -0.03757068 0.00566138 0.01696776 0.54509804 0.71372549 0.60000000
v -0.03771591 0.00489559 0.01631366 0.54509804 0.71372549 0.60000000
v -0.03708562 -0.00062612 0.01948777 0.54509804 0.71372549 0.60000000
v -0.03742545 0.00063065 0.01822776 0.54509804 0.71372549 0.60000000
v -0.03763167 0.00444858 0.01687137 0.54509804 0.71372549 0.60000000
v -0.03774204 0.00314418 0.01647202 0.54509804 0.71372549 0.60000000
v -0.03765200 0.00188741 0.01716743 0.54509804 0.71372549 0.60000000
v -0.03707400 -0.00073237 0.01948777 0.54509804 0.71372549 0.60000000
v -0.03810511 -0.00073237 0.00816840 0.54509804 0.71372549 0.60000000
v -0.03811673 -0.00062612 0.00816840 0.54509804 0.71372549 0.60000000
v -0.03810511 -0.00062612 0.00942841 0.54509804 0.71372549 0.60000000
v -0.03819515 0.00063065 0.00942841 0.54509804 0.71372549 0.60000000
v -0.03809349 0.00188741 0.01320153 0.54509804 0.71372549 0.60000000
v -0.03798893 0.00188741 0.01445464 0.54509804 0.71372549 0.60000000
v -0.03773623 0.00108865 0.01647891 0.54509804 0.71372549 0.60000000
v -0.03785533 0.00188741 0.01571464 0.54509804 0.71372549 0.60000000
v -0.03804121 0.00314418 0.01445464 0.54509804 0.71372549 0.60000000
v -0.03799474 0.00440095 0.01445464 0.54509804 0.71372549 0.60000000
v -0.03777690 0.00566138 0.01550809 0.54509804 0.71372549 0.60000000
v -0.03790470 0.00566138 0.01445464 0.54509804 0.71372549 0.60000000
v -0.03769557 0.00566138 0.01614153 0.54509804 0.71372549 0.60000000
v -0.03764039 0.00690715 0.01569399 0.54509804 0.71372549 0.60000000
v -0.03749807 0.00817491 0.01571464 0.54509804 0.71372549 0.60000000
v -0.03732089 0.00943167 0.01571464 0.54509804 0.71372549 0.60000000
v -0.03653086 0.01402271 0.01320153 0.54509804 0.71372549 0.60000000
v -0.03684164 0.01194520 0.01571464 0.54509804 0.71372549 0.60000000
v -0.03662670 0.01327525 0.01442710 0.54509804 0.71372549 0.60000000
v -0.03643210 0.01374058 0.01483333 0.54509804 0.71372549 0.60000000
v -0.03629559 0.01464926 0.01320153 0.54509804 0.71372549 0.60000000
v -0.03585700 0.01571916 0.01320153 0.54509804 0.71372549 0.60000000
v -0.03539809 0.01672678 0.01320153 0.54509804 0.71372549 0.60000000
v -0.03507569 0.01735699 0.01320153 0.54509804 0.71372549 0.60000000
v -0.03268526 0.02136911 0.01128054 0.54509804 0.71372549 0.60000000
v -0.03211887 0.02200299 0.01194153 0.54509804 0.71372549 0.60000000
v -0.03395454 0.01887024 0.01512251 0.54509804 0.71372549 0.60000000
v -0.03301928 0.02055203 0.01320153 0.54509804 0.71372549 0.60000000
v -0.03355371 0.01956274 0.01445464 0.54509804 0.71372549 0.60000000
v -0.03264169 0.02130682 0.01194153 0.54509804 0.71372549 0.60000000
v -0.03147407 0.02268450 0.01282284 0.54509804 0.71372549 0.60000000
v -0.03029192 0.02401821 0.01320153 0.54509804 0.71372549 0.60000000
v -0.02978944 0.02476201 0.01194153 0.54509804 0.71372549 0.60000000
v -0.02915915 0.02536292 0.01194153 0.54509804 0.71372549 0.60000000
v -0.02718117 0.02726455 0.01068152 0.54509804 0.71372549 0.60000000
v -0.02655088 0.02777019 0.01068152 0.54509804 0.71372549 0.60000000
v -0.02905168 0.02526399 0.01320153 0.54509804 0.71372549 0.60000000
v -0.02781145 0.02653174 0.01194153 0.54509804 0.71372549 0.60000000
v -0.02647246 0.02771157 0.01154218 0.54509804 0.71372549 0.60000000
v -0.02577537 0.02830514 0.01068152 0.54509804 0.71372549 0.60000000
v -0.02577537 0.02842239 0.00942841 0.54509804 0.71372549 0.60000000
v -0.02508990 0.02888039 0.00942841 0.54509804 0.71372549 0.60000000
v -0.02446252 0.02929809 0.00942841 0.54509804 0.71372549 0.60000000
v -0.02437829 0.02923581 0.01068152 0.54509804 0.71372549 0.60000000
v -0.02340818 0.02986602 0.01068152 0.54509804 0.71372549 0.60000000
v -0.02278080 0.03026540 0.01068152 0.54509804 0.71372549 0.60000000
v -0.02200529 0.03073073 0.01068152 0.54509804 0.71372549 0.60000000
v -0.02108165 0.03126935 0.01068152 0.54509804 0.71372549 0.60000000
v -0.02045427 0.03161377 0.01068152 0.54509804 0.71372549 0.60000000
v -0.01857213 0.03254443 0.01194153 0.54509804 0.71372549 0.60000000
v -0.01804060 0.03290717 0.01068152 0.54509804 0.71372549 0.60000000
v -0.01810450 0.03294381 0.00942841 0.54509804 0.71372549 0.60000000
v -0.01794475 0.03285588 0.01194153 0.54509804 0.71372549 0.60000000
v -0.01697464 0.03332487 0.01194153 0.54509804 0.71372549 0.60000000
v -0.01598710 0.03378654 0.01194153 0.54509804 0.71372549 0.60000000
v -0.01345725 0.03506529 0.00942841 0.54509804 0.71372549 0.60000000
v -0.01446222 0.03456698 0.01068152 0.54509804 0.71372549 0.60000000
v -0.01535682 0.03406501 0.01194153 0.54509804 0.71372549 0.60000000
v -0.01194689 0.03566986 0.00816840 0.54509804 0.71372549 0.60000000
v -0.01282987 0.03529613 0.00942841 0.54509804 0.71372549 0.60000000
v -0.01068923 0.03610588 0.00691529 0.54509804 0.71372549 0.60000000
v -0.00867058 0.03669945 0.00502184 0.54509804 0.71372549 0.60000000
v -0.00917597 0.03656022 0.00565529 0.54509804 0.71372549 0.60000000
v -0.00973074 0.03637702 0.00691529 0.54509804 0.71372549 0.60000000
v -0.00867058 0.03667381 0.00632316 0.54509804 0.71372549 0.60000000
v -0.00867058 0.03232825 0.02449335 0.54509804 0.71372549 0.60000000
v -0.00867058 0.03266901 0.02384613 0.54509804 0.71372549 0.60000000
v -0.00867058 0.03295481 0.02322646 0.54509804 0.71372549 0.60000000
v -0.00943157 0.03286687 0.02300613 0.54509804 0.71372549 0.60000000
v -0.01113653 0.03264336 0.02252416 0.54509804 0.71372549 0.60000000
v -0.01194689 0.03250779 0.02224187 0.54509804 0.71372549 0.60000000
v -0.01313485 0.03164308 0.02324023 0.54509804 0.71372549 0.60000000
v -0.01258299 0.03269099 0.02138121 0.54509804 0.71372549 0.60000000
v -0.01342240 0.03253344 0.02098186 0.54509804 0.71372549 0.60000000
v -0.01435475 0.03229894 0.02063760 0.54509804 0.71372549 0.60000000
v -0.01570536 0.03167972 0.02072022 0.54509804 0.71372549 0.60000000
v -0.01648668 0.03150018 0.02027957 0.54509804 0.71372549 0.60000000
v -0.01693398 0.03110080 0.02072022 0.54509804 0.71372549 0.60000000
v -0.01823521 0.03044494 0.02070646 0.54509804 0.71372549 0.60000000
v -0.01865346 0.03006021 0.02109891 0.54509804 0.71372549 0.60000000
v -0.01946382 0.02919184 0.02193892 0.54509804 0.71372549 0.60000000
v -0.02021029 0.02897199 0.02147760 0.54509804 0.71372549 0.60000000
v -0.02164513 0.02783248 0.02200088 0.54509804 0.71372549 0.60000000
v -0.02208371 0.02811461 0.02080285 0.54509804 0.71372549 0.60000000
v -0.02282727 0.02779584 0.02041727 0.54509804 0.71372549 0.60000000
v -0.02508990 0.02635953 0.02001105 0.54509804 0.71372549 0.60000000
v -0.02484302 0.02619099 0.02074088 0.54509804 0.71372549 0.60000000
v -0.02578699 0.02549849 0.02066514 0.54509804 0.71372549 0.60000000
v -0.02644632 0.02518338 0.02019695 0.54509804 0.71372549 0.60000000
v -0.02725088 0.02480232 0.01948777 0.54509804 0.71372549 0.60000000
v -0.02798282 0.02417210 0.01948777 0.54509804 0.71372549 0.60000000
v -0.02925500 0.02296297 0.01948777 0.54509804 0.71372549 0.60000000
v -0.02881061 0.02378371 0.01857891 0.54509804 0.71372549 0.60000000
v -0.03024835 0.02270649 0.01778022 0.54509804 0.71372549 0.60000000
v -0.03077407 0.02196635 0.01814514 0.54509804 0.71372549 0.60000000
v -0.03129689 0.02121522 0.01851006 0.54509804 0.71372549 0.60000000
v -0.03046329 0.02169521 0.01948777 0.54509804 0.71372549 0.60000000
v -0.03178775 0.02077554 0.01814514 0.54509804 0.71372549 0.60000000
v -0.03248484 0.01983022 0.01822776 0.54509804 0.71372549 0.60000000
v -0.03292924 0.01920367 0.01822776 0.54509804 0.71372549 0.60000000
v -0.03359147 0.01817407 0.01822088 0.54509804 0.71372549 0.60000000
v -0.03401263 0.01771973 0.01780088 0.54509804 0.71372549 0.60000000
v -0.03459934 0.01697593 0.01696776 0.54509804 0.71372549 0.60000000
v -0.03505535 0.01600496 0.01696776 0.54509804 0.71372549 0.60000000
v -0.03523834 0.01516589 0.01771826 0.54509804 0.71372549 0.60000000
v -0.03515701 0.01623579 0.01606579 0.54509804 0.71372549 0.60000000
v -0.03599933 0.01446240 0.01571464 0.54509804 0.71372549 0.60000000
v -0.03636239 0.01353906 0.01571464 0.54509804 0.71372549 0.60000000
v -0.03650181 0.01269267 0.01652022 0.54509804 0.71372549 0.60000000
v -0.03661509 0.01195620 0.01695399 0.54509804 0.71372549 0.60000000
v -0.03780304 0.00444858 0.01582481 0.54509804 0.71372549 0.60000000
v -0.03786694 0.00314418 0.01571464 0.54509804 0.71372549 0.60000000
v -0.03732379 -0.00062612 0.01822776 0.54509804 0.71372549 0.60000000
v -0.03763458 0.00065263 0.01692645 0.54509804 0.71372549 0.60000000
v -0.03774785 0.00188741 0.01653399 0.54509804 0.71372549 0.60000000
v -0.03731217 -0.00073237 0.01822776 0.54509804 0.71372549 0.60000000
v -0.03809349 -0.00073237 0.00942841 0.54509804 0.71372549 0.60000000
v -0.03801507 -0.00073237 0.01068152 0.54509804 0.71372549 0.60000000
v -0.03791922 -0.00073237 0.01194841 0.54509804 0.71372549 0.60000000
v -0.03776528 0.00065263 0.01561825 0.54509804 0.71372549 0.60000000
v -0.03748935 -0.00062612 0.01696776 0.54509804 0.71372549 0.60000000
v -0.03769267 0.00024959 0.01597628 0.54509804 0.71372549 0.60000000
v -0.03656861 0.01291251 0.01571464 0.54509804 0.71372549 0.60000000
v -0.03623750 0.01436347 0.01442710 0.54509804 0.71372549 0.60000000
v -0.03566531 0.01571916 0.01445464 0.54509804 0.71372549 0.60000000
v -0.03529643 0.01653991 0.01445464 0.54509804 0.71372549 0.60000000
v -0.03499145 0.01716646 0.01445464 0.54509804 0.71372549 0.60000000
v -0.03441055 0.01822903 0.01445464 0.54509804 0.71372549 0.60000000
v -0.03254874 0.02118225 0.01320153 0.54509804 0.71372549 0.60000000
v -0.03419561 0.01828399 0.01561137 0.54509804 0.71372549 0.60000000
v -0.03387902 0.01874200 0.01596251 0.54509804 0.71372549 0.60000000
v -0.03351595 0.01936855 0.01561137 0.54509804 0.71372549 0.60000000
v -0.03283048 0.02029921 0.01571464 0.54509804 0.71372549 0.60000000
v -0.03292633 0.02042745 0.01445464 0.54509804 0.71372549 0.60000000
v -0.03100644 0.02316449 0.01322218 0.54509804 0.71372549 0.60000000
v -0.03140436 0.02259657 0.01366284 0.54509804 0.71372549 0.60000000
v -0.03132593 0.02250496 0.01445464 0.54509804 0.71372549 0.60000000
v -0.03119232 0.02234741 0.01571464 0.54509804 0.71372549 0.60000000
v -0.03020769 0.02392295 0.01395890 0.54509804 0.71372549 0.60000000
v -0.02896745 0.02519071 0.01398645 0.54509804 0.71372549 0.60000000
v -0.02967906 0.02464476 0.01320153 0.54509804 0.71372549 0.60000000
v -0.02761104 0.02636320 0.01363530 0.54509804 0.71372549 0.60000000
v -0.02750357 0.02627526 0.01445464 0.54509804 0.71372549 0.60000000
v -0.02687619 0.02676624 0.01445464 0.54509804 0.71372549 0.60000000
v -0.02669901 0.02663067 0.01571464 0.54509804 0.71372549 0.60000000
v -0.02605130 0.02739279 0.01445464 0.54509804 0.71372549 0.60000000
v -0.02542102 0.02786545 0.01445464 0.54509804 0.71372549 0.60000000
v -0.02560110 0.02800102 0.01320153 0.54509804 0.71372549 0.60000000
v -0.02473265 0.02862757 0.01320153 0.54509804 0.71372549 0.60000000
v -0.02488949 0.02874482 0.01194153 0.54509804 0.71372549 0.60000000
v -0.02500567 0.02882543 0.01068152 0.54509804 0.71372549 0.60000000
v -0.02425921 0.02916252 0.01194153 0.54509804 0.71372549 0.60000000
v -0.02317291 0.02985503 0.01198284 0.54509804 0.71372549 0.60000000
v -0.02269076 0.03021044 0.01159038 0.54509804 0.71372549 0.60000000
v -0.02211276 0.03051089 0.01198284 0.54509804 0.71372549 0.60000000
v -0.02096256 0.03119607 0.01194153 0.54509804 0.71372549 0.60000000
v -0.01948997 0.03203513 0.01194153 0.54509804 0.71372549 0.60000000
v -0.02021610 0.03148919 0.01294677 0.54509804 0.71372549 0.60000000
v -0.01960905 0.03177499 0.01329792 0.54509804 0.71372549 0.60000000
v -0.01839496 0.03244917 0.01320153 0.54509804 0.71372549 0.60000000
v -0.01776758 0.03276794 0.01320153 0.54509804 0.71372549 0.60000000
v -0.01697464 0.03314167 0.01320153 0.54509804 0.71372549 0.60000000
v -0.01520578 0.03399539 0.01285726 0.54509804 0.71372549 0.60000000
v -0.01269917 0.03524849 0.01044742 0.54509804 0.71372549 0.60000000
v -0.01446222 0.03441676 0.01194153 0.54509804 0.71372549 0.60000000
v -0.01320456 0.03489308 0.01194153 0.54509804 0.71372549 0.60000000
v -0.01315228 0.03504331 0.01079169 0.54509804 0.71372549 0.60000000
v -0.01068923 0.03605092 0.00816840 0.54509804 0.71372549 0.60000000
v -0.01194689 0.03558925 0.00942841 0.54509804 0.71372549 0.60000000
v -0.01206889 0.03543170 0.01079169 0.54509804 0.71372549 0.60000000
v -0.00867058 0.03669213 0.00565529 0.54509804 0.71372549 0.60000000
v -0.00910336 0.03654190 0.00691529 0.54509804 0.71372549 0.60000000
v -0.00961165 0.03634771 0.00816840 0.54509804 0.71372549 0.60000000
v -0.00867058 0.03664816 0.00691529 0.54509804 0.71372549 0.60000000
v -0.00867058 0.03352640 0.02195269 0.54509804 0.71372549 0.60000000
v -0.00943157 0.03332121 0.02200088 0.54509804 0.71372549 0.60000000
v -0.01070666 0.03296213 0.02206285 0.54509804 0.71372549 0.60000000
v -0.01194689 0.03279725 0.02161531 0.54509804 0.71372549 0.60000000
v -0.01194689 0.03314167 0.02074088 0.54509804 0.71372549 0.60000000
v -0.01188009 0.03366197 0.01941203 0.54509804 0.71372549 0.60000000
v -0.01308257 0.03279725 0.02063760 0.54509804 0.71372549 0.60000000
v -0.01386389 0.03270199 0.02014186 0.54509804 0.71372549 0.60000000
v -0.01479043 0.03256642 0.01948777 0.54509804 0.71372549 0.60000000
v -0.01571988 0.03215604 0.01948777 0.54509804 0.71372549 0.60000000
v -0.01693398 0.03161743 0.01938449 0.54509804 0.71372549 0.60000000
v -0.01732318 0.03129133 0.01974252 0.54509804 0.71372549 0.60000000
v -0.01896425 0.03023242 0.02025891 0.54509804 0.71372549 0.60000000
v -0.01812774 0.03101286 0.01938449 0.54509804 0.71372549 0.60000000
v -0.01942606 0.02977808 0.02070646 0.54509804 0.71372549 0.60000000
v -0.02048332 0.02913688 0.02074088 0.54509804 0.71372549 0.60000000
v -0.02111069 0.02875582 0.02074088 0.54509804 0.71372549 0.60000000
v -0.02135467 0.02890238 0.02007301 0.54509804 0.71372549 0.60000000
v -0.02201981 0.02866788 0.01959104 0.54509804 0.71372549 0.60000000
v -0.02244968 0.02879978 0.01854448 0.54509804 0.71372549 0.60000000
v -0.02325133 0.02792774 0.01937072 0.54509804 0.71372549 0.60000000
v -0.02366087 0.02750271 0.01970810 0.54509804 0.71372549 0.60000000
v -0.02449447 0.02701540 0.01944646 0.54509804 0.71372549 0.60000000
v -0.02531936 0.02653174 0.01917793 0.54509804 0.71372549 0.60000000
v -0.02575214 0.02602611 0.01954973 0.54509804 0.71372549 0.60000000
v -0.02662350 0.02533727 0.01948777 0.54509804 0.71372549 0.60000000
v -0.02705337 0.02552047 0.01813826 0.54509804 0.71372549 0.60000000
v -0.02748905 0.02500384 0.01848940 0.54509804 0.71372549 0.60000000
v -0.02768365 0.02516872 0.01765629 0.54509804 0.71372549 0.60000000
v -0.02897326 0.02394127 0.01774580 0.54509804 0.71372549 0.60000000
v -0.03145954 0.02140575 0.01767694 0.54509804 0.71372549 0.60000000
v -0.02974296 0.02347594 0.01696776 0.54509804 0.71372549 0.60000000
v -0.03038777 0.02284938 0.01696776 0.54509804 0.71372549 0.60000000
v -0.03101805 0.02216054 0.01696776 0.54509804 0.71372549 0.60000000
v -0.03263297 0.02003907 0.01740153 0.54509804 0.71372549 0.60000000
v -0.03375703 0.01854047 0.01696776 0.54509804 0.71372549 0.60000000
v -0.03411719 0.01791759 0.01696776 0.54509804 0.71372549 0.60000000
v -0.03491594 0.01688433 0.01567333 0.54509804 0.71372549 0.60000000
v -0.03522962 0.01640067 0.01522579 0.54509804 0.71372549 0.60000000
v -0.03543004 0.01577779 0.01567333 0.54509804 0.71372549 0.60000000
v -0.03732670 -0.00073237 0.01812448 0.54509804 0.71372549 0.60000000
v -0.03761425 -0.00073237 0.01543923 0.54509804 0.71372549 0.60000000
v -0.03748645 -0.00073237 0.01686448 0.54509804 0.71372549 0.60000000
v -0.03747483 -0.00073237 0.01696776 0.54509804 0.71372549 0.60000000
v -0.03307446 0.01956640 0.01697465 0.54509804 0.71372549 0.60000000
v -0.03274625 0.02018929 0.01656153 0.54509804 0.71372549 0.60000000
v -0.03233962 0.02092943 0.01571464 0.54509804 0.71372549 0.60000000
v -0.03170933 0.02172086 0.01571464 0.54509804 0.71372549 0.60000000
v -0.03056495 0.02304724 0.01571464 0.54509804 0.71372549 0.60000000
v -0.03156120 0.02153033 0.01696776 0.54509804 0.71372549 0.60000000
v -0.03009732 0.02380936 0.01479891 0.54509804 0.71372549 0.60000000
v -0.02995499 0.02367746 0.01571464 0.54509804 0.71372549 0.60000000
v -0.02882804 0.02506247 0.01482645 0.54509804 0.71372549 0.60000000
v -0.02804672 0.02549482 0.01571464 0.54509804 0.71372549 0.60000000
v -0.02732639 0.02612504 0.01571464 0.54509804 0.71372549 0.60000000
v -0.02653636 0.02650610 0.01665793 0.54509804 0.71372549 0.60000000
v -0.02514219 0.02765660 0.01633432 0.54509804 0.71372549 0.60000000
v -0.02572309 0.02733783 0.01583169 0.54509804 0.71372549 0.60000000
v -0.02526998 0.02775187 0.01549432 0.54509804 0.71372549 0.60000000
v -0.02444219 0.02856529 0.01450973 0.54509804 0.71372549 0.60000000
v -0.02410527 0.02906360 0.01320153 0.54509804 0.71372549 0.60000000
v -0.02384967 0.02889139 0.01496415 0.54509804 0.71372549 0.60000000
v -0.02397166 0.02897566 0.01412415 0.54509804 0.71372549 0.60000000
v -0.02260362 0.03015548 0.01242349 0.54509804 0.71372549 0.60000000
v -0.02010863 0.03142690 0.01378677 0.54509804 0.71372549 0.60000000
v -0.01999245 0.03136461 0.01445464 0.54509804 0.71372549 0.60000000
v -0.01936216 0.03169804 0.01445464 0.54509804 0.71372549 0.60000000
v -0.01763978 0.03270565 0.01391071 0.54509804 0.71372549 0.60000000
v -0.01571988 0.03347510 0.01445464 0.54509804 0.71372549 0.60000000
v -0.01566179 0.03372792 0.01324284 0.54509804 0.71372549 0.60000000
v -0.01503732 0.03392211 0.01369038 0.54509804 0.71372549 0.60000000
v -0.01423857 0.03411997 0.01445464 0.54509804 0.71372549 0.60000000
v -0.01455517 0.03419325 0.01324284 0.54509804 0.71372549 0.60000000
v -0.01320456 0.03473186 0.01320153 0.54509804 0.71372549 0.60000000
v -0.01246390 0.03516789 0.01194153 0.54509804 0.71372549 0.60000000
v -0.01068923 0.03596665 0.00942841 0.54509804 0.71372549 0.60000000
v -0.01068923 0.03587504 0.01068152 0.54509804 0.71372549 0.60000000
v -0.01183362 0.03538773 0.01194153 0.54509804 0.71372549 0.60000000
v -0.01068923 0.03574680 0.01194153 0.54509804 0.71372549 0.60000000
v -0.00898427 0.03650526 0.00816840 0.54509804 0.71372549 0.60000000
v -0.00935024 0.03632939 0.00947660 0.54509804 0.71372549 0.60000000
v -0.00887680 0.03647961 0.00908414 0.54509804 0.71372549 0.60000000
v -0.00867058 0.03660785 0.00767955 0.54509804 0.71372549 0.60000000
v -0.00867058 0.03377922 0.02135367 0.54509804 0.71372549 0.60000000
v -0.00919340 0.03405768 0.02036908 0.54509804 0.71372549 0.60000000
v -0.00953904 0.03380120 0.02077531 0.54509804 0.71372549 0.60000000
v -0.01068923 0.03351540 0.02074088 0.54509804 0.71372549 0.60000000
v -0.01141536 0.03397707 0.01893694 0.54509804 0.71372549 0.60000000
v -0.01225478 0.03384517 0.01853071 0.54509804 0.71372549 0.60000000
v -0.01320456 0.03318198 0.01948777 0.54509804 0.71372549 0.60000000
v -0.01416305 0.03281924 0.01948777 0.54509804 0.71372549 0.60000000
v -0.01507798 0.03268367 0.01884055 0.54509804 0.71372549 0.60000000
v -0.01763687 0.03144889 0.01890252 0.54509804 0.71372549 0.60000000
v -0.01923146 0.03038265 0.01948777 0.54509804 0.71372549 0.60000000
v -0.01986175 0.03002724 0.01948777 0.54509804 0.71372549 0.60000000
v -0.02161027 0.02905993 0.01923990 0.54509804 0.71372549 0.60000000
v -0.02009120 0.03015914 0.01881301 0.54509804 0.71372549 0.60000000
v -0.02269076 0.02895368 0.01770448 0.54509804 0.71372549 0.60000000
v -0.02317001 0.02845170 0.01816580 0.54509804 0.71372549 0.60000000
v -0.02389614 0.02766760 0.01887498 0.54509804 0.71372549 0.60000000
v -0.02407041 0.02779584 0.01822776 0.54509804 0.71372549 0.60000000
v -0.02555463 0.02670762 0.01822776 0.54509804 0.71372549 0.60000000
v -0.02635628 0.02636686 0.01749793 0.54509804 0.71372549 0.60000000
v -0.02618201 0.02622397 0.01822776 0.54509804 0.71372549 0.60000000
v -0.02698656 0.02599680 0.01703661 0.54509804 0.71372549 0.60000000
v -0.02781726 0.02529330 0.01696776 0.54509804 0.71372549 0.60000000
v -0.02867410 0.02490858 0.01571464 0.54509804 0.71372549 0.60000000
v -0.03225538 0.02066562 0.01697465 0.54509804 0.71372549 0.60000000
v -0.02372768 0.02881444 0.01571464 0.54509804 0.71372549 0.60000000
v -0.02463970 0.02813659 0.01583169 0.54509804 0.71372549 0.60000000
v -0.02437539 0.02801934 0.01696776 0.54509804 0.71372549 0.60000000
v -0.02348660 0.02864589 0.01696776 0.54509804 0.71372549 0.60000000
v -0.02326295 0.02960587 0.01320153 0.54509804 0.71372549 0.60000000
v -0.02310320 0.02921382 0.01571464 0.54509804 0.71372549 0.60000000
v -0.02151442 0.03026540 0.01550120 0.54509804 0.71372549 0.60000000
v -0.02336461 0.02928710 0.01450973 0.54509804 0.71372549 0.60000000
v -0.02249325 0.03008586 0.01320153 0.54509804 0.71372549 0.60000000
v -0.02167708 0.03036433 0.01445464 0.54509804 0.71372549 0.60000000
v -0.02186297 0.03047059 0.01320153 0.54509804 0.71372549 0.60000000
v -0.02074763 0.03092493 0.01445464 0.54509804 0.71372549 0.60000000
v -0.02087252 0.03057318 0.01583858 0.54509804 0.71372549 0.60000000
v -0.01973975 0.03123637 0.01571464 0.54509804 0.71372549 0.60000000
v -0.01812774 0.03235757 0.01437891 0.54509804 0.71372549 0.60000000
v -0.01745679 0.03261771 0.01475071 0.54509804 0.71372549 0.60000000
v -0.01701240 0.03289985 0.01437891 0.54509804 0.71372549 0.60000000
v -0.01486885 0.03385249 0.01445464 0.54509804 0.71372549 0.60000000
v -0.01571988 0.03321495 0.01571464 0.54509804 0.71372549 0.60000000
v -0.01320456 0.03453034 0.01445464 0.54509804 0.71372549 0.60000000
v -0.01400911 0.03402104 0.01541858 0.54509804 0.71372549 0.60000000
v -0.01222573 0.03509094 0.01320153 0.54509804 0.71372549 0.60000000
v -0.00943157 0.03620481 0.01068152 0.54509804 0.71372549 0.60000000
v -0.00876062 0.03645396 0.00992415 0.54509804 0.71372549 0.60000000
v -0.01159835 0.03529613 0.01320153 0.54509804 0.71372549 0.60000000
v -0.00943157 0.03606924 0.01194153 0.54509804 0.71372549 0.60000000
v -0.01068923 0.03557826 0.01320153 0.54509804 0.71372549 0.60000000
v -0.00943157 0.03590436 0.01320153 0.54509804 0.71372549 0.60000000
v -0.00867058 0.03654556 0.00881562 0.54509804 0.71372549 0.60000000
v -0.00867058 0.03386715 0.02114022 0.54509804 0.71372549 0.60000000
v -0.00867058 0.03409432 0.02056875 0.54509804 0.71372549 0.60000000
v -0.00867058 0.03433615 0.01991465 0.54509804 0.71372549 0.60000000
v -0.00867058 0.03447538 0.01952908 0.54509804 0.71372549 0.60000000
v -0.00953904 0.03425188 0.01959793 0.54509804 0.71372549 0.60000000
v -0.01002990 0.03394043 0.02009367 0.54509804 0.71372549 0.60000000
v -0.01068923 0.03384883 0.01984580 0.54509804 0.71372549 0.60000000
v -0.01068923 0.03407600 0.01921924 0.54509804 0.71372549 0.60000000
v -0.01068923 0.03439844 0.01822776 0.54509804 0.71372549 0.60000000
v -0.01188009 0.03407967 0.01815891 0.54509804 0.71372549 0.60000000
v -0.01265560 0.03397707 0.01769071 0.54509804 0.71372549 0.60000000
v -0.01312614 0.03365464 0.01815891 0.54509804 0.71372549 0.60000000
v -0.01458131 0.03303175 0.01834481 0.54509804 0.71372549 0.60000000
v -0.01535391 0.03280458 0.01800055 0.54509804 0.71372549 0.60000000
v -0.01575183 0.03252611 0.01834481 0.54509804 0.71372549 0.60000000
v -0.01697464 0.03198017 0.01822776 0.54509804 0.71372549 0.60000000
v -0.01783729 0.03155148 0.01822776 0.54509804 0.71372549 0.60000000
v -0.01846757 0.03122904 0.01822776 0.54509804 0.71372549 0.60000000
v -0.01960034 0.03059150 0.01833104 0.54509804 0.71372549 0.60000000
v -0.02033518 0.03030570 0.01797301 0.54509804 0.71372549 0.60000000
v -0.02122397 0.03007854 0.01696776 0.54509804 0.71372549 0.60000000
v -0.02137501 0.03017380 0.01634120 0.54509804 0.71372549 0.60000000
v -0.02285922 0.02906360 0.01696776 0.54509804 0.71372549 0.60000000
v -0.02196172 0.02990999 0.01583858 0.54509804 0.71372549 0.60000000
v -0.02059369 0.03045227 0.01696776 0.54509804 0.71372549 0.60000000
v -0.01940864 0.03110813 0.01693334 0.54509804 0.71372549 0.60000000
v -0.01893520 0.03147087 0.01648579 0.54509804 0.71372549 0.60000000
v -0.01911238 0.03156247 0.01571464 0.54509804 0.71372549 0.60000000
v -0.01823230 0.03200582 0.01571464 0.54509804 0.71372549 0.60000000
v -0.01722733 0.03250779 0.01571464 0.54509804 0.71372549 0.60000000
v -0.01659996 0.03280825 0.01571464 0.54509804 0.71372549 0.60000000
v -0.01444189 0.03375723 0.01578350 0.54509804 0.71372549 0.60000000
v -0.01641116 0.03272031 0.01647202 0.54509804 0.71372549 0.60000000
v -0.01575183 0.03291450 0.01692645 0.54509804 0.71372549 0.60000000
v -0.01330041 0.03421890 0.01578350 0.54509804 0.71372549 0.60000000
v -0.01194689 0.03470988 0.01571464 0.54509804 0.71372549 0.60000000
v -0.01187719 0.03499934 0.01442710 0.54509804 0.71372549 0.60000000
v -0.01378256 0.03392578 0.01625169 0.54509804 0.71372549 0.60000000
v -0.01141246 0.03523384 0.01398645 0.54509804 0.71372549 0.60000000
v -0.00867058 0.03643564 0.01027529 0.54509804 0.71372549 0.60000000
v -0.00867058 0.03646129 0.01000677 0.54509804 0.71372549 0.60000000
v -0.00867058 0.03647595 0.00984152 0.54509804 0.71372549 0.60000000
v -0.00867058 0.03636969 0.01083988 0.54509804 0.71372549 0.60000000
v -0.00867058 0.03623412 0.01194841 0.54509804 0.71372549 0.60000000
v -0.01071537 0.03536574 0.01442710 0.54509804 0.71372549 0.60000000
v -0.00943157 0.03569551 0.01445464 0.54509804 0.71372549 0.60000000
v -0.00867058 0.03606924 0.01320153 0.54509804 0.71372549 0.60000000
v -0.00867058 0.03586772 0.01445464 0.54509804 0.71372549 0.60000000
v -0.00867058 0.03490407 0.01819334 0.54509804 0.71372549 0.60000000
v -0.00943157 0.03472454 0.01822776 0.54509804 0.71372549 0.60000000
v -0.01068923 0.03476118 0.01696776 0.54509804 0.71372549 0.60000000
v -0.01194689 0.03439477 0.01696776 0.54509804 0.71372549 0.60000000
v -0.01291120 0.03407600 0.01696776 0.54509804 0.71372549 0.60000000
v -0.01354148 0.03383784 0.01696776 0.54509804 0.71372549 0.60000000
v -0.01446222 0.03346411 0.01696776 0.54509804 0.71372549 0.60000000
v -0.01619042 0.03261771 0.01731202 0.54509804 0.71372549 0.60000000
v -0.01872026 0.03136095 0.01732580 0.54509804 0.71372549 0.60000000
v -0.01827587 0.03168705 0.01693334 0.54509804 0.71372549 0.60000000
v -0.01689041 0.03237589 0.01692645 0.54509804 0.71372549 0.60000000
v -0.01031455 0.03528514 0.01537727 0.54509804 0.71372549 0.60000000
v -0.01115396 0.03515323 0.01481956 0.54509804 0.71372549 0.60000000
v -0.00867058 0.03558925 0.01573530 0.54509804 0.71372549 0.60000000
v -0.00867058 0.03510193 0.01751858 0.54509804 0.71372549 0.60000000
v -0.00946933 0.03506529 0.01698842 0.54509804 0.71372549 0.60000000
v -0.00991082 0.03516789 0.01621038 0.54509804 0.71372549 0.60000000
v -0.00946933 0.03539506 0.01576284 0.54509804 0.71372549 0.60000000
v -0.00907431 0.03527048 0.01658219 0.54509804 0.71372549 0.60000000
v -0.00867058 0.03546834 0.01618973 0.54509804 0.71372549 0.60000000
v -0.00867058 0.03524849 0.01698842 0.54509804 0.71372549 0.60000000
f 1 213 256
f 1 256 255
f 1 255 296
f 1 296 340
f 1 340 339
f 1 339 391
f 1 391 456
f 1 456 520
f 1 1611 1610
f 1 1610 1609
f 1 1609 1615
f 1 1615 1608
f 1 1608 1493
f 1 1493 1492
f 1 1492 1372
f 1 1372 1371
f 1 2506 2505
f 1 2505 2378
f 1 2378 2245
f 1 2245 2111
f 1 2111 1982
f 1 1982 1855
f 1 1855 1728
f 1 1728 1611
f 1 2987 2986
f 1 2986 2889
f 1 2889 2888
f 1 2888 2887
f 1 2887 2771
f 1 2771 2636
f 1 2636 2635
f 1 2635 2506
f 1 959 868
f 1 868 867
f 1 867 773
f 1 773 692
f 1 692 691
f 1 691 609
f 1 609 608
f 1 608 607
f 1 1371 1252
f 1 1252 1251
f 1 1251 1250
f 1 1250 1154
f 1 1154 1050
f 1 1050 1049
f 1 1049 1048
f 1 1048 959
f 1 94 117
f 1 117 147
f 1 147 146
f 1 146 145
f 1 145 144
f 1 144 143
f 1 143 177
f 1 177 213
f 1 520 596
f 1 6 19
f 1 19 33
f 1 33 48
f 1 48 63
f 1 63 62
f 1 62 79
f 1 79 94
f 17 25 27
f 17 27 28
f 17 28 29
f 17 29 18
f 18 29 28
f 18 28 30
f 18 30 31
f 18 31 32
f 8 22 20
f 9 23 24
f 9 24 25
f 9 25 15
f 9 20 23
f 14 26 21
f 15 25 17
f 15 17 16
f 5 15 16
f 5 16 17
f 5 17 18
f 5 18 6
f 6 18 19
f 8 20 9
f 8 14 21
f 8 21 22
f 4 9 5
f 4 7 10
f 4 10 11
f 4 11 12
f 4 12 13
f 4 13 14
f 4 14 8
f 5 9 15
f 28 93 113
f 28 113 139
f 28 139 171
f 28 171 175
f 28 175 174
f 28 174 211
f 28 211 210
f 28 210 253
f 24 42 43
f 24 43 44
f 24 44 40
f 27 40 44
f 27 44 28
f 28 44 59
f 28 59 77
f 28 77 93
f 22 37 38
f 22 38 34
f 23 39 24
f 23 36 39
f 24 40 27
f 24 27 25
f 24 39 41
f 24 41 42
f 18 32 19
f 19 32 33
f 20 22 34
f 20 34 35
f 20 35 36
f 20 36 23
f 21 26 22
f 22 26 37
f 28 1116 1213
f 28 1213 1326
f 28 1326 1328
f 28 1328 1444
f 28 1444 1446
f 28 1446 1560
f 28 1560 1682
f 28 1682 1681
f 28 671 756
f 28 756 843
f 28 843 842
f 28 842 934
f 28 934 1019
f 28 1019 1111
f 28 1111 1208
f 28 1208 1116
f 28 518 517
f 28 517 595
f 28 595 676
f 28 676 675
f 28 675 674
f 28 674 757
f 28 757 672
f 28 672 671
f 28 253 294
f 28 294 337
f 28 337 336
f 28 336 389
f 28 389 388
f 28 388 454
f 28 454 453
f 28 453 518
f 28 3125 3128
f 28 3128 3129
f 28 3129 3143
f 28 3143 3149
f 28 3149 3150
f 28 3150 3144
f 28 3144 3130
f 28 3130 3085
f 28 2835 2944
f 28 2944 3027
f 28 3027 3081
f 28 3081 3123
f 28 3123 3122
f 28 3122 3121
f 28 3121 3124
f 28 3124 3125
f 28 2157 2180
f 28 2180 2312
f 28 2312 2445
f 28 2445 2570
f 28 2570 2707
f 28 2707 2832
f 28 2832 2941
f 28 2941 2835
f 28 1681 1800
f 28 1800 1931
f 28 1931 1932
f 28 1932 1908
f 28 1908 2030
f 28 2030 2156
f 28 2156 2155
f 28 2155 2157
f 28 1218 1217
f 28 1217 1121
f 28 1121 1021
f 28 1021 937
f 28 937 846
f 28 846 759
f 28 759 678
f 28 678 597
f 28 2053 1933
f 28 1933 1802
f 28 1802 1683
f 28 1683 1562
f 28 1562 1561
f 28 1561 1447
f 28 1447 1331
f 28 1331 1218
f 28 2836 2708
f 28 2708 2571
f 28 2571 2446
f 28 2446 2315
f 28 2315 2314
f 28 2314 2313
f 28 2313 2181
f 28 2181 2053
f 28 3085 3084
f 28 3084 3083
f 28 3083 3082
f 28 3082 3028
f 28 3028 2945
f 28 2945 2838
f 28 2838 2837
f 28 2837 2836
f 34 38 37
f 34 37 50
f 34 50 51
f 34 51 49
f 35 49 36
f 36 52 39
f 36 49 53
f 36 53 52
f 28 45 30
f 30 45 46
f 30 46 31
f 31 46 47
f 31 47 32
f 32 47 48
f 32 48 33
f 34 49 35
f 28 212 176
f 28 176 142
f 28 142 116
f 28 116 94
f 28 94 79
f 28 79 78
f 28 78 60
f 28 60 45
f 28 597 521
f 28 521 519
f 28 519 455
f 28 455 390
f 28 390 338
f 28 338 295
f 28 295 254
f 28 254 212
f 52 53 55
f 53 65 55
f 54 68 69
f 54 69 66
f 54 70 68
f 55 65 71
f 55 71 57
f 56 57 72
f 47 62 63
f 47 63 48
f 49 51 64
f 49 64 65
f 49 65 53
f 50 66 51
f 51 66 67
f 51 67 64
f 42 58 43
f 43 58 44
f 44 56 59
f 44 58 56
f 45 60 61
f 45 61 46
f 46 61 47
f 47 61 62
f 37 54 66
f 37 66 50
f 39 52 55
f 39 55 41
f 41 56 42
f 41 55 57
f 41 57 56
f 42 56 58
f 72 82 96
f 72 96 87
f 72 87 73
f 73 87 74
f 74 87 88
f 74 88 89
f 74 89 90
f 74 90 76
f 66 68 67
f 67 68 83
f 67 83 84
f 67 84 80
f 68 70 85
f 68 85 83
f 70 86 85
f 71 82 72
f 61 78 62
f 62 78 79
f 64 67 80
f 64 80 81
f 64 81 82
f 64 82 65
f 65 82 71
f 66 69 68
f 56 72 73
f 56 73 74
f 56 74 75
f 56 75 59
f 57 71 72
f 59 75 76
f 59 76 77
f 60 78 61
f 88 106 107
f 88 107 108
f 88 108 109
f 88 109 91
f 88 91 89
f 91 109 110
f 91 110 111
f 91 111 112
f 84 101 102
f 84 102 95
f 85 86 103
f 85 103 98
f 86 104 103
f 87 96 88
f 88 96 105
f 88 105 106
f 81 96 82
f 81 95 97
f 81 97 96
f 83 85 98
f 83 98 99
f 83 99 84
f 84 99 100
f 84 100 101
f 74 76 75
f 76 91 92
f 76 92 77
f 76 90 89
f 76 89 91
f 77 92 93
f 80 95 81
f 80 84 95
f 103 104 128
f 103 128 129
f 103 129 120
f 104 130 128
f 105 119 106
f 106 119 131
f 106 131 132
f 106 132 133
f 100 123 101
f 100 122 124
f 100 124 123
f 101 123 125
f 101 125 102
f 102 126 118
f 102 125 127
f 102 127 126
f 96 97 119
f 96 119 105
f 97 118 119
f 98 100 99
f 98 103 120
f 98 120 121
f 98 121 122
f 98 122 100
f 91 112 92
f 92 113 93
f 92 112 114
f 92 114 115
f 92 115 113
f 94 116 117
f 95 102 118
f 95 118 97
f 118 126 148
f 118 148 149
f 118 149 119
f 119 149 150
f 119 150 131
f 120 129 121
f 121 129 151
f 121 151 152
f 114 141 115
f 115 141 139
f 116 142 143
f 116 143 144
f 116 144 145
f 116 145 146
f 116 146 147
f 116 147 117
f 108 111 109
f 109 111 110
f 111 137 138
f 111 138 112
f 112 138 114
f 113 115 139
f 114 138 140
f 114 140 141
f 106 133 134
f 106 134 135
f 106 135 108
f 106 108 107
f 108 135 134
f 108 134 136
f 108 136 137
f 108 137 111
f 131 133 132
f 133 167 134
f 133 166 167
f 134 167 168
f 134 168 169
f 134 169 136
f 136 169 170
f 136 170 137
f 127 161 162
f 128 130 163
f 128 163 151
f 128 151 129
f 130 164 163
f 131 150 165
f 131 165 166
f 131 166 133
f 124 157 158
f 124 158 156
f 125 156 159
f 125 159 160
f 125 160 161
f 125 161 127
f 126 127 162
f 126 162 148
f 121 152 153
f 121 153 122
f 122 153 154
f 122 154 155
f 122 155 124
f 123 124 156
f 123 156 125
f 124 155 157
f 153 185 186
f 153 186 154
f 154 186 187
f 154 187 155
f 155 188 157
f 155 187 189
f 155 189 188
f 156 158 159
f 150 180 181
f 150 181 182
f 150 182 165
f 151 163 183
f 151 183 152
f 152 183 153
f 153 183 184
f 153 184 185
f 141 175 171
f 142 176 177
f 142 177 143
f 148 162 178
f 148 178 179
f 148 179 149
f 149 179 180
f 149 180 150
f 137 170 138
f 138 170 140
f 139 141 171
f 140 170 172
f 140 172 173
f 140 173 141
f 141 173 174
f 141 174 175
f 168 202 203
f 168 203 204
f 168 204 205
f 168 205 169
f 169 205 206
f 169 206 170
f 170 206 207
f 170 207 172
f 165 181 166
f 166 181 198
f 166 198 199
f 166 199 200
f 166 200 201
f 166 201 167
f 167 201 202
f 167 202 168
f 160 192 195
f 160 195 193
f 161 194 196
f 161 196 162
f 162 196 178
f 163 164 197
f 163 197 183
f 165 182 181
f 157 188 158
f 158 188 190
f 158 190 159
f 159 190 191
f 159 191 192
f 159 192 160
f 160 193 194
f 160 194 161
f 184 223 185
f 185 223 186
f 186 223 224
f 186 224 225
f 186 225 187
f 187 225 189
f 188 189 226
f 188 226 227
f 181 218 219
f 181 219 220
f 181 220 199
f 181 199 198
f 183 197 221
f 183 221 222
f 183 222 223
f 183 223 184
f 178 196 214
f 178 214 215
f 178 215 216
f 178 216 217
f 178 217 180
f 178 180 179
f 180 217 218
f 180 218 181
f 172 207 208
f 172 208 173
f 173 208 209
f 173 209 210
f 173 210 211
f 173 211 174
f 176 212 213
f 176 213 177
f 200 241 240
f 201 240 202
f 202 240 242
f 202 242 203
f 203 242 243
f 203 243 205
f 203 205 204
f 205 243 244
f 195 234 235
f 197 236 221
f 199 220 237
f 199 237 238
f 199 238 239
f 199 239 200
f 200 240 201
f 200 239 241
f 192 231 232
f 192 232 233
f 192 233 234
f 192 234 195
f 193 214 194
f 193 195 235
f 193 235 214
f 194 214 196
f 188 227 228
f 188 228 190
f 189 225 229
f 189 229 230
f 189 230 226
f 190 228 191
f 191 228 231
f 191 231 192
f 219 257 237
f 219 237 220
f 221 236 222
f 222 236 259
f 222 259 260
f 222 260 224
f 222 224 223
f 224 260 261
f 212 256 213
f 214 257 216
f 214 216 215
f 214 235 258
f 214 258 257
f 216 257 217
f 217 257 218
f 218 257 219
f 207 250 251
f 207 251 252
f 207 252 208
f 208 252 253
f 208 253 209
f 209 253 210
f 212 254 255
f 212 255 256
f 205 244 207
f 205 207 206
f 207 244 245
f 207 245 246
f 207 246 247
f 207 247 248
f 207 248 249
f 207 249 250
f 232 276 233
f 233 276 277
f 233 277 234
f 234 277 235
f 235 277 278
f 235 278 279
f 235 279 258
f 236 280 259
f 231 269 270
f 231 270 271
f 231 271 272
f 231 272 273
f 231 273 232
f 232 273 274
f 232 274 275
f 232 275 276
f 228 265 266
f 228 266 231
f 229 262 267
f 229 267 268
f 229 268 230
f 230 268 263
f 231 266 265
f 231 265 269
f 224 261 225
f 225 261 262
f 225 262 229
f 226 230 263
f 226 263 264
f 226 264 265
f 226 265 227
f 227 265 228
f 248 291 292
f 248 292 249
f 249 292 250
f 250 293 252
f 250 252 251
f 250 292 293
f 252 293 294
f 252 294 253
f 245 247 246
f 245 286 288
f 245 288 289
f 245 289 287
f 247 287 289
f 247 289 290
f 247 290 291
f 247 291 248
f 239 285 241
f 240 245 242
f 240 241 286
f 240 286 245
f 241 285 286
f 242 245 243
f 243 245 244
f 245 287 247
f 237 257 258
f 237 258 281
f 237 281 238
f 238 281 282
f 238 282 239
f 239 282 283
f 239 283 284
f 239 284 285
f 267 307 268
f 268 307 310
f 268 310 311
f 268 311 308
f 269 309 270
f 270 309 308
f 270 308 271
f 271 308 312
f 261 306 262
f 262 306 307
f 262 307 267
f 263 268 308
f 263 308 309
f 263 309 264
f 264 309 269
f 264 269 265
f 258 302 282
f 258 282 281
f 259 280 303
f 259 303 304
f 259 304 260
f 260 304 305
f 260 305 261
f 261 305 306
f 254 295 255
f 255 295 296
f 258 279 297
f 258 297 298
f 258 298 299
f 258 299 300
f 258 300 301
f 258 301 302
f 283 324 325
f 283 325 326
f 283 326 327
f 283 327 284
f 284 327 328
f 284 328 285
f 285 328 286
f 286 328 329
f 277 321 319
f 278 298 279
f 279 298 297
f 282 302 283
f 283 302 301
f 283 301 322
f 283 322 323
f 283 323 324
f 274 317 275
f 275 317 318
f 275 318 276
f 276 318 277
f 277 319 298
f 277 298 278
f 277 318 320
f 277 320 321
f 271 312 313
f 271 313 272
f 272 313 314
f 272 314 274
f 272 274 273
f 274 314 315
f 274 315 316
f 274 316 317
f 301 343 342
f 301 342 344
f 301 344 322
f 303 345 304
f 304 346 347
f 304 347 348
f 304 348 305
f 304 345 346
f 295 339 340
f 295 340 296
f 298 319 341
f 298 341 299
f 299 301 300
f 299 341 342
f 299 342 343
f 299 343 301
f 292 332 333
f 292 333 334
f 292 334 335
f 292 335 336
f 292 336 337
f 292 337 294
f 292 294 293
f 295 338 339
f 286 329 288
f 288 329 330
f 288 330 289
f 289 330 290
f 290 292 291
f 290 330 331
f 290 331 332
f 290 332 292
f 316 357 360
f 316 360 361
f 316 361 362
f 316 362 359
f 318 359 320
f 319 321 341
f 320 359 363
f 320 363 364
f 313 355 356
f 313 356 357
f 313 357 358
f 313 358 315
f 315 358 357
f 315 357 316
f 316 359 318
f 316 318 317
f 308 310 312
f 310 352 312
f 310 351 352
f 312 352 353
f 312 353 313
f 313 315 314
f 313 353 354
f 313 354 355
f 305 348 349
f 305 349 306
f 306 349 399
f 306 399 350
f 306 350 351
f 306 351 307
f 307 351 310
f 308 311 310
f 329 378 379
f 329 379 377
f 330 377 331
f 331 377 380
f 331 380 332
f 332 380 381
f 332 381 382
f 332 382 383
f 326 369 373
f 326 373 374
f 326 374 371
f 328 372 375
f 328 375 376
f 328 376 329
f 329 377 330
f 329 376 378
f 324 367 368
f 324 368 369
f 324 369 370
f 324 370 326
f 326 371 372
f 326 372 328
f 326 328 327
f 326 370 369
f 320 364 321
f 321 364 341
f 322 344 323
f 323 344 324
f 324 326 325
f 324 344 365
f 324 365 366
f 324 366 367
f 349 398 399
f 350 399 400
f 350 400 401
f 350 401 402
f 350 402 403
f 350 403 351
f 351 403 404
f 351 404 405
f 342 394 395
f 342 395 366
f 342 366 365
f 342 365 344
f 347 396 348
f 348 396 397
f 348 397 398
f 348 398 349
f 335 389 336
f 335 387 388
f 338 390 391
f 338 391 339
f 341 364 392
f 341 392 393
f 341 393 342
f 342 393 394
f 332 383 333
f 333 383 384
f 333 384 385
f 333 385 386
f 333 386 334
f 334 387 335
f 334 386 387
f 335 388 389
f 360 417 420
f 360 420 419
f 361 419 421
f 361 421 362
f 362 421 422
f 362 422 392
f 362 392 363
f 363 392 364
f 355 416 417
f 355 417 356
f 356 417 357
f 357 417 418
f 357 418 360
f 359 362 363
f 360 419 361
f 360 418 417
f 354 410 411
f 354 411 412
f 354 412 406
f 355 406 412
f 355 412 413
f 355 413 414
f 355 414 415
f 355 415 416
f 351 405 352
f 352 405 354
f 352 354 353
f 354 406 355
f 354 405 407
f 354 407 408
f 354 408 409
f 354 409 410
f 375 429 438
f 375 438 439
f 375 439 378
f 377 379 440
f 377 440 380
f 378 440 379
f 378 439 441
f 378 441 442
f 373 432 433
f 373 433 434
f 373 434 435
f 373 435 374
f 374 435 436
f 374 436 437
f 374 437 429
f 375 378 376
f 369 427 428
f 369 428 373
f 371 429 372
f 371 374 429
f 372 429 375
f 373 428 430
f 373 430 431
f 373 431 432
f 366 395 423
f 366 423 367
f 367 423 424
f 367 424 425
f 367 425 368
f 368 425 426
f 368 426 369
f 369 426 427
f 392 422 421
f 392 421 457
f 392 457 458
f 392 458 459
f 392 459 394
f 392 394 393
f 394 459 460
f 394 460 395
f 384 451 450
f 386 450 452
f 386 452 387
f 387 452 453
f 387 453 454
f 387 454 388
f 390 455 391
f 391 455 456
f 382 447 448
f 382 448 449
f 382 449 446
f 383 446 384
f 384 450 386
f 384 386 385
f 384 446 449
f 384 449 451
f 378 442 443
f 378 443 444
f 378 444 440
f 380 440 381
f 381 440 445
f 381 445 382
f 382 446 383
f 382 445 447
f 407 474 408
f 408 474 475
f 408 475 476
f 408 476 409
f 409 411 410
f 409 476 477
f 409 477 478
f 409 478 479
f 402 467 403
f 403 467 471
f 403 471 404
f 404 471 472
f 404 472 407
f 404 407 405
f 407 472 473
f 407 473 474
f 398 400 399
f 400 465 466
f 400 466 401
f 401 467 402
f 401 466 468
f 401 468 469
f 401 469 470
f 401 470 467
f 395 460 461
f 395 461 462
f 395 462 463
f 395 463 424
f 395 424 423
f 397 464 465
f 397 465 398
f 398 465 400
f 424 492 493
f 424 493 425
f 425 493 427
f 425 427 426
f 427 493 494
f 427 494 430
f 427 430 428
f 429 437 495
f 419 487 421
f 420 486 488
f 420 488 487
f 421 487 489
f 421 489 490
f 421 490 491
f 421 491 457
f 424 463 492
f 415 482 483
f 415 483 484
f 415 484 416
f 416 484 417
f 417 484 485
f 417 485 486
f 417 486 420
f 419 420 487
f 409 479 480
f 409 480 411
f 411 413 412
f 411 480 413
f 413 480 481
f 413 481 415
f 413 415 414
f 415 481 482
f 443 505 506
f 443 506 444
f 444 447 445
f 444 506 507
f 444 507 447
f 447 507 508
f 447 508 448
f 448 508 507
f 438 495 503
f 438 503 504
f 438 504 439
f 439 504 442
f 439 442 441
f 440 444 445
f 442 504 505
f 442 505 443
f 433 499 500
f 433 500 434
f 434 436 435
f 434 500 501
f 434 501 436
f 436 501 502
f 436 502 495
f 436 495 437
f 429 495 438
f 430 494 496
f 430 496 431
f 431 496 497
f 431 497 432
f 432 497 433
f 433 497 498
f 433 498 499
f 459 525 460
f 460 525 462
f 460 462 461
f 462 492 463
f 462 525 526
f 462 526 527
f 462 527 528
f 462 528 529
f 456 519 521
f 456 521 520
f 457 491 522
f 457 522 458
f 458 522 459
f 459 522 523
f 459 523 524
f 459 524 525
f 449 515 451
f 450 516 453
f 450 453 452
f 450 451 515
f 450 515 517
f 450 517 516
f 453 516 518
f 455 519 456
f 448 507 509
f 448 509 510
f 448 510 449
f 449 510 511
f 449 511 512
f 449 512 513
f 449 513 514
f 449 514 515
f 475 542 477
f 475 477 476
f 475 540 541
f 477 542 478
f 478 542 543
f 478 543 480
f 478 480 479
f 480 544 545
f 469 473 534
f 469 534 470
f 471 534 472
f 472 534 473
f 473 539 474
f 474 539 540
f 474 540 475
f 475 541 542
f 467 534 471
f 468 533 535
f 468 535 536
f 468 536 469
f 469 536 537
f 469 537 538
f 469 538 539
f 469 539 473
f 462 529 530
f 462 530 492
f 464 531 465
f 465 531 532
f 465 532 466
f 466 532 533
f 466 533 468
f 467 470 534
f 489 559 491
f 489 491 490
f 491 523 522
f 491 559 560
f 491 560 561
f 491 561 523
f 492 530 529
f 492 529 562
f 485 555 556
f 485 556 486
f 486 556 557
f 486 557 488
f 487 488 558
f 487 558 489
f 488 557 558
f 489 558 559
f 480 551 552
f 480 552 544
f 482 545 483
f 483 545 484
f 484 545 553
f 484 553 485
f 485 553 554
f 485 554 555
f 480 545 482
f 480 482 481
f 480 543 546
f 480 546 547
f 480 547 548
f 480 548 549
f 480 549 550
f 480 550 551
f 500 577 572
f 501 573 564
f 501 564 502
f 503 564 504
f 504 507 505
f 504 564 578
f 504 578 579
f 504 579 580
f 499 571 500
f 500 572 573
f 500 573 501
f 500 571 570
f 500 570 574
f 500 574 575
f 500 575 576
f 500 576 577
f 497 565 566
f 497 566 567
f 497 567 498
f 498 567 568
f 498 568 569
f 498 569 499
f 499 569 570
f 499 570 571
f 492 562 494
f 492 494 493
f 494 562 563
f 494 563 496
f 495 502 564
f 495 564 503
f 496 563 565
f 496 565 497
f 515 594 517
f 516 517 518
f 517 594 595
f 520 521 596
f 521 597 596
f 523 561 526
f 523 526 598
f 523 598 524
f 511 590 512
f 512 590 513
f 513 590 591
f 513 591 592
f 513 592 593
f 513 593 514
f 514 594 515
f 514 593 594
f 507 585 586
f 507 586 509
f 509 586 587
f 509 587 510
f 510 587 511
f 511 587 588
f 511 588 589
f 511 589 590
f 504 580 581
f 504 581 507
f 505 507 506
f 507 581 580
f 507 580 582
f 507 582 583
f 507 583 584
f 507 584 585
f 537 611 612
f 537 612 613
f 537 613 538
f 538 613 614
f 538 614 539
f 539 614 542
f 539 542 540
f 540 542 541
f 531 533 532
f 533 607 608
f 533 608 535
f 535 608 609
f 535 609 610
f 535 610 537
f 535 537 536
f 537 610 611
f 527 529 528
f 529 603 563
f 529 563 562
f 529 602 604
f 529 604 605
f 529 605 606
f 529 606 603
f 531 607 533
f 524 598 525
f 525 598 526
f 526 561 599
f 526 599 600
f 526 600 601
f 526 601 602
f 526 602 527
f 527 602 529
f 550 629 551
f 551 629 552
f 552 629 630
f 552 630 621
f 553 621 631
f 553 631 554
f 554 632 555
f 554 631 633
f 548 623 624
f 548 624 549
f 549 624 625
f 549 625 626
f 549 626 627
f 549 627 628
f 549 628 550
f 550 628 629
f 544 552 621
f 544 621 545
f 545 621 553
f 546 620 619
f 546 619 547
f 547 619 622
f 547 622 623
f 547 623 548
f 542 614 615
f 542 615 616
f 542 616 617
f 542 617 618
f 542 618 619
f 542 619 620
f 542 620 546
f 542 546 543
f 566 644 645
f 566 645 567
f 567 645 568
f 568 570 569
f 568 645 644
f 568 644 646
f 568 646 647
f 568 647 570
f 564 572 640
f 564 640 579
f 564 579 578
f 565 639 566
f 566 639 641
f 566 641 642
f 566 642 643
f 566 643 644
f 559 636 637
f 559 637 560
f 560 637 561
f 561 637 599
f 563 603 638
f 563 638 639
f 563 639 565
f 564 573 572
f 554 633 634
f 554 634 632
f 555 632 557
f 555 557 556
f 557 632 635
f 557 635 636
f 557 636 559
f 557 559 558
f 583 650 660
f 583 660 651
f 583 651 661
f 583 661 662
f 583 662 663
f 583 663 659
f 585 659 586
f 586 664 587
f 579 640 650
f 579 650 658
f 579 658 580
f 580 658 583
f 580 583 582
f 583 659 585
f 583 585 584
f 583 658 650
f 575 653 576
f 575 649 654
f 575 654 655
f 575 655 656
f 575 656 652
f 576 653 577
f 577 653 657
f 577 657 651
f 570 647 648
f 570 648 649
f 570 649 574
f 572 650 640
f 572 577 651
f 572 651 650
f 574 649 575
f 575 652 653
f 597 679 680
f 597 680 681
f 597 681 677
f 599 637 600
f 600 682 683
f 600 683 602
f 600 602 601
f 600 637 682
f 592 673 593
f 593 673 674
f 593 674 675
f 593 675 594
f 594 676 595
f 594 675 676
f 596 597 677
f 597 678 679
f 589 668 669
f 589 669 670
f 589 670 591
f 589 591 590
f 591 670 671
f 591 671 672
f 591 672 673
f 591 673 592
f 586 659 665
f 586 665 666
f 586 666 667
f 586 667 668
f 586 668 664
f 587 664 588
f 588 664 668
f 588 668 589
f 613 616 615
f 613 615 614
f 616 696 697
f 616 697 698
f 616 698 617
f 617 698 697
f 617 697 699
f 617 699 700
f 611 691 692
f 611 692 693
f 611 693 612
f 612 693 694
f 612 694 695
f 612 695 696
f 612 696 613
f 613 696 616
f 605 686 687
f 605 687 688
f 605 688 689
f 605 689 690
f 605 690 641
f 606 641 638
f 609 691 611
f 609 611 610
f 602 683 684
f 602 684 685
f 602 685 605
f 602 605 604
f 603 606 638
f 605 641 606
f 605 685 684
f 605 684 686
f 629 714 630
f 629 713 714
f 630 633 631
f 630 714 633
f 632 634 715
f 632 715 716
f 632 716 717
f 632 717 635
f 625 709 710
f 625 710 711
f 625 711 626
f 626 711 712
f 626 712 627
f 627 712 713
f 627 713 629
f 627 629 628
f 623 703 704
f 623 704 705
f 623 705 624
f 624 705 706
f 624 706 625
f 625 706 707
f 625 707 708
f 625 708 709
f 617 700 701
f 617 701 702
f 617 702 618
f 618 702 619
f 619 702 703
f 619 703 622
f 621 630 631
f 622 703 623
f 651 657 727
f 651 727 728
f 651 728 729
f 651 729 730
f 651 730 731
f 651 731 732
f 651 732 733
f 651 733 661
f 644 724 725
f 644 725 726
f 644 726 646
f 646 726 647
f 647 726 648
f 648 726 654
f 648 654 649
f 650 651 660
f 641 690 720
f 641 720 721
f 641 721 642
f 642 721 722
f 642 722 723
f 642 723 643
f 643 723 644
f 644 723 724
f 633 714 715
f 633 715 634
f 635 718 636
f 635 717 719
f 635 719 718
f 636 718 682
f 636 682 637
f 638 641 639
f 663 748 749
f 663 749 744
f 665 744 666
f 666 744 749
f 666 749 750
f 666 750 667
f 667 750 751
f 667 751 752
f 659 663 744
f 659 744 665
f 661 733 662
f 662 733 745
f 662 745 663
f 663 745 746
f 663 746 747
f 663 747 748
f 655 738 739
f 655 739 740
f 655 740 741
f 655 741 742
f 655 742 743
f 655 743 656
f 655 736 737
f 656 743 734
f 652 734 727
f 652 727 653
f 652 656 734
f 653 727 657
f 654 726 735
f 654 735 736
f 654 736 655
f 655 737 738
f 684 766 767
f 684 767 686
f 686 767 687
f 687 767 688
f 688 767 768
f 688 768 769
f 688 769 770
f 688 770 771
f 680 762 763
f 680 763 681
f 681 763 758
f 682 718 764
f 682 764 683
f 683 764 765
f 683 765 766
f 683 766 684
f 672 757 673
f 673 757 674
f 677 681 758
f 678 759 679
f 679 759 760
f 679 760 680
f 680 760 761
f 680 761 762
f 667 752 669
f 667 669 668
f 669 752 753
f 669 753 670
f 670 753 754
f 670 754 671
f 671 754 755
f 671 755 756
f 700 781 780
f 701 785 786
f 701 786 702
f 702 786 703
f 703 786 705
f 703 705 704
f 705 786 706
f 706 785 707
f 697 780 781
f 697 781 699
f 699 781 700
f 700 780 782
f 700 782 783
f 700 783 784
f 700 784 785
f 700 785 701
f 694 775 695
f 695 775 696
f 696 775 776
f 696 776 697
f 697 776 777
f 697 777 778
f 697 778 779
f 697 779 780
f 688 771 772
f 688 772 720
f 688 720 689
f 689 720 690
f 692 694 693
f 692 773 774
f 692 774 694
f 694 774 775
f 716 796 799
f 716 799 800
f 716 800 801
f 716 801 802
f 716 802 803
f 716 803 804
f 716 804 717
f 717 804 803
f 713 796 797
f 713 797 714
f 713 795 798
f 713 798 799
f 713 799 796
f 714 797 715
f 715 797 796
f 715 796 716
f 708 791 710
f 710 791 792
f 710 792 793
f 710 793 711
f 711 793 712
f 712 793 794
f 712 794 795
f 712 795 713
f 706 786 785
f 707 787 708
f 707 785 788
f 707 788 787
f 708 710 709
f 708 787 789
f 708 789 790
f 708 790 791
f 727 729 728
f 729 734 816
f 729 816 730
f 730 732 731
f 730 816 817
f 730 817 818
f 730 818 819
f 730 819 732
f 724 810 812
f 724 812 813
f 724 813 814
f 724 814 725
f 725 814 815
f 725 815 726
f 726 815 735
f 727 734 729
f 720 808 809
f 720 809 722
f 722 809 808
f 722 808 810
f 722 810 811
f 722 811 723
f 723 811 724
f 724 811 810
f 717 803 805
f 717 805 719
f 718 719 805
f 718 805 806
f 718 806 764
f 720 722 721
f 720 772 807
f 720 807 808
f 742 831 832
f 742 832 817
f 745 821 833
f 745 833 746
f 746 833 834
f 746 834 747
f 747 835 748
f 747 834 836
f 740 827 828
f 740 828 829
f 740 829 830
f 740 830 741
f 741 830 742
f 742 817 816
f 742 816 743
f 742 830 831
f 737 822 823
f 737 823 738
f 738 823 824
f 738 824 825
f 738 825 826
f 738 826 739
f 739 826 827
f 739 827 740
f 732 819 820
f 732 820 733
f 733 820 821
f 733 821 745
f 734 743 816
f 735 815 822
f 735 822 736
f 736 822 737
f 760 851 848
f 761 850 852
f 761 852 853
f 761 853 762
f 762 854 763
f 762 853 855
f 762 855 856
f 762 856 854
f 758 763 844
f 758 844 845
f 759 846 847
f 759 847 760
f 760 848 849
f 760 849 850
f 760 850 761
f 760 847 851
f 751 835 841
f 751 841 752
f 752 841 753
f 753 755 754
f 753 841 755
f 755 841 842
f 755 842 843
f 755 843 756
f 747 836 837
f 747 837 838
f 747 838 839
f 747 839 840
f 747 840 835
f 748 835 751
f 748 751 750
f 748 750 749
f 774 870 871
f 774 871 775
f 775 871 777
f 775 777 776
f 777 871 870
f 777 870 872
f 777 872 778
f 778 872 873
f 770 865 771
f 771 866 772
f 771 865 866
f 772 866 807
f 773 867 774
f 774 867 868
f 774 868 869
f 774 869 870
f 767 860 768
f 768 860 769
f 769 860 861
f 769 861 862
f 769 862 863
f 769 863 864
f 769 864 770
f 770 864 865
f 763 854 844
f 764 806 765
f 765 857 858
f 765 858 859
f 765 859 766
f 765 806 857
f 766 859 767
f 767 859 860
f 793 881 885
f 793 885 886
f 793 886 794
f 794 886 887
f 794 887 888
f 794 888 795
f 795 888 889
f 795 889 890
f 789 878 879
f 790 881 792
f 790 792 791
f 790 880 882
f 790 882 883
f 790 883 884
f 790 884 881
f 792 881 793
f 783 877 784
f 784 788 785
f 784 877 878
f 784 878 788
f 787 788 878
f 787 878 789
f 789 879 880
f 789 880 790
f 778 873 779
f 779 873 874
f 779 874 780
f 780 874 782
f 782 874 875
f 782 875 876
f 782 876 877
f 782 877 783
f 808 902 903
f 808 903 904
f 808 904 905
f 808 905 906
f 808 906 907
f 808 907 810
f 810 907 908
f 810 908 812
f 803 806 805
f 803 896 899
f 803 899 897
f 807 866 900
f 807 900 808
f 808 900 866
f 808 866 901
f 808 901 902
f 802 892 893
f 802 893 894
f 802 894 895
f 802 895 896
f 802 896 803
f 803 897 898
f 803 898 857
f 803 857 806
f 795 890 891
f 795 891 799
f 795 799 798
f 799 891 800
f 800 892 801
f 800 891 893
f 800 893 892
f 801 892 802
f 826 917 918
f 826 918 919
f 826 919 920
f 826 920 828
f 826 828 827
f 828 920 921
f 828 921 922
f 828 922 829
f 820 915 833
f 820 833 821
f 823 911 825
f 823 825 824
f 825 911 910
f 825 910 916
f 825 916 917
f 825 917 826
f 815 823 822
f 817 832 912
f 817 912 818
f 818 912 913
f 818 913 819
f 819 913 914
f 819 914 915
f 819 915 820
f 812 908 813
f 813 909 815
f 813 815 814
f 813 908 910
f 813 910 911
f 813 911 823
f 813 823 909
f 815 909 823
f 842 926 933
f 842 933 934
f 844 854 856
f 844 856 935
f 844 935 845
f 845 935 936
f 846 937 938
f 846 938 847
f 836 930 837
f 837 930 931
f 837 931 839
f 837 839 838
f 839 931 928
f 841 927 932
f 841 932 842
f 842 932 926
f 835 925 926
f 835 926 927
f 835 927 841
f 835 840 839
f 835 839 928
f 835 928 925
f 836 915 929
f 836 929 930
f 829 922 923
f 829 923 830
f 830 923 831
f 831 923 924
f 831 924 912
f 831 912 832
f 833 915 836
f 833 836 834
f 858 897 861
f 858 861 860
f 861 897 862
f 862 951 863
f 862 897 951
f 863 952 953
f 863 953 954
f 863 954 864
f 853 948 855
f 855 948 949
f 855 949 856
f 856 949 950
f 856 950 935
f 857 898 858
f 858 860 859
f 858 898 897
f 850 942 943
f 850 943 944
f 850 944 852
f 852 944 945
f 852 945 946
f 852 946 853
f 853 946 947
f 853 947 948
f 847 938 939
f 847 939 851
f 848 940 849
f 848 851 939
f 848 939 941
f 848 941 940
f 849 940 942
f 849 942 850
f 876 967 877
f 877 967 879
f 877 879 878
f 879 967 968
f 879 968 880
f 880 968 969
f 880 969 970
f 880 970 882
f 873 962 875
f 873 875 874
f 875 962 963
f 875 963 964
f 875 964 876
f 876 964 965
f 876 965 966
f 876 966 967
f 866 902 901
f 868 959 869
f 869 959 960
f 869 960 870
f 870 960 872
f 872 960 873
f 873 960 961
f 873 961 962
f 863 951 952
f 864 954 865
f 865 954 955
f 865 955 866
f 866 955 956
f 866 956 957
f 866 957 958
f 866 958 902
f 894 981 982
f 894 982 895
f 895 983 896
f 895 982 984
f 895 984 985
f 895 985 986
f 895 986 987
f 895 987 983
f 889 977 978
f 889 978 979
f 889 979 890
f 890 979 980
f 890 980 893
f 890 893 891
f 893 980 981
f 893 981 894
f 885 974 975
f 885 975 887
f 885 887 886
f 887 889 888
f 887 975 976
f 887 976 889
f 889 976 975
f 889 975 977
f 881 884 885
f 882 971 883
f 882 970 971
f 883 971 972
f 883 972 973
f 883 973 974
f 883 974 884
f 884 974 885
f 913 997 998
f 913 998 914
f 914 998 999
f 914 999 929
f 914 929 915
f 916 996 1000
f 916 1000 917
f 917 1000 1001
f 905 907 906
f 907 991 910
f 907 910 908
f 910 991 990
f 910 990 996
f 910 996 916
f 912 924 997
f 912 997 913
f 904 990 991
f 904 991 907
f 904 907 905
f 904 989 992
f 904 992 993
f 904 993 994
f 904 994 995
f 904 995 990
f 896 983 899
f 897 899 951
f 899 983 951
f 902 958 957
f 902 957 988
f 902 988 989
f 902 989 904
f 902 904 903
f 928 931 1014
f 928 1014 1015
f 928 1015 1011
f 929 999 930
f 930 999 1016
f 930 1016 1017
f 930 1017 1018
f 930 1018 1014
f 924 1009 1010
f 924 1010 997
f 925 933 926
f 925 928 1011
f 925 1011 1012
f 925 1012 1013
f 925 1013 933
f 926 932 927
f 919 1007 920
f 920 1007 921
f 921 1007 1006
f 921 1006 1008
f 921 1008 922
f 922 1008 923
f 923 1008 1009
f 923 1009 924
f 917 1001 918
f 918 1002 919
f 918 1001 1003
f 918 1003 1004
f 918 1004 1002
f 919 1002 1005
f 919 1005 1006
f 919 1006 1007
f 944 1033 945
f 945 1033 1034
f 945 1034 946
f 946 1034 1035
f 946 1035 1036
f 946 1036 947
f 947 1036 948
f 948 1036 1037
f 940 1029 1024
f 941 1023 1028
f 942 1027 943
f 943 1027 1030
f 943 1030 1031
f 943 1031 944
f 944 1031 1032
f 944 1032 1033
f 938 1023 939
f 939 1023 941
f 940 1024 1025
f 940 1025 1026
f 940 1026 1027
f 940 1027 942
f 940 941 1028
f 940 1028 1029
f 930 1014 931
f 933 1013 1019
f 933 1019 934
f 935 950 936
f 936 950 1020
f 937 1021 938
f 938 1021 1022
f 938 1022 1023
f 961 1048 1049
f 961 1049 1050
f 961 1050 1051
f 961 1051 963
f 961 963 962
f 963 1051 1052
f 963 1052 964
f 964 1052 965
f 955 1043 1044
f 955 1044 957
f 957 1044 1045
f 957 1045 1046
f 957 1046 1047
f 957 1047 988
f 959 1048 960
f 960 1048 961
f 951 987 1041
f 951 1041 952
f 952 1041 953
f 953 1041 1042
f 953 1042 954
f 954 1042 1043
f 954 1043 955
f 955 957 956
f 948 1037 1038
f 948 1038 949
f 949 1038 1039
f 949 1039 1040
f 949 1040 950
f 950 1040 1120
f 950 1120 1020
f 951 983 987
f 974 1066 975
f 975 1067 977
f 975 1066 1068
f 975 1068 1069
f 975 1069 1067
f 977 1067 978
f 978 1070 1071
f 978 1071 1072
f 970 1063 971
f 971 1063 972
f 972 1063 1062
f 972 1062 1064
f 972 1064 973
f 973 1064 1065
f 973 1065 1066
f 973 1066 974
f 967 1058 968
f 968 1058 969
f 969 1059 970
f 969 1058 1060
f 969 1060 1061
f 969 1061 1059
f 970 1059 1062
f 970 1062 1063
f 965 1053 1054
f 965 1054 1055
f 965 1055 966
f 965 1052 1053
f 966 1055 1056
f 966 1056 967
f 967 1056 1057
f 967 1057 1058
f 988 1084 992
f 988 992 989
f 990 1000 996
f 990 995 994
f 990 994 1085
f 990 1085 1086
f 990 1086 1000
f 992 1084 1087
f 987 1077 1078
f 987 1078 1041
f 988 1047 1079
f 988 1079 1080
f 988 1080 1081
f 988 1081 1082
f 988 1082 1083
f 988 1083 1084
f 980 985 981
f 980 1073 985
f 981 985 984
f 981 984 982
f 985 1077 986
f 985 1073 1072
f 985 1072 1077
f 986 1077 987
f 978 1072 1073
f 978 1073 980
f 978 980 979
f 978 1067 1069
f 978 1069 1074
f 978 1074 1075
f 978 1075 1076
f 978 1076 1070
f 1006 1098 1099
f 1006 1099 1100
f 1006 1100 1101
f 1006 1101 1102
f 1006 1102 1008
f 1008 1102 1103
f 1008 1103 1104
f 1008 1104 1105
f 1003 1086 1089
f 1003 1089 1095
f 1003 1095 1096
f 1003 1096 1093
f 1003 1093 1004
f 1005 1094 1006
f 1006 1094 1097
f 1006 1097 1098
f 997 1092 998
f 998 1092 1016
f 998 1016 999
f 1000 1086 1003
f 1000 1003 1001
f 1002 1004 1093
f 1002 1093 1094
f 1002 1094 1005
f 992 1087 1088
f 992 1088 994
f 992 994 993
f 994 1089 1085
f 994 1088 1090
f 994 1090 1091
f 994 1091 1089
f 997 1010 1092
f 1018 1119 1112
f 1021 1121 1022
f 1022 1121 1122
f 1022 1122 1123
f 1022 1123 1124
f 1022 1124 1023
f 1023 1124 1125
f 1023 1125 1126
f 1015 1113 1115
f 1015 1115 1116
f 1015 1116 1114
f 1016 1092 1117
f 1016 1117 1118
f 1016 1118 1017
f 1017 1118 1018
f 1018 1118 1119
f 1012 1015 1110
f 1012 1110 1013
f 1013 1110 1111
f 1013 1111 1019
f 1014 1018 1112
f 1014 1112 1113
f 1014 1113 1015
f 1015 1114 1110
f 1008 1105 1106
f 1008 1106 1009
f 1009 1106 1107
f 1009 1107 1010
f 1010 1108 1092
f 1010 1107 1109
f 1010 1109 1108
f 1011 1015 1012
f 1033 1138 1139
f 1033 1139 1140
f 1033 1140 1141
f 1033 1141 1142
f 1033 1142 1143
f 1033 1143 1034
f 1034 1143 1035
f 1035 1143 1144
f 1031 1133 1134
f 1031 1134 1135
f 1031 1135 1032
f 1032 1135 1033
f 1033 1135 1134
f 1033 1134 1136
f 1033 1136 1137
f 1033 1137 1138
f 1027 1129 1030
f 1028 1126 1029
f 1029 1126 1130
f 1029 1130 1127
f 1030 1129 1131
f 1030 1131 1132
f 1030 1132 1133
f 1030 1133 1031
f 1023 1126 1028
f 1024 1029 1025
f 1025 1029 1127
f 1025 1127 1228
f 1025 1228 1128
f 1025 1128 1026
f 1026 1128 1027
f 1027 1128 1129
f 1050 1155 1051
f 1051 1155 1053
f 1051 1053 1052
f 1053 1156 1157
f 1053 1157 1054
f 1053 1155 1156
f 1054 1157 1255
f 1054 1255 1158
f 1044 1150 1045
f 1045 1150 1151
f 1045 1151 1152
f 1045 1152 1153
f 1045 1153 1079
f 1045 1079 1046
f 1046 1079 1047
f 1050 1154 1155
f 1040 1216 1120
f 1041 1078 1147
f 1041 1147 1148
f 1041 1148 1042
f 1042 1148 1149
f 1042 1149 1150
f 1042 1150 1044
f 1042 1044 1043
f 1035 1144 1036
f 1036 1144 1145
f 1036 1145 1037
f 1037 1145 1038
f 1038 1145 1039
f 1039 1145 1146
f 1039 1146 1040
f 1040 1146 1216
f 1065 1171 1170
f 1066 1170 1068
f 1068 1170 1172
f 1068 1172 1173
f 1068 1173 1069
f 1069 1173 1174
f 1069 1174 1175
f 1069 1175 1074
f 1061 1166 1167
f 1061 1167 1062
f 1062 1167 1168
f 1062 1168 1169
f 1062 1169 1064
f 1064 1169 1065
f 1065 1170 1066
f 1065 1169 1171
f 1056 1163 1058
f 1058 1163 1162
f 1058 1162 1060
f 1059 1061 1062
f 1060 1164 1165
f 1060 1165 1166
f 1060 1166 1061
f 1060 1162 1164
f 1054 1158 1159
f 1054 1159 1055
f 1055 1159 1056
f 1056 1058 1057
f 1056 1159 1160
f 1056 1160 1161
f 1056 1161 1162
f 1056 1162 1163
f 1082 1188 1189
f 1082 1189 1083
f 1083 1190 1087
f 1083 1087 1084
f 1083 1189 1191
f 1083 1191 1190
f 1085 1089 1086
f 1087 1190 1192
f 1080 1082 1081
f 1080 1153 1183
f 1080 1183 1184
f 1080 1184 1185
f 1080 1185 1186
f 1080 1186 1187
f 1080 1187 1188
f 1080 1188 1082
f 1074 1180 1181
f 1074 1181 1182
f 1074 1182 1076
f 1074 1076 1075
f 1076 1182 1176
f 1077 1179 1147
f 1077 1147 1078
f 1079 1153 1080
f 1070 1076 1071
f 1071 1076 1176
f 1071 1176 1072
f 1072 1176 1177
f 1072 1177 1178
f 1072 1178 1179
f 1072 1179 1077
f 1074 1175 1180
f 1102 1201 1202
f 1102 1202 1103
f 1103 1202 1104
f 1104 1202 1203
f 1104 1203 1204
f 1104 1204 1205
f 1104 1205 1206
f 1104 1206 1105
f 1098 1198 1199
f 1098 1199 1099
f 1098 1197 1198
f 1099 1199 1100
f 1100 1199 1200
f 1100 1200 1101
f 1101 1200 1201
f 1101 1201 1102
f 1092 1108 1196
f 1092 1196 1117
f 1093 1096 1197
f 1093 1197 1094
f 1094 1197 1097
f 1095 1195 1096
f 1096 1195 1197
f 1097 1197 1098
f 1087 1192 1088
f 1088 1192 1090
f 1089 1091 1095
f 1090 1192 1193
f 1090 1193 1194
f 1090 1194 1091
f 1091 1194 1195
f 1091 1195 1095
f 1122 1218 1123
f 1123 1219 1124
f 1123 1218 1220
f 1123 1220 1221
f 1123 1221 1219
f 1124 1222 1125
f 1124 1219 1222
f 1125 1222 1223
f 1116 1212 1213
f 1117 1196 1214
f 1117 1214 1118
f 1118 1214 1215
f 1118 1215 1119
f 1119 1215 1209
f 1121 1217 1122
f 1122 1217 1218
f 1112 1119 1209
f 1112 1209 1210
f 1112 1210 1113
f 1113 1210 1211
f 1113 1211 1115
f 1114 1116 1208
f 1115 1211 1212
f 1115 1212 1116
f 1105 1107 1106
f 1105 1206 1107
f 1107 1206 1109
f 1108 1109 1196
f 1109 1206 1207
f 1109 1207 1196
f 1110 1114 1111
f 1111 1114 1208
f 1137 1237 1139
f 1137 1139 1138
f 1139 1237 1238
f 1139 1238 1239
f 1139 1239 1140
f 1140 1239 1240
f 1140 1240 1141
f 1141 1241 1143
f 1132 1233 1234
f 1132 1234 1133
f 1133 1234 1134
f 1134 1234 1136
f 1136 1235 1236
f 1136 1236 1137
f 1136 1234 1235
f 1137 1236 1237
f 1128 1228 1229
f 1128 1229 1230
f 1128 1230 1231
f 1128 1231 1129
f 1129 1231 1232
f 1129 1232 1131
f 1131 1232 1233
f 1131 1233 1132
f 1125 1223 1224
f 1125 1224 1126
f 1126 1224 1225
f 1126 1225 1130
f 1127 1130 1225
f 1127 1225 1226
f 1127 1226 1227
f 1127 1227 1228
f 1156 1251 1252
f 1156 1252 1253
f 1156 1253 1157
f 1156 1250 1251
f 1157 1253 1254
f 1157 1254 1255
f 1158 1255 1256
f 1158 1256 1160
f 1150 1248 1151
f 1151 1248 1152
f 1152 1183 1153
f 1152 1248 1249
f 1152 1249 1184
f 1152 1184 1183
f 1154 1250 1155
f 1155 1250 1156
f 1145 1245 1146
f 1146 1245 1246
f 1146 1246 1216
f 1147 1149 1148
f 1147 1179 1247
f 1147 1247 1149
f 1149 1247 1248
f 1149 1248 1150
f 1141 1143 1142
f 1141 1240 1242
f 1141 1242 1241
f 1143 1241 1243
f 1143 1243 1144
f 1144 1243 1244
f 1144 1244 1145
f 1145 1244 1245
f 1171 1264 1263
f 1171 1263 1268
f 1171 1268 1270
f 1171 1270 1271
f 1171 1271 1269
f 1172 1269 1174
f 1172 1174 1173
f 1174 1269 1271
f 1168 1262 1265
f 1168 1265 1266
f 1168 1266 1267
f 1168 1267 1268
f 1168 1268 1263
f 1169 1264 1171
f 1170 1171 1269
f 1170 1269 1172
f 1164 1260 1261
f 1164 1261 1165
f 1165 1261 1166
f 1166 1261 1262
f 1166 1262 1167
f 1167 1262 1168
f 1168 1263 1264
f 1168 1264 1169
f 1158 1160 1159
f 1160 1256 1161
f 1161 1256 1257
f 1161 1257 1258
f 1161 1258 1164
f 1161 1164 1162
f 1164 1258 1259
f 1164 1259 1260
f 1184 1285 1286
f 1184 1286 1185
f 1185 1286 1287
f 1185 1287 1288
f 1185 1288 1289
f 1185 1289 1186
f 1186 1289 1187
f 1187 1288 1290
f 1181 1280 1281
f 1181 1281 1282
f 1181 1282 1283
f 1181 1283 1182
f 1182 1283 1277
f 1182 1277 1275
f 1184 1249 1284
f 1184 1284 1285
f 1177 1275 1277
f 1177 1277 1278
f 1177 1278 1276
f 1178 1276 1279
f 1178 1279 1247
f 1178 1247 1179
f 1180 1274 1181
f 1181 1274 1280
f 1174 1271 1272
f 1174 1272 1273
f 1174 1273 1274
f 1174 1274 1180
f 1174 1180 1175
f 1176 1182 1275
f 1176 1275 1177
f 1177 1276 1178
f 1195 1304 1198
f 1195 1198 1197
f 1196 1207 1305
f 1196 1305 1306
f 1196 1306 1214
f 1198 1304 1307
f 1198 1307 1308
f 1198 1308 1309
f 1191 1301 1299
f 1192 1300 1193
f 1193 1300 1299
f 1193 1299 1302
f 1193 1302 1303
f 1193 1303 1194
f 1194 1304 1195
f 1194 1303 1304
f 1187 1298 1189
f 1187 1189 1188
f 1187 1289 1288
f 1189 1298 1191
f 1190 1191 1299
f 1190 1299 1300
f 1190 1300 1192
f 1191 1298 1301
f 1187 1290 1291
f 1187 1291 1292
f 1187 1292 1293
f 1187 1293 1294
f 1187 1294 1295
f 1187 1295 1296
f 1187 1296 1297
f 1187 1297 1298
f 1209 1323 1210
f 1210 1323 1211
f 1211 1323 1324
f 1211 1324 1325
f 1211 1325 1212
f 1212 1326 1213
f 1212 1325 1327
f 1212 1327 1328
f 1205 1318 1319
f 1205 1319 1320
f 1205 1320 1321
f 1205 1321 1305
f 1205 1305 1206
f 1206 1305 1207
f 1209 1215 1322
f 1209 1322 1323
f 1200 1315 1314
f 1201 1203 1202
f 1201 1314 1316
f 1201 1316 1203
f 1203 1316 1317
f 1203 1317 1204
f 1204 1317 1318
f 1204 1318 1205
f 1198 1309 1310
f 1198 1310 1199
f 1199 1311 1200
f 1199 1310 1312
f 1199 1312 1313
f 1199 1313 1311
f 1200 1314 1201
f 1200 1311 1315
f 1227 1342 1343
f 1227 1343 1229
f 1227 1229 1228
f 1227 1340 1341
f 1229 1343 1342
f 1229 1342 1344
f 1229 1344 1230
f 1230 1344 1345
f 1223 1335 1338
f 1223 1338 1224
f 1224 1338 1339
f 1224 1339 1225
f 1225 1339 1340
f 1225 1340 1227
f 1225 1227 1226
f 1227 1341 1342
f 1219 1221 1333
f 1219 1333 1334
f 1219 1334 1335
f 1219 1335 1223
f 1220 1332 1221
f 1221 1332 1336
f 1221 1336 1337
f 1221 1337 1333
f 1212 1328 1326
f 1214 1306 1329
f 1214 1329 1215
f 1215 1329 1322
f 1216 1246 1330
f 1218 1331 1332
f 1218 1332 1220
f 1219 1223 1222
f 1240 1358 1242
f 1241 1242 1359
f 1241 1359 1243
f 1242 1358 1360
f 1242 1360 1361
f 1242 1361 1359
f 1243 1359 1362
f 1243 1362 1363
f 1237 1353 1354
f 1237 1354 1355
f 1237 1355 1238
f 1238 1355 1356
f 1238 1356 1239
f 1239 1356 1357
f 1239 1357 1240
f 1240 1357 1358
f 1234 1349 1235
f 1235 1349 1348
f 1235 1348 1350
f 1235 1350 1351
f 1235 1351 1236
f 1236 1351 1352
f 1236 1352 1353
f 1236 1353 1237
f 1230 1345 1231
f 1231 1345 1346
f 1231 1346 1232
f 1232 1346 1233
f 1233 1346 1347
f 1233 1347 1348
f 1233 1348 1349
f 1233 1349 1234
f 1257 1374 1376
f 1257 1376 1258
f 1258 1376 1377
f 1258 1377 1259
f 1259 1378 1379
f 1259 1379 1380
f 1259 1380 1260
f 1259 1377 1378
f 1254 1371 1372
f 1254 1372 1373
f 1254 1373 1374
f 1254 1374 1375
f 1254 1375 1255
f 1255 1375 1256
f 1256 1375 1374
f 1256 1374 1257
f 1246 1368 1330
f 1247 1279 1248
f 1248 1279 1249
f 1249 1279 1369
f 1249 1369 1370
f 1249 1370 1284
f 1252 1371 1253
f 1253 1371 1254
f 1243 1363 1364
f 1243 1364 1244
f 1244 1364 1365
f 1244 1365 1245
f 1245 1365 1246
f 1246 1365 1366
f 1246 1366 1367
f 1246 1367 1368
f 1272 1392 1393
f 1272 1393 1280
f 1273 1390 1274
f 1276 1278 1394
f 1276 1394 1279
f 1277 1283 1282
f 1277 1282 1395
f 1277 1395 1396
f 1270 1388 1271
f 1271 1388 1389
f 1271 1389 1272
f 1272 1280 1274
f 1272 1274 1390
f 1272 1390 1273
f 1272 1389 1391
f 1272 1391 1392
f 1265 1384 1266
f 1266 1384 1267
f 1267 1384 1385
f 1267 1385 1386
f 1267 1386 1268
f 1268 1386 1387
f 1268 1387 1270
f 1270 1387 1388
f 1260 1380 1261
f 1261 1380 1381
f 1261 1381 1262
f 1262 1381 1382
f 1262 1382 1265
f 1265 1382 1501
f 1265 1501 1383
f 1265 1383 1384
f 1292 1408 1409
f 1292 1409 1293
f 1292 1407 1408
f 1293 1409 1410
f 1293 1410 1294
f 1294 1410 1295
f 1295 1410 1296
f 1296 1411 1297
f 1288 1402 1403
f 1288 1403 1291
f 1288 1291 1290
f 1291 1404 1405
f 1291 1405 1406
f 1291 1406 1407
f 1291 1407 1292
f 1291 1403 1404
f 1284 1370 1285
f 1285 1370 1399
f 1285 1399 1400
f 1285 1400 1401
f 1285 1401 1402
f 1285 1402 1287
f 1285 1287 1286
f 1287 1402 1288
f 1277 1396 1394
f 1277 1394 1278
f 1279 1394 1369
f 1280 1393 1397
f 1280 1397 1281
f 1281 1397 1282
f 1282 1397 1398
f 1282 1398 1395
f 1309 1421 1310
f 1310 1421 1312
f 1311 1313 1422
f 1311 1422 1423
f 1311 1423 1315
f 1312 1421 1420
f 1312 1420 1424
f 1312 1424 1422
f 1305 1417 1418
f 1305 1418 1419
f 1305 1419 1416
f 1307 1415 1308
f 1308 1415 1414
f 1308 1414 1420
f 1308 1420 1309
f 1309 1420 1421
f 1302 1414 1303
f 1303 1414 1304
f 1304 1414 1415
f 1304 1415 1307
f 1305 1416 1329
f 1305 1329 1306
f 1305 1321 1320
f 1305 1320 1417
f 1296 1410 1411
f 1297 1301 1298
f 1297 1411 1301
f 1299 1301 1411
f 1299 1411 1412
f 1299 1412 1413
f 1299 1413 1414
f 1299 1414 1302
f 1322 1439 1440
f 1322 1440 1323
f 1323 1440 1441
f 1323 1441 1442
f 1323 1442 1324
f 1324 1442 1443
f 1324 1443 1325
f 1325 1444 1327
f 1320 1432 1433
f 1320 1433 1434
f 1320 1434 1435
f 1320 1435 1436
f 1320 1436 1437
f 1320 1437 1438
f 1320 1438 1417
f 1322 1329 1439
f 1316 1428 1317
f 1317 1428 1318
f 1318 1428 1429
f 1318 1429 1430
f 1318 1430 1320
f 1318 1320 1319
f 1320 1430 1431
f 1320 1431 1432
f 1312 1422 1313
f 1314 1315 1425
f 1314 1425 1426
f 1314 1426 1316
f 1315 1423 1422
f 1315 1422 1427
f 1315 1427 1425
f 1316 1426 1428
f 1341 1453 1457
f 1341 1457 1458
f 1341 1458 1342
f 1342 1459 1460
f 1342 1460 1461
f 1342 1461 1462
f 1342 1462 1344
f 1342 1458 1459
f 1335 1452 1453
f 1335 1453 1341
f 1335 1341 1340
f 1336 1448 1454
f 1336 1454 1455
f 1336 1455 1337
f 1337 1455 1456
f 1337 1456 1449
f 1333 1337 1449
f 1333 1449 1334
f 1334 1449 1450
f 1334 1450 1451
f 1334 1451 1335
f 1335 1340 1339
f 1335 1339 1338
f 1335 1451 1452
f 1325 1443 1445
f 1325 1445 1446
f 1325 1446 1444
f 1327 1444 1328
f 1329 1416 1439
f 1331 1447 1448
f 1331 1448 1332
f 1332 1448 1336
f 1355 1476 1473
f 1356 1473 1477
f 1356 1477 1357
f 1357 1477 1478
f 1357 1478 1358
f 1358 1478 1360
f 1359 1361 1479
f 1359 1479 1480
f 1352 1471 1472
f 1352 1472 1353
f 1353 1472 1354
f 1354 1472 1355
f 1355 1473 1356
f 1355 1472 1474
f 1355 1474 1475
f 1355 1475 1476
f 1348 1466 1350
f 1350 1466 1351
f 1351 1466 1467
f 1351 1467 1468
f 1351 1468 1469
f 1351 1469 1470
f 1351 1470 1471
f 1351 1471 1352
f 1344 1462 1463
f 1344 1463 1464
f 1344 1464 1345
f 1345 1347 1346
f 1345 1464 1465
f 1345 1465 1347
f 1347 1465 1348
f 1348 1465 1466
f 1373 1494 1374
f 1374 1494 1495
f 1374 1495 1496
f 1374 1496 1376
f 1376 1496 1495
f 1376 1495 1497
f 1376 1497 1377
f 1377 1497 1378
f 1367 1488 1489
f 1367 1489 1490
f 1369 1394 1370
f 1370 1394 1491
f 1370 1491 1399
f 1372 1492 1373
f 1373 1492 1493
f 1373 1493 1494
f 1362 1481 1486
f 1362 1486 1487
f 1362 1487 1363
f 1363 1487 1364
f 1364 1487 1488
f 1364 1488 1365
f 1365 1488 1366
f 1366 1488 1367
f 1359 1480 1481
f 1359 1481 1362
f 1360 1482 1479
f 1360 1479 1361
f 1360 1478 1483
f 1360 1483 1484
f 1360 1484 1485
f 1360 1485 1482
f 1392 1509 1510
f 1392 1510 1508
f 1393 1508 1511
f 1393 1511 1397
f 1394 1396 1512
f 1394 1512 1491
f 1395 1398 1513
f 1395 1513 1514
f 1388 1391 1389
f 1388 1504 1505
f 1388 1505 1506
f 1388 1506 1391
f 1391 1506 1507
f 1391 1507 1392
f 1392 1508 1393
f 1392 1507 1509
f 1383 1501 1502
f 1383 1502 1503
f 1383 1503 1384
f 1384 1503 1385
f 1385 1503 1504
f 1385 1504 1386
f 1386 1388 1387
f 1386 1504 1388
f 1378 1498 1499
f 1378 1499 1500
f 1378 1500 1379
f 1378 1497 1498
f 1379 1381 1380
f 1379 1500 1382
f 1379 1382 1381
f 1382 1500 1501
f 1409 1523 1524
f 1409 1524 1410
f 1409 1522 1521
f 1409 1521 1525
f 1409 1525 1523
f 1410 1524 1526
f 1410 1526 1411
f 1411 1526 1527
f 1404 1519 1405
f 1405 1519 1520
f 1405 1520 1406
f 1406 1520 1521
f 1406 1521 1407
f 1407 1522 1408
f 1407 1521 1522
f 1408 1522 1409
f 1400 1514 1516
f 1400 1516 1401
f 1401 1516 1517
f 1401 1517 1518
f 1401 1518 1404
f 1401 1404 1402
f 1402 1404 1403
f 1404 1518 1519
f 1395 1514 1512
f 1395 1512 1396
f 1397 1511 1398
f 1398 1511 1515
f 1398 1515 1513
f 1399 1512 1400
f 1399 1491 1512
f 1400 1512 1514
f 1425 1540 1541
f 1425 1541 1542
f 1425 1542 1543
f 1425 1543 1544
f 1425 1544 1426
f 1426 1544 1543
f 1426 1543 1429
f 1426 1429 1428
f 1420 1535 1424
f 1422 1424 1536
f 1422 1536 1427
f 1424 1535 1537
f 1424 1537 1538
f 1424 1538 1539
f 1424 1539 1536
f 1425 1427 1540
f 1417 1438 1531
f 1417 1531 1532
f 1417 1532 1530
f 1418 1530 1533
f 1418 1533 1419
f 1419 1533 1439
f 1420 1529 1534
f 1420 1534 1535
f 1411 1527 1412
f 1412 1527 1413
f 1413 1527 1528
f 1413 1528 1414
f 1414 1528 1529
f 1414 1529 1420
f 1416 1419 1439
f 1417 1530 1418
f 1441 1533 1555
f 1441 1555 1556
f 1441 1556 1557
f 1441 1557 1558
f 1441 1558 1554
f 1442 1554 1443
f 1443 1554 1559
f 1443 1559 1560
f 1436 1552 1531
f 1436 1531 1437
f 1437 1531 1438
f 1439 1533 1553
f 1439 1553 1440
f 1440 1553 1441
f 1441 1554 1442
f 1441 1553 1533
f 1432 1548 1433
f 1433 1548 1434
f 1434 1548 1549
f 1434 1549 1550
f 1434 1550 1436
f 1434 1436 1435
f 1436 1550 1551
f 1436 1551 1552
f 1427 1536 1540
f 1429 1545 1546
f 1429 1546 1430
f 1429 1543 1545
f 1430 1546 1431
f 1431 1546 1432
f 1432 1546 1547
f 1432 1547 1548
f 1457 1460 1459
f 1457 1459 1458
f 1460 1572 1573
f 1460 1573 1574
f 1460 1574 1461
f 1461 1574 1575
f 1461 1575 1576
f 1461 1576 1577
f 1455 1563 1568
f 1455 1568 1456
f 1456 1568 1569
f 1456 1569 1564
f 1457 1567 1570
f 1457 1570 1571
f 1457 1571 1572
f 1457 1572 1460
f 1450 1564 1565
f 1450 1565 1451
f 1451 1565 1452
f 1452 1565 1566
f 1452 1566 1567
f 1452 1567 1453
f 1453 1567 1457
f 1454 1563 1455
f 1443 1560 1445
f 1445 1560 1446
f 1447 1561 1448
f 1448 1561 1562
f 1448 1562 1563
f 1448 1563 1454
f 1449 1456 1450
f 1450 1456 1564
f 1475 1588 1589
f 1475 1589 1590
f 1475 1590 1591
f 1475 1591 1476
f 1475 1587 1588
f 1476 1591 1586
f 1477 1586 1592
f 1477 1592 1478
f 1471 1583 1584
f 1471 1584 1585
f 1471 1585 1472
f 1472 1585 1474
f 1473 1476 1586
f 1473 1586 1477
f 1474 1585 1587
f 1474 1587 1475
f 1466 1468 1467
f 1468 1579 1580
f 1468 1580 1581
f 1468 1581 1582
f 1468 1582 1469
f 1469 1582 1470
f 1470 1582 1583
f 1470 1583 1471
f 1461 1577 1463
f 1461 1463 1462
f 1463 1577 1464
f 1464 1577 1578
f 1464 1578 1465
f 1465 1578 1579
f 1465 1579 1466
f 1466 1579 1468
f 1489 1605 1606
f 1489 1606 1607
f 1489 1607 1490
f 1493 1608 1494
f 1494 1608 1495
f 1495 1609 1610
f 1495 1610 1611
f 1495 1611 1612
f 1485 1601 1596
f 1486 1595 1487
f 1487 1595 1602
f 1487 1602 1603
f 1487 1603 1488
f 1488 1603 1604
f 1488 1604 1489
f 1489 1604 1605
f 1482 1596 1593
f 1483 1597 1598
f 1483 1598 1484
f 1483 1592 1597
f 1484 1598 1599
f 1484 1599 1485
f 1485 1599 1600
f 1485 1600 1601
f 1478 1592 1483
f 1479 1482 1593
f 1479 1593 1480
f 1480 1593 1594
f 1480 1594 1595
f 1480 1595 1481
f 1481 1595 1486
f 1482 1485 1596
f 1506 1625 1507
f 1507 1625 1626
f 1507 1626 1627
f 1507 1627 1509
f 1508 1628 1511
f 1508 1510 1628
f 1509 1627 1510
f 1510 1627 1629
f 1503 1620 1621
f 1503 1621 1504
f 1504 1621 1622
f 1504 1622 1623
f 1504 1623 1624
f 1504 1624 1505
f 1505 1624 1625
f 1505 1625 1506
f 1499 1616 1500
f 1500 1616 1617
f 1500 1617 1501
f 1501 1617 1618
f 1501 1618 1502
f 1502 1618 1619
f 1502 1619 1620
f 1502 1620 1503
f 1495 1612 1613
f 1495 1613 1614
f 1495 1614 1498
f 1495 1498 1497
f 1495 1608 1615
f 1495 1615 1609
f 1498 1614 1499
f 1499 1614 1616
f 1521 1642 1643
f 1521 1643 1644
f 1521 1644 1645
f 1521 1645 1646
f 1521 1646 1525
f 1523 1525 1646
f 1523 1646 1647
f 1523 1647 1648
f 1517 1639 1518
f 1518 1639 1519
f 1519 1639 1638
f 1519 1638 1640
f 1519 1640 1520
f 1520 1640 1641
f 1520 1641 1521
f 1521 1641 1642
f 1514 1634 1635
f 1514 1635 1517
f 1514 1517 1516
f 1515 1628 1632
f 1517 1635 1636
f 1517 1636 1637
f 1517 1637 1638
f 1517 1638 1639
f 1510 1629 1630
f 1510 1630 1631
f 1510 1631 1628
f 1511 1628 1515
f 1513 1515 1632
f 1513 1632 1633
f 1513 1633 1514
f 1514 1633 1634
f 1535 1654 1661
f 1535 1661 1537
f 1536 1539 1662
f 1536 1662 1663
f 1536 1663 1540
f 1537 1661 1664
f 1537 1664 1538
f 1538 1664 1665
f 1531 1552 1658
f 1531 1658 1657
f 1532 1657 1655
f 1533 1556 1555
f 1533 1656 1659
f 1533 1659 1660
f 1533 1660 1556
f 1534 1654 1535
f 1528 1652 1653
f 1528 1653 1529
f 1529 1653 1654
f 1529 1654 1534
f 1530 1532 1655
f 1530 1655 1656
f 1530 1656 1533
f 1531 1657 1532
f 1523 1648 1649
f 1523 1649 1650
f 1523 1650 1651
f 1523 1651 1527
f 1523 1527 1526
f 1523 1526 1524
f 1527 1651 1652
f 1527 1652 1528
f 1551 1677 1678
f 1551 1678 1679
f 1551 1679 1552
f 1552 1679 1658
f 1554 1558 1559
f 1556 1680 1557
f 1556 1660 1680
f 1557 1680 1558
f 1547 1668 1674
f 1547 1674 1548
f 1548 1674 1549
f 1549 1675 1676
f 1549 1676 1677
f 1549 1677 1550
f 1549 1674 1675
f 1550 1677 1551
f 1543 1546 1545
f 1543 1666 1669
f 1543 1669 1670
f 1543 1670 1671
f 1543 1671 1672
f 1543 1672 1673
f 1543 1673 1667
f 1546 1668 1547
f 1538 1665 1662
f 1538 1662 1539
f 1540 1543 1542
f 1540 1542 1541
f 1540 1663 1666
f 1540 1666 1543
f 1543 1667 1668
f 1543 1668 1546
f 1571 1694 1573
f 1571 1573 1572
f 1573 1694 1695
f 1573 1695 1574
f 1574 1695 1696
f 1574 1696 1575
f 1575 1696 1576
f 1576 1696 1697
f 1566 1690 1691
f 1566 1691 1567
f 1567 1691 1570
f 1569 1686 1692
f 1569 1692 1687
f 1570 1691 1571
f 1571 1691 1693
f 1571 1693 1694
f 1563 1686 1569
f 1563 1569 1568
f 1564 1569 1687
f 1564 1687 1688
f 1564 1688 1565
f 1565 1688 1689
f 1565 1689 1566
f 1566 1689 1690
f 1558 1680 1681
f 1558 1681 1682
f 1558 1682 1560
f 1558 1560 1559
f 1562 1683 1684
f 1562 1684 1563
f 1563 1684 1685
f 1563 1685 1686
f 1588 1708 1709
f 1588 1709 1589
f 1589 1709 1710
f 1589 1710 1711
f 1589 1711 1590
f 1590 1711 1712
f 1590 1712 1591
f 1591 1712 1713
f 1583 1706 1584
f 1584 1706 1707
f 1584 1707 1585
f 1585 1707 1587
f 1586 1591 1597
f 1586 1597 1592
f 1587 1707 1588
f 1588 1707 1708
f 1580 1700 1701
f 1581 1701 1702
f 1581 1702 1582
f 1582 1702 1583
f 1583 1702 1703
f 1583 1703 1704
f 1583 1704 1705
f 1583 1705 1706
f 1576 1697 1698
f 1576 1698 1577
f 1577 1698 1699
f 1577 1699 1578
f 1578 1699 1579
f 1579 1699 1700
f 1579 1700 1580
f 1580 1701 1581
f 1604 1724 1725
f 1604 1725 1726
f 1604 1726 1605
f 1605 1726 1727
f 1605 1727 1606
f 1611 1728 1729
f 1611 1729 1612
f 1612 1729 1730
f 1599 1601 1600
f 1599 1717 1718
f 1601 1722 1716
f 1601 1721 1723
f 1601 1723 1722
f 1602 1714 1603
f 1603 1714 1724
f 1603 1724 1604
f 1596 1841 1715
f 1597 1713 1717
f 1597 1717 1598
f 1598 1717 1599
f 1599 1718 1719
f 1599 1719 1720
f 1599 1720 1721
f 1599 1721 1601
f 1591 1713 1597
f 1593 1596 1594
f 1594 1714 1595
f 1594 1596 1715
f 1594 1715 1714
f 1595 1714 1602
f 1596 1601 1716
f 1596 1716 1841
f 1625 1742 1743
f 1625 1743 1744
f 1625 1744 1626
f 1626 1744 1627
f 1627 1744 1629
f 1628 1631 1632
f 1629 1744 1745
f 1629 1745 1746
f 1620 1739 1736
f 1621 1738 1622
f 1622 1738 1740
f 1622 1740 1741
f 1622 1741 1623
f 1623 1741 1624
f 1624 1741 1742
f 1624 1742 1625
f 1618 1733 1734
f 1618 1734 1735
f 1618 1735 1619
f 1619 1735 1620
f 1620 1736 1737
f 1620 1737 1738
f 1620 1738 1621
f 1620 1735 1739
f 1612 1730 1613
f 1613 1730 1731
f 1613 1731 1614
f 1614 1731 1616
f 1616 1731 1732
f 1616 1732 1617
f 1617 1732 1733
f 1617 1733 1618
f 1644 1756 1645
f 1645 1757 1646
f 1645 1756 1758
f 1645 1758 1757
f 1646 1757 1647
f 1647 1757 1759
f 1647 1759 1760
f 1647 1760 1648
f 1638 1753 1640
f 1640 1753 1754
f 1640 1754 1642
f 1640 1642 1641
f 1642 1754 1755
f 1642 1755 1643
f 1643 1755 1644
f 1644 1755 1756
f 1634 1748 1750
f 1634 1750 1636
f 1634 1636 1635
f 1636 1750 1751
f 1636 1751 1752
f 1636 1752 1637
f 1637 1752 1638
f 1638 1752 1753
f 1629 1746 1747
f 1629 1747 1630
f 1630 1748 1631
f 1630 1747 1749
f 1630 1749 1748
f 1631 1748 1632
f 1632 1748 1634
f 1632 1634 1633
f 1660 1771 1773
f 1660 1773 1774
f 1660 1774 1775
f 1660 1775 1772
f 1661 1768 1664
f 1662 1665 1776
f 1662 1776 1777
f 1662 1777 1663
f 1655 1769 1656
f 1656 1769 1659
f 1657 1658 1769
f 1658 1770 1769
f 1658 1679 1770
f 1659 1769 1771
f 1659 1771 1660
f 1660 1772 1680
f 1650 1764 1652
f 1650 1652 1651
f 1652 1764 1653
f 1653 1764 1654
f 1654 1764 1767
f 1654 1767 1768
f 1654 1768 1661
f 1655 1657 1769
f 1648 1760 1649
f 1649 1761 1762
f 1649 1762 1763
f 1649 1763 1764
f 1649 1764 1650
f 1649 1760 1765
f 1649 1765 1766
f 1649 1766 1761
f 1672 1784 1673
f 1674 1784 1675
f 1675 1784 1791
f 1675 1791 1792
f 1675 1792 1676
f 1676 1793 1677
f 1676 1792 1794
f 1676 1794 1793
f 1670 1786 1787
f 1670 1787 1788
f 1670 1788 1671
f 1671 1788 1672
f 1672 1788 1789
f 1672 1789 1790
f 1672 1790 1791
f 1672 1791 1784
f 1666 1782 1783
f 1666 1783 1669
f 1667 1674 1668
f 1667 1673 1784
f 1667 1784 1674
f 1669 1783 1670
f 1670 1783 1785
f 1670 1785 1786
f 1663 1777 1778
f 1663 1778 1779
f 1663 1779 1666
f 1664 1768 1780
f 1664 1780 1781
f 1664 1781 1665
f 1665 1781 1776
f 1666 1779 1782
f 1689 1809 1690
f 1690 1809 1810
f 1690 1810 1691
f 1691 1810 1693
f 1692 1811 1807
f 1692 1806 1812
f 1692 1812 1811
f 1693 1810 1694
f 1685 1805 1686
f 1686 1805 1806
f 1686 1806 1692
f 1687 1692 1807
f 1687 1807 1688
f 1688 1807 1808
f 1688 1808 1689
f 1689 1808 1809
f 1680 1800 1681
f 1680 1772 1801
f 1680 1801 1800
f 1683 1802 1803
f 1683 1803 1684
f 1684 1803 1804
f 1684 1804 1685
f 1685 1804 1805
f 1677 1793 1678
f 1678 1795 1679
f 1678 1793 1796
f 1678 1796 1797
f 1678 1797 1795
f 1679 1795 1798
f 1679 1798 1799
f 1679 1799 1770
f 1703 1826 1704
f 1704 1706 1705
f 1704 1826 1824
f 1704 1824 1827
f 1704 1827 1828
f 1704 1828 1829
f 1704 1829 1830
f 1704 1830 1706
f 1701 1819 1822
f 1701 1822 1823
f 1701 1823 1824
f 1701 1824 1825
f 1701 1825 1702
f 1701 1821 1819
f 1702 1825 1826
f 1702 1826 1703
f 1697 1817 1698
f 1698 1817 1818
f 1698 1818 1819
f 1698 1819 1820
f 1698 1820 1700
f 1698 1700 1699
f 1700 1820 1821
f 1700 1821 1701
f 1694 1810 1695
f 1695 1810 1813
f 1695 1813 1814
f 1695 1814 1696
f 1696 1814 1697
f 1697 1814 1815
f 1697 1815 1816
f 1697 1816 1817
f 1718 1842 1719
f 1719 1842 1843
f 1719 1843 1844
f 1719 1844 1720
f 1720 1844 1845
f 1720 1845 1846
f 1720 1846 1847
f 1720 1847 1721
f 1713 1838 1839
f 1713 1839 1717
f 1714 1715 1840
f 1714 1840 1724
f 1715 1841 1840
f 1716 1722 1841
f 1717 1839 1718
f 1718 1839 1842
f 1709 1834 1710
f 1710 1834 1835
f 1710 1835 1711
f 1711 1835 1836
f 1711 1836 1712
f 1712 1836 1837
f 1712 1837 1838
f 1712 1838 1713
f 1706 1830 1829
f 1706 1829 1831
f 1706 1831 1832
f 1706 1832 1708
f 1706 1708 1707
f 1708 1832 1709
f 1709 1832 1833
f 1709 1833 1834
f 1734 1861 1862
f 1734 1862 1863
f 1734 1863 1739
f 1734 1739 1735
f 1734 1860 1861
f 1736 1864 1865
f 1736 1865 1737
f 1736 1739 1864
f 1729 1857 1858
f 1729 1858 1730
f 1730 1858 1859
f 1730 1859 1731
f 1731 1859 1732
f 1732 1859 1860
f 1732 1860 1734
f 1732 1734 1733
f 1725 1851 1852
f 1725 1852 1853
f 1725 1853 1726
f 1726 1853 1854
f 1726 1854 1727
f 1728 1855 1856
f 1728 1856 1729
f 1729 1856 1857
f 1721 1847 1723
f 1722 1723 1848
f 1722 1848 1849
f 1722 1849 1841
f 1723 1847 1850
f 1723 1850 1848
f 1724 1840 1851
f 1724 1851 1725
f 1747 1879 1880
f 1747 1880 1878
f 1748 1749 1750
f 1749 1878 1881
f 1749 1881 1750
f 1750 1881 1751
f 1751 1881 1882
f 1751 1882 1883
f 1743 1745 1744
f 1743 1874 1876
f 1743 1876 1875
f 1745 1875 1877
f 1745 1877 1747
f 1745 1747 1746
f 1747 1878 1749
f 1747 1877 1879
f 1740 1870 1871
f 1740 1871 1741
f 1741 1871 1742
f 1742 1871 1872
f 1742 1872 1873
f 1742 1873 1874
f 1742 1874 1743
f 1743 1875 1745
f 1737 1865 1866
f 1737 1866 1738
f 1738 1866 1867
f 1738 1867 1740
f 1739 1863 1864
f 1740 1867 1868
f 1740 1868 1869
f 1740 1869 1870
f 1761 1766 1895
f 1762 1780 1768
f 1762 1768 1767
f 1762 1767 1764
f 1762 1764 1763
f 1765 1894 1896
f 1765 1896 1897
f 1765 1897 1766
f 1758 1891 1890
f 1759 1892 1760
f 1759 1890 1893
f 1759 1893 1892
f 1760 1892 1894
f 1760 1894 1765
f 1761 1895 1780
f 1761 1780 1762
f 1755 1887 1886
f 1755 1886 1756
f 1756 1886 1888
f 1756 1888 1889
f 1756 1889 1758
f 1757 1758 1890
f 1757 1890 1759
f 1758 1889 1891
f 1751 1883 1752
f 1752 1883 1753
f 1753 1883 1884
f 1753 1884 1754
f 1754 1884 1885
f 1754 1885 1886
f 1754 1886 1887
f 1754 1887 1755
f 1778 1911 1912
f 1778 1912 1779
f 1778 1909 1910
f 1779 1912 1913
f 1779 1913 1782
f 1780 1895 1781
f 1781 1895 1903
f 1782 1913 1783
f 1774 1907 1775
f 1775 1907 1908
f 1775 1908 1801
f 1776 1781 1903
f 1776 1903 1909
f 1776 1909 1777
f 1777 1909 1778
f 1778 1910 1911
f 1770 1799 1904
f 1770 1904 1771
f 1771 1905 1774
f 1771 1774 1773
f 1771 1904 1905
f 1772 1775 1801
f 1774 1905 1906
f 1774 1906 1907
f 1766 1897 1898
f 1766 1898 1899
f 1766 1899 1900
f 1766 1900 1901
f 1766 1901 1902
f 1766 1902 1903
f 1766 1903 1895
f 1769 1770 1771
f 1795 1925 1926
f 1795 1926 1798
f 1796 1923 1797
f 1797 1923 1927
f 1797 1927 1924
f 1798 1928 1799
f 1798 1926 1928
f 1799 1928 1929
f 1791 1921 1792
f 1792 1921 1922
f 1792 1922 1794
f 1793 1794 1796
f 1794 1922 1923
f 1794 1923 1796
f 1795 1797 1924
f 1795 1924 1925
f 1789 1917 1790
f 1789 1916 1915
f 1789 1915 1918
f 1789 1918 1917
f 1790 1917 1919
f 1790 1919 1920
f 1790 1920 1921
f 1790 1921 1791
f 1783 1913 1785
f 1785 1913 1786
f 1786 1913 1914
f 1786 1914 1915
f 1786 1915 1788
f 1786 1788 1787
f 1788 1915 1916
f 1788 1916 1789
f 1810 1944 1945
f 1810 1945 1813
f 1811 1812 1946
f 1811 1946 1938
f 1812 1937 1946
f 1813 1945 1944
f 1813 1944 1947
f 1813 1947 1814
f 1808 1938 1809
f 1809 1938 1939
f 1809 1939 1940
f 1809 1940 1941
f 1809 1941 1942
f 1809 1942 1810
f 1810 1942 1943
f 1810 1943 1944
f 1804 1934 1935
f 1804 1935 1805
f 1805 1935 1936
f 1805 1936 1806
f 1806 1936 1937
f 1806 1937 1812
f 1807 1811 1808
f 1808 1811 1938
f 1799 1929 1930
f 1799 1930 1904
f 1800 1801 1931
f 1801 1932 1931
f 1801 1908 1932
f 1802 1933 1803
f 1803 1933 1934
f 1803 1934 1804
f 1829 1959 1832
f 1829 1832 1831
f 1829 1955 1956
f 1832 1959 1960
f 1832 1960 1833
f 1833 1960 1834
f 1834 1960 1961
f 1834 1961 1962
f 1824 1826 1825
f 1827 1953 1954
f 1827 1954 1955
f 1827 1955 1828
f 1828 1955 1829
f 1829 1956 1957
f 1829 1957 1958
f 1829 1958 1959
f 1819 1951 1822
f 1819 1821 1820
f 1819 1950 1951
f 1822 1951 1952
f 1822 1952 1953
f 1822 1953 1823
f 1823 1953 1824
f 1824 1953 1827
f 1814 1947 1948
f 1814 1948 1949
f 1814 1949 1815
f 1815 1949 1816
f 1816 1949 1950
f 1816 1950 1817
f 1817 1950 1818
f 1818 1950 1819
f 1848 1850 1973
f 1848 1973 1974
f 1848 1974 1975
f 1848 1975 1849
f 1849 1975 1967
f 1850 1972 1976
f 1850 1976 1977
f 1850 1977 1973
f 1843 1969 1845
f 1843 1845 1844
f 1845 1969 1970
f 1845 1970 1971
f 1845 1971 1846
f 1846 1972 1847
f 1846 1971 1972
f 1847 1972 1850
f 1837 1966 1842
f 1838 1842 1839
f 1840 1841 1967
f 1840 1967 1851
f 1841 1849 1967
f 1842 1966 1843
f 1843 1966 1968
f 1843 1968 1969
f 1834 1962 1963
f 1834 1963 1835
f 1835 1963 1964
f 1835 1964 1837
f 1835 1837 1836
f 1837 1842 1838
f 1837 1964 1965
f 1837 1965 1966
f 1864 1989 1990
f 1864 1990 1865
f 1865 1990 1991
f 1865 1991 1866
f 1866 1991 1992
f 1866 1992 1868
f 1866 1868 1867
f 1868 1992 2119
f 1860 1986 1861
f 1861 1985 1862
f 1861 1986 1985
f 1862 1985 1987
f 1862 1987 1988
f 1862 1988 1989
f 1862 1989 1863
f 1863 1989 1864
f 1856 1982 1983
f 1856 1983 1984
f 1856 1984 1857
f 1857 1984 1985
f 1857 1985 1986
f 1857 1986 1859
f 1857 1859 1858
f 1859 1986 1860
f 1851 1967 1978
f 1851 1978 1852
f 1852 1978 1979
f 1852 1979 1853
f 1853 1979 1980
f 1853 1980 1981
f 1853 1981 1854
f 1855 1982 1856
f 1881 2001 2003
f 1881 2003 1882
f 1882 2004 1883
f 1882 2003 2005
f 1882 2005 2006
f 1882 2006 2004
f 1883 2004 1884
f 1884 2004 2007
f 1875 1879 1877
f 1876 1998 1879
f 1878 1880 2000
f 1878 2000 2001
f 1878 2001 1881
f 1879 1998 2002
f 1879 2002 2000
f 1879 2000 1880
f 1871 1996 1997
f 1871 1997 1872
f 1872 1997 1873
f 1873 1998 1874
f 1873 1997 1999
f 1873 1999 1998
f 1874 1998 1876
f 1875 1876 1879
f 1868 2119 1993
f 1868 1993 1869
f 1869 1993 2121
f 1869 2121 1994
f 1869 1994 1995
f 1869 1995 1870
f 1870 1995 1996
f 1870 1996 1871
f 1896 2022 1897
f 1896 2020 2022
f 1897 2022 1899
f 1897 1899 1898
f 1899 2022 2023
f 1899 2023 2024
f 1899 2024 1900
f 1900 2024 1901
f 1891 2017 2013
f 1892 1896 1894
f 1892 1893 2018
f 1892 2018 2019
f 1892 2019 2020
f 1892 2020 1896
f 1893 2014 2021
f 1893 2021 2018
f 1888 2012 1889
f 1889 2012 1891
f 1890 1891 2013
f 1890 2013 2014
f 1890 2014 1893
f 1891 2012 2015
f 1891 2015 2016
f 1891 2016 2017
f 1884 2007 1886
f 1884 1886 1885
f 1886 2007 2008
f 1886 2008 2009
f 1886 2009 1888
f 1888 2009 2010
f 1888 2010 2011
f 1888 2011 2012
f 1914 2033 1915
f 1915 2033 2034
f 1915 2034 1918
f 1917 1918 2035
f 1917 2035 2036
f 1917 2036 1919
f 1918 2034 2037
f 1918 2037 2038
f 1910 2027 1911
f 1911 2027 2026
f 1911 2026 2031
f 1911 2031 1912
f 1912 1914 1913
f 1912 2031 2032
f 1912 2032 1914
f 1914 2032 2033
f 1904 1929 2028
f 1904 2028 2029
f 1904 2029 1905
f 1905 2029 1906
f 1906 2030 1908
f 1906 1908 1907
f 1906 2029 2156
f 1906 2156 2030
f 1901 2025 1902
f 1901 2024 2026
f 1901 2026 2025
f 1902 2025 2027
f 1902 2027 1910
f 1902 1910 1909
f 1902 1909 1903
f 1904 1930 1929
f 1928 2047 1929
f 1929 2047 2052
f 1929 2052 2028
f 1933 2053 2054
f 1933 2054 1934
f 1934 2054 1935
f 1935 2054 2055
f 1935 2055 2056
f 1925 2048 1926
f 1925 1927 2049
f 1925 2049 2050
f 1925 2050 2047
f 1926 2048 1928
f 1927 2046 2051
f 1927 2051 2049
f 1928 2048 2047
f 1920 2044 2040
f 1921 2040 1922
f 1922 2040 2045
f 1922 2045 1923
f 1923 2045 2046
f 1923 2046 1927
f 1924 1927 1925
f 1925 2047 2048
f 1918 2038 2039
f 1918 2039 2035
f 1919 2036 1920
f 1920 2040 1921
f 1920 2036 2041
f 1920 2041 2042
f 1920 2042 2043
f 1920 2043 2044
f 1944 2071 2072
f 1944 2072 2073
f 1944 2073 1948
f 1944 1948 2074
f 1944 2074 1947
f 1946 2058 2059
f 1947 2074 1948
f 1948 2073 1949
f 1942 2065 1943
f 1943 2065 1944
f 1944 2065 2066
f 1944 2066 2067
f 1944 2067 2068
f 1944 2068 2069
f 1944 2069 2070
f 1944 2070 2071
f 1940 2060 2061
f 1940 2061 2062
f 1940 2062 2063
f 1940 2063 2064
f 1940 2064 2065
f 1940 2065 1941
f 1940 2059 2060
f 1941 2065 1942
f 1935 2056 1936
f 1936 2056 2057
f 1936 2057 1937
f 1937 2057 2058
f 1937 2058 1946
f 1938 1946 2059
f 1938 2059 1939
f 1939 2059 1940
f 1957 2084 2085
f 1958 2089 1960
f 1958 1960 1959
f 1960 2089 2090
f 1960 2090 2091
f 1960 2091 1961
f 1961 2091 1962
f 1962 2091 2092
f 1955 2083 1956
f 1956 2083 2084
f 1956 2084 1957
f 1957 2085 2086
f 1957 2086 2087
f 1957 2087 2088
f 1957 2088 2089
f 1957 2089 1958
f 1952 2078 2079
f 1952 2079 1953
f 1953 2079 2080
f 1953 2080 2081
f 1953 2081 2082
f 1953 2082 2083
f 1953 2083 1954
f 1954 2083 1955
f 1949 2073 2072
f 1949 2072 2075
f 1949 2075 2076
f 1949 2076 1950
f 1950 2076 1951
f 1951 2076 2077
f 1951 2077 2078
f 1951 2078 1952
f 1973 2105 2106
f 1973 2106 1974
f 1974 2106 2097
f 1974 2097 1975
f 1976 2104 2107
f 1976 2107 1977
f 1977 2108 2105
f 1977 2107 2108
f 1970 2100 1971
f 1971 2100 2101
f 1971 2101 2102
f 1971 2102 2103
f 1971 2103 1972
f 1972 2103 2104
f 1972 2104 1976
f 1973 1977 2105
f 1966 2096 1968
f 1967 1975 2097
f 1967 2097 1978
f 1968 2096 2098
f 1968 2098 2099
f 1968 2099 1969
f 1969 2099 1970
f 1970 2099 2100
f 1962 2092 2093
f 1962 2093 1963
f 1963 2093 2094
f 1963 2094 1964
f 1964 2094 1965
f 1965 2094 2095
f 1965 2095 2096
f 1965 2096 1966
f 1993 2119 2120
f 1993 2120 2121
f 1994 2121 2122
f 1994 2122 2123
f 1994 2123 2124
f 1994 2124 1995
f 1995 2124 1996
f 1996 2124 2125
f 1989 2115 1990
f 1990 2115 2249
f 1990 2249 2116
f 1990 2116 1991
f 1991 2116 2117
f 1991 2117 1992
f 1992 2117 2118
f 1992 2118 2119
f 1983 1988 2113
f 1983 2113 1984
f 1984 2113 1987
f 1984 1987 1985
f 1987 2113 1988
f 1988 2112 2114
f 1988 2114 1989
f 1989 2114 2115
f 1978 2097 1979
f 1979 2097 2109
f 1979 2109 1980
f 1980 2110 1981
f 1980 2109 2110
f 1982 2111 1983
f 1983 2111 2112
f 1983 2112 1988
f 2010 2135 2136
f 2010 2136 2137
f 2010 2137 2011
f 2011 2138 2012
f 2011 2137 2139
f 2011 2139 2274
f 2011 2274 2138
f 2012 2138 2140
f 2005 2132 2133
f 2005 2133 2006
f 2006 2133 2007
f 2007 2133 2008
f 2008 2133 2134
f 2008 2134 2135
f 2008 2135 2009
f 2009 2135 2010
f 2000 2129 2130
f 2000 2130 2001
f 2001 2130 2003
f 2002 2127 2131
f 2002 2131 2129
f 2003 2130 2132
f 2003 2132 2005
f 2004 2006 2007
f 1996 2125 2126
f 1996 2126 1997
f 1997 2126 1999
f 1998 1999 2127
f 1998 2127 2002
f 1999 2126 2128
f 1999 2128 2127
f 2000 2002 2129
f 2024 2151 2152
f 2024 2152 2026
f 2025 2026 2027
f 2026 2152 2151
f 2026 2151 2153
f 2026 2153 2154
f 2026 2154 2031
f 2028 2155 2156
f 2020 2148 2022
f 2021 2143 2147
f 2022 2148 2023
f 2023 2148 2146
f 2023 2146 2149
f 2023 2149 2024
f 2024 2149 2150
f 2024 2150 2151
f 2017 2142 2144
f 2017 2144 2145
f 2017 2145 2143
f 2018 2021 2019
f 2019 2146 2020
f 2019 2021 2147
f 2019 2147 2146
f 2020 2146 2148
f 2012 2140 2015
f 2013 2017 2014
f 2014 2017 2021
f 2015 2140 2016
f 2016 2140 2141
f 2016 2141 2142
f 2016 2142 2017
f 2017 2143 2021
f 2040 2044 2169
f 2040 2169 2045
f 2041 2162 2168
f 2041 2168 2170
f 2041 2170 2043
f 2041 2043 2042
f 2043 2170 2171
f 2043 2171 2172
f 2037 2161 2163
f 2037 2163 2164
f 2037 2164 2165
f 2037 2165 2166
f 2037 2166 2167
f 2037 2167 2039
f 2039 2167 2168
f 2039 2168 2162
f 2032 2160 2161
f 2032 2161 2033
f 2033 2161 2037
f 2033 2037 2034
f 2035 2039 2036
f 2036 2039 2162
f 2036 2162 2041
f 2037 2039 2038
f 2028 2156 2029
f 2028 2052 2157
f 2028 2157 2155
f 2031 2158 2032
f 2031 2154 2153
f 2031 2153 2159
f 2031 2159 2158
f 2032 2158 2160
f 2056 2185 2057
f 2057 2186 2058
f 2057 2185 2187
f 2057 2187 2186
f 2058 2186 2188
f 2058 2188 2060
f 2058 2060 2059
f 2060 2188 2189
f 2052 2180 2157
f 2053 2181 2054
f 2054 2181 2182
f 2054 2182 2183
f 2054 2183 2055
f 2055 2183 2056
f 2056 2183 2184
f 2056 2184 2185
f 2047 2176 2177
f 2047 2177 2052
f 2049 2051 2050
f 2050 2051 2178
f 2050 2178 2179
f 2050 2179 2176
f 2051 2175 2178
f 2052 2177 2180
f 2043 2172 2044
f 2044 2172 2169
f 2045 2169 2173
f 2045 2173 2174
f 2045 2174 2046
f 2046 2174 2175
f 2046 2175 2051
f 2047 2050 2176
f 2070 2202 2203
f 2070 2203 2071
f 2071 2203 2204
f 2071 2204 2205
f 2071 2205 2075
f 2071 2075 2072
f 2075 2205 2076
f 2076 2205 2077
f 2068 2195 2191
f 2068 2191 2197
f 2068 2197 2198
f 2068 2198 2199
f 2068 2199 2200
f 2068 2200 2201
f 2068 2201 2196
f 2070 2196 2202
f 2063 2191 2064
f 2064 2067 2066
f 2064 2066 2065
f 2064 2191 2195
f 2064 2195 2067
f 2067 2195 2068
f 2068 2196 2070
f 2068 2070 2069
f 2060 2189 2061
f 2061 2189 2062
f 2062 2190 2191
f 2062 2191 2063
f 2062 2189 2192
f 2062 2192 2193
f 2062 2193 2194
f 2062 2194 2190
f 2087 2219 2220
f 2087 2220 2221
f 2087 2221 2222
f 2087 2222 2218
f 2088 2218 2089
f 2089 2218 2090
f 2090 2218 2222
f 2090 2222 2091
f 2083 2215 2085
f 2083 2085 2084
f 2085 2215 2216
f 2085 2216 2217
f 2085 2217 2086
f 2086 2217 2087
f 2087 2218 2088
f 2087 2217 2219
f 2081 2210 2211
f 2081 2211 2212
f 2081 2212 2213
f 2081 2213 2214
f 2081 2214 2083
f 2081 2083 2082
f 2081 2208 2209
f 2083 2214 2215
f 2077 2205 2078
f 2078 2205 2206
f 2078 2206 2079
f 2079 2206 2207
f 2079 2207 2208
f 2079 2208 2081
f 2079 2081 2080
f 2081 2209 2210
f 2102 2235 2236
f 2102 2236 2103
f 2103 2236 2104
f 2104 2236 2107
f 2105 2237 2238
f 2105 2238 2106
f 2105 2108 2237
f 2106 2238 2109
f 2100 2229 2230
f 2100 2230 2231
f 2100 2231 2232
f 2100 2232 2101
f 2101 2232 2233
f 2101 2233 2102
f 2102 2233 2234
f 2102 2234 2235
f 2095 2226 2227
f 2095 2227 2228
f 2095 2228 2096
f 2096 2228 2098
f 2097 2106 2109
f 2098 2228 2229
f 2098 2229 2099
f 2099 2229 2100
f 2091 2222 2223
f 2091 2223 2092
f 2092 2223 2224
f 2092 2224 2225
f 2092 2225 2093
f 2093 2225 2226
f 2093 2226 2095
f 2093 2095 2094
f 2120 2253 2254
f 2120 2254 2122
f 2120 2122 2121
f 2122 2254 2255
f 2122 2255 2256
f 2122 2256 2123
f 2123 2256 2257
f 2123 2257 2258
f 2116 2249 2250
f 2116 2250 2117
f 2117 2250 2251
f 2117 2251 2118
f 2118 2251 2252
f 2118 2252 2120
f 2118 2120 2119
f 2120 2252 2253
f 2110 2243 2244
f 2111 2245 2112
f 2112 2245 2246
f 2112 2246 2247
f 2112 2247 2114
f 2114 2247 2248
f 2114 2248 2115
f 2115 2248 2249
f 2107 2236 2239
f 2107 2239 2240
f 2107 2240 2108
f 2108 2241 2237
f 2108 2240 2242
f 2108 2242 2241
f 2109 2243 2110
f 2109 2238 2243
f 2134 2271 2135
f 2135 2271 2136
f 2136 2271 2272
f 2136 2272 2273
f 2136 2273 2137
f 2137 2273 2139
f 2138 2274 2141
f 2138 2141 2140
f 2131 2262 2267
f 2131 2267 2266
f 2132 2264 2268
f 2132 2268 2134
f 2132 2134 2133
f 2134 2268 2269
f 2134 2269 2270
f 2134 2270 2271
f 2127 2262 2131
f 2128 2261 2263
f 2128 2263 2262
f 2129 2264 2130
f 2129 2131 2265
f 2129 2265 2264
f 2130 2264 2132
f 2131 2266 2265
f 2123 2258 2259
f 2123 2259 2124
f 2124 2259 2260
f 2124 2260 2125
f 2125 2260 2261
f 2125 2261 2128
f 2125 2128 2126
f 2127 2128 2262
f 2151 2159 2153
f 2158 2159 2288
f 2158 2288 2163
f 2158 2163 2160
f 2159 2287 2289
f 2159 2289 2290
f 2159 2290 2288
f 2160 2163 2161
f 2146 2284 2149
f 2147 2279 2284
f 2149 2284 2285
f 2149 2285 2150
f 2150 2285 2286
f 2150 2286 2287
f 2150 2287 2151
f 2151 2287 2159
f 2143 2145 2280
f 2143 2280 2279
f 2144 2278 2281
f 2144 2281 2282
f 2144 2282 2145
f 2145 2282 2283
f 2145 2283 2280
f 2146 2147 2284
f 2139 2273 2275
f 2139 2275 2276
f 2139 2276 2274
f 2141 2274 2277
f 2141 2277 2142
f 2142 2277 2278
f 2142 2278 2144
f 2143 2279 2147
f 2173 2298 2304
f 2173 2304 2303
f 2174 2303 2175
f 2175 2303 2305
f 2175 2305 2306
f 2175 2306 2307
f 2175 2307 2178
f 2176 2179 2308
f 2169 2298 2173
f 2171 2299 2172
f 2171 2297 2300
f 2171 2300 2301
f 2171 2301 2299
f 2172 2299 2302
f 2172 2302 2298
f 2173 2303 2174
f 2166 2294 2295
f 2166 2295 2167
f 2167 2295 2296
f 2167 2296 2168
f 2168 2296 2297
f 2168 2297 2171
f 2168 2171 2170
f 2169 2172 2298
f 2163 2288 2290
f 2163 2290 2291
f 2163 2291 2164
f 2164 2291 2292
f 2164 2292 2165
f 2165 2292 2293
f 2165 2293 2294
f 2165 2294 2166
f 2187 2322 2188
f 2188 2322 2189
f 2189 2322 2323
f 2189 2323 2192
f 2190 2194 2324
f 2190 2324 2325
f 2190 2325 2191
f 2191 2325 2198
f 2184 2317 2318
f 2184 2318 2185
f 2185 2318 2319
f 2185 2319 2187
f 2186 2187 2188
f 2187 2319 2320
f 2187 2320 2321
f 2187 2321 2322
f 2180 2309 2312
f 2181 2313 2182
f 2182 2313 2314
f 2182 2314 2315
f 2182 2315 2316
f 2182 2316 2317
f 2182 2317 2184
f 2182 2184 2183
f 2176 2308 2177
f 2177 2308 2309
f 2177 2309 2180
f 2178 2307 2306
f 2178 2306 2310
f 2178 2310 2179
f 2179 2310 2311
f 2179 2311 2308
f 2203 2338 2204
f 2204 2206 2205
f 2204 2338 2339
f 2204 2339 2340
f 2204 2340 2206
f 2206 2340 2209
f 2206 2209 2207
f 2207 2209 2208
f 2199 2333 2201
f 2201 2333 2334
f 2201 2334 2335
f 2201 2335 2336
f 2201 2336 2337
f 2201 2337 2202
f 2202 2337 2203
f 2203 2337 2338
f 2196 2201 2202
f 2198 2325 2324
f 2198 2324 2330
f 2198 2330 2199
f 2199 2201 2200
f 2199 2330 2331
f 2199 2331 2332
f 2199 2332 2333
f 2191 2198 2197
f 2192 2326 2193
f 2192 2323 2326
f 2193 2326 2327
f 2193 2327 2328
f 2193 2328 2329
f 2193 2329 2194
f 2194 2329 2324
f 2220 2353 2354
f 2220 2354 2355
f 2220 2355 2221
f 2221 2355 2222
f 2222 2355 2223
f 2223 2355 2356
f 2223 2356 2224
f 2224 2356 2357
f 2213 2216 2215
f 2216 2349 2217
f 2217 2349 2350
f 2217 2350 2351
f 2217 2351 2352
f 2217 2352 2219
f 2219 2352 2220
f 2220 2352 2353
f 2211 2344 2345
f 2211 2345 2346
f 2211 2346 2347
f 2211 2347 2348
f 2211 2348 2213
f 2213 2215 2214
f 2213 2348 2349
f 2213 2349 2216
f 2209 2341 2342
f 2209 2342 2343
f 2209 2343 2211
f 2209 2211 2210
f 2209 2340 2339
f 2209 2339 2341
f 2211 2213 2212
f 2211 2343 2344
f 2235 2367 2369
f 2235 2369 2368
f 2237 2241 2370
f 2237 2370 2371
f 2237 2371 2372
f 2237 2372 2243
f 2237 2243 2238
f 2239 2368 2373
f 2231 2365 2232
f 2232 2365 2366
f 2232 2366 2233
f 2233 2366 2367
f 2233 2367 2234
f 2234 2367 2235
f 2235 2368 2239
f 2235 2239 2236
f 2228 2361 2362
f 2228 2362 2363
f 2228 2363 2229
f 2229 2363 2362
f 2229 2362 2230
f 2230 2362 2364
f 2230 2364 2231
f 2231 2364 2365
f 2224 2357 2358
f 2224 2358 2225
f 2225 2358 2359
f 2225 2359 2226
f 2226 2359 2227
f 2227 2359 2360
f 2227 2360 2361
f 2227 2361 2228
f 2252 2386 2253
f 2253 2386 2387
f 2253 2387 2254
f 2254 2387 2255
f 2255 2387 2388
f 2255 2388 2389
f 2255 2389 2256
f 2256 2389 2390
f 2248 2382 2249
f 2249 2382 2250
f 2250 2382 2383
f 2250 2383 2251
f 2251 2383 2384
f 2251 2384 2385
f 2251 2385 2252
f 2252 2385 2386
f 2243 2372 2244
f 2245 2378 2246
f 2246 2378 2379
f 2246 2379 2380
f 2246 2380 2247
f 2247 2380 2248
f 2248 2380 2381
f 2248 2381 2382
f 2239 2373 2240
f 2240 2373 2374
f 2240 2374 2242
f 2241 2375 2370
f 2241 2242 2376
f 2241 2376 2375
f 2242 2374 2377
f 2242 2377 2376
f 2269 2399 2270
f 2270 2399 2400
f 2270 2400 2402
f 2270 2402 2403
f 2270 2403 2271
f 2271 2403 2402
f 2271 2402 2404
f 2271 2404 2405
f 2264 2265 2399
f 2264 2399 2269
f 2264 2269 2268
f 2265 2266 2400
f 2265 2400 2399
f 2266 2267 2401
f 2266 2401 2400
f 2267 2398 2401
f 2259 2395 2260
f 2260 2395 2396
f 2260 2396 2261
f 2261 2396 2397
f 2261 2397 2263
f 2262 2263 2267
f 2263 2397 2398
f 2263 2398 2267
f 2256 2390 2257
f 2257 2390 2391
f 2257 2391 2258
f 2258 2391 2392
f 2258 2392 2393
f 2258 2393 2394
f 2258 2394 2259
f 2259 2394 2395
f 2282 2417 2283
f 2283 2418 2416
f 2283 2417 2419
f 2283 2419 2418
f 2284 2415 2285
f 2285 2415 2420
f 2285 2420 2421
f 2285 2421 2286
f 2277 2414 2278
f 2278 2414 2281
f 2279 2415 2284
f 2279 2280 2416
f 2279 2416 2415
f 2280 2283 2416
f 2281 2414 2417
f 2281 2417 2282
f 2274 2276 2277
f 2275 2409 2410
f 2275 2410 2276
f 2276 2410 2411
f 2276 2411 2412
f 2276 2412 2277
f 2277 2412 2413
f 2277 2413 2414
f 2271 2405 2406
f 2271 2406 2272
f 2272 2406 2405
f 2272 2405 2407
f 2272 2407 2408
f 2272 2408 2273
f 2273 2408 2409
f 2273 2409 2275
f 2297 2434 2300
f 2298 2302 2304
f 2299 2301 2435
f 2299 2435 2302
f 2300 2434 2301
f 2301 2434 2436
f 2301 2436 2435
f 2302 2437 2304
f 2294 2429 2430
f 2294 2430 2431
f 2294 2431 2295
f 2295 2431 2432
f 2295 2432 2296
f 2296 2432 2433
f 2296 2433 2434
f 2296 2434 2297
f 2291 2425 2426
f 2291 2426 2292
f 2292 2427 2293
f 2292 2426 2428
f 2292 2428 2429
f 2292 2429 2427
f 2293 2427 2294
f 2294 2427 2429
f 2286 2421 2287
f 2287 2421 2289
f 2289 2421 2422
f 2289 2422 2423
f 2289 2423 2290
f 2290 2423 2424
f 2290 2424 2291
f 2291 2424 2425
f 2318 2448 2319
f 2319 2448 2320
f 2320 2449 2450
f 2320 2450 2321
f 2320 2448 2451
f 2320 2451 2452
f 2320 2452 2449
f 2321 2450 2323
f 2311 2441 2442
f 2312 2444 2443
f 2312 2443 2445
f 2315 2446 2447
f 2315 2447 2316
f 2316 2447 2317
f 2317 2447 2318
f 2318 2447 2448
f 2306 2311 2310
f 2306 2440 2568
f 2306 2568 2441
f 2308 2312 2309
f 2308 2311 2442
f 2308 2442 2443
f 2308 2443 2444
f 2308 2444 2312
f 2302 2435 2438
f 2302 2438 2437
f 2303 2304 2439
f 2303 2439 2305
f 2304 2437 2439
f 2305 2439 2440
f 2305 2440 2306
f 2306 2441 2311
f 2335 2464 2336
f 2335 2462 2465
f 2335 2465 2466
f 2335 2466 2467
f 2335 2467 2468
f 2335 2468 2463
f 2336 2469 2337
f 2336 2464 2469
f 2330 2460 2331
f 2331 2460 2332
f 2332 2460 2461
f 2332 2461 2462
f 2332 2462 2333
f 2333 2462 2334
f 2334 2462 2335
f 2335 2463 2464
f 2327 2455 2328
f 2328 2455 2456
f 2328 2456 2457
f 2328 2457 2458
f 2328 2458 2459
f 2328 2459 2329
f 2329 2459 2453
f 2330 2453 2460
f 2321 2323 2322
f 2323 2450 2326
f 2324 2329 2453
f 2324 2453 2330
f 2326 2449 2454
f 2326 2454 2327
f 2326 2450 2449
f 2327 2454 2455
f 2352 2478 2479
f 2352 2479 2353
f 2353 2479 2480
f 2353 2480 2354
f 2354 2481 2355
f 2354 2480 2481
f 2355 2481 2356
f 2356 2481 2482
f 2347 2474 2475
f 2347 2475 2349
f 2349 2475 2476
f 2349 2476 2350
f 2350 2476 2477
f 2350 2477 2351
f 2351 2477 2352
f 2352 2477 2478
f 2344 2471 2463
f 2344 2463 2472
f 2344 2472 2345
f 2345 2472 2346
f 2346 2473 2474
f 2346 2474 2347
f 2346 2472 2473
f 2347 2349 2348
f 2337 2469 2338
f 2338 2469 2339
f 2339 2469 2341
f 2341 2469 2470
f 2341 2470 2471
f 2341 2471 2344
f 2341 2344 2342
f 2342 2344 2343
f 2367 2495 2369
f 2368 2496 2373
f 2368 2369 2497
f 2368 2497 2498
f 2368 2498 2496
f 2369 2495 2499
f 2369 2499 2497
f 2370 2500 2371
f 2364 2490 2491
f 2364 2491 2492
f 2364 2492 2365
f 2365 2492 2493
f 2365 2493 2366
f 2366 2493 2494
f 2366 2494 2367
f 2367 2494 2495
f 2360 2486 2487
f 2360 2487 2488
f 2360 2488 2489
f 2360 2489 2361
f 2361 2489 2362
f 2362 2489 2488
f 2362 2488 2490
f 2362 2490 2364
f 2356 2482 2357
f 2357 2482 2483
f 2357 2483 2484
f 2357 2484 2485
f 2357 2485 2358
f 2358 2485 2359
f 2359 2485 2360
f 2360 2485 2486
f 2386 2510 2512
f 2386 2512 2511
f 2387 2511 2388
f 2388 2511 2513
f 2388 2513 2514
f 2388 2514 2389
f 2389 2514 2515
f 2389 2515 2516
f 2380 2509 2381
f 2381 2509 2383
f 2381 2383 2382
f 2383 2509 2510
f 2383 2510 2384
f 2384 2510 2386
f 2384 2386 2385
f 2386 2511 2387
f 2377 2502 2504
f 2378 2505 2379
f 2379 2505 2506
f 2379 2506 2635
f 2379 2635 2507
f 2379 2507 2508
f 2379 2508 2380
f 2380 2508 2509
f 2371 2500 2372
f 2373 2496 2501
f 2373 2501 2374
f 2374 2501 2502
f 2374 2502 2377
f 2375 2376 2503
f 2376 2377 2504
f 2376 2504 2503
f 2404 2527 2528
f 2404 2528 2405
f 2404 2526 2527
f 2405 2528 2529
f 2405 2529 2408
f 2405 2408 2407
f 2408 2530 2409
f 2408 2529 2531
f 2398 2523 2524
f 2398 2524 2525
f 2398 2525 2401
f 2400 2401 2526
f 2400 2526 2402
f 2401 2525 2527
f 2401 2527 2526
f 2402 2526 2404
f 2393 2396 2395
f 2393 2395 2394
f 2393 2519 2521
f 2393 2521 2520
f 2396 2520 2522
f 2396 2522 2397
f 2397 2522 2523
f 2397 2523 2398
f 2389 2516 2390
f 2390 2516 2517
f 2390 2517 2518
f 2390 2518 2391
f 2391 2518 2519
f 2391 2519 2392
f 2392 2519 2393
f 2393 2520 2396
f 2419 2544 2543
f 2420 2540 2421
f 2421 2540 2422
f 2422 2540 2542
f 2422 2542 2545
f 2422 2545 2423
f 2423 2545 2546
f 2423 2546 2547
f 2415 2540 2420
f 2416 2418 2540
f 2417 2539 2541
f 2417 2541 2419
f 2418 2542 2540
f 2418 2419 2543
f 2418 2543 2542
f 2419 2541 2544
f 2411 2536 2412
f 2412 2536 2537
f 2412 2537 2538
f 2412 2538 2539
f 2412 2539 2413
f 2413 2539 2414
f 2414 2539 2417
f 2415 2416 2540
f 2408 2531 2532
f 2408 2532 2533
f 2408 2533 2530
f 2409 2530 2534
f 2409 2534 2410
f 2410 2534 2535
f 2410 2535 2411
f 2411 2535 2536
f 2434 2560 2561
f 2434 2561 2436
f 2435 2436 2562
f 2435 2562 2438
f 2436 2561 2562
f 2437 2438 2439
f 2438 2563 2564
f 2438 2564 2439
f 2432 2556 2434
f 2432 2434 2433
f 2432 2554 2553
f 2432 2553 2557
f 2432 2557 2555
f 2434 2556 2558
f 2434 2558 2559
f 2434 2559 2560
f 2428 2551 2429
f 2429 2551 2430
f 2430 2551 2552
f 2430 2552 2553
f 2430 2553 2431
f 2431 2553 2554
f 2431 2554 2432
f 2432 2555 2556
f 2423 2547 2424
f 2424 2547 2548
f 2424 2548 2425
f 2425 2548 2426
f 2426 2548 2549
f 2426 2549 2550
f 2426 2550 2428
f 2428 2550 2551
f 2453 2459 2460
f 2454 2576 2455
f 2455 2576 2579
f 2455 2579 2580
f 2455 2580 2456
f 2456 2580 2457
f 2457 2580 2581
f 2457 2581 2582
f 2448 2574 2575
f 2448 2575 2451
f 2449 2452 2576
f 2449 2576 2454
f 2451 2575 2577
f 2451 2577 2452
f 2452 2577 2578
f 2452 2578 2576
f 2443 2569 2570
f 2443 2570 2445
f 2443 2568 2569
f 2446 2571 2572
f 2446 2572 2573
f 2446 2573 2447
f 2447 2573 2448
f 2448 2573 2574
f 2438 2562 2565
f 2438 2565 2563
f 2439 2564 2440
f 2440 2564 2566
f 2440 2566 2567
f 2440 2567 2568
f 2441 2443 2442
f 2441 2568 2443
f 2466 2595 2467
f 2467 2595 2596
f 2467 2596 2597
f 2467 2597 2593
f 2467 2593 2592
f 2467 2592 2468
f 2472 2594 2593
f 2472 2593 2598
f 2463 2592 2593
f 2463 2593 2594
f 2463 2594 2472
f 2463 2471 2470
f 2463 2470 2469
f 2463 2469 2464
f 2465 2591 2595
f 2465 2595 2466
f 2460 2587 2588
f 2460 2588 2461
f 2461 2588 2589
f 2461 2589 2590
f 2461 2590 2462
f 2462 2590 2591
f 2462 2591 2465
f 2463 2468 2592
f 2457 2582 2583
f 2457 2583 2584
f 2457 2584 2585
f 2457 2585 2458
f 2458 2585 2586
f 2458 2586 2459
f 2459 2586 2587
f 2459 2587 2460
f 2480 2613 2481
f 2481 2613 2482
f 2482 2613 2614
f 2482 2614 2483
f 2483 2614 2486
f 2483 2486 2484
f 2484 2486 2485
f 2486 2614 2615
f 2478 2607 2479
f 2479 2607 2608
f 2479 2608 2609
f 2479 2609 2610
f 2479 2610 2611
f 2479 2611 2480
f 2480 2611 2612
f 2480 2612 2613
f 2473 2598 2599
f 2474 2476 2475
f 2476 2603 2604
f 2476 2604 2605
f 2476 2605 2477
f 2477 2605 2606
f 2477 2606 2478
f 2478 2606 2607
f 2472 2598 2473
f 2473 2599 2596
f 2473 2596 2600
f 2473 2600 2601
f 2473 2601 2602
f 2473 2602 2603
f 2473 2603 2476
f 2473 2476 2474
f 2497 2628 2629
f 2497 2629 2498
f 2498 2629 2630
f 2498 2630 2502
f 2498 2502 2501
f 2499 2626 2631
f 2499 2631 2632
f 2499 2632 2627
f 2493 2624 2494
f 2494 2624 2625
f 2494 2625 2495
f 2495 2625 2626
f 2495 2626 2499
f 2496 2498 2501
f 2497 2499 2627
f 2497 2627 2628
f 2488 2620 2621
f 2488 2621 2490
f 2490 2621 2491
f 2491 2493 2492
f 2491 2621 2622
f 2491 2622 2623
f 2491 2623 2493
f 2493 2623 2624
f 2486 2615 2616
f 2486 2616 2617
f 2486 2617 2618
f 2486 2618 2619
f 2486 2619 2487
f 2487 2619 2488
f 2488 2619 2618
f 2488 2618 2620
f 2516 2647 2517
f 2517 2519 2518
f 2517 2647 2519
f 2519 2647 2648
f 2519 2648 2649
f 2519 2649 2650
f 2519 2650 2521
f 2520 2521 2651
f 2514 2641 2642
f 2514 2642 2643
f 2514 2643 2515
f 2515 2643 2644
f 2515 2644 2645
f 2515 2645 2516
f 2516 2645 2646
f 2516 2646 2647
f 2510 2637 2638
f 2510 2638 2512
f 2511 2512 2639
f 2511 2639 2513
f 2512 2638 2639
f 2513 2639 2640
f 2513 2640 2641
f 2513 2641 2514
f 2502 2633 2504
f 2502 2630 2634
f 2502 2634 2633
f 2507 2635 2636
f 2507 2636 2637
f 2507 2637 2508
f 2508 2637 2510
f 2508 2510 2509
f 2532 2664 2665
f 2532 2665 2533
f 2533 2665 2666
f 2533 2666 2667
f 2533 2667 2668
f 2533 2668 2662
f 2534 2662 2536
f 2534 2536 2535
f 2528 2659 2661
f 2528 2661 2529
f 2529 2661 2531
f 2530 2662 2534
f 2530 2533 2662
f 2531 2661 2663
f 2531 2663 2664
f 2531 2664 2532
f 2522 2657 2523
f 2523 2657 2658
f 2523 2658 2524
f 2524 2659 2525
f 2524 2658 2660
f 2524 2660 2659
f 2525 2659 2527
f 2527 2659 2528
f 2520 2651 2652
f 2520 2652 2522
f 2521 2650 2653
f 2521 2653 2654
f 2521 2654 2655
f 2521 2655 2656
f 2521 2656 2651
f 2522 2652 2657
f 2547 2682 2548
f 2548 2682 2683
f 2548 2683 2684
f 2548 2684 2549
f 2549 2684 2685
f 2549 2685 2550
f 2550 2685 2686
f 2550 2686 2687
f 2544 2673 2677
f 2544 2677 2678
f 2544 2678 2675
f 2545 2679 2546
f 2546 2679 2680
f 2546 2680 2681
f 2546 2681 2547
f 2547 2681 2682
f 2541 2672 2673
f 2541 2673 2544
f 2542 2543 2674
f 2542 2674 2679
f 2542 2679 2545
f 2543 2544 2675
f 2543 2675 2676
f 2543 2676 2674
f 2536 2662 2669
f 2536 2669 2670
f 2536 2670 2671
f 2536 2671 2537
f 2537 2671 2672
f 2537 2672 2539
f 2537 2539 2538
f 2539 2672 2541
f 2562 2700 2701
f 2562 2701 2565
f 2563 2565 2564
f 2564 2565 2566
f 2565 2702 2703
f 2565 2703 2566
f 2565 2701 2702
f 2566 2703 2567
f 2558 2696 2697
f 2558 2697 2559
f 2559 2698 2561
f 2559 2561 2560
f 2559 2697 2699
f 2559 2699 2698
f 2561 2700 2562
f 2561 2698 2700
f 2553 2691 2693
f 2553 2693 2692
f 2555 2557 2694
f 2555 2694 2556
f 2556 2694 2695
f 2556 2695 2558
f 2557 2692 2694
f 2558 2695 2696
f 2550 2687 2688
f 2550 2688 2551
f 2551 2688 2552
f 2552 2688 2689
f 2552 2689 2690
f 2552 2690 2691
f 2552 2691 2553
f 2553 2692 2557
f 2579 2581 2580
f 2581 2715 2717
f 2581 2717 2582
f 2582 2717 2718
f 2582 2718 2719
f 2582 2719 2720
f 2582 2720 2721
f 2582 2721 2722
f 2575 2713 2714
f 2575 2714 2577
f 2576 2578 2715
f 2576 2715 2579
f 2577 2714 2716
f 2577 2716 2578
f 2578 2716 2715
f 2579 2715 2581
f 2572 2708 2709
f 2572 2709 2575
f 2572 2575 2573
f 2573 2575 2574
f 2575 2709 2710
f 2575 2710 2711
f 2575 2711 2712
f 2575 2712 2713
f 2567 2704 2568
f 2567 2703 2705
f 2567 2705 2706
f 2567 2706 2704
f 2568 2704 2569
f 2569 2704 2707
f 2569 2707 2570
f 2571 2708 2572
f 2596 2599 2597
f 2596 2732 2733
f 2597 2599 2598
f 2600 2733 2734
f 2600 2734 2601
f 2601 2734 2735
f 2601 2735 2602
f 2602 2735 2736
f 2589 2730 2591
f 2591 2730 2595
f 2593 2597 2598
f 2595 2730 2729
f 2595 2729 2731
f 2595 2731 2732
f 2595 2732 2596
f 2596 2733 2600
f 2586 2589 2588
f 2586 2588 2587
f 2586 2725 2726
f 2589 2591 2590
f 2589 2726 2727
f 2589 2727 2728
f 2589 2728 2729
f 2589 2729 2730
f 2582 2722 2583
f 2583 2722 2584
f 2584 2722 2723
f 2584 2723 2724
f 2584 2724 2725
f 2584 2725 2586
f 2584 2586 2585
f 2586 2726 2589
f 2613 2748 2614
f 2614 2748 2749
f 2614 2749 2750
f 2614 2750 2615
f 2615 2750 2751
f 2615 2751 2752
f 2615 2752 2616
f 2616 2752 2753
f 2608 2610 2609
f 2608 2743 2741
f 2608 2741 2744
f 2610 2746 2747
f 2610 2747 2612
f 2610 2612 2611
f 2612 2747 2748
f 2612 2748 2613
f 2604 2742 2605
f 2605 2742 2606
f 2606 2742 2607
f 2607 2742 2743
f 2607 2743 2608
f 2608 2744 2745
f 2608 2745 2746
f 2608 2746 2610
f 2602 2736 2737
f 2602 2737 2738
f 2602 2738 2739
f 2602 2739 2740
f 2602 2740 2741
f 2602 2741 2742
f 2602 2742 2604
f 2602 2604 2603
f 2629 2632 2766
f 2629 2766 2765
f 2630 2765 2634
f 2631 2767 2768
f 2631 2768 2769
f 2631 2769 2632
f 2631 2764 2767
f 2632 2769 2766
f 2625 2761 2762
f 2625 2762 2626
f 2626 2762 2763
f 2626 2763 2764
f 2626 2764 2631
f 2627 2632 2628
f 2628 2632 2629
f 2629 2765 2630
f 2620 2758 2621
f 2621 2758 2622
f 2622 2758 2759
f 2622 2759 2623
f 2623 2759 2760
f 2623 2760 2624
f 2624 2760 2761
f 2624 2761 2625
f 2616 2753 2617
f 2617 2753 2754
f 2617 2754 2618
f 2618 2754 2755
f 2618 2755 2756
f 2618 2756 2757
f 2618 2757 2620
f 2620 2757 2758
f 2644 2784 2785
f 2644 2785 2645
f 2645 2785 2646
f 2646 2785 2649
f 2646 2649 2647
f 2647 2649 2648
f 2649 2785 2786
f 2649 2786 2654
f 2641 2780 2781
f 2641 2781 2782
f 2641 2782 2642
f 2642 2782 2643
f 2643 2782 2781
f 2643 2781 2783
f 2643 2783 2784
f 2643 2784 2644
f 2639 2774 2773
f 2639 2773 2775
f 2640 2775 2776
f 2640 2776 2777
f 2640 2777 2778
f 2640 2778 2779
f 2640 2779 2641
f 2641 2779 2780
f 2634 2765 2770
f 2636 2771 2772
f 2636 2772 2637
f 2637 2772 2638
f 2638 2772 2773
f 2638 2773 2774
f 2638 2774 2639
f 2639 2775 2640
f 2662 2796 2669
f 2663 2794 2664
f 2664 2794 2797
f 2664 2797 2666
f 2664 2666 2665
f 2666 2797 2667
f 2667 2798 2668
f 2667 2797 2799
f 2658 2792 2793
f 2658 2793 2660
f 2659 2660 2661
f 2660 2663 2661
f 2660 2793 2794
f 2660 2794 2663
f 2662 2668 2795
f 2662 2795 2796
f 2654 2759 2788
f 2655 2788 2656
f 2656 2788 2789
f 2656 2789 2790
f 2656 2790 2787
f 2657 2787 2791
f 2657 2791 2658
f 2658 2791 2792
f 2649 2654 2653
f 2649 2653 2650
f 2651 2656 2787
f 2651 2787 2652
f 2652 2787 2657
f 2654 2788 2655
f 2654 2786 2760
f 2654 2760 2759
f 2680 2810 2811
f 2680 2811 2681
f 2681 2811 2812
f 2681 2812 2813
f 2681 2813 2683
f 2681 2683 2682
f 2683 2686 2684
f 2683 2813 2814
f 2676 2805 2806
f 2676 2806 2680
f 2677 2804 2807
f 2677 2807 2678
f 2678 2807 2808
f 2678 2808 2809
f 2678 2809 2805
f 2680 2806 2810
f 2671 2803 2672
f 2672 2803 2673
f 2673 2803 2804
f 2673 2804 2677
f 2674 2676 2680
f 2674 2680 2679
f 2675 2678 2805
f 2675 2805 2676
f 2667 2799 2798
f 2668 2798 2800
f 2668 2800 2795
f 2669 2796 2801
f 2669 2801 2670
f 2670 2801 2802
f 2670 2802 2671
f 2671 2802 2803
f 2697 2823 2824
f 2697 2824 2825
f 2697 2825 2699
f 2698 2826 2700
f 2698 2699 2827
f 2698 2827 2826
f 2699 2825 2828
f 2699 2828 2827
f 2692 2693 2822
f 2692 2822 2694
f 2694 2822 2695
f 2695 2822 2696
f 2696 2822 2821
f 2696 2821 2820
f 2696 2820 2823
f 2696 2823 2697
f 2687 2689 2688
f 2689 2818 2690
f 2690 2818 2819
f 2690 2819 2691
f 2691 2819 2820
f 2691 2820 2821
f 2691 2821 2822
f 2691 2822 2693
f 2683 2814 2815
f 2683 2815 2816
f 2683 2816 2686
f 2684 2686 2685
f 2686 2816 2817
f 2686 2817 2687
f 2687 2817 2818
f 2687 2818 2689
f 2714 2840 2716
f 2715 2716 2717
f 2716 2840 2841
f 2716 2841 2842
f 2716 2842 2717
f 2717 2842 2843
f 2717 2843 2844
f 2717 2844 2718
f 2710 2836 2837
f 2710 2837 2838
f 2710 2838 2839
f 2710 2839 2840
f 2710 2840 2711
f 2711 2840 2713
f 2711 2713 2712
f 2713 2840 2714
f 2704 2832 2707
f 2705 2831 2706
f 2706 2833 2832
f 2706 2831 2834
f 2706 2834 2835
f 2706 2835 2833
f 2708 2836 2709
f 2709 2836 2710
f 2700 2826 2701
f 2701 2829 2702
f 2701 2826 2830
f 2701 2830 2829
f 2702 2831 2705
f 2702 2705 2703
f 2702 2829 2831
f 2704 2706 2832
f 2732 2856 2857
f 2732 2857 2733
f 2732 2853 2854
f 2733 2857 2856
f 2733 2856 2858
f 2733 2858 2734
f 2734 2858 2859
f 2734 2859 2736
f 2727 2851 2852
f 2727 2852 2729
f 2727 2729 2728
f 2729 2852 2853
f 2729 2853 2732
f 2729 2732 2731
f 2732 2854 2855
f 2732 2855 2856
f 2720 2722 2721
f 2723 2848 2849
f 2723 2849 2850
f 2723 2850 2724
f 2724 2851 2727
f 2724 2727 2725
f 2724 2850 2851
f 2725 2727 2726
f 2718 2844 2845
f 2718 2845 2719
f 2719 2845 2846
f 2719 2846 2720
f 2720 2846 2847
f 2720 2847 2848
f 2720 2848 2723
f 2720 2723 2722
f 2746 2871 2747
f 2747 2871 2749
f 2747 2749 2748
f 2749 2871 2872
f 2749 2872 2751
f 2749 2751 2750
f 2751 2872 2873
f 2751 2873 2752
f 2741 2867 2744
f 2744 2867 2866
f 2744 2866 2745
f 2745 2866 2868
f 2745 2868 2869
f 2745 2869 2746
f 2746 2869 2870
f 2746 2870 2871
f 2739 2863 2864
f 2739 2864 2865
f 2739 2865 2866
f 2739 2866 2867
f 2739 2867 2740
f 2739 2862 2863
f 2740 2867 2741
f 2741 2743 2742
f 2734 2736 2735
f 2736 2859 2860
f 2736 2860 2861
f 2736 2861 2737
f 2737 2862 2738
f 2737 2861 2863
f 2737 2863 2862
f 2738 2862 2739
f 2764 2780 2881
f 2764 2881 2882
f 2764 2882 2768
f 2764 2768 2767
f 2765 2766 2883
f 2765 2883 2886
f 2765 2886 2770
f 2766 2769 2777
f 2760 2786 2761
f 2761 2786 2785
f 2761 2785 2762
f 2762 2785 2784
f 2762 2784 2783
f 2762 2783 2763
f 2763 2783 2764
f 2764 2783 2780
f 2755 2877 2878
f 2755 2878 2756
f 2756 2878 2879
f 2756 2879 2757
f 2757 2879 2880
f 2757 2880 2758
f 2758 2880 2759
f 2759 2880 2788
f 2752 2754 2753
f 2752 2873 2874
f 2752 2874 2875
f 2752 2875 2754
f 2754 2875 2755
f 2755 2875 2874
f 2755 2874 2876
f 2755 2876 2877
f 2788 2880 2879
f 2788 2879 2893
f 2789 2893 2790
f 2790 2893 2878
f 2790 2878 2877
f 2790 2877 2894
f 2790 2894 2791
f 2791 2894 2792
f 2777 2892 2891
f 2778 2885 2779
f 2779 2885 2882
f 2779 2882 2780
f 2780 2882 2881
f 2780 2783 2781
f 2787 2790 2791
f 2788 2893 2789
f 2773 2888 2775
f 2775 2889 2890
f 2775 2890 2776
f 2775 2888 2889
f 2776 2890 2777
f 2777 2891 2884
f 2777 2885 2778
f 2777 2890 2892
f 2766 2777 2884
f 2766 2884 2883
f 2768 2882 2769
f 2769 2882 2885
f 2769 2885 2777
f 2771 2887 2773
f 2771 2773 2772
f 2773 2887 2888
f 2801 2903 2906
f 2801 2906 2905
f 2802 2905 2906
f 2802 2906 2907
f 2802 2907 2908
f 2802 2908 2909
f 2802 2909 2910
f 2802 2910 2911
f 2797 2897 2900
f 2798 2899 2800
f 2798 2799 2904
f 2798 2904 2899
f 2799 2903 2904
f 2801 2905 2802
f 2801 2899 2904
f 2801 2904 2903
f 2795 2800 2796
f 2796 2800 2899
f 2796 2899 2801
f 2797 2900 2901
f 2797 2901 2902
f 2797 2902 2903
f 2797 2903 2799
f 2797 2898 2897
f 2792 2894 2877
f 2792 2877 2895
f 2792 2895 2896
f 2792 2896 2793
f 2793 2896 2897
f 2793 2897 2794
f 2794 2897 2898
f 2794 2898 2797
f 2814 2922 2815
f 2815 2922 2923
f 2815 2923 2816
f 2816 2923 2924
f 2816 2924 2925
f 2816 2925 2817
f 2817 2925 2926
f 2817 2926 2818
f 2809 2919 2920
f 2809 2920 2810
f 2810 2920 2921
f 2810 2921 2811
f 2811 2921 2812
f 2812 2921 2813
f 2813 2921 2814
f 2814 2921 2922
f 2809 2910 2912
f 2809 2912 2913
f 2809 2913 2914
f 2809 2914 2915
f 2809 2915 2916
f 2809 2916 2917
f 2809 2917 2918
f 2809 2918 2919
f 2802 2911 2803
f 2803 2911 2807
f 2803 2807 2804
f 2805 2809 2806
f 2806 2809 2810
f 2807 2911 2910
f 2807 2910 2808
f 2808 2910 2809
f 2830 2940 2939
f 2831 2938 2834
f 2832 2833 2941
f 2833 2835 2941
f 2834 2942 2835
f 2834 2938 2943
f 2834 2943 2942
f 2835 2942 2944
f 2827 2935 2936
f 2827 2936 2937
f 2827 2937 2934
f 2828 2933 2935
f 2829 2938 2831
f 2829 2830 2939
f 2829 2939 2938
f 2830 2934 2940
f 2823 2931 2824
f 2824 2931 2932
f 2824 2932 2825
f 2825 2932 2933
f 2825 2933 2828
f 2826 2827 2934
f 2826 2934 2830
f 2827 2828 2935
f 2818 2926 2927
f 2818 2927 2820
f 2818 2820 2819
f 2820 2927 2928
f 2820 2928 2929
f 2820 2929 2930
f 2820 2930 2931
f 2820 2931 2823
f 2849 2958 2957
f 2850 2957 2959
f 2850 2959 2852
f 2850 2852 2851
f 2852 2959 2960
f 2852 2960 2961
f 2852 2961 2853
f 2853 2961 2854
f 2846 2953 2954
f 2846 2954 2847
f 2847 2954 2955
f 2847 2955 2956
f 2847 2956 2848
f 2848 2956 2849
f 2849 2957 2850
f 2849 2956 2958
f 2843 2949 2950
f 2843 2950 2951
f 2843 2951 2952
f 2843 2952 2844
f 2843 2948 2949
f 2844 2952 2845
f 2845 2952 2953
f 2845 2953 2846
f 2838 2945 2946
f 2838 2946 2839
f 2839 2946 2840
f 2840 2946 2947
f 2840 2947 2948
f 2840 2948 2841
f 2841 2948 2843
f 2841 2843 2842
f 2864 2977 2978
f 2864 2978 2975
f 2865 2975 2866
f 2866 2975 2868
f 2868 2975 2979
f 2868 2979 2869
f 2869 2979 2870
f 2870 2979 2980
f 2860 2972 2861
f 2861 2972 2973
f 2861 2973 2863
f 2863 2973 2974
f 2863 2974 2864
f 2864 2975 2865
f 2864 2974 2976
f 2864 2976 2977
f 2856 2967 2968
f 2856 2968 2969
f 2856 2969 2859
f 2856 2859 2858
f 2859 2969 2970
f 2859 2970 2860
f 2860 2970 2971
f 2860 2971 2972
f 2854 2961 2962
f 2854 2962 2855
f 2855 2962 2963
f 2855 2963 2964
f 2855 2964 2965
f 2855 2965 2966
f 2855 2966 2856
f 2856 2966 2967
f 2897 2983 2982
f 2897 2982 2900
f 2900 2982 2981
f 2900 2981 2901
f 2901 2981 2980
f 2901 2980 2989
f 2901 2989 2990
f 2901 2990 2902
f 2889 2892 2890
f 2891 2892 2987
f 2891 2987 2988
f 2891 2988 2985
f 2892 2986 2987
f 2895 2984 2983
f 2895 2983 2896
f 2896 2983 2897
f 2876 2983 2984
f 2876 2984 2877
f 2877 2984 2895
f 2878 2893 2879
f 2883 2884 2985
f 2883 2985 2886
f 2884 2891 2985
f 2889 2986 2892
f 2870 2980 2871
f 2871 2980 2872
f 2872 2980 2981
f 2872 2981 2873
f 2873 2981 2982
f 2873 2982 2876
f 2873 2876 2874
f 2876 2982 2983
f 2916 3002 3003
f 2916 3003 2917
f 2917 3003 3004
f 2917 3004 2918
f 2918 3004 2919
f 2919 3005 2920
f 2919 3004 3006
f 2919 3006 3007
f 2910 2999 2913
f 2910 2913 2912
f 2913 2999 2915
f 2913 2915 2914
f 2915 2999 3000
f 2915 3000 3001
f 2915 3001 3002
f 2915 3002 2916
f 2908 2994 2978
f 2908 2978 2993
f 2909 2993 2995
f 2909 2995 2910
f 2910 2995 2996
f 2910 2996 2997
f 2910 2997 2998
f 2910 2998 2999
f 2902 2990 2903
f 2903 2991 2906
f 2903 2990 2991
f 2906 2991 2907
f 2907 2991 2992
f 2907 2992 2908
f 2908 2993 2909
f 2908 2992 2994
f 2933 3017 3018
f 2933 3018 2935
f 2934 2937 3019
f 2934 3019 2940
f 2935 3018 2936
f 2936 3019 2937
f 2936 3018 3019
f 2938 2939 3020
f 2930 3012 2931
f 2931 3012 2932
f 2932 3012 3013
f 2932 3013 3014
f 2932 3014 2933
f 2933 3014 3015
f 2933 3015 3016
f 2933 3016 3017
f 2925 2928 2926
f 2926 2928 2927
f 2928 3008 3009
f 2928 3009 2929
f 2929 3009 2930
f 2930 3009 3010
f 2930 3010 3011
f 2930 3011 3012
f 2919 3007 3005
f 2920 2922 2921
f 2920 3005 2922
f 2922 3005 3008
f 2922 3008 2923
f 2923 3008 2924
f 2924 3008 2925
f 2925 3008 2928
f 2951 3034 2952
f 2952 3034 3035
f 2952 3035 2953
f 2953 3035 3036
f 2953 3036 2954
f 2954 3036 2955
f 2955 3037 2956
f 2955 3036 3037
f 2946 3031 2947
f 2947 3031 2948
f 2948 3031 2949
f 2949 3031 2950
f 2950 3032 3033
f 2950 3033 3034
f 2950 3034 2951
f 2950 3031 3032
f 2943 3020 3025
f 2943 3025 3026
f 2943 3026 3024
f 2944 3024 3027
f 2945 3028 2946
f 2946 3028 3029
f 2946 3029 3030
f 2946 3030 3031
f 2938 3020 2943
f 2939 2940 3021
f 2939 3021 3020
f 2940 3019 3022
f 2940 3022 3023
f 2940 3023 3021
f 2942 2943 3024
f 2942 3024 2944
f 2968 3048 2969
f 2969 3048 2970
f 2970 3048 2971
f 2971 2973 2972
f 2971 3048 3047
f 2971 3047 2973
f 2973 3047 3049
f 2973 3049 3050
f 2965 2967 2966
f 2965 3043 3044
f 2965 3044 2967
f 2967 3044 2968
f 2968 3044 3045
f 2968 3045 3046
f 2968 3046 3047
f 2968 3047 3048
f 2962 3040 2964
f 2962 2964 2963
f 2962 3039 3041
f 2962 3041 3040
f 2964 3041 3042
f 2964 3042 3043
f 2964 3043 2965
f 2964 3040 3041
f 2956 3037 2958
f 2957 2958 3038
f 2957 3038 3039
f 2957 3039 2959
f 2958 3037 3038
f 2959 3039 2962
f 2959 2962 2960
f 2960 2962 2961
f 3000 3047 3001
f 3001 3053 3054
f 3001 3054 3003
f 3001 3003 3002
f 3001 3047 3055
f 3001 3055 3056
f 3001 3056 3053
f 3003 3054 3004
f 2990 2994 2992
f 2990 2992 2991
f 2997 3051 3050
f 2997 3050 2998
f 2998 3050 2999
f 2999 3050 3049
f 2999 3049 3000
f 3000 3049 3047
f 2977 2997 2996
f 2977 2996 2995
f 2977 2995 2993
f 2977 2993 2978
f 2979 3052 2990
f 2979 2990 2989
f 2979 2989 2980
f 2990 3052 2994
f 2973 3050 2974
f 2974 3050 3051
f 2974 3051 2997
f 2974 2997 2976
f 2975 2978 2994
f 2975 2994 3052
f 2975 3052 2979
f 2976 2997 2977
f 3013 3070 3015
f 3013 3015 3014
f 3013 3069 3071
f 3013 3071 3070
f 3015 3070 3016
f 3016 3072 3017
f 3016 3070 3073
f 3016 3073 3072
f 3010 3064 3065
f 3010 3065 3066
f 3010 3066 3011
f 3011 3066 3067
f 3011 3067 3012
f 3012 3067 3068
f 3012 3068 3069
f 3012 3069 3013
f 3006 3057 3007
f 3008 3057 3061
f 3008 3061 3062
f 3008 3062 3063
f 3008 3063 3009
f 3009 3062 3064
f 3009 3064 3010
f 3009 3063 3062
f 3004 3054 3006
f 3005 3057 3008
f 3005 3007 3057
f 3006 3054 3053
f 3006 3053 3058
f 3006 3058 3059
f 3006 3059 3060
f 3006 3060 3057
f 3029 3086 3087
f 3029 3087 3031
f 3031 3087 3088
f 3031 3088 3032
f 3032 3088 3089
f 3032 3089 3090
f 3032 3090 3091
f 3032 3091 3033
f 3025 3076 3026
f 3026 3076 3081
f 3028 3082 3029
f 3029 3031 3030
f 3029 3082 3083
f 3029 3083 3084
f 3029 3084 3085
f 3029 3085 3086
f 3022 3074 3077
f 3022 3077 3023
f 3023 3078 3075
f 3023 3077 3079
f 3023 3079 3080
f 3023 3080 3078
f 3024 3026 3081
f 3024 3081 3027
f 3017 3072 3018
f 3018 3072 3074
f 3018 3074 3019
f 3019 3074 3022
f 3020 3021 3025
f 3021 3023 3075
f 3021 3075 3076
f 3021 3076 3025
f 3042 3055 3045
f 3043 3045 3044
f 3045 3055 3046
f 3046 3055 3047
f 3053 3056 3104
f 3053 3104 3103
f 3053 3103 3058
f 3057 3060 3059
f 3041 3100 3101
f 3041 3101 3042
f 3042 3045 3043
f 3042 3101 3102
f 3042 3102 3103
f 3042 3103 3104
f 3042 3104 3056
f 3042 3056 3055
f 3036 3096 3037
f 3037 3096 3097
f 3037 3097 3098
f 3037 3098 3099
f 3037 3099 3100
f 3037 3100 3041
f 3037 3041 3038
f 3038 3041 3039
f 3033 3091 3092
f 3033 3092 3093
f 3033 3093 3034
f 3034 3093 3035
f 3035 3093 3036
f 3036 3093 3094
f 3036 3094 3095
f 3036 3095 3096
f 3071 3115 3113
f 3072 3073 3116
f 3072 3116 3117
f 3072 3117 3118
f 3072 3118 3074
f 3073 3113 3119
f 3073 3119 3116
f 3074 3118 3120
f 3068 3110 3111
f 3068 3111 3112
f 3068 3112 3071
f 3068 3071 3069
f 3070 3071 3113
f 3070 3113 3073
f 3071 3112 3114
f 3071 3114 3115
f 3065 3103 3066
f 3066 3103 3106
f 3066 3106 3107
f 3066 3107 3108
f 3066 3108 3109
f 3066 3109 3067
f 3067 3109 3068
f 3068 3109 3110
f 3057 3059 3062
f 3057 3062 3061
f 3058 3103 3105
f 3058 3105 3059
f 3059 3105 3103
f 3059 3103 3065
f 3059 3065 3064
f 3059 3064 3062
f 3091 3132 3133
f 3091 3133 3092
f 3092 3094 3093
f 3092 3133 3134
f 3092 3134 3135
f 3092 3135 3094
f 3094 3135 3136
f 3094 3136 3095
f 3085 3130 3131
f 3085 3131 3086
f 3086 3089 3087
f 3086 3131 3090
f 3086 3090 3089
f 3087 3089 3088
f 3090 3131 3132
f 3090 3132 3091
f 3078 3080 3125
f 3078 3125 3124
f 3079 3120 3126
f 3079 3126 3127
f 3079 3127 3080
f 3080 3128 3125
f 3080 3127 3129
f 3080 3129 3128
f 3074 3120 3077
f 3075 3078 3076
f 3076 3121 3122
f 3076 3122 3123
f 3076 3123 3081
f 3076 3078 3121
f 3077 3120 3079
f 3078 3124 3121
f 3114 3137 3115
f 3116 3119 3134
f 3116 3134 3117
f 3117 3141 3142
f 3117 3142 3118
f 3117 3134 3133
f 3117 3133 3141
f 3118 3142 3120
f 3108 3140 3111
f 3108 3111 3110
f 3108 3110 3109
f 3111 3140 3114
f 3111 3114 3112
f 3113 3115 3136
f 3113 3136 3119
f 3114 3140 3137
f 3099 3101 3100
f 3101 3138 3107
f 3101 3107 3106
f 3101 3106 3102
f 3102 3106 3103
f 3107 3138 3108
f 3108 3138 3139
f 3108 3139 3140
f 3095 3136 3115
f 3095 3115 3137
f 3095 3137 3096
f 3096 3137 3097
f 3097 3137 3138
f 3097 3138 3098
f 3098 3138 3099
f 3099 3138 3101
f 1 2503 2504
f 1 2504 2633
f 1 2633 2634
f 1 2634 2770
f 1 2770 2886
f 1 2886 2985
f 1 2985 2988
f 1 2988 2987
f 3141 3147 3143
f 3143 3147 3148
f 3143 3148 3149
f 3144 3150 3148
f 3144 3148 3145
f 3145 3148 3146
f 3146 3148 3147
f 3148 3150 3149
f 3131 3144 3145
f 3131 3145 3132
f 3132 3145 3146
f 3132 3146 3141
f 3132 3141 3133
f 3137 3140 3138
f 3138 3140 3139
f 3141 3146 3147
f 3119 3136 3135
f 3119 3135 3134
f 3120 3142 3126
f 3126 3142 3141
f 3126 3141 3127
f 3127 3141 3143
f 3127 3143 3129
f 3130 3144 3131
f 1 10 7
f 1 7 3
f 1 3 4
f 1 4 5
f 1 5 2
f 2 5 6
f 3 7 4
f 4 8 9
f 1 70 54
f 1 54 37
f 1 37 26
f 1 26 14
f 1 14 13
f 1 13 12
f 1 12 11
f 1 11 10
f 1 303 280
f 1 280 236
f 1 236 197
f 1 197 164
f 1 164 130
f 1 130 104
f 1 104 86
f 1 86 70
f 1 607 531
f 1 531 464
f 1 464 397
f 1 397 396
f 1 396 347
f 1 347 346
f 1 346 345
f 1 345 303
f 1 596 677
f 1 677 758
f 1 758 845
f 1 845 936
f 1 936 1020
f 1 1020 1120
f 1 1120 1216
f 1 1216 1330
f 1 1330 1368
f 1 1368 1367
f 1 1367 1490
f 1 1490 1607
f 1 1607 1606
f 1 1606 1727
f 1 1727 1854
f 1 1854 1981
f 1 1981 2110
f 1 2110 2244
f 1 2244 2372
f 1 2372 2500
f 1 2500 2370
f 1 2370 2375
f 1 2375 2503
f 1 2 6

