# https://github.com/mikedh/trimesh
v 0.01572002 -0.00064643 -0.03609958 0.54117647 0.42352941 0.64313725
v 0.00433903 0.01445986 -0.03607110 0.54117647 0.42352941 0.64313725
v 0.00440235 0.01445986 -0.03607822 0.54117647 0.42352941 0.64313725
v 0.00565876 0.01445986 -0.03612094 0.54117647 0.42352941 0.64313725
v 0.00691850 0.01445986 -0.03614942 0.54117647 0.42352941 0.64313725
v 0.01573668 -0.00064643 -0.03609958 0.54117647 0.42352941 0.64313725
v 0.01446028 -0.00064643 -0.03595006 0.54117647 0.42352941 0.64313725
v 0.00433903 0.01326756 -0.03594294 0.54117647 0.42352941 0.64313725
v 0.00433903 0.01572030 -0.03599278 0.54117647 0.42352941 0.64313725
v 0.00565876 0.01572030 -0.03601414 0.54117647 0.42352941 0.64313725
v 0.00691850 0.01572030 -0.03599990 0.54117647 0.42352941 0.64313725
v 0.00817490 0.01445986 -0.03611382 0.54117647 0.42352941 0.64313725
v 0.01699309 -0.00064643 -0.03609246 0.54117647 0.42352941 0.64313725
v 0.00433903 0.01320321 -0.03593582 0.54117647 0.42352941 0.64313725
v 0.01322053 -0.00064643 -0.03559405 0.54117647 0.42352941 0.64313725
v 0.00433903 0.01697695 -0.03571509 0.54117647 0.42352941 0.64313725
v 0.00565876 0.01697695 -0.03572221 0.54117647 0.42352941 0.64313725
v 0.00817490 0.01572030 -0.03594294 0.54117647 0.42352941 0.64313725
v 0.00691850 0.01697695 -0.03570797 0.54117647 0.42352941 0.64313725
v 0.00943131 0.01445986 -0.03599990 0.54117647 0.42352941 0.64313725
v 0.01697643 0.00440288 -0.03585038 0.54117647 0.42352941 0.64313725
v 0.01825283 -0.00064643 -0.03599990 0.54117647 0.42352941 0.64313725
v 0.00433903 0.01201091 -0.03562253 0.54117647 0.42352941 0.64313725
v 0.01244069 -0.00064643 -0.03528076 0.54117647 0.42352941 0.64313725
v 0.00433903 0.01702994 -0.03570085 0.54117647 0.42352941 0.64313725
v 0.00433903 0.01801785 -0.03535908 0.54117647 0.42352941 0.64313725
v 0.00565876 0.01796864 -0.03536620 0.54117647 0.42352941 0.64313725
v 0.00691850 0.01795729 -0.03535908 0.54117647 0.42352941 0.64313725
v 0.00817490 0.01697695 -0.03563677 0.54117647 0.42352941 0.64313725
v 0.00943131 0.01572030 -0.03580053 0.54117647 0.42352941 0.64313725
v 0.00817490 0.01790051 -0.03533060 0.54117647 0.42352941 0.64313725
v 0.01068772 0.01445986 -0.03582901 0.54117647 0.42352941 0.64313725
v 0.01697643 0.00691618 -0.03566525 0.54117647 0.42352941 0.64313725
v 0.01697643 0.00565953 -0.03577917 0.54117647 0.42352941 0.64313725
v 0.01948925 -0.00064643 -0.03586462 0.54117647 0.42352941 0.64313725
v 0.00433903 0.01194656 -0.03560117 0.54117647 0.42352941 0.64313725
v 0.01179749 -0.00064643 -0.03494611 0.54117647 0.42352941 0.64313725
v 0.00433903 0.01861589 -0.03508851 0.54117647 0.42352941 0.64313725
v 0.00440235 0.01861589 -0.03508851 0.54117647 0.42352941 0.64313725
v 0.00691850 0.01858940 -0.03507427 0.54117647 0.42352941 0.64313725
v 0.00817490 0.01948646 -0.03462570 0.54117647 0.42352941 0.64313725
v 0.00817490 0.01852883 -0.03505291 0.54117647 0.42352941 0.64313725
v 0.00921136 0.01777182 -0.03527364 0.54117647 0.42352941 0.64313725
v 0.00955129 0.01709807 -0.03543028 0.54117647 0.42352941 0.64313725
v 0.01068772 0.01676498 -0.03532348 0.54117647 0.42352941 0.64313725
v 0.01068772 0.01572030 -0.03558693 0.54117647 0.42352941 0.64313725
v 0.00943131 0.01948646 -0.03454738 0.54117647 0.42352941 0.64313725
v 0.01194746 0.01445986 -0.03559405 0.54117647 0.42352941 0.64313725
v 0.01821951 0.00812362 -0.03530924 0.54117647 0.42352941 0.64313725
v 0.01823284 0.00691618 -0.03547300 0.54117647 0.42352941 0.64313725
v 0.01823284 0.00565953 -0.03560829 0.54117647 0.42352941 0.64313725
v 0.01823284 0.00440288 -0.03570797 0.54117647 0.42352941 0.64313725
v 0.01948925 0.00440288 -0.03548724 0.54117647 0.42352941 0.64313725
v 0.02074899 -0.00062751 -0.03561541 0.54117647 0.42352941 0.64313725
v 0.02074899 -0.00064643 -0.03561541 0.54117647 0.42352941 0.64313725
v 0.00433903 0.01114034 -0.03530924 0.54117647 0.42352941 0.64313725
v 0.01075437 -0.00064643 -0.03432665 0.54117647 0.42352941 0.64313725
v 0.00433903 0.01110249 -0.03529500 0.54117647 0.42352941 0.64313725
v 0.00433903 0.01948646 -0.03468978 0.54117647 0.42352941 0.64313725
v 0.00440235 0.01948646 -0.03468978 0.54117647 0.42352941 0.64313725
v 0.00691850 0.01948646 -0.03466130 0.54117647 0.42352941 0.64313725
v 0.00817490 0.02050087 -0.03414153 0.54117647 0.42352941 0.64313725
v 0.00943131 0.02043274 -0.03410593 0.54117647 0.42352941 0.64313725
v 0.01068772 0.01948646 -0.03440498 0.54117647 0.42352941 0.64313725
v 0.01198079 0.01958109 -0.03418425 0.54117647 0.42352941 0.64313725
v 0.01194746 0.01823360 -0.03467554 0.54117647 0.42352941 0.64313725
v 0.01005119 0.01759770 -0.03520244 0.54117647 0.42352941 0.64313725
v 0.01068772 0.01739331 -0.03514548 0.54117647 0.42352941 0.64313725
v 0.01194746 0.01693531 -0.03504579 0.54117647 0.42352941 0.64313725
v 0.01153088 0.01648867 -0.03524516 0.54117647 0.42352941 0.64313725
v 0.01236738 0.01617072 -0.03516684 0.54117647 0.42352941 0.64313725
v 0.01194746 0.01573922 -0.03534484 0.54117647 0.42352941 0.64313725
v 0.01068772 0.02032297 -0.03404897 0.54117647 0.42352941 0.64313725
v 0.01280395 0.01533043 -0.03525228 0.54117647 0.42352941 0.64313725
v 0.01364045 0.01484594 -0.03515972 0.54117647 0.42352941 0.64313725
v 0.01321387 0.01444094 -0.03532348 0.54117647 0.42352941 0.64313725
v 0.01862942 0.00850970 -0.03515260 0.54117647 0.42352941 0.64313725
v 0.01895602 0.00767320 -0.03522380 0.54117647 0.42352941 0.64313725
v 0.01922597 0.00691618 -0.03528076 0.54117647 0.42352941 0.64313725
v 0.02009245 0.00621972 -0.03519532 0.54117647 0.42352941 0.64313725
v 0.01960256 0.00574658 -0.03534484 0.54117647 0.42352941 0.64313725
v 0.02037240 0.00440288 -0.03528076 0.54117647 0.42352941 0.64313725
v 0.02173878 -0.00064643 -0.03532348 0.54117647 0.42352941 0.64313725
v 0.01012117 -0.00064643 -0.03391368 0.54117647 0.42352941 0.64313725
v 0.00433903 0.01047416 -0.03500307 0.54117647 0.42352941 0.64313725
v 0.00433903 0.01954702 -0.03466130 0.54117647 0.42352941 0.64313725
v 0.00433903 0.02061063 -0.03415577 0.54117647 0.42352941 0.64313725
v 0.00691850 0.02054250 -0.03415577 0.54117647 0.42352941 0.64313725
v 0.00691850 0.02117083 -0.03384248 0.54117647 0.42352941 0.64313725
v 0.00817490 0.02112919 -0.03381400 0.54117647 0.42352941 0.64313725
v 0.00943131 0.02106484 -0.03377840 0.54117647 0.42352941 0.64313725
v 0.01158420 0.02019806 -0.03398488 0.54117647 0.42352941 0.64313725
v 0.01320387 0.01922529 -0.03409881 0.54117647 0.42352941 0.64313725
v 0.01242403 0.02006180 -0.03392080 0.54117647 0.42352941 0.64313725
v 0.01320387 0.01823360 -0.03444058 0.54117647 0.42352941 0.64313725
v 0.01320387 0.01697695 -0.03477523 0.54117647 0.42352941 0.64313725
v 0.01321387 0.01573922 -0.03506715 0.54117647 0.42352941 0.64313725
v 0.01068772 0.02095129 -0.03371432 0.54117647 0.42352941 0.64313725
v 0.01446028 0.01572030 -0.03476099 0.54117647 0.42352941 0.64313725
v 0.01948925 0.00943326 -0.03475387 0.54117647 0.42352941 0.64313725
v 0.01942259 0.00812362 -0.03503155 0.54117647 0.42352941 0.64313725
v 0.01985584 0.00691618 -0.03513836 0.54117647 0.42352941 0.64313725
v 0.02074899 0.00691618 -0.03488915 0.54117647 0.42352941 0.64313725
v 0.02200206 0.00565953 -0.03463282 0.54117647 0.42352941 0.64313725
v 0.02067900 0.00574658 -0.03506003 0.54117647 0.42352941 0.64313725
v 0.02118556 0.00314623 -0.03514548 0.54117647 0.42352941 0.64313725
v 0.02200206 0.00440288 -0.03476810 0.54117647 0.42352941 0.64313725
v 0.02236865 -0.00064643 -0.03510276 0.54117647 0.42352941 0.64313725
v 0.00943465 -0.00064643 -0.03337967 0.54117647 0.42352941 0.64313725
v 0.00871146 -0.00064643 -0.03279581 0.54117647 0.42352941 0.64313725
v 0.00433903 -0.00064643 -0.02886546 0.54117647 0.42352941 0.64313725
v 0.00433903 0.02120489 -0.03385672 0.54117647 0.42352941 0.64313725
v 0.00440235 0.02200355 -0.03342951 0.54117647 0.42352941 0.64313725
v 0.00691850 0.02200355 -0.03338679 0.54117647 0.42352941 0.64313725
v 0.00691850 0.02286276 -0.03285989 0.54117647 0.42352941 0.64313725
v 0.00817490 0.02200355 -0.03329422 0.54117647 0.42352941 0.64313725
v 0.00817490 0.02276435 -0.03279581 0.54117647 0.42352941 0.64313725
v 0.01400371 0.01898304 -0.03399912 0.54117647 0.42352941 0.64313725
v 0.01198079 0.02066741 -0.03363599 0.54117647 0.42352941 0.64313725
v 0.01284728 0.02151527 -0.03281005 0.54117647 0.42352941 0.64313725
v 0.01324053 0.02082260 -0.03315182 0.54117647 0.42352941 0.64313725
v 0.01320387 0.01985362 -0.03380688 0.54117647 0.42352941 0.64313725
v 0.01443695 0.01822981 -0.03412729 0.54117647 0.42352941 0.64313725
v 0.01446028 0.01697695 -0.03446194 0.54117647 0.42352941 0.64313725
v 0.00945797 0.02210953 -0.03308062 0.54117647 0.42352941 0.64313725
v 0.01068772 0.02187107 -0.03308062 0.54117647 0.42352941 0.64313725
v 0.01194746 0.02168560 -0.03295245 0.54117647 0.42352941 0.64313725
v 0.01572002 0.01572030 -0.03440498 0.54117647 0.42352941 0.64313725
v 0.01572002 0.01694288 -0.03411305 0.54117647 0.42352941 0.64313725
v 0.02074899 0.00943326 -0.03436225 0.54117647 0.42352941 0.64313725
v 0.02074899 0.00817661 -0.03466130 0.54117647 0.42352941 0.64313725
v 0.02200206 0.00691618 -0.03446906 0.54117647 0.42352941 0.64313725
v 0.02314516 0.00565953 -0.03417713 0.54117647 0.42352941 0.64313725
v 0.02337511 0.00449750 -0.03421985 0.54117647 0.42352941 0.64313725
v 0.02325847 0.00314623 -0.03440498 0.54117647 0.42352941 0.64313725
v 0.02325847 -0.00064643 -0.03473962 0.54117647 0.42352941 0.64313725
v 0.00433903 -0.00064643 0.02969106 0.54117647 0.42352941 0.64313725
v 0.00433903 0.02200355 -0.03342951 0.54117647 0.42352941 0.64313725
v 0.00433903 0.02205275 -0.03340103 0.54117647 0.42352941 0.64313725
v 0.00440235 0.02292332 -0.03288837 0.54117647 0.42352941 0.64313725
v 0.00433903 0.02295739 -0.03286701 0.54117647 0.42352941 0.64313725
v 0.00433903 0.02355543 -0.03241844 0.54117647 0.42352941 0.64313725
v 0.00440235 0.02355165 -0.03241844 0.54117647 0.42352941 0.64313725
v 0.00565876 0.02352137 -0.03237572 0.54117647 0.42352941 0.64313725
v 0.00691850 0.02349109 -0.03231876 0.54117647 0.42352941 0.64313725
v 0.00989455 0.02260159 -0.03266053 0.54117647 0.42352941 0.64313725
v 0.00817490 0.02339267 -0.03224043 0.54117647 0.42352941 0.64313725
v 0.01443695 0.01943347 -0.03361463 0.54117647 0.42352941 0.64313725
v 0.01484020 0.01864239 -0.03385672 0.54117647 0.42352941 0.64313725
v 0.01530011 0.01780588 -0.03401336 0.54117647 0.42352941 0.64313725
v 0.01528678 0.02023969 -0.03278869 0.54117647 0.42352941 0.64313725
v 0.01446028 0.02046302 -0.03296670 0.54117647 0.42352941 0.64313725
v 0.01194746 0.02231392 -0.03239708 0.54117647 0.42352941 0.64313725
v 0.01292726 0.02279463 -0.03159250 0.54117647 0.42352941 0.64313725
v 0.01376709 0.02259781 -0.03140025 0.54117647 0.42352941 0.64313725
v 0.01543341 0.02154177 -0.03159250 0.54117647 0.42352941 0.64313725
v 0.01627324 0.02132980 -0.03139313 0.54117647 0.42352941 0.64313725
v 0.01446028 0.02109134 -0.03243980 0.54117647 0.42352941 0.64313725
v 0.01068772 0.02249939 -0.03256796 0.54117647 0.42352941 0.64313725
v 0.01613993 0.01734032 -0.03386384 0.54117647 0.42352941 0.64313725
v 0.01644987 0.01650003 -0.03398488 0.54117647 0.42352941 0.64313725
v 0.02137886 0.01006537 -0.03394928 0.54117647 0.42352941 0.64313725
v 0.02158881 0.00943326 -0.03404185 0.54117647 0.42352941 0.64313725
v 0.02204539 0.00817661 -0.03419137 0.54117647 0.42352941 0.64313725
v 0.02275524 0.00775647 -0.03400624 0.54117647 0.42352941 0.64313725
v 0.02293520 0.00691618 -0.03409169 0.54117647 0.42352941 0.64313725
v 0.02377170 0.00565953 -0.03388520 0.54117647 0.42352941 0.64313725
v 0.02387501 0.00497821 -0.03393504 0.54117647 0.42352941 0.64313725
v 0.02396499 0.00413792 -0.03399200 0.54117647 0.42352941 0.64313725
v 0.02414829 0.00188958 -0.03409881 0.54117647 0.42352941 0.64313725
v 0.02425493 0.00062914 -0.03414865 0.54117647 0.42352941 0.64313725
v 0.02434491 -0.00064643 -0.03420561 0.54117647 0.42352941 0.64313725
v 0.00448900 -0.00064643 0.02979786 0.54117647 0.42352941 0.64313725
v 0.00433903 0.00835073 0.03316572 0.54117647 0.42352941 0.64313725
v 0.00433903 0.02292332 -0.03288837 0.54117647 0.42352941 0.64313725
v 0.00433903 0.02426703 -0.03179186 0.54117647 0.42352941 0.64313725
v 0.00565876 0.02421025 -0.03174914 0.54117647 0.42352941 0.64313725
v 0.00691850 0.02414969 -0.03169218 0.54117647 0.42352941 0.64313725
v 0.00817490 0.02406264 -0.03160674 0.54117647 0.42352941 0.64313725
v 0.00913138 0.02397558 -0.03152129 0.54117647 0.42352941 0.64313725
v 0.01571002 0.01949782 -0.03303078 0.54117647 0.42352941 0.64313725
v 0.01572002 0.01822981 -0.03367159 0.54117647 0.42352941 0.64313725
v 0.01612660 0.01992175 -0.03256084 0.54117647 0.42352941 0.64313725
v 0.01194746 0.02297253 -0.03177050 0.54117647 0.42352941 0.64313725
v 0.01194746 0.02360086 -0.03111544 0.54117647 0.42352941 0.64313725
v 0.01290060 0.02400965 -0.03031086 0.54117647 0.42352941 0.64313725
v 0.01374043 0.02385067 -0.03013286 0.54117647 0.42352941 0.64313725
v 0.01446028 0.02368791 -0.02997621 0.54117647 0.42352941 0.64313725
v 0.01697643 0.02173480 -0.03055295 0.54117647 0.42352941 0.64313725
v 0.01778626 0.02149256 -0.03029662 0.54117647 0.42352941 0.64313725
v 0.01697643 0.02104213 -0.03117952 0.54117647 0.42352941 0.64313725
v 0.01697643 0.02041381 -0.03166370 0.54117647 0.42352941 0.64313725
v 0.01539009 0.02406264 -0.02910755 0.54117647 0.42352941 0.64313725
v 0.01068772 0.02314286 -0.03193427 0.54117647 0.42352941 0.64313725
v 0.01697976 0.01821467 -0.03302366 0.54117647 0.42352941 0.64313725
v 0.01690978 0.01694288 -0.03361463 0.54117647 0.42352941 0.64313725
v 0.02152883 0.01277550 -0.03277445 0.54117647 0.42352941 0.64313725
v 0.02187875 0.01056500 -0.03347223 0.54117647 0.42352941 0.64313725
v 0.02221868 0.00943326 -0.03372856 0.54117647 0.42352941 0.64313725
v 0.02249529 0.00859297 -0.03387808 0.54117647 0.42352941 0.64313725
v 0.02320848 0.00817661 -0.03360039 0.54117647 0.42352941 0.64313725
v 0.02356507 0.00691618 -0.03375704 0.54117647 0.42352941 0.64313725
v 0.02457820 0.00683290 -0.03305214 0.54117647 0.42352941 0.64313725
v 0.02451821 0.00565953 -0.03333695 0.54117647 0.42352941 0.64313725
v 0.02443823 0.00449750 -0.03360751 0.54117647 0.42352941 0.64313725
v 0.02467151 0.00314623 -0.03362887 0.54117647 0.42352941 0.64313725
v 0.02488147 0.00062914 -0.03377840 0.54117647 0.42352941 0.64313725
v 0.02497145 -0.00062751 -0.03384248 0.54117647 0.42352941 0.64313725
v 0.02497145 -0.00064643 -0.03384248 0.54117647 0.42352941 0.64313725
v 0.00557877 -0.00064643 0.03052412 0.54117647 0.42352941 0.64313725
v 0.00433903 0.00951653 0.03361429 0.54117647 0.42352941 0.64313725
v 0.00433903 0.02489536 -0.03117240 0.54117647 0.42352941 0.64313725
v 0.00440235 0.02489157 -0.03117240 0.54117647 0.42352941 0.64313725
v 0.00565876 0.02483858 -0.03111544 0.54117647 0.42352941 0.64313725
v 0.00691850 0.02477802 -0.03103712 0.54117647 0.42352941 0.64313725
v 0.00691850 0.02534957 -0.03040342 0.54117647 0.42352941 0.64313725
v 0.00817490 0.02469096 -0.03090896 0.54117647 0.42352941 0.64313725
v 0.01068772 0.02435787 -0.03067399 0.54117647 0.42352941 0.64313725
v 0.01068772 0.02377118 -0.03130769 0.54117647 0.42352941 0.64313725
v 0.00975458 0.02509975 -0.03011862 0.54117647 0.42352941 0.64313725
v 0.01068772 0.02498620 -0.02999045 0.54117647 0.42352941 0.64313725
v 0.01656651 0.01908524 -0.03281717 0.54117647 0.42352941 0.64313725
v 0.01762629 0.02013750 -0.03144297 0.54117647 0.42352941 0.64313725
v 0.01697976 0.01949782 -0.03229028 0.54117647 0.42352941 0.64313725
v 0.01194746 0.02416862 -0.03048887 0.54117647 0.42352941 0.64313725
v 0.01280395 0.02522088 -0.02900074 0.54117647 0.42352941 0.64313725
v 0.01364045 0.02508083 -0.02883698 0.54117647 0.42352941 0.64313725
v 0.01446028 0.02428217 -0.02934251 0.54117647 0.42352941 0.64313725
v 0.01622992 0.02381282 -0.02883698 0.54117647 0.42352941 0.64313725
v 0.01857610 0.02246154 -0.02873018 0.54117647 0.42352941 0.64313725
v 0.01924263 0.02162504 -0.02917163 0.54117647 0.42352941 0.64313725
v 0.02007912 0.02133737 -0.02888682 0.54117647 0.42352941 0.64313725
v 0.01862276 0.02117461 -0.03001181 0.54117647 0.42352941 0.64313725
v 0.01812619 0.02065605 -0.03073807 0.54117647 0.42352941 0.64313725
v 0.01446028 0.02491428 -0.02863761 0.54117647 0.42352941 0.64313725
v 0.01529677 0.02524358 -0.02779031 0.54117647 0.42352941 0.64313725
v 0.01613327 0.02502783 -0.02751974 0.54117647 0.42352941 0.64313725
v 0.01697643 0.02415726 -0.02796119 0.54117647 0.42352941 0.64313725
v 0.01775627 0.01778696 -0.03278157 0.54117647 0.42352941 0.64313725
v 0.01819618 0.01688989 -0.03293109 0.54117647 0.42352941 0.64313725
v 0.01890937 0.01641297 -0.03271749 0.54117647 0.42352941 0.64313725
v 0.02120556 0.01361579 -0.03258932 0.54117647 0.42352941 0.64313725
v 0.02236532 0.01219638 -0.03251812 0.54117647 0.42352941 0.64313725
v 0.02265526 0.01135609 -0.03270325 0.54117647 0.42352941 0.64313725
v 0.02196874 0.01184436 -0.03290261 0.54117647 0.42352941 0.64313725
v 0.02286522 0.01068991 -0.03284565 0.54117647 0.42352941 0.64313725
v 0.02330846 0.00942569 -0.03306638 0.54117647 0.42352941 0.64313725
v 0.02420827 0.00817661 -0.03293821 0.54117647 0.42352941 0.64313725
v 0.02504144 0.00719627 -0.03259644 0.54117647 0.42352941 0.64313725
v 0.02516475 0.00635598 -0.03270325 0.54117647 0.42352941 0.64313725
v 0.02539803 0.00440288 -0.03290261 0.54117647 0.42352941 0.64313725
v 0.02553134 0.00314623 -0.03300230 0.54117647 0.42352941 0.64313725
v 0.02570797 0.00062914 -0.03315182 0.54117647 0.42352941 0.64313725
v 0.02589459 -0.00054802 -0.03313046 0.54117647 0.42352941 0.64313725
v 0.02604123 -0.00064643 -0.03302366 0.54117647 0.42352941 0.64313725
v 0.02498145 -0.00064643 -0.03383536 0.54117647 0.42352941 0.64313725
v 0.00724843 -0.00064643 0.03162775 0.54117647 0.42352941 0.64313725
v 0.01047443 -0.00064643 0.03367837 0.54117647 0.42352941 0.64313725
v 0.00433903 0.00987612 0.03374245 0.54117647 0.42352941 0.64313725
v 0.00821823 -0.00064643 0.03225433 0.54117647 0.42352941 0.64313725
v 0.00931800 -0.00064643 0.03295923 0.54117647 0.42352941 0.64313725
v 0.00433903 0.02492185 -0.03114392 0.54117647 0.42352941 0.64313725
v 0.00440235 0.02547448 -0.03054583 0.54117647 0.42352941 0.64313725
v 0.00565876 0.02542905 -0.03048887 0.54117647 0.42352941 0.64313725
v 0.00565876 0.02605738 -0.02976261 0.54117647 0.42352941 0.64313725
v 0.00691850 0.02597789 -0.02964868 0.54117647 0.42352941 0.64313725
v 0.00847484 0.02636397 -0.02886546 0.54117647 0.42352941 0.64313725
v 0.00943131 0.02627313 -0.02875154 0.54117647 0.42352941 0.64313725
v 0.01068772 0.02550097 -0.02935675 0.54117647 0.42352941 0.64313725
v 0.01194746 0.02479694 -0.02978396 0.54117647 0.42352941 0.64313725
v 0.01194746 0.02534200 -0.02915027 0.54117647 0.42352941 0.64313725
v 0.01888937 0.01888842 -0.03145009 0.54117647 0.42352941 0.64313725
v 0.01740301 0.01862346 -0.03255372 0.54117647 0.42352941 0.64313725
v 0.01907933 0.02033432 -0.03033934 0.54117647 0.42352941 0.64313725
v 0.01846612 0.01972492 -0.03117240 0.54117647 0.42352941 0.64313725
v 0.01167752 0.02650780 -0.02779031 0.54117647 0.42352941 0.64313725
v 0.01251734 0.02638668 -0.02763367 0.54117647 0.42352941 0.64313725
v 0.01320387 0.02626556 -0.02746990 0.54117647 0.42352941 0.64313725
v 0.01446028 0.02541013 -0.02801104 0.54117647 0.42352941 0.64313725
v 0.01769295 0.02394151 -0.02771911 0.54117647 0.42352941 0.64313725
v 0.01918598 0.02284384 -0.02789711 0.54117647 0.42352941 0.64313725
v 0.01963255 0.02209439 -0.02838841 0.54117647 0.42352941 0.64313725
v 0.02083897 0.02084910 -0.02863049 0.54117647 0.42352941 0.64313725
v 0.02131554 0.02003909 -0.02886546 0.54117647 0.42352941 0.64313725
v 0.02047904 0.02050087 -0.02918587 0.54117647 0.42352941 0.64313725
v 0.02002247 0.02256374 -0.02758382 0.54117647 0.42352941 0.64313725
v 0.02074899 0.02165532 -0.02796831 0.54117647 0.42352941 0.64313725
v 0.02139885 0.02139415 -0.02768351 0.54117647 0.42352941 0.64313725
v 0.01454360 0.02609523 -0.02701421 0.54117647 0.42352941 0.64313725
v 0.01501683 0.02637533 -0.02635915 0.54117647 0.42352941 0.64313725
v 0.01571669 0.02556532 -0.02707117 0.54117647 0.42352941 0.64313725
v 0.01672315 0.02535335 -0.02667956 0.54117647 0.42352941 0.64313725
v 0.01707641 0.02484237 -0.02707117 0.54117647 0.42352941 0.64313725
v 0.01819618 0.01821467 -0.03226892 0.54117647 0.42352941 0.64313725
v 0.01859276 0.01725326 -0.03251812 0.54117647 0.42352941 0.64313725
v 0.02196874 0.01319943 -0.03229740 0.54117647 0.42352941 0.64313725
v 0.02268525 0.01390724 -0.03147145 0.54117647 0.42352941 0.64313725
v 0.02291854 0.01320321 -0.03164946 0.54117647 0.42352941 0.64313725
v 0.02322514 0.01188979 -0.03203395 0.54117647 0.42352941 0.64313725
v 0.02375837 0.00984205 -0.03258932 0.54117647 0.42352941 0.64313725
v 0.02399832 0.00900176 -0.03276733 0.54117647 0.42352941 0.64313725
v 0.02483481 0.00817661 -0.03243268 0.54117647 0.42352941 0.64313725
v 0.02552467 0.00817661 -0.03179898 0.54117647 0.42352941 0.64313725
v 0.02631784 0.00725683 -0.03134329 0.54117647 0.42352941 0.64313725
v 0.02574129 0.00680641 -0.03203395 0.54117647 0.42352941 0.64313725
v 0.02644115 0.00641654 -0.03146433 0.54117647 0.42352941 0.64313725
v 0.02602790 0.00440288 -0.03234012 0.54117647 0.42352941 0.64313725
v 0.02615787 0.00314623 -0.03246116 0.54117647 0.42352941 0.64313725
v 0.02639449 -0.00007489 -0.03268189 0.54117647 0.42352941 0.64313725
v 0.02642782 -0.00064643 -0.03271037 0.54117647 0.42352941 0.64313725
v 0.01111763 -0.00064643 0.03406286 0.54117647 0.42352941 0.64313725
v 0.01194746 -0.00064643 0.03453279 0.54117647 0.42352941 0.64313725
v 0.00433903 0.01081103 0.03404862 0.54117647 0.42352941 0.64313725
v 0.00433903 0.02550854 -0.03051023 0.54117647 0.42352941 0.64313725
v 0.00440235 0.02610280 -0.02979821 0.54117647 0.42352941 0.64313725
v 0.00565876 0.02657594 -0.02913603 0.54117647 0.42352941 0.64313725
v 0.00691850 0.02648131 -0.02901499 0.54117647 0.42352941 0.64313725
v 0.00943131 0.02784394 -0.02665820 0.54117647 0.42352941 0.64313725
v 0.00943131 0.02738216 -0.02728478 0.54117647 0.42352941 0.64313725
v 0.00943131 0.02675384 -0.02812496 0.54117647 0.42352941 0.64313725
v 0.01068772 0.02663271 -0.02794696 0.54117647 0.42352941 0.64313725
v 0.01914932 0.01823360 -0.03163522 0.54117647 0.42352941 0.64313725
v 0.01991916 0.01987633 -0.03002605 0.54117647 0.42352941 0.64313725
v 0.02230533 0.01721541 -0.02992637 0.54117647 0.42352941 0.64313725
v 0.02265193 0.01637512 -0.03018982 0.54117647 0.42352941 0.64313725
v 0.01080103 0.02733674 -0.02698573 0.54117647 0.42352941 0.64313725
v 0.01129426 0.02765469 -0.02639475 0.54117647 0.42352941 0.64313725
v 0.01194746 0.02754871 -0.02624523 0.54117647 0.42352941 0.64313725
v 0.01320387 0.02734052 -0.02593906 0.54117647 0.42352941 0.64313725
v 0.01320387 0.02671220 -0.02683620 0.54117647 0.42352941 0.64313725
v 0.01418034 0.02653808 -0.02658700 0.54117647 0.42352941 0.64313725
v 0.01815952 0.02424432 -0.02700709 0.54117647 0.42352941 0.64313725
v 0.01852944 0.02368034 -0.02741294 0.54117647 0.42352941 0.64313725
v 0.01955257 0.02329805 -0.02707829 0.54117647 0.42352941 0.64313725
v 0.02170546 0.02074311 -0.02795407 0.54117647 0.42352941 0.64313725
v 0.02262860 0.02011479 -0.02765503 0.54117647 0.42352941 0.64313725
v 0.02249196 0.01869538 -0.02880138 0.54117647 0.42352941 0.64313725
v 0.02283189 0.01786266 -0.02908619 0.54117647 0.42352941 0.64313725
v 0.01991582 0.02374847 -0.02623099 0.54117647 0.42352941 0.64313725
v 0.02051237 0.02291197 -0.02674364 0.54117647 0.42352941 0.64313725
v 0.02135219 0.02260916 -0.02637339 0.54117647 0.42352941 0.64313725
v 0.02085896 0.02234042 -0.02710677 0.54117647 0.42352941 0.64313725
v 0.02233533 0.02074311 -0.02734174 0.54117647 0.42352941 0.64313725
v 0.02189209 0.02162882 -0.02690741 0.54117647 0.42352941 0.64313725
v 0.02263193 0.02137522 -0.02640187 0.54117647 0.42352941 0.64313725
v 0.01572002 0.02622392 -0.02612418 0.54117647 0.42352941 0.64313725
v 0.01384707 0.02766604 -0.02515584 0.54117647 0.42352941 0.64313725
v 0.01468690 0.02749950 -0.02488527 0.54117647 0.42352941 0.64313725
v 0.01572002 0.02664407 -0.02549761 0.54117647 0.42352941 0.64313725
v 0.01647653 0.02646617 -0.02524128 0.54117647 0.42352941 0.64313725
v 0.01731636 0.02625799 -0.02493511 0.54117647 0.42352941 0.64313725
v 0.01755964 0.02511868 -0.02636627 0.54117647 0.42352941 0.64313725
v 0.02354841 0.01320321 -0.03116528 0.54117647 0.42352941 0.64313725
v 0.02405497 0.01408135 -0.03031086 0.54117647 0.42352941 0.64313725
v 0.02379836 0.01242348 -0.03135753 0.54117647 0.42352941 0.64313725
v 0.02429826 0.01068991 -0.03176338 0.54117647 0.42352941 0.64313725
v 0.02511809 0.01000860 -0.03140737 0.54117647 0.42352941 0.64313725
v 0.02455820 0.00950518 -0.03209091 0.54117647 0.42352941 0.64313725
v 0.02531805 0.00916831 -0.03159962 0.54117647 0.42352941 0.64313725
v 0.02615454 0.00817661 -0.03117240 0.54117647 0.42352941 0.64313725
v 0.02675108 0.00817661 -0.03054583 0.54117647 0.42352941 0.64313725
v 0.02755092 0.00715085 -0.03004741 0.54117647 0.42352941 0.64313725
v 0.02766756 0.00631056 -0.03018270 0.54117647 0.42352941 0.64313725
v 0.02653113 0.00565953 -0.03155690 0.54117647 0.42352941 0.64313725
v 0.02667110 0.00440288 -0.03171354 0.54117647 0.42352941 0.64313725
v 0.02680107 0.00314623 -0.03183458 0.54117647 0.42352941 0.64313725
v 0.02767090 0.00005381 -0.03144297 0.54117647 0.42352941 0.64313725
v 0.02771089 -0.00064643 -0.03146433 0.54117647 0.42352941 0.64313725
v 0.01290060 -0.00064643 0.03503833 0.54117647 0.42352941 0.64313725
v 0.00433903 0.01194656 0.03434055 0.54117647 0.42352941 0.64313725
v 0.00433903 0.02612930 -0.02976973 0.54117647 0.42352941 0.64313725
v 0.00440235 0.02660622 -0.02917163 0.54117647 0.42352941 0.64313725
v 0.00433903 0.02723454 -0.02834569 0.54117647 0.42352941 0.64313725
v 0.00440235 0.02770011 -0.02771199 0.54117647 0.42352941 0.64313725
v 0.00517885 0.02767740 -0.02768351 0.54117647 0.42352941 0.64313725
v 0.00562210 0.02727618 -0.02817480 0.54117647 0.42352941 0.64313725
v 0.00691850 0.02802941 -0.02690028 0.54117647 0.42352941 0.64313725
v 0.00691850 0.02865774 -0.02603162 0.54117647 0.42352941 0.64313725
v 0.00817490 0.02856689 -0.02590346 0.54117647 0.42352941 0.64313725
v 0.00817490 0.02900218 -0.02527688 0.54117647 0.42352941 0.64313725
v 0.01045777 0.02775688 -0.02653715 0.54117647 0.42352941 0.64313725
v 0.02316182 0.01684825 -0.02946356 0.54117647 0.42352941 0.64313725
v 0.02398165 0.01647732 -0.02900074 0.54117647 0.42352941 0.64313725
v 0.02349842 0.01572030 -0.02984805 0.54117647 0.42352941 0.64313725
v 0.00890142 0.02894162 -0.02517720 0.54117647 0.42352941 0.64313725
v 0.01068772 0.02911952 -0.02420885 0.54117647 0.42352941 0.64313725
v 0.01164752 0.02900218 -0.02401660 0.54117647 0.42352941 0.64313725
v 0.01201745 0.02863503 -0.02447230 0.54117647 0.42352941 0.64313725
v 0.01248735 0.02889620 -0.02384572 0.54117647 0.42352941 0.64313725
v 0.01194746 0.02795371 -0.02561153 0.54117647 0.42352941 0.64313725
v 0.01320387 0.02777581 -0.02531248 0.54117647 0.42352941 0.64313725
v 0.01907933 0.02403236 -0.02657276 0.54117647 0.42352941 0.64313725
v 0.02385835 0.02007694 -0.02636627 0.54117647 0.42352941 0.64313725
v 0.02417828 0.01924043 -0.02671516 0.54117647 0.42352941 0.64313725
v 0.02456487 0.01829037 -0.02708541 0.54117647 0.42352941 0.64313725
v 0.02378503 0.01872944 -0.02755534 0.54117647 0.42352941 0.64313725
v 0.02411496 0.01789294 -0.02787575 0.54117647 0.42352941 0.64313725
v 0.02366839 0.01731761 -0.02871593 0.54117647 0.42352941 0.64313725
v 0.01941926 0.02447521 -0.02571121 0.54117647 0.42352941 0.64313725
v 0.02039239 0.02408156 -0.02539080 0.54117647 0.42352941 0.64313725
v 0.02123222 0.02377875 -0.02499207 0.54117647 0.42352941 0.64313725
v 0.02173878 0.02294225 -0.02554033 0.54117647 0.42352941 0.64313725
v 0.02257861 0.02258267 -0.02508463 0.54117647 0.42352941 0.64313725
v 0.02209538 0.02234042 -0.02588210 0.54117647 0.42352941 0.64313725
v 0.02291187 0.02165153 -0.02577529 0.54117647 0.42352941 0.64313725
v 0.02384502 0.02132223 -0.02509175 0.54117647 0.42352941 0.64313725
v 0.02359173 0.02084153 -0.02587498 0.54117647 0.42352941 0.64313725
v 0.01320387 0.02827166 -0.02451502 0.54117647 0.42352941 0.64313725
v 0.01490685 0.02885456 -0.02252136 0.54117647 0.42352941 0.64313725
v 0.01532010 0.02775310 -0.02404508 0.54117647 0.42352941 0.64313725
v 0.01615993 0.02758277 -0.02375316 0.54117647 0.42352941 0.64313725
v 0.01573002 0.02730267 -0.02448654 0.54117647 0.42352941 0.64313725
v 0.01692977 0.02672734 -0.02451502 0.54117647 0.42352941 0.64313725
v 0.01784292 0.02654187 -0.02409493 0.54117647 0.42352941 0.64313725
v 0.01823284 0.02537985 -0.02546912 0.54117647 0.42352941 0.64313725
v 0.01823284 0.02492185 -0.02609570 0.54117647 0.42352941 0.64313725
v 0.02534804 0.01414191 -0.02910755 0.54117647 0.42352941 0.64313725
v 0.02494479 0.01320321 -0.02999757 0.54117647 0.42352941 0.64313725
v 0.02431825 0.01320321 -0.03053871 0.54117647 0.42352941 0.64313725
v 0.02458820 0.01206768 -0.03086624 0.54117647 0.42352941 0.64313725
v 0.02492479 0.01068991 -0.03125073 0.54117647 0.42352941 0.64313725
v 0.02535804 0.01171567 -0.03037494 0.54117647 0.42352941 0.64313725
v 0.02559132 0.01068991 -0.03062415 0.54117647 0.42352941 0.64313725
v 0.02660112 0.01173460 -0.02912179 0.54117647 0.42352941 0.64313725
v 0.02656112 0.00914559 -0.03033934 0.54117647 0.42352941 0.64313725
v 0.02762091 0.00995560 -0.02887258 0.54117647 0.42352941 0.64313725
v 0.02738096 0.00817661 -0.02986229 0.54117647 0.42352941 0.64313725
v 0.02792418 0.00817661 -0.02923571 0.54117647 0.42352941 0.64313725
v 0.02874401 0.00691618 -0.02868746 0.54117647 0.42352941 0.64313725
v 0.02802749 0.00680641 -0.02959172 0.54117647 0.42352941 0.64313725
v 0.02885732 0.00595855 -0.02883698 0.54117647 0.42352941 0.64313725
v 0.02861737 0.00314623 -0.02981245 0.54117647 0.42352941 0.64313725
v 0.02773422 0.00565953 -0.03026102 0.54117647 0.42352941 0.64313725
v 0.02730097 0.00440288 -0.03103000 0.54117647 0.42352941 0.64313725
v 0.02715767 0.00565953 -0.03088760 0.54117647 0.42352941 0.64313725
v 0.02743095 0.00314623 -0.03117240 0.54117647 0.42352941 0.64313725
v 0.02831410 -0.00064643 -0.03078791 0.54117647 0.42352941 0.64313725
v 0.02809748 0.00188958 -0.03065263 0.54117647 0.42352941 0.64313725
v 0.02881733 0.00062914 -0.03005453 0.54117647 0.42352941 0.64313725
v 0.02888731 -0.00062751 -0.03013286 0.54117647 0.42352941 0.64313725
v 0.01354713 -0.00064643 0.03533026 0.54117647 0.42352941 0.64313725
v 0.00433903 0.01320321 0.03458976 0.54117647 0.42352941 0.64313725
v 0.00433903 0.02660622 -0.02917163 0.54117647 0.42352941 0.64313725
v 0.00433903 0.02772660 -0.02767639 0.54117647 0.42352941 0.64313725
v 0.00433903 0.02880157 -0.02617403 0.54117647 0.42352941 0.64313725
v 0.00565876 0.02872587 -0.02613130 0.54117647 0.42352941 0.64313725
v 0.00691850 0.02909302 -0.02540504 0.54117647 0.42352941 0.64313725
v 0.00691850 0.02963050 -0.02451502 0.54117647 0.42352941 0.64313725
v 0.00817490 0.03036103 -0.02294145 0.54117647 0.42352941 0.64313725
v 0.02446822 0.01690882 -0.02823888 0.54117647 0.42352941 0.64313725
v 0.02524806 0.01650003 -0.02776183 0.54117647 0.42352941 0.64313725
v 0.02484481 0.01572030 -0.02863049 0.54117647 0.42352941 0.64313725
v 0.00921802 0.03026261 -0.02277769 0.54117647 0.42352941 0.64313725
v 0.00936466 0.02920279 -0.02456486 0.54117647 0.42352941 0.64313725
v 0.01068772 0.02968350 -0.02325474 0.54117647 0.42352941 0.64313725
v 0.01201745 0.02930120 -0.02336155 0.54117647 0.42352941 0.64313725
v 0.01194746 0.02995981 -0.02222943 0.54117647 0.42352941 0.64313725
v 0.01267731 0.03020584 -0.02142485 0.54117647 0.42352941 0.64313725
v 0.01313722 0.02979705 -0.02190902 0.54117647 0.42352941 0.64313725
v 0.01320387 0.02914223 -0.02301978 0.54117647 0.42352941 0.64313725
v 0.01320387 0.02878264 -0.02364635 0.54117647 0.42352941 0.64313725
v 0.02501478 0.01868781 -0.02625947 0.54117647 0.42352941 0.64313725
v 0.02533138 0.01785130 -0.02661548 0.54117647 0.42352941 0.64313725
v 0.02504144 0.01999745 -0.02501343 0.54117647 0.42352941 0.64313725
v 0.02539137 0.01915716 -0.02541928 0.54117647 0.42352941 0.64313725
v 0.02495146 0.01733653 -0.02744854 0.54117647 0.42352941 0.64313725
v 0.01891936 0.02517924 -0.02519144 0.54117647 0.42352941 0.64313725
v 0.01975586 0.02491807 -0.02480695 0.54117647 0.42352941 0.64313725
v 0.02020243 0.02520195 -0.02397388 0.54117647 0.42352941 0.64313725
v 0.02071566 0.02449414 -0.02448654 0.54117647 0.42352941 0.64313725
v 0.02161881 0.02407021 -0.02415901 0.54117647 0.42352941 0.64313725
v 0.02245864 0.02374847 -0.02368196 0.54117647 0.42352941 0.64313725
v 0.02209871 0.02334347 -0.02462182 0.54117647 0.42352941 0.64313725
v 0.02293187 0.02290818 -0.02424445 0.54117647 0.42352941 0.64313725
v 0.02377170 0.02251075 -0.02373180 0.54117647 0.42352941 0.64313725
v 0.02338844 0.02212845 -0.02467166 0.54117647 0.42352941 0.64313725
v 0.02418161 0.02167424 -0.02425157 0.54117647 0.42352941 0.64313725
v 0.02501811 0.02123139 -0.02371756 0.54117647 0.42352941 0.64313725
v 0.02461153 0.02085667 -0.02463606 0.54117647 0.42352941 0.64313725
v 0.01447694 0.02926335 -0.02205855 0.54117647 0.42352941 0.64313725
v 0.01452693 0.02994845 -0.02075555 0.54117647 0.42352941 0.64313725
v 0.01549673 0.02908924 -0.02168118 0.54117647 0.42352941 0.64313725
v 0.01583666 0.02872587 -0.02205855 0.54117647 0.42352941 0.64313725
v 0.01633656 0.02891134 -0.02136077 0.54117647 0.42352941 0.64313725
v 0.01669982 0.02782880 -0.02291297 0.54117647 0.42352941 0.64313725
v 0.01706308 0.02742380 -0.02330458 0.54117647 0.42352941 0.64313725
v 0.01868274 0.02629206 -0.02371756 0.54117647 0.42352941 0.64313725
v 0.01753631 0.02762819 -0.02257120 0.54117647 0.42352941 0.64313725
v 0.01824950 0.02681440 -0.02328322 0.54117647 0.42352941 0.64313725
v 0.02548801 0.01572030 -0.02799680 0.54117647 0.42352941 0.64313725
v 0.02633784 0.01497085 -0.02758382 0.54117647 0.42352941 0.64313725
v 0.02623786 0.01320321 -0.02873730 0.54117647 0.42352941 0.64313725
v 0.02561132 0.01320321 -0.02936387 0.54117647 0.42352941 0.64313725
v 0.02513142 0.01255218 -0.03016134 0.54117647 0.42352941 0.64313725
v 0.02640116 0.01257489 -0.02891530 0.54117647 0.42352941 0.64313725
v 0.02711434 0.01212446 -0.02838129 0.54117647 0.42352941 0.64313725
v 0.02746427 0.01068991 -0.02870882 0.54117647 0.42352941 0.64313725
v 0.02683440 0.01068991 -0.02935675 0.54117647 0.42352941 0.64313725
v 0.02776754 0.00911910 -0.02904347 0.54117647 0.42352941 0.64313725
v 0.02781753 0.01167403 -0.02784015 0.54117647 0.42352941 0.64313725
v 0.02800416 0.01068991 -0.02807512 0.54117647 0.42352941 0.64313725
v 0.02880066 0.00968686 -0.02750550 0.54117647 0.42352941 0.64313725
v 0.02855405 0.00817661 -0.02844537 0.54117647 0.42352941 0.64313725
v 0.02903395 0.00817661 -0.02781879 0.54117647 0.42352941 0.64313725
v 0.02921058 0.00691618 -0.02806088 0.54117647 0.42352941 0.64313725
v 0.02912726 0.00314623 -0.02918587 0.54117647 0.42352941 0.64313725
v 0.02998042 0.00565953 -0.02737734 0.54117647 0.42352941 0.64313725
v 0.02927390 0.00558761 -0.02836705 0.54117647 0.42352941 0.64313725
v 0.02872735 0.00188958 -0.02994061 0.54117647 0.42352941 0.64313725
v 0.02798750 0.00314623 -0.03054583 0.54117647 0.42352941 0.64313725
v 0.02786419 0.00440288 -0.03040342 0.54117647 0.42352941 0.64313725
v 0.02888731 -0.00064643 -0.03013286 0.54117647 0.42352941 0.64313725
v 0.02922391 0.00188958 -0.02931403 0.54117647 0.42352941 0.64313725
v 0.02931389 0.00062914 -0.02942084 0.54117647 0.42352941 0.64313725
v 0.02937388 -0.00062751 -0.02950628 0.54117647 0.42352941 0.64313725
v 0.01446028 -0.00064643 0.03565779 0.54117647 0.42352941 0.64313725
v 0.00433903 0.01445986 0.03476776 0.54117647 0.42352941 0.64313725
v 0.00433903 0.02921415 -0.02557593 0.54117647 0.42352941 0.64313725
v 0.00565876 0.02916494 -0.02549761 0.54117647 0.42352941 0.64313725
v 0.00564209 0.02985004 -0.02440821 0.54117647 0.42352941 0.64313725
v 0.00604868 0.03014528 -0.02383860 0.54117647 0.42352941 0.64313725
v 0.00691850 0.03044808 -0.02310522 0.54117647 0.42352941 0.64313725
v 0.00817490 0.03089472 -0.02200159 0.54117647 0.42352941 0.64313725
v 0.02647114 0.01644703 -0.02648019 0.54117647 0.42352941 0.64313725
v 0.02611455 0.01572030 -0.02734886 0.54117647 0.42352941 0.64313725
v 0.00955462 0.03056542 -0.02212263 0.54117647 0.42352941 0.64313725
v 0.01005785 0.03017556 -0.02262816 0.54117647 0.42352941 0.64313725
v 0.00955462 0.02994088 -0.02321914 0.54117647 0.42352941 0.64313725
v 0.00943131 0.03122781 -0.02099764 0.54117647 0.42352941 0.64313725
v 0.01068772 0.03010743 -0.02250712 0.54117647 0.42352941 0.64313725
v 0.01114763 0.03139436 -0.02003641 0.54117647 0.42352941 0.64313725
v 0.01351381 0.03008093 -0.02118277 0.54117647 0.42352941 0.64313725
v 0.01194746 0.03128080 -0.01980857 0.54117647 0.42352941 0.64313725
v 0.02578128 0.01822981 -0.02577529 0.54117647 0.42352941 0.64313725
v 0.02617120 0.01728354 -0.02612418 0.54117647 0.42352941 0.64313725
v 0.02536804 0.02039110 -0.02418037 0.54117647 0.42352941 0.64313725
v 0.02579795 0.01951296 -0.02454350 0.54117647 0.42352941 0.64313725
v 0.02623119 0.01861211 -0.02491375 0.54117647 0.42352941 0.64313725
v 0.01939926 0.02538742 -0.02444382 0.54117647 0.42352941 0.64313725
v 0.01952257 0.02606116 -0.02328322 0.54117647 0.42352941 0.64313725
v 0.01996248 0.02630341 -0.02247152 0.54117647 0.42352941 0.64313725
v 0.02067233 0.02539499 -0.02316930 0.54117647 0.42352941 0.64313725
v 0.02142551 0.02518681 -0.02268513 0.54117647 0.42352941 0.64313725
v 0.02103893 0.02490671 -0.02352531 0.54117647 0.42352941 0.64313725
v 0.02280190 0.02402857 -0.02284889 0.54117647 0.42352941 0.64313725
v 0.02328513 0.02328291 -0.02329034 0.54117647 0.42352941 0.64313725
v 0.02407830 0.02282113 -0.02289161 0.54117647 0.42352941 0.64313725
v 0.02454821 0.02203383 -0.02330458 0.54117647 0.42352941 0.64313725
v 0.02531138 0.02155691 -0.02287737 0.54117647 0.42352941 0.64313725
v 0.02575796 0.02072797 -0.02324050 0.54117647 0.42352941 0.64313725
v 0.02620786 0.01986876 -0.02360363 0.54117647 0.42352941 0.64313725
v 0.01415034 0.03028911 -0.02034258 0.54117647 0.42352941 0.64313725
v 0.01452693 0.03054650 -0.01956648 0.54117647 0.42352941 0.64313725
v 0.01499017 0.03013771 -0.02004353 0.54117647 0.42352941 0.64313725
v 0.01583666 0.02937690 -0.02086236 0.54117647 0.42352941 0.64313725
v 0.01636989 0.03018313 -0.01887582 0.54117647 0.42352941 0.64313725
v 0.01686312 0.02969485 -0.01937423 0.54117647 0.42352941 0.64313725
v 0.01697643 0.02875994 -0.02106172 0.54117647 0.42352941 0.64313725
v 0.01706308 0.02813539 -0.02209415 0.54117647 0.42352941 0.64313725
v 0.01912265 0.02656080 -0.02287737 0.54117647 0.42352941 0.64313725
v 0.01798289 0.02787422 -0.02173814 0.54117647 0.42352941 0.64313725
v 0.01833282 0.02746922 -0.02209415 0.54117647 0.42352941 0.64313725
v 0.02668776 0.01572030 -0.02672228 0.54117647 0.42352941 0.64313725
v 0.02755092 0.01488379 -0.02626659 0.54117647 0.42352941 0.64313725
v 0.02705769 0.01450907 -0.02705693 0.54117647 0.42352941 0.64313725
v 0.02656446 0.01413434 -0.02784015 0.54117647 0.42352941 0.64313725
v 0.02681774 0.01320321 -0.02811072 0.54117647 0.42352941 0.64313725
v 0.02763091 0.01251433 -0.02762655 0.54117647 0.42352941 0.64313725
v 0.02830743 0.01197684 -0.02704269 0.54117647 0.42352941 0.64313725
v 0.02896396 0.01143558 -0.02646595 0.54117647 0.42352941 0.64313725
v 0.02863403 0.01068991 -0.02727766 0.54117647 0.42352941 0.64313725
v 0.02909727 0.01068991 -0.02665108 0.54117647 0.42352941 0.64313725
v 0.02923724 0.00933485 -0.02706405 0.54117647 0.42352941 0.64313725
v 0.03008373 0.00841507 -0.02626659 0.54117647 0.42352941 0.64313725
v 0.02983712 0.00691618 -0.02716373 0.54117647 0.42352941 0.64313725
v 0.02955384 0.00440288 -0.02828872 0.54117647 0.42352941 0.64313725
v 0.02983045 0.00321057 -0.02821040 0.54117647 0.42352941 0.64313725
v 0.02985378 0.00188958 -0.02845249 0.54117647 0.42352941 0.64313725
v 0.03009706 0.00440288 -0.02754110 0.54117647 0.42352941 0.64313725
v 0.03026370 0.00691618 -0.02653715 0.54117647 0.42352941 0.64313725
v 0.03040367 0.00565953 -0.02674364 0.54117647 0.42352941 0.64313725
v 0.03051698 0.00440288 -0.02691453 0.54117647 0.42352941 0.64313725
v 0.02937388 -0.00064643 -0.02950628 0.54117647 0.42352941 0.64313725
v 0.02994376 0.00062914 -0.02856641 0.54117647 0.42352941 0.64313725
v 0.03000375 -0.00062751 -0.02865185 0.54117647 0.42352941 0.64313725
v 0.03001042 -0.00064643 -0.02864473 0.54117647 0.42352941 0.64313725
v 0.01572002 -0.00064643 0.03602091 0.54117647 0.42352941 0.64313725
v 0.00433903 0.01572030 0.03488168 0.54117647 0.42352941 0.64313725
v 0.00433903 0.02986140 -0.02456486 0.54117647 0.42352941 0.64313725
v 0.00440235 0.02984247 -0.02459334 0.54117647 0.42352941 0.64313725
v 0.00520885 0.03019448 -0.02392404 0.54117647 0.42352941 0.64313725
v 0.00564209 0.03046322 -0.02335443 0.54117647 0.42352941 0.64313725
v 0.00687184 0.03112940 -0.02189479 0.54117647 0.42352941 0.64313725
v 0.00726176 0.03139814 -0.02131093 0.54117647 0.42352941 0.64313725
v 0.00817490 0.03133758 -0.02119700 0.54117647 0.42352941 0.64313725
v 0.02675775 0.01690882 -0.02573257 0.54117647 0.42352941 0.64313725
v 0.02764757 0.01632591 -0.02512023 0.54117647 0.42352941 0.64313725
v 0.02737762 0.01583006 -0.02581802 0.54117647 0.42352941 0.64313725
v 0.01030780 0.03148520 -0.02021442 0.54117647 0.42352941 0.64313725
v 0.00943131 0.03156847 -0.02037106 0.54117647 0.42352941 0.64313725
v 0.01071105 0.03113319 -0.02067723 0.54117647 0.42352941 0.64313725
v 0.00943131 0.03252610 -0.01851269 0.54117647 0.42352941 0.64313725
v 0.01025115 0.03273428 -0.01769387 0.54117647 0.42352941 0.64313725
v 0.01067772 0.03240876 -0.01815668 0.54117647 0.42352941 0.64313725
v 0.01109097 0.03263587 -0.01745890 0.54117647 0.42352941 0.64313725
v 0.01194746 0.03158361 -0.01917487 0.54117647 0.42352941 0.64313725
v 0.01316055 0.03109912 -0.01940984 0.54117647 0.42352941 0.64313725
v 0.01271064 0.03147384 -0.01894702 0.54117647 0.42352941 0.64313725
v 0.02654446 0.01903225 -0.02407357 0.54117647 0.42352941 0.64313725
v 0.02742095 0.01697695 -0.02482831 0.54117647 0.42352941 0.64313725
v 0.02651780 0.01777182 -0.02528400 0.54117647 0.42352941 0.64313725
v 0.02767090 0.01762420 -0.02390268 0.54117647 0.42352941 0.64313725
v 0.01952257 0.02682954 -0.02203007 0.54117647 0.42352941 0.64313725
v 0.02035240 0.02656080 -0.02163134 0.54117647 0.42352941 0.64313725
v 0.02076232 0.02603845 -0.02203007 0.54117647 0.42352941 0.64313725
v 0.02118889 0.02627313 -0.02115428 0.54117647 0.42352941 0.64313725
v 0.02207871 0.02583027 -0.02083388 0.54117647 0.42352941 0.64313725
v 0.02171212 0.02539120 -0.02200159 0.54117647 0.42352941 0.64313725
v 0.02261194 0.02513003 -0.02134653 0.54117647 0.42352941 0.64313725
v 0.02234199 0.02492564 -0.02200159 0.54117647 0.42352941 0.64313725
v 0.02331512 0.02485751 -0.02085524 0.54117647 0.42352941 0.64313725
v 0.02394166 0.02394151 -0.02145333 0.54117647 0.42352941 0.64313725
v 0.02363839 0.02365763 -0.02228640 0.54117647 0.42352941 0.64313725
v 0.02442823 0.02317693 -0.02188054 0.54117647 0.42352941 0.64313725
v 0.02520807 0.02269622 -0.02146757 0.54117647 0.42352941 0.64313725
v 0.02491480 0.02239720 -0.02230064 0.54117647 0.42352941 0.64313725
v 0.02567797 0.02188621 -0.02184494 0.54117647 0.42352941 0.64313725
v 0.02640782 0.02137901 -0.02138213 0.54117647 0.42352941 0.64313725
v 0.02615121 0.02106484 -0.02221519 0.54117647 0.42352941 0.64313725
v 0.02649447 0.02022834 -0.02276345 0.54117647 0.42352941 0.64313725
v 0.01354713 0.03134137 -0.01865509 0.54117647 0.42352941 0.64313725
v 0.01449694 0.03119753 -0.01823500 0.54117647 0.42352941 0.64313725
v 0.01572002 0.03031182 -0.01913215 0.54117647 0.42352941 0.64313725
v 0.01572002 0.03073954 -0.01822788 0.54117647 0.42352941 0.64313725
v 0.01686312 0.03031561 -0.01812820 0.54117647 0.42352941 0.64313725
v 0.01764629 0.03019448 -0.01764403 0.54117647 0.42352941 0.64313725
v 0.01720638 0.02999009 -0.01847709 0.54117647 0.42352941 0.64313725
v 0.01762296 0.02892648 -0.02013610 0.54117647 0.42352941 0.64313725
v 0.01822284 0.02829437 -0.02073419 0.54117647 0.42352941 0.64313725
v 0.01923930 0.02787801 -0.02049211 0.54117647 0.42352941 0.64313725
v 0.01881938 0.02763576 -0.02133229 0.54117647 0.42352941 0.64313725
v 0.02776754 0.01404350 -0.02653004 0.54117647 0.42352941 0.64313725
v 0.02787419 0.01548562 -0.02542640 0.54117647 0.42352941 0.64313725
v 0.02810081 0.01446365 -0.02581802 0.54117647 0.42352941 0.64313725
v 0.02796417 0.01320321 -0.02678636 0.54117647 0.42352941 0.64313725
v 0.02879733 0.01227586 -0.02623099 0.54117647 0.42352941 0.64313725
v 0.02924391 0.01189357 -0.02579665 0.54117647 0.42352941 0.64313725
v 0.03008707 0.01107599 -0.02499919 0.54117647 0.42352941 0.64313725
v 0.02976047 0.01067099 -0.02570409 0.54117647 0.42352941 0.64313725
v 0.03023704 0.01023570 -0.02523416 0.54117647 0.42352941 0.64313725
v 0.02993710 0.00943326 -0.02605298 0.54117647 0.42352941 0.64313725
v 0.03035368 0.00943326 -0.02542640 0.54117647 0.42352941 0.64313725
v 0.03045032 0.00806684 -0.02581802 0.54117647 0.42352941 0.64313725
v 0.03023037 0.00283585 -0.02774047 0.54117647 0.42352941 0.64313725
v 0.03074693 0.00691618 -0.02577529 0.54117647 0.42352941 0.64313725
v 0.03108353 0.00564439 -0.02568273 0.54117647 0.42352941 0.64313725
v 0.03147011 0.00521289 -0.02520568 0.54117647 0.42352941 0.64313725
v 0.03114352 0.00440288 -0.02593906 0.54117647 0.42352941 0.64313725
v 0.03028703 0.00188958 -0.02782591 0.54117647 0.42352941 0.64313725
v 0.03034701 0.00062914 -0.02793983 0.54117647 0.42352941 0.64313725
v 0.03040034 -0.00062751 -0.02802528 0.54117647 0.42352941 0.64313725
v 0.03041033 -0.00064643 -0.02801104 0.54117647 0.42352941 0.64313725
v 0.01697643 -0.00064643 0.03629148 0.54117647 0.42352941 0.64313725
v 0.00433903 0.01697695 0.03492441 0.54117647 0.42352941 0.64313725
v 0.01706308 0.00064807 0.03636981 0.54117647 0.42352941 0.64313725
v 0.01753965 0.00107957 0.03646949 0.54117647 0.42352941 0.64313725
v 0.00433903 0.03022098 -0.02396676 0.54117647 0.42352941 0.64313725
v 0.00440235 0.03022098 -0.02396676 0.54117647 0.42352941 0.64313725
v 0.00433903 0.03066384 -0.02321202 0.54117647 0.42352941 0.64313725
v 0.00440235 0.03121646 -0.02223655 0.54117647 0.42352941 0.64313725
v 0.00440235 0.03156468 -0.02160998 0.54117647 0.42352941 0.64313725
v 0.00565876 0.03114833 -0.02211551 0.54117647 0.42352941 0.64313725
v 0.00565876 0.03149277 -0.02148181 0.54117647 0.42352941 0.64313725
v 0.00687184 0.03170473 -0.02083388 0.54117647 0.42352941 0.64313725
v 0.00754170 0.03268886 -0.01885446 0.54117647 0.42352941 0.64313725
v 0.00817490 0.03225736 -0.01948816 0.54117647 0.42352941 0.64313725
v 0.02831076 0.01575815 -0.02455062 0.54117647 0.42352941 0.64313725
v 0.02876067 0.01445986 -0.02489239 0.54117647 0.42352941 0.64313725
v 0.02848406 0.01695802 -0.02322626 0.54117647 0.42352941 0.64313725
v 0.02901395 0.01652274 -0.02278481 0.54117647 0.42352941 0.64313725
v 0.00943131 0.03203404 -0.01948816 0.54117647 0.42352941 0.64313725
v 0.00817490 0.03264344 -0.01875478 0.54117647 0.42352941 0.64313725
v 0.00943131 0.03281377 -0.01788611 0.54117647 0.42352941 0.64313725
v 0.00943131 0.03319984 -0.01696761 0.54117647 0.42352941 0.64313725
v 0.00942132 0.03372219 -0.01565037 0.54117647 0.42352941 0.64313725
v 0.01067772 0.03290839 -0.01701033 0.54117647 0.42352941 0.64313725
v 0.01068772 0.03340424 -0.01571445 0.54117647 0.42352941 0.64313725
v 0.01168752 0.03279862 -0.01662584 0.54117647 0.42352941 0.64313725
v 0.01204411 0.03253367 -0.01701033 0.54117647 0.42352941 0.64313725
v 0.01316055 0.03165174 -0.01823500 0.54117647 0.42352941 0.64313725
v 0.01194746 0.03203025 -0.01822788 0.54117647 0.42352941 0.64313725
v 0.02678108 0.01946375 -0.02321202 0.54117647 0.42352941 0.64313725
v 0.02743761 0.01854397 -0.02325474 0.54117647 0.42352941 0.64313725
v 0.02787419 0.01791565 -0.02325474 0.54117647 0.42352941 0.64313725
v 0.02877400 0.01736303 -0.02237896 0.54117647 0.42352941 0.64313725
v 0.01959256 0.02747300 -0.02084099 0.54117647 0.42352941 0.64313725
v 0.02007579 0.02763576 -0.02006489 0.54117647 0.42352941 0.64313725
v 0.02076232 0.02680304 -0.02073419 0.54117647 0.42352941 0.64313725
v 0.02154216 0.02651916 -0.02031410 0.54117647 0.42352941 0.64313725
v 0.02238198 0.02622392 -0.01975873 0.54117647 0.42352941 0.64313725
v 0.02293187 0.02538742 -0.02051347 0.54117647 0.42352941 0.64313725
v 0.02377170 0.02504297 -0.01992249 0.54117647 0.42352941 0.64313725
v 0.02418494 0.02416483 -0.02074131 0.54117647 0.42352941 0.64313725
v 0.02506810 0.02381282 -0.01997945 0.54117647 0.42352941 0.64313725
v 0.02481482 0.02356679 -0.02074131 0.54117647 0.42352941 0.64313725
v 0.02543802 0.02293846 -0.02074131 0.54117647 0.42352941 0.64313725
v 0.02631118 0.02252589 -0.01994385 0.54117647 0.42352941 0.64313725
v 0.02606456 0.02224201 -0.02074131 0.54117647 0.42352941 0.64313725
v 0.02760424 0.02003909 -0.02126821 0.54117647 0.42352941 0.64313725
v 0.02660112 0.02161368 -0.02074131 0.54117647 0.42352941 0.64313725
v 0.01410035 0.03153062 -0.01782203 0.54117647 0.42352941 0.64313725
v 0.01494018 0.03137543 -0.01747314 0.54117647 0.42352941 0.64313725
v 0.01540342 0.03156090 -0.01663296 0.54117647 0.42352941 0.64313725
v 0.01578001 0.03124295 -0.01701745 0.54117647 0.42352941 0.64313725
v 0.01697643 0.03076982 -0.01696761 0.54117647 0.42352941 0.64313725
v 0.01813286 0.02970242 -0.01812820 0.54117647 0.42352941 0.64313725
v 0.01702309 0.03123538 -0.01577853 0.54117647 0.42352941 0.64313725
v 0.01747633 0.03137543 -0.01491699 0.54117647 0.42352941 0.64313725
v 0.01791957 0.03033453 -0.01696761 0.54117647 0.42352941 0.64313725
v 0.01854944 0.03001658 -0.01696761 0.54117647 0.42352941 0.64313725
v 0.01846279 0.02871451 -0.01970888 0.54117647 0.42352941 0.64313725
v 0.01947592 0.02827923 -0.01946680 0.54117647 0.42352941 0.64313725
v 0.02891397 0.01382397 -0.02514160 0.54117647 0.42352941 0.64313725
v 0.02865736 0.01332433 -0.02579665 0.54117647 0.42352941 0.64313725
v 0.02908394 0.01298746 -0.02539080 0.54117647 0.42352941 0.64313725
v 0.02992043 0.01194656 -0.02474287 0.54117647 0.42352941 0.64313725
v 0.03019371 0.01262031 -0.02391692 0.54117647 0.42352941 0.64313725
v 0.03031035 0.01194656 -0.02411629 0.54117647 0.42352941 0.64313725
v 0.03049032 0.01067099 -0.02455774 0.54117647 0.42352941 0.64313725
v 0.03131681 0.00966415 -0.02368196 0.54117647 0.42352941 0.64313725
v 0.03100354 0.00931971 -0.02439398 0.54117647 0.42352941 0.64313725
v 0.03143679 0.00882386 -0.02389556 0.54117647 0.42352941 0.64313725
v 0.03114352 0.00817661 -0.02465742 0.54117647 0.42352941 0.64313725
v 0.03055364 0.00321057 -0.02714237 0.54117647 0.42352941 0.64313725
v 0.03123350 0.00314623 -0.02606722 0.54117647 0.42352941 0.64313725
v 0.03128682 0.00691618 -0.02489951 0.54117647 0.42352941 0.64313725
v 0.03138013 0.00605318 -0.02505615 0.54117647 0.42352941 0.64313725
v 0.03152677 0.00440288 -0.02530536 0.54117647 0.42352941 0.64313725
v 0.03165008 0.00691618 -0.02426581 0.54117647 0.42352941 0.64313725
v 0.03172340 0.00564439 -0.02458622 0.54117647 0.42352941 0.64313725
v 0.03249324 0.00440288 -0.02349683 0.54117647 0.42352941 0.64313725
v 0.03196001 0.00440288 -0.02451502 0.54117647 0.42352941 0.64313725
v 0.03078026 0.00188958 -0.02702845 0.54117647 0.42352941 0.64313725
v 0.03129682 0.00188958 -0.02616691 0.54117647 0.42352941 0.64313725
v 0.03098688 -0.00062751 -0.02702845 0.54117647 0.42352941 0.64313725
v 0.03098688 -0.00064643 -0.02702845 0.54117647 0.42352941 0.64313725
v 0.01794956 -0.00064643 0.03642677 0.54117647 0.42352941 0.64313725
v 0.01773294 0.00023928 0.03644813 0.54117647 0.42352941 0.64313725
v 0.00702514 0.01572030 0.03528042 0.54117647 0.42352941 0.64313725
v 0.00433903 0.01823360 0.03490304 0.54117647 0.42352941 0.64313725
v 0.01446028 0.00817661 0.03619892 0.54117647 0.42352941 0.64313725
v 0.01818618 0.00064807 0.03651221 0.54117647 0.42352941 0.64313725
v 0.01823284 0.00188958 0.03654069 0.54117647 0.42352941 0.64313725
v 0.01749965 0.00188958 0.03647661 0.54117647 0.42352941 0.64313725
v 0.01660317 0.00565953 0.03643389 0.54117647 0.42352941 0.64313725
v 0.00433903 0.03121646 -0.02224368 0.54117647 0.42352941 0.64313725
v 0.00433903 0.03156468 -0.02161710 0.54117647 0.42352941 0.64313725
v 0.00433903 0.03159118 -0.02156726 0.54117647 0.42352941 0.64313725
v 0.00433903 0.03288947 -0.01911791 0.54117647 0.42352941 0.64313725
v 0.00440235 0.03285919 -0.01916775 0.54117647 0.42352941 0.64313725
v 0.00565876 0.03279484 -0.01904671 0.54117647 0.42352941 0.64313725
v 0.00704181 0.03245040 -0.01940984 0.54117647 0.42352941 0.64313725
v 0.00565876 0.03321877 -0.01822788 0.54117647 0.42352941 0.64313725
v 0.00565876 0.03374111 -0.01711001 0.54117647 0.42352941 0.64313725
v 0.00685851 0.03368434 -0.01686792 0.54117647 0.42352941 0.64313725
v 0.02897396 0.01519417 -0.02397388 0.54117647 0.42352941 0.64313725
v 0.02915392 0.01445986 -0.02426581 0.54117647 0.42352941 0.64313725
v 0.02921391 0.01695802 -0.02197311 0.54117647 0.42352941 0.64313725
v 0.03007040 0.01612152 -0.02114716 0.54117647 0.42352941 0.64313725
v 0.02984045 0.01570894 -0.02198023 0.54117647 0.42352941 0.64313725
v 0.03005041 0.01482323 -0.02238608 0.54117647 0.42352941 0.64313725
v 0.02978713 0.01442580 -0.02321202 0.54117647 0.42352941 0.64313725
v 0.02918392 0.01565595 -0.02322626 0.54117647 0.42352941 0.64313725
v 0.00817490 0.03291975 -0.01812820 0.54117647 0.42352941 0.64313725
v 0.00817490 0.03342695 -0.01696761 0.54117647 0.42352941 0.64313725
v 0.00817490 0.03382439 -0.01602062 0.54117647 0.42352941 0.64313725
v 0.00899474 0.03398714 -0.01519468 0.54117647 0.42352941 0.64313725
v 0.00983123 0.03389630 -0.01493835 0.54117647 0.42352941 0.64313725
v 0.01078437 0.03381681 -0.01449690 0.54117647 0.42352941 0.64313725
v 0.01194746 0.03352158 -0.01445418 0.54117647 0.42352941 0.64313725
v 0.01204411 0.03300302 -0.01582126 0.54117647 0.42352941 0.64313725
v 0.01252734 0.03267372 -0.01630543 0.54117647 0.42352941 0.64313725
v 0.01320387 0.03218544 -0.01696761 0.54117647 0.42352941 0.64313725
v 0.02741761 0.01956595 -0.02210839 0.54117647 0.42352941 0.64313725
v 0.02764424 0.01883164 -0.02259969 0.54117647 0.42352941 0.64313725
v 0.02833743 0.01829416 -0.02207279 0.54117647 0.42352941 0.64313725
v 0.02873734 0.01858940 -0.02105460 0.54117647 0.42352941 0.64313725
v 0.02900729 0.01775289 -0.02153878 0.54117647 0.42352941 0.64313725
v 0.02078898 0.02740866 -0.01958072 0.54117647 0.42352941 0.64313725
v 0.01915265 0.02909302 -0.01822788 0.54117647 0.42352941 0.64313725
v 0.02007912 0.02889241 -0.01754434 0.54117647 0.42352941 0.64313725
v 0.02039906 0.02784394 -0.01922471 0.54117647 0.42352941 0.64313725
v 0.02123888 0.02756763 -0.01867645 0.54117647 0.42352941 0.64313725
v 0.02197873 0.02668949 -0.01940272 0.54117647 0.42352941 0.64313725
v 0.02267192 0.02643589 -0.01892566 0.54117647 0.42352941 0.64313725
v 0.02289521 0.02661379 -0.01822788 0.54117647 0.42352941 0.64313725
v 0.02352508 0.02610280 -0.01822788 0.54117647 0.42352941 0.64313725
v 0.02377836 0.02631098 -0.01739482 0.54117647 0.42352941 0.64313725
v 0.02401498 0.02525872 -0.01908231 0.54117647 0.42352941 0.64313725
v 0.02454154 0.02454334 -0.01953088 0.54117647 0.42352941 0.64313725
v 0.02530472 0.02403993 -0.01913927 0.54117647 0.42352941 0.64313725
v 0.02618120 0.02365385 -0.01822788 0.54117647 0.42352941 0.64313725
v 0.02580795 0.02329426 -0.01954512 0.54117647 0.42352941 0.64313725
v 0.02653113 0.02277571 -0.01910367 0.54117647 0.42352941 0.64313725
v 0.02738096 0.02229500 -0.01822788 0.54117647 0.42352941 0.64313725
v 0.02701436 0.02198084 -0.01945256 0.54117647 0.42352941 0.64313725
v 0.02749760 0.02116704 -0.01979433 0.54117647 0.42352941 0.64313725
v 0.02790085 0.01919880 -0.02175950 0.54117647 0.42352941 0.64313725
v 0.02782420 0.02032675 -0.02042802 0.54117647 0.42352941 0.64313725
v 0.02869735 0.01981955 -0.01948816 0.54117647 0.42352941 0.64313725
v 0.02897396 0.01893762 -0.02021442 0.54117647 0.42352941 0.64313725
v 0.01449694 0.03173123 -0.01701745 0.54117647 0.42352941 0.64313725
v 0.01578001 0.03175773 -0.01577853 0.54117647 0.42352941 0.64313725
v 0.01624325 0.03138679 -0.01623423 0.54117647 0.42352941 0.64313725
v 0.01436697 0.03234820 -0.01561477 0.54117647 0.42352941 0.64313725
v 0.01887271 0.02892269 -0.01886870 0.54117647 0.42352941 0.64313725
v 0.01663650 0.03155712 -0.01539404 0.54117647 0.42352941 0.64313725
v 0.01914932 0.03032696 -0.01545813 0.54117647 0.42352941 0.64313725
v 0.01833615 0.03059949 -0.01580701 0.54117647 0.42352941 0.64313725
v 0.01562337 0.03234063 -0.01436873 0.54117647 0.42352941 0.64313725
v 0.01514014 0.03271157 -0.01388456 0.54117647 0.42352941 0.64313725
v 0.01702309 0.03171609 -0.01448266 0.54117647 0.42352941 0.64313725
v 0.01697643 0.03216273 -0.01320102 0.54117647 0.42352941 0.64313725
v 0.01778293 0.03151548 -0.01407681 0.54117647 0.42352941 0.64313725
v 0.01821617 0.03117104 -0.01448266 0.54117647 0.42352941 0.64313725
v 0.01882272 0.03015663 -0.01629119 0.54117647 0.42352941 0.64313725
v 0.01959256 0.02939204 -0.01706729 0.54117647 0.42352941 0.64313725
v 0.01953924 0.02996738 -0.01580701 0.54117647 0.42352941 0.64313725
v 0.03001708 0.01345681 -0.02359651 0.54117647 0.42352941 0.64313725
v 0.03037034 0.01310480 -0.02321202 0.54117647 0.42352941 0.64313725
v 0.03128015 0.01194656 -0.02232200 0.54117647 0.42352941 0.64313725
v 0.03141013 0.01125389 -0.02258544 0.54117647 0.42352941 0.64313725
v 0.03119684 0.01077697 -0.02326186 0.54117647 0.42352941 0.64313725
v 0.03154677 0.01041738 -0.02284177 0.54117647 0.42352941 0.64313725
v 0.03163675 0.00931971 -0.02326186 0.54117647 0.42352941 0.64313725
v 0.03151344 0.00817661 -0.02402373 0.54117647 0.42352941 0.64313725
v 0.03192002 0.00817661 -0.02325474 0.54117647 0.42352941 0.64313725
v 0.03160009 0.00314623 -0.02543352 0.54117647 0.42352941 0.64313725
v 0.03211332 0.00314623 -0.02451502 0.54117647 0.42352941 0.64313725
v 0.03218663 0.00691618 -0.02325474 0.54117647 0.42352941 0.64313725
v 0.03243992 0.00569359 -0.02318354 0.54117647 0.42352941 0.64313725
v 0.03280984 0.00440288 -0.02287025 0.54117647 0.42352941 0.64313725
v 0.03290315 0.00314623 -0.02304114 0.54117647 0.42352941 0.64313725
v 0.03257322 0.00314623 -0.02366772 0.54117647 0.42352941 0.64313725
v 0.03134347 0.00062914 -0.02625235 0.54117647 0.42352941 0.64313725
v 0.03166341 0.00188958 -0.02553321 0.54117647 0.42352941 0.64313725
v 0.03170673 0.00062914 -0.02561865 0.54117647 0.42352941 0.64313725
v 0.03138680 -0.00062751 -0.02632355 0.54117647 0.42352941 0.64313725
v 0.03138680 -0.00064643 -0.02632355 0.54117647 0.42352941 0.64313725
v 0.01858610 -0.00064643 0.03648373 0.54117647 0.42352941 0.64313725
v 0.00817490 0.01572030 0.03542282 0.54117647 0.42352941 0.64313725
v 0.01320387 0.01068991 0.03606364 0.54117647 0.42352941 0.64313725
v 0.01068772 0.01445986 0.03574323 0.54117647 0.42352941 0.64313725
v 0.00440235 0.01823360 0.03491016 0.54117647 0.42352941 0.64313725
v 0.00433903 0.01942211 0.03482472 0.54117647 0.42352941 0.64313725
v 0.01446028 0.00943326 0.03621316 0.54117647 0.42352941 0.64313725
v 0.01947592 -0.00064643 0.03652645 0.54117647 0.42352941 0.64313725
v 0.01948925 0.00062914 0.03656205 0.54117647 0.42352941 0.64313725
v 0.01948925 0.00188958 0.03658341 0.54117647 0.42352941 0.64313725
v 0.01948925 0.00314623 0.03659053 0.54117647 0.42352941 0.64313725
v 0.01823284 0.00440288 0.03654781 0.54117647 0.42352941 0.64313725
v 0.01722971 0.00565953 0.03649797 0.54117647 0.42352941 0.64313725
v 0.01572002 0.00817661 0.03634844 0.54117647 0.42352941 0.64313725
v 0.00433903 0.03335882 -0.01822788 0.54117647 0.42352941 0.64313725
v 0.00433903 0.03381681 -0.01729514 0.54117647 0.42352941 0.64313725
v 0.00440235 0.03381303 -0.01728802 0.54117647 0.42352941 0.64313725
v 0.00433903 0.03448678 -0.01571445 0.54117647 0.42352941 0.64313725
v 0.00565876 0.03400607 -0.01648343 0.54117647 0.42352941 0.64313725
v 0.00639860 0.03396065 -0.01637663 0.54117647 0.42352941 0.64313725
v 0.00723843 0.03390387 -0.01622711 0.54117647 0.42352941 0.64313725
v 0.02983712 0.01696181 -0.02073419 0.54117647 0.42352941 0.64313725
v 0.03026703 0.01528501 -0.02154590 0.54117647 0.42352941 0.64313725
v 0.03027036 0.01653409 -0.02031410 0.54117647 0.42352941 0.64313725
v 0.03046366 0.01570894 -0.02073419 0.54117647 0.42352941 0.64313725
v 0.03024370 0.01398294 -0.02275633 0.54117647 0.42352941 0.64313725
v 0.03044033 0.01442580 -0.02198023 0.54117647 0.42352941 0.64313725
v 0.00817490 0.03405906 -0.01539404 0.54117647 0.42352941 0.64313725
v 0.00942132 0.03413476 -0.01449690 0.54117647 0.42352941 0.64313725
v 0.00701181 0.03505454 -0.01317966 0.54117647 0.42352941 0.64313725
v 0.00749505 0.03519459 -0.01253884 0.54117647 0.42352941 0.64313725
v 0.01043111 0.03404013 -0.01409817 0.54117647 0.42352941 0.64313725
v 0.01127094 0.03393415 -0.01379200 0.54117647 0.42352941 0.64313725
v 0.01320387 0.03315821 -0.01445418 0.54117647 0.42352941 0.64313725
v 0.01320387 0.03281755 -0.01540828 0.54117647 0.42352941 0.64313725
v 0.01194746 0.03383953 -0.01349295 0.54117647 0.42352941 0.64313725
v 0.01320387 0.03256774 -0.01603486 0.54117647 0.42352941 0.64313725
v 0.02918058 0.01819575 -0.02067723 0.54117647 0.42352941 0.64313725
v 0.03005041 0.01737060 -0.01984417 0.54117647 0.42352941 0.64313725
v 0.02038573 0.02908167 -0.01671128 0.54117647 0.42352941 0.64313725
v 0.02078231 0.02866531 -0.01706729 0.54117647 0.42352941 0.64313725
v 0.02154882 0.02777960 -0.01783627 0.54117647 0.42352941 0.64313725
v 0.02198207 0.02726861 -0.01824212 0.54117647 0.42352941 0.64313725
v 0.02238865 0.02748814 -0.01721681 0.54117647 0.42352941 0.64313725
v 0.02265193 0.02767740 -0.01637663 0.54117647 0.42352941 0.64313725
v 0.02454487 0.02580378 -0.01702457 0.54117647 0.42352941 0.64313725
v 0.02508809 0.02509597 -0.01749450 0.54117647 0.42352941 0.64313725
v 0.02425493 0.02547448 -0.01822788 0.54117647 0.42352941 0.64313725
v 0.02346176 0.02731403 -0.01571445 0.54117647 0.42352941 0.64313725
v 0.02399832 0.02649645 -0.01656176 0.54117647 0.42352941 0.64313725
v 0.02484481 0.02614065 -0.01571445 0.54117647 0.42352941 0.64313725
v 0.02488147 0.02490671 -0.01822788 0.54117647 0.42352941 0.64313725
v 0.02555133 0.02427839 -0.01822788 0.54117647 0.42352941 0.64313725
v 0.02636783 0.02385067 -0.01752298 0.54117647 0.42352941 0.64313725
v 0.02675442 0.02302552 -0.01822788 0.54117647 0.42352941 0.64313725
v 0.02758092 0.02253724 -0.01741618 0.54117647 0.42352941 0.64313725
v 0.02789418 0.02166668 -0.01822788 0.54117647 0.42352941 0.64313725
v 0.02771089 0.02143578 -0.01895414 0.54117647 0.42352941 0.64313725
v 0.02801749 0.02074690 -0.01941696 0.54117647 0.42352941 0.64313725
v 0.02887731 0.02006180 -0.01876902 0.54117647 0.42352941 0.64313725
v 0.02914393 0.01919123 -0.01948816 0.54117647 0.42352941 0.64313725
v 0.02977713 0.01818061 -0.01945256 0.54117647 0.42352941 0.64313725
v 0.01472356 0.03256016 -0.01472474 0.54117647 0.42352941 0.64313725
v 0.01388373 0.03270778 -0.01513060 0.54117647 0.42352941 0.64313725
v 0.01953924 0.03049729 -0.01446842 0.54117647 0.42352941 0.64313725
v 0.01998914 0.03009986 -0.01488851 0.54117647 0.42352941 0.64313725
v 0.01436697 0.03281377 -0.01436873 0.54117647 0.42352941 0.64313725
v 0.01446028 0.03315442 -0.01320102 0.54117647 0.42352941 0.64313725
v 0.01446028 0.03352536 -0.01194075 0.54117647 0.42352941 0.64313725
v 0.01540009 0.03281377 -0.01320102 0.54117647 0.42352941 0.64313725
v 0.01629324 0.03266993 -0.01249612 0.54117647 0.42352941 0.64313725
v 0.01821617 0.03163282 -0.01311558 0.54117647 0.42352941 0.64313725
v 0.01698643 0.03251474 -0.01201907 0.54117647 0.42352941 0.64313725
v 0.01823284 0.03198105 -0.01194075 0.54117647 0.42352941 0.64313725
v 0.01862276 0.03131865 -0.01347159 0.54117647 0.42352941 0.64313725
v 0.03103021 0.01311994 -0.02190902 0.54117647 0.42352941 0.64313725
v 0.03145678 0.01264302 -0.02142485 0.54117647 0.42352941 0.64313725
v 0.03201667 0.01194656 -0.02074131 0.54117647 0.42352941 0.64313725
v 0.03263988 0.01114034 -0.01998657 0.54117647 0.42352941 0.64313725
v 0.03178005 0.01077697 -0.02210127 0.54117647 0.42352941 0.64313725
v 0.03275652 0.01030383 -0.02026426 0.54117647 0.42352941 0.64313725
v 0.03221330 0.00943326 -0.02200159 0.54117647 0.42352941 0.64313725
v 0.03250657 0.00826745 -0.02199447 0.54117647 0.42352941 0.64313725
v 0.03259655 0.00691618 -0.02242880 0.54117647 0.42352941 0.64313725
v 0.03224329 0.00188958 -0.02451502 0.54117647 0.42352941 0.64313725
v 0.03263988 0.00188958 -0.02379588 0.54117647 0.42352941 0.64313725
v 0.03266654 0.00613645 -0.02257832 0.54117647 0.42352941 0.64313725
v 0.03296314 0.00569359 -0.02209415 0.54117647 0.42352941 0.64313725
v 0.03321309 0.00440288 -0.02200159 0.54117647 0.42352941 0.64313725
v 0.03338305 0.00314623 -0.02200159 0.54117647 0.42352941 0.64313725
v 0.03349970 0.00188958 -0.02200159 0.54117647 0.42352941 0.64313725
v 0.03295647 0.00188958 -0.02316218 0.54117647 0.42352941 0.64313725
v 0.03267986 0.00084868 -0.02386708 0.54117647 0.42352941 0.64313725
v 0.03173339 -0.00062751 -0.02568985 0.54117647 0.42352941 0.64313725
v 0.03173339 -0.00064643 -0.02568985 0.54117647 0.42352941 0.64313725
v 0.01194746 0.01320321 0.03589987 0.54117647 0.42352941 0.64313725
v 0.01194746 0.01445986 0.03585003 0.54117647 0.42352941 0.64313725
v 0.01068772 0.01572030 0.03566490 0.54117647 0.42352941 0.64313725
v 0.00817490 0.01697695 0.03535874 0.54117647 0.42352941 0.64313725
v 0.00440235 0.01948646 0.03482472 0.54117647 0.42352941 0.64313725
v 0.00433903 0.01948646 0.03481760 0.54117647 0.42352941 0.64313725
v 0.01446028 0.01068991 0.03618468 0.54117647 0.42352941 0.64313725
v 0.01948925 -0.00064643 0.03652645 0.54117647 0.42352941 0.64313725
v 0.02079564 -0.00064643 0.03649085 0.54117647 0.42352941 0.64313725
v 0.02061235 0.00188958 0.03651933 0.54117647 0.42352941 0.64313725
v 0.02081897 -0.00058587 0.03649085 0.54117647 0.42352941 0.64313725
v 0.02138552 -0.00013923 0.03646237 0.54117647 0.42352941 0.64313725
v 0.01823284 0.00565953 0.03654781 0.54117647 0.42352941 0.64313725
v 0.02058235 0.00314623 0.03651933 0.54117647 0.42352941 0.64313725
v 0.02039906 0.00440288 0.03649797 0.54117647 0.42352941 0.64313725
v 0.01948925 0.00440288 0.03655493 0.54117647 0.42352941 0.64313725
v 0.01695643 0.00702973 0.03644813 0.54117647 0.42352941 0.64313725
v 0.01697643 0.00817661 0.03641253 0.54117647 0.42352941 0.64313725
v 0.01572002 0.00943326 0.03630572 0.54117647 0.42352941 0.64313725
v 0.00433903 0.03383195 -0.01725954 0.54117647 0.42352941 0.64313725
v 0.00433903 0.03500533 -0.01434025 0.54117647 0.42352941 0.64313725
v 0.00565876 0.03481229 -0.01445418 0.54117647 0.42352941 0.64313725
v 0.00440235 0.03447921 -0.01571445 0.54117647 0.42352941 0.64313725
v 0.00565876 0.03432780 -0.01571445 0.54117647 0.42352941 0.64313725
v 0.00691850 0.03461168 -0.01445418 0.54117647 0.42352941 0.64313725
v 0.03107686 0.01441066 -0.02068435 0.54117647 0.42352941 0.64313725
v 0.03044033 0.01696181 -0.01945256 0.54117647 0.42352941 0.64313725
v 0.03108020 0.01565595 -0.01942408 0.54117647 0.42352941 0.64313725
v 0.03130682 0.01479295 -0.01980145 0.54117647 0.42352941 0.64313725
v 0.03129682 0.01347952 -0.02106884 0.54117647 0.42352941 0.64313725
v 0.00943131 0.03455869 -0.01320102 0.54117647 0.42352941 0.64313725
v 0.00665855 0.03526650 -0.01274533 0.54117647 0.42352941 0.64313725
v 0.00701181 0.03542548 -0.01204755 0.54117647 0.42352941 0.64313725
v 0.00817490 0.03531571 -0.01167730 0.54117647 0.42352941 0.64313725
v 0.00817490 0.03512267 -0.01231100 0.54117647 0.42352941 0.64313725
v 0.00938799 0.03499019 -0.01187666 0.54117647 0.42352941 0.64313725
v 0.01068772 0.03466089 -0.01194075 0.54117647 0.42352941 0.64313725
v 0.01194746 0.03432780 -0.01194075 0.54117647 0.42352941 0.64313725
v 0.01194746 0.03404013 -0.01286637 0.54117647 0.42352941 0.64313725
v 0.01258733 0.03395308 -0.01258156 0.54117647 0.42352941 0.64313725
v 0.01308723 0.03363892 -0.01307998 0.54117647 0.42352941 0.64313725
v 0.03024370 0.01772261 -0.01901110 0.54117647 0.42352941 0.64313725
v 0.02078231 0.02926714 -0.01570021 0.54117647 0.42352941 0.64313725
v 0.02122555 0.02881671 -0.01610606 0.54117647 0.42352941 0.64313725
v 0.02198207 0.02793478 -0.01686792 0.54117647 0.42352941 0.64313725
v 0.02147884 0.02899461 -0.01526588 0.54117647 0.42352941 0.64313725
v 0.02233199 0.02869937 -0.01445418 0.54117647 0.42352941 0.64313725
v 0.02283189 0.02781366 -0.01571445 0.54117647 0.42352941 0.64313725
v 0.02371837 0.02752221 -0.01473898 0.54117647 0.42352941 0.64313725
v 0.02530805 0.02529658 -0.01665432 0.54117647 0.42352941 0.64313725
v 0.02421494 0.02668570 -0.01571445 0.54117647 0.42352941 0.64313725
v 0.02505477 0.02632234 -0.01486715 0.54117647 0.42352941 0.64313725
v 0.02553134 0.02551233 -0.01571445 0.54117647 0.42352941 0.64313725
v 0.02706769 0.02329805 -0.01705305 0.54117647 0.42352941 0.64313725
v 0.02616121 0.02490293 -0.01571445 0.54117647 0.42352941 0.64313725
v 0.02677441 0.02427460 -0.01571445 0.54117647 0.42352941 0.64313725
v 0.02740095 0.02359329 -0.01571445 0.54117647 0.42352941 0.64313725
v 0.02794084 0.02296496 -0.01571445 0.54117647 0.42352941 0.64313725
v 0.02856738 0.02219280 -0.01571445 0.54117647 0.42352941 0.64313725
v 0.02825744 0.02196191 -0.01689640 0.54117647 0.42352941 0.64313725
v 0.02875734 0.02115569 -0.01720969 0.54117647 0.42352941 0.64313725
v 0.02857738 0.02073933 -0.01829908 0.54117647 0.42352941 0.64313725
v 0.02906061 0.02031918 -0.01792883 0.54117647 0.42352941 0.64313725
v 0.02940054 0.01958109 -0.01829908 0.54117647 0.42352941 0.64313725
v 0.03004041 0.01863103 -0.01822788 0.54117647 0.42352941 0.64313725
v 0.01938927 0.03103856 -0.01311558 0.54117647 0.42352941 0.64313725
v 0.02025575 0.03025505 -0.01404833 0.54117647 0.42352941 0.64313725
v 0.02070233 0.02981597 -0.01446842 0.54117647 0.42352941 0.64313725
v 0.01351714 0.03384709 -0.01194075 0.54117647 0.42352941 0.64313725
v 0.01381708 0.03394172 -0.01129281 0.54117647 0.42352941 0.64313725
v 0.01452027 0.03383195 -0.01080151 0.54117647 0.42352941 0.64313725
v 0.01572002 0.03341181 -0.01068759 0.54117647 0.42352941 0.64313725
v 0.01581000 0.03299545 -0.01201907 0.54117647 0.42352941 0.64313725
v 0.01657318 0.03279105 -0.01165594 0.54117647 0.42352941 0.64313725
v 0.01890270 0.03145492 -0.01263853 0.54117647 0.42352941 0.64313725
v 0.01698643 0.03290082 -0.01063063 0.54117647 0.42352941 0.64313725
v 0.01768295 0.03272292 -0.01018206 0.54117647 0.42352941 0.64313725
v 0.01910266 0.03155712 -0.01194075 0.54117647 0.42352941 0.64313725
v 0.01815619 0.03238226 -0.01063063 0.54117647 0.42352941 0.64313725
v 0.03160675 0.01311994 -0.02068435 0.54117647 0.42352941 0.64313725
v 0.03250990 0.01200334 -0.01953088 0.54117647 0.42352941 0.64313725
v 0.03279651 0.01162104 -0.01914639 0.54117647 0.42352941 0.64313725
v 0.03339972 0.01068991 -0.01822788 0.54117647 0.42352941 0.64313725
v 0.03292981 0.01070884 -0.01953088 0.54117647 0.42352941 0.64313725
v 0.03326975 0.00943326 -0.01948816 0.54117647 0.42352941 0.64313725
v 0.03286316 0.00943326 -0.02052059 0.54117647 0.42352941 0.64313725
v 0.03258989 0.00943326 -0.02114716 0.54117647 0.42352941 0.64313725
v 0.03267653 0.00874816 -0.02133941 0.54117647 0.42352941 0.64313725
v 0.03277651 0.00791165 -0.02157438 0.54117647 0.42352941 0.64313725
v 0.03288316 0.00691618 -0.02179510 0.54117647 0.42352941 0.64313725
v 0.03354969 0.00565953 -0.02074131 0.54117647 0.42352941 0.64313725
v 0.03375631 0.00445587 -0.02067723 0.54117647 0.42352941 0.64313725
v 0.03379964 0.00314623 -0.02097628 0.54117647 0.42352941 0.64313725
v 0.03386296 0.00188958 -0.02114004 0.54117647 0.42352941 0.64313725
v 0.03389295 0.00062914 -0.02123261 0.54117647 0.42352941 0.64313725
v 0.03355969 0.00062914 -0.02200159 0.54117647 0.42352941 0.64313725
v 0.03292648 0.00050802 -0.02336867 0.54117647 0.42352941 0.64313725
v 0.03268987 0.00001217 -0.02388844 0.54117647 0.42352941 0.64313725
v 0.03268987 -0.00000675 -0.02388844 0.54117647 0.42352941 0.64313725
v 0.03241326 -0.00064643 -0.02440109 0.54117647 0.42352941 0.64313725
v 0.01194746 0.01572030 0.03573611 0.54117647 0.42352941 0.64313725
v 0.01446028 0.01194656 0.03612772 0.54117647 0.42352941 0.64313725
v 0.01068772 0.01697695 0.03553674 0.54117647 0.42352941 0.64313725
v 0.00943131 0.01697695 0.03546554 0.54117647 0.42352941 0.64313725
v 0.00565876 0.01948646 0.03491016 0.54117647 0.42352941 0.64313725
v 0.00433903 0.02074311 0.03464672 0.54117647 0.42352941 0.64313725
v 0.02132553 -0.00064643 0.03645525 0.54117647 0.42352941 0.64313725
v 0.02138552 0.00009166 0.03646237 0.54117647 0.42352941 0.64313725
v 0.02188875 -0.00064643 0.03634844 0.54117647 0.42352941 0.64313725
v 0.01925929 0.00665122 0.03649085 0.54117647 0.42352941 0.64313725
v 0.01823284 0.00685562 0.03649797 0.54117647 0.42352941 0.64313725
v 0.02121222 0.00314623 0.03643389 0.54117647 0.42352941 0.64313725
v 0.02009579 0.00623865 0.03645525 0.54117647 0.42352941 0.64313725
v 0.02021910 0.00539835 0.03647661 0.54117647 0.42352941 0.64313725
v 0.01960256 0.00575415 0.03650509 0.54117647 0.42352941 0.64313725
v 0.02102560 0.00440288 0.03641253 0.54117647 0.42352941 0.64313725
v 0.01697643 0.00943326 0.03632708 0.54117647 0.42352941 0.64313725
v 0.01572002 0.01068991 0.03623452 0.54117647 0.42352941 0.64313725
v 0.00433903 0.03537249 -0.01327222 0.54117647 0.42352941 0.64313725
v 0.00565876 0.03533842 -0.01295181 0.54117647 0.42352941 0.64313725
v 0.03148345 0.01395644 -0.02022866 0.54117647 0.42352941 0.64313725
v 0.03103021 0.01688611 -0.01814956 0.54117647 0.42352941 0.64313725
v 0.03129348 0.01603067 -0.01851269 0.54117647 0.42352941 0.64313725
v 0.03147678 0.01519417 -0.01896838 0.54117647 0.42352941 0.64313725
v 0.03162008 0.01441066 -0.01942408 0.54117647 0.42352941 0.64313725
v 0.00565876 0.03565637 -0.01194075 0.54117647 0.42352941 0.64313725
v 0.00691850 0.03582670 -0.01068759 0.54117647 0.42352941 0.64313725
v 0.00817490 0.03559959 -0.01068759 0.54117647 0.42352941 0.64313725
v 0.00894141 0.03523622 -0.01141385 0.54117647 0.42352941 0.64313725
v 0.00978124 0.03514160 -0.01108632 0.54117647 0.42352941 0.64313725
v 0.01068772 0.03503562 -0.01067335 0.54117647 0.42352941 0.64313725
v 0.01194746 0.03469117 -0.01068759 0.54117647 0.42352941 0.64313725
v 0.01288727 0.03404770 -0.01194075 0.54117647 0.42352941 0.64313725
v 0.03040700 0.01800271 -0.01822788 0.54117647 0.42352941 0.64313725
v 0.03128015 0.01730247 -0.01696761 0.54117647 0.42352941 0.64313725
v 0.02170546 0.02915358 -0.01445418 0.54117647 0.42352941 0.64313725
v 0.02254528 0.02885456 -0.01366383 0.54117647 0.42352941 0.64313725
v 0.02276191 0.02901732 -0.01283077 0.54117647 0.42352941 0.64313725
v 0.02392167 0.02768875 -0.01389880 0.54117647 0.42352941 0.64313725
v 0.02470484 0.02726861 -0.01320102 0.54117647 0.42352941 0.64313725
v 0.02539803 0.02663650 -0.01320102 0.54117647 0.42352941 0.64313725
v 0.02602790 0.02603845 -0.01320102 0.54117647 0.42352941 0.64313725
v 0.02578128 0.02578107 -0.01447554 0.54117647 0.42352941 0.64313725
v 0.02633450 0.02508083 -0.01491699 0.54117647 0.42352941 0.64313725
v 0.02758425 0.02380146 -0.01486003 0.54117647 0.42352941 0.64313725
v 0.02877400 0.02245019 -0.01468202 0.54117647 0.42352941 0.64313725
v 0.02906061 0.02156448 -0.01571445 0.54117647 0.42352941 0.64313725
v 0.02893064 0.02139036 -0.01636951 0.54117647 0.42352941 0.64313725
v 0.02919392 0.02073933 -0.01686080 0.54117647 0.42352941 0.64313725
v 0.03006041 0.01994446 -0.01603486 0.54117647 0.42352941 0.64313725
v 0.02993710 0.01950917 -0.01708865 0.54117647 0.42352941 0.64313725
v 0.03017038 0.01885057 -0.01758706 0.54117647 0.42352941 0.64313725
v 0.02048904 0.03039509 -0.01320102 0.54117647 0.42352941 0.64313725
v 0.01972920 0.03122024 -0.01194075 0.54117647 0.42352941 0.64313725
v 0.02111891 0.03001280 -0.01320102 0.54117647 0.42352941 0.64313725
v 0.01332051 0.03424074 -0.01080151 0.54117647 0.42352941 0.64313725
v 0.01414368 0.03405906 -0.01045975 0.54117647 0.42352941 0.64313725
v 0.01498017 0.03390766 -0.00989013 0.54117647 0.42352941 0.64313725
v 0.01569003 0.03374111 -0.00945580 0.54117647 0.42352941 0.64313725
v 0.01697643 0.03321498 -0.00942732 0.54117647 0.42352941 0.64313725
v 0.01787624 0.03281377 -0.00942732 0.54117647 0.42352941 0.64313725
v 0.01850611 0.03252610 -0.00942732 0.54117647 0.42352941 0.64313725
v 0.01953257 0.03169716 -0.01063775 0.54117647 0.42352941 0.64313725
v 0.01997914 0.03135651 -0.01102936 0.54117647 0.42352941 0.64313725
v 0.03207999 0.01320321 -0.01948816 0.54117647 0.42352941 0.64313725
v 0.03264654 0.01245755 -0.01874766 0.54117647 0.42352941 0.64313725
v 0.03280984 0.01288905 -0.01790747 0.54117647 0.42352941 0.64313725
v 0.03297314 0.01200334 -0.01829196 0.54117647 0.42352941 0.64313725
v 0.03343304 0.01194656 -0.01696761 0.54117647 0.42352941 0.64313725
v 0.03391295 0.01118954 -0.01621999 0.54117647 0.42352941 0.64313725
v 0.03378964 0.01073912 -0.01699609 0.54117647 0.42352941 0.64313725
v 0.03389295 0.00982691 -0.01743042 0.54117647 0.42352941 0.64313725
v 0.03373632 0.00941812 -0.01817804 0.54117647 0.42352941 0.64313725
v 0.03386296 0.00817661 -0.01861237 0.54117647 0.42352941 0.64313725
v 0.03393627 0.00748394 -0.01882598 0.54117647 0.42352941 0.64313725
v 0.03353969 0.00817661 -0.01948816 0.54117647 0.42352941 0.64313725
v 0.03298647 0.00826745 -0.02084812 0.54117647 0.42352941 0.64313725
v 0.03331640 0.00691618 -0.02074131 0.54117647 0.42352941 0.64313725
v 0.03387295 0.00565953 -0.01990113 0.54117647 0.42352941 0.64313725
v 0.03393294 0.00490629 -0.02007201 0.54117647 0.42352941 0.64313725
v 0.03398626 0.00406979 -0.02021442 0.54117647 0.42352941 0.64313725
v 0.03435952 0.00314623 -0.01948816 0.54117647 0.42352941 0.64313725
v 0.03409291 0.00188958 -0.02050635 0.54117647 0.42352941 0.64313725
v 0.03412957 0.00062914 -0.02059891 0.54117647 0.42352941 0.64313725
v 0.03456281 -0.00062751 -0.01948816 0.54117647 0.42352941 0.64313725
v 0.03414290 -0.00062751 -0.02060603 0.54117647 0.42352941 0.64313725
v 0.03389628 -0.00064643 -0.02122549 0.54117647 0.42352941 0.64313725
v 0.03356635 -0.00062751 -0.02200159 0.54117647 0.42352941 0.64313725
v 0.03293315 -0.00050639 -0.02336867 0.54117647 0.42352941 0.64313725
v 0.03282983 -0.00064643 -0.02357515 0.54117647 0.42352941 0.64313725
v 0.03252656 -0.00064643 -0.02418037 0.54117647 0.42352941 0.64313725
v 0.03244658 -0.00064643 -0.02433701 0.54117647 0.42352941 0.64313725
v 0.01320387 0.01572030 0.03572899 0.54117647 0.42352941 0.64313725
v 0.01194746 0.01697695 0.03555098 0.54117647 0.42352941 0.64313725
v 0.01446028 0.01320321 0.03601380 0.54117647 0.42352941 0.64313725
v 0.01572002 0.01194656 0.03614908 0.54117647 0.42352941 0.64313725
v 0.01000120 0.01886571 0.03520209 0.54117647 0.42352941 0.64313725
v 0.00952129 0.01831308 0.03528754 0.54117647 0.42352941 0.64313725
v 0.00691850 0.01948646 0.03498137 0.54117647 0.42352941 0.64313725
v 0.00433903 0.02200355 0.03435479 0.54117647 0.42352941 0.64313725
v 0.00565876 0.02074311 0.03470368 0.54117647 0.42352941 0.64313725
v 0.02188542 0.00055722 0.03634844 0.54117647 0.42352941 0.64313725
v 0.02200206 0.00188958 0.03629860 0.54117647 0.42352941 0.64313725
v 0.02324181 -0.00064643 0.03598531 0.54117647 0.42352941 0.64313725
v 0.02325847 0.00062914 0.03599244 0.54117647 0.42352941 0.64313725
v 0.01960256 0.00700702 0.03642677 0.54117647 0.42352941 0.64313725
v 0.01823284 0.00943326 0.03629148 0.54117647 0.42352941 0.64313725
v 0.01823284 0.00817661 0.03640541 0.54117647 0.42352941 0.64313725
v 0.01823284 0.00748394 0.03645525 0.54117647 0.42352941 0.64313725
v 0.02200206 0.00314623 0.03627012 0.54117647 0.42352941 0.64313725
v 0.02068233 0.00575415 0.03637692 0.54117647 0.42352941 0.64313725
v 0.02074899 0.00691618 0.03624164 0.54117647 0.42352941 0.64313725
v 0.01948925 0.00817661 0.03630572 0.54117647 0.42352941 0.64313725
v 0.02200206 0.00440288 0.03619180 0.54117647 0.42352941 0.64313725
v 0.00433903 0.03579642 -0.01194075 0.54117647 0.42352941 0.64313725
v 0.00440235 0.03579263 -0.01194075 0.54117647 0.42352941 0.64313725
v 0.03146012 0.01640918 -0.01767251 0.54117647 0.42352941 0.64313725
v 0.03160009 0.01565595 -0.01814956 0.54117647 0.42352941 0.64313725
v 0.03206999 0.01445986 -0.01822788 0.54117647 0.42352941 0.64313725
v 0.00440235 0.03615600 -0.01068759 0.54117647 0.42352941 0.64313725
v 0.00565876 0.03601217 -0.01068759 0.54117647 0.42352941 0.64313725
v 0.00570208 0.03634147 -0.00939172 0.54117647 0.42352941 0.64313725
v 0.00691850 0.03614464 -0.00942732 0.54117647 0.42352941 0.64313725
v 0.00938799 0.03534221 -0.01067335 0.54117647 0.42352941 0.64313725
v 0.00817490 0.03591754 -0.00942732 0.54117647 0.42352941 0.64313725
v 0.00943131 0.03566394 -0.00942732 0.54117647 0.42352941 0.64313725
v 0.01026781 0.03525893 -0.01024614 0.54117647 0.42352941 0.64313725
v 0.01110764 0.03515295 -0.00984029 0.54117647 0.42352941 0.64313725
v 0.01192747 0.03502804 -0.00942020 0.54117647 0.42352941 0.64313725
v 0.01320387 0.03464197 -0.00942732 0.54117647 0.42352941 0.64313725
v 0.03065028 0.01835472 -0.01708865 0.54117647 0.42352941 0.64313725
v 0.03141013 0.01755985 -0.01627695 0.54117647 0.42352941 0.64313725
v 0.02207871 0.02935041 -0.01322950 0.54117647 0.42352941 0.64313725
v 0.02131887 0.03013771 -0.01245340 0.54117647 0.42352941 0.64313725
v 0.02196207 0.02984626 -0.01199771 0.54117647 0.42352941 0.64313725
v 0.02295853 0.02916494 -0.01194075 0.54117647 0.42352941 0.64313725
v 0.02358840 0.02867288 -0.01194075 0.54117647 0.42352941 0.64313725
v 0.02407497 0.02782123 -0.01320102 0.54117647 0.42352941 0.64313725
v 0.02496479 0.02749950 -0.01194075 0.54117647 0.42352941 0.64313725
v 0.02564798 0.02687117 -0.01194075 0.54117647 0.42352941 0.64313725
v 0.02627452 0.02627691 -0.01194075 0.54117647 0.42352941 0.64313725
v 0.02649780 0.02523980 -0.01407681 0.54117647 0.42352941 0.64313725
v 0.02666110 0.02541013 -0.01320102 0.54117647 0.42352941 0.64313725
v 0.02729097 0.02474395 -0.01320102 0.54117647 0.42352941 0.64313725
v 0.02751093 0.02498241 -0.01194075 0.54117647 0.42352941 0.64313725
v 0.02786752 0.02411563 -0.01320102 0.54117647 0.42352941 0.64313725
v 0.02849739 0.02340024 -0.01320102 0.54117647 0.42352941 0.64313725
v 0.02892397 0.02263944 -0.01384184 0.54117647 0.42352941 0.64313725
v 0.02921724 0.02201869 -0.01434025 0.54117647 0.42352941 0.64313725
v 0.02991710 0.02098914 -0.01445418 0.54117647 0.42352941 0.64313725
v 0.02971714 0.02065605 -0.01565037 0.54117647 0.42352941 0.64313725
v 0.03033368 0.01910417 -0.01674688 0.54117647 0.42352941 0.64313725
v 0.03021371 0.02017535 -0.01519468 0.54117647 0.42352941 0.64313725
v 0.03047365 0.01950917 -0.01565037 0.54117647 0.42352941 0.64313725
v 0.02083897 0.03056542 -0.01199771 0.54117647 0.42352941 0.64313725
v 0.01452027 0.03418397 -0.00945580 0.54117647 0.42352941 0.64313725
v 0.01525345 0.03400985 -0.00905707 0.54117647 0.42352941 0.64313725
v 0.01612994 0.03386223 -0.00816704 0.54117647 0.42352941 0.64313725
v 0.01697643 0.03349508 -0.00816704 0.54117647 0.42352941 0.64313725
v 0.01872940 0.03262830 -0.00848033 0.54117647 0.42352941 0.64313725
v 0.01948925 0.03201890 -0.00942732 0.54117647 0.42352941 0.64313725
v 0.02017910 0.03146627 -0.01018918 0.54117647 0.42352941 0.64313725
v 0.02065567 0.03106127 -0.01063775 0.54117647 0.42352941 0.64313725
v 0.02151550 0.03027019 -0.01162034 0.54117647 0.42352941 0.64313725
v 0.03251990 0.01326756 -0.01829196 0.54117647 0.42352941 0.64313725
v 0.03264654 0.01372555 -0.01748026 0.54117647 0.42352941 0.64313725
v 0.03279318 0.01410406 -0.01664008 0.54117647 0.42352941 0.64313725
v 0.03296647 0.01326756 -0.01702457 0.54117647 0.42352941 0.64313725
v 0.03341638 0.01320321 -0.01571445 0.54117647 0.42352941 0.64313725
v 0.03390961 0.01245755 -0.01495971 0.54117647 0.42352941 0.64313725
v 0.03416623 0.01073912 -0.01576429 0.54117647 0.42352941 0.64313725
v 0.03402626 0.01034925 -0.01659024 0.54117647 0.42352941 0.64313725
v 0.03403625 0.01161726 -0.01538692 0.54117647 0.42352941 0.64313725
v 0.03412624 0.00941812 -0.01699609 0.54117647 0.42352941 0.64313725
v 0.03398960 0.00899041 -0.01772235 0.54117647 0.42352941 0.64313725
v 0.03407625 0.00817661 -0.01798580 0.54117647 0.42352941 0.64313725
v 0.03440951 0.00817661 -0.01696761 0.54117647 0.42352941 0.64313725
v 0.03464613 0.00691618 -0.01696761 0.54117647 0.42352941 0.64313725
v 0.03417956 0.00700702 -0.01833469 0.54117647 0.42352941 0.64313725
v 0.03400959 0.00664744 -0.01903246 0.54117647 0.42352941 0.64313725
v 0.03378631 0.00700702 -0.01946680 0.54117647 0.42352941 0.64313725
v 0.03408958 0.00565953 -0.01926743 0.54117647 0.42352941 0.64313725
v 0.03464280 0.00440288 -0.01822788 0.54117647 0.42352941 0.64313725
v 0.03416623 0.00445587 -0.01958072 0.54117647 0.42352941 0.64313725
v 0.03479610 0.00314623 -0.01822788 0.54117647 0.42352941 0.64313725
v 0.03445950 0.00188958 -0.01948816 0.54117647 0.42352941 0.64313725
v 0.03452949 0.00062914 -0.01948816 0.54117647 0.42352941 0.64313725
v 0.03456281 -0.00064643 -0.01948816 0.54117647 0.42352941 0.64313725
v 0.03498939 -0.00064643 -0.01822076 0.54117647 0.42352941 0.64313725
v 0.03414290 -0.00064643 -0.02060603 0.54117647 0.42352941 0.64313725
v 0.03356635 -0.00064643 -0.02200159 0.54117647 0.42352941 0.64313725
v 0.03293648 -0.00064643 -0.02335443 0.54117647 0.42352941 0.64313725
v 0.03299314 -0.00064643 -0.02323338 0.54117647 0.42352941 0.64313725
v 0.01446028 0.01572030 0.03567203 0.54117647 0.42352941 0.64313725
v 0.01320387 0.01697695 0.03550114 0.54117647 0.42352941 0.64313725
v 0.01572002 0.01320321 0.03599956 0.54117647 0.42352941 0.64313725
v 0.01060441 0.01832822 0.03530178 0.54117647 0.42352941 0.64313725
v 0.01194746 0.01807462 0.03531602 0.54117647 0.42352941 0.64313725
v 0.01012450 0.01886571 0.03520209 0.54117647 0.42352941 0.64313725
v 0.00691850 0.02074311 0.03472504 0.54117647 0.42352941 0.64313725
v 0.00565876 0.02200355 0.03436903 0.54117647 0.42352941 0.64313725
v 0.00433903 0.02289304 0.03407710 0.54117647 0.42352941 0.64313725
v 0.02451821 -0.00064643 0.03550826 0.54117647 0.42352941 0.64313725
v 0.02451821 0.00062914 0.03551538 0.54117647 0.42352941 0.64313725
v 0.02325847 0.00188958 0.03595683 0.54117647 0.42352941 0.64313725
v 0.01948925 0.00943326 0.03613484 0.54117647 0.42352941 0.64313725
v 0.01823284 0.01068991 0.03611348 0.54117647 0.42352941 0.64313725
v 0.01697643 0.01194656 0.03607076 0.54117647 0.42352941 0.64313725
v 0.02325847 0.00314623 0.03589275 0.54117647 0.42352941 0.64313725
v 0.02200206 0.00565953 0.03605652 0.54117647 0.42352941 0.64313725
v 0.02200206 0.00691618 0.03589275 0.54117647 0.42352941 0.64313725
v 0.02074899 0.00817661 0.03605652 0.54117647 0.42352941 0.64313725
v 0.02325847 0.00440288 0.03577171 0.54117647 0.42352941 0.64313725
v 0.00433903 0.03581534 -0.01187666 0.54117647 0.42352941 0.64313725
v 0.03159009 0.01667414 -0.01696761 0.54117647 0.42352941 0.64313725
v 0.03201667 0.01572030 -0.01696761 0.54117647 0.42352941 0.64313725
v 0.03250323 0.01449771 -0.01702457 0.54117647 0.42352941 0.64313725
v 0.00433903 0.03615978 -0.01068759 0.54117647 0.42352941 0.64313725
v 0.00433903 0.03640203 -0.00980469 0.54117647 0.42352941 0.64313725
v 0.00440235 0.03639825 -0.00979757 0.54117647 0.42352941 0.64313725
v 0.00531216 0.03650044 -0.00895026 0.54117647 0.42352941 0.64313725
v 0.00614866 0.03644367 -0.00870818 0.54117647 0.42352941 0.64313725
v 0.00704181 0.03639446 -0.00824536 0.54117647 0.42352941 0.64313725
v 0.00817490 0.03620899 -0.00816704 0.54117647 0.42352941 0.64313725
v 0.00943131 0.03596296 -0.00816704 0.54117647 0.42352941 0.64313725
v 0.01068772 0.03536492 -0.00942020 0.54117647 0.42352941 0.64313725
v 0.01068772 0.03566394 -0.00816704 0.54117647 0.42352941 0.64313725
v 0.01149422 0.03525515 -0.00900010 0.54117647 0.42352941 0.64313725
v 0.01233405 0.03513403 -0.00848033 0.54117647 0.42352941 0.64313725
v 0.01312055 0.03497505 -0.00810296 0.54117647 0.42352941 0.64313725
v 0.01446028 0.03450570 -0.00816704 0.54117647 0.42352941 0.64313725
v 0.03119351 0.01823738 -0.01579989 0.54117647 0.42352941 0.64313725
v 0.03155010 0.01782102 -0.01543676 0.54117647 0.42352941 0.64313725
v 0.03233994 0.01688989 -0.01438297 0.54117647 0.42352941 0.64313725
v 0.03179671 0.01707536 -0.01579989 0.54117647 0.42352941 0.64313725
v 0.02233199 0.02997116 -0.01068759 0.54117647 0.42352941 0.64313725
v 0.02331512 0.02928228 -0.01063063 0.54117647 0.42352941 0.64313725
v 0.02393500 0.02895676 -0.01018206 0.54117647 0.42352941 0.64313725
v 0.02377503 0.02882428 -0.01101512 0.54117647 0.42352941 0.64313725
v 0.02433491 0.02804455 -0.01194075 0.54117647 0.42352941 0.64313725
v 0.02510809 0.02762819 -0.01120025 0.54117647 0.42352941 0.64313725
v 0.02639449 0.02639425 -0.01128569 0.54117647 0.42352941 0.64313725
v 0.02688106 0.02564859 -0.01194075 0.54117647 0.42352941 0.64313725
v 0.02763091 0.02511111 -0.01120737 0.54117647 0.42352941 0.64313725
v 0.02807081 0.02435409 -0.01194075 0.54117647 0.42352941 0.64313725
v 0.02902728 0.02277192 -0.01320102 0.54117647 0.42352941 0.64313725
v 0.02870068 0.02363114 -0.01194075 0.54117647 0.42352941 0.64313725
v 0.02969714 0.02189378 -0.01311558 0.54117647 0.42352941 0.64313725
v 0.03007040 0.02122003 -0.01347871 0.54117647 0.42352941 0.64313725
v 0.03033368 0.02036082 -0.01445418 0.54117647 0.42352941 0.64313725
v 0.03131681 0.01866131 -0.01471050 0.54117647 0.42352941 0.64313725
v 0.03098688 0.01937291 -0.01435449 0.54117647 0.42352941 0.64313725
v 0.01550340 0.03411205 -0.00816704 0.54117647 0.42352941 0.64313725
v 0.01631656 0.03393415 -0.00746926 0.54117647 0.42352941 0.64313725
v 0.01693644 0.03374868 -0.00699221 0.54117647 0.42352941 0.64313725
v 0.01823284 0.03317335 -0.00691389 0.54117647 0.42352941 0.64313725
v 0.01827949 0.03291218 -0.00810296 0.54117647 0.42352941 0.64313725
v 0.01889937 0.03270778 -0.00764015 0.54117647 0.42352941 0.64313725
v 0.01938927 0.03235577 -0.00810296 0.54117647 0.42352941 0.64313725
v 0.02032241 0.03155333 -0.00942732 0.54117647 0.42352941 0.64313725
v 0.02056236 0.03168959 -0.00816704 0.54117647 0.42352941 0.64313725
v 0.02119223 0.03132244 -0.00816704 0.54117647 0.42352941 0.64313725
v 0.02095228 0.03117482 -0.00942732 0.54117647 0.42352941 0.64313725
v 0.02170546 0.03039509 -0.01068759 0.54117647 0.42352941 0.64313725
v 0.03263321 0.01494057 -0.01617015 0.54117647 0.42352941 0.64313725
v 0.03294648 0.01449771 -0.01573581 0.54117647 0.42352941 0.64313725
v 0.03335306 0.01445986 -0.01445418 0.54117647 0.42352941 0.64313725
v 0.03377964 0.01321835 -0.01451114 0.54117647 0.42352941 0.64313725
v 0.03403292 0.01280956 -0.01412665 0.54117647 0.42352941 0.64313725
v 0.03417622 0.01199955 -0.01451114 0.54117647 0.42352941 0.64313725
v 0.03450949 0.00943326 -0.01571445 0.54117647 0.42352941 0.64313725
v 0.03455281 0.01068991 -0.01445418 0.54117647 0.42352941 0.64313725
v 0.03479943 0.00817661 -0.01571445 0.54117647 0.42352941 0.64313725
v 0.03485275 0.00565953 -0.01696761 0.54117647 0.42352941 0.64313725
v 0.03444284 0.00565953 -0.01822788 0.54117647 0.42352941 0.64313725
v 0.03504605 0.00692753 -0.01566461 0.54117647 0.42352941 0.64313725
v 0.03504938 0.00444073 -0.01691777 0.54117647 0.42352941 0.64313725
v 0.03524267 0.00404708 -0.01646919 0.54117647 0.42352941 0.64313725
v 0.03529600 0.00314623 -0.01663296 0.54117647 0.42352941 0.64313725
v 0.03534599 0.00188958 -0.01679672 0.54117647 0.42352941 0.64313725
v 0.03514936 0.00188958 -0.01742330 0.54117647 0.42352941 0.64313725
v 0.03488941 0.00188958 -0.01822788 0.54117647 0.42352941 0.64313725
v 0.03495273 0.00062914 -0.01822788 0.54117647 0.42352941 0.64313725
v 0.03518268 0.00062914 -0.01753010 0.54117647 0.42352941 0.64313725
v 0.03519602 -0.00062751 -0.01757282 0.54117647 0.42352941 0.64313725
v 0.03519602 -0.00064643 -0.01757282 0.54117647 0.42352941 0.64313725
v 0.01572002 0.01445986 0.03580019 0.54117647 0.42352941 0.64313725
v 0.01572002 0.01572030 0.03554386 0.54117647 0.42352941 0.64313725
v 0.01449694 0.01706022 0.03536586 0.54117647 0.42352941 0.64313725
v 0.01320387 0.01788537 0.03528042 0.54117647 0.42352941 0.64313725
v 0.01194746 0.01869916 0.03515937 0.54117647 0.42352941 0.64313725
v 0.01096433 0.01880515 0.03518785 0.54117647 0.42352941 0.64313725
v 0.01060441 0.01936534 0.03503833 0.54117647 0.42352941 0.64313725
v 0.00943131 0.02074311 0.03467520 0.54117647 0.42352941 0.64313725
v 0.00817490 0.02074311 0.03471792 0.54117647 0.42352941 0.64313725
v 0.00691850 0.02200355 0.03435479 0.54117647 0.42352941 0.64313725
v 0.00565876 0.02293846 0.03406286 0.54117647 0.42352941 0.64313725
v 0.00433903 0.02293846 0.03406286 0.54117647 0.42352941 0.64313725
v 0.02518141 -0.00064643 0.03523057 0.54117647 0.42352941 0.64313725
v 0.02518474 0.00062914 0.03522345 0.54117647 0.42352941 0.64313725
v 0.02516475 0.00139752 0.03521633 0.54117647 0.42352941 0.64313725
v 0.02461153 0.00184415 0.03542994 0.54117647 0.42352941 0.64313725
v 0.02074899 0.00943326 0.03582867 0.54117647 0.42352941 0.64313725
v 0.01948925 0.01068991 0.03589987 0.54117647 0.42352941 0.64313725
v 0.01823284 0.01194656 0.03590699 0.54117647 0.42352941 0.64313725
v 0.01697643 0.01320321 0.03586427 0.54117647 0.42352941 0.64313725
v 0.02436491 0.00314623 0.03542282 0.54117647 0.42352941 0.64313725
v 0.02325847 0.00565953 0.03560082 0.54117647 0.42352941 0.64313725
v 0.02331846 0.00684426 0.03540146 0.54117647 0.42352941 0.64313725
v 0.02292521 0.00817661 0.03533026 0.54117647 0.42352941 0.64313725
v 0.02200206 0.00817661 0.03567203 0.54117647 0.42352941 0.64313725
v 0.02421161 0.00440288 0.03535874 0.54117647 0.42352941 0.64313725
v 0.02402831 0.00565953 0.03527329 0.54117647 0.42352941 0.64313725
v 0.03244658 0.01570137 -0.01573581 0.54117647 0.42352941 0.64313725
v 0.00433903 0.03656479 -0.00911403 0.54117647 0.42352941 0.64313725
v 0.00440235 0.03654965 -0.00916387 0.54117647 0.42352941 0.64313725
v 0.00433903 0.03677676 -0.00816704 0.54117647 0.42352941 0.64313725
v 0.00433903 0.03704550 -0.00691389 0.54117647 0.42352941 0.64313725
v 0.00440235 0.03703793 -0.00691389 0.54117647 0.42352941 0.64313725
v 0.00565876 0.03688652 -0.00691389 0.54117647 0.42352941 0.64313725
v 0.00704181 0.03665185 -0.00703493 0.54117647 0.42352941 0.64313725
v 0.00754170 0.03646259 -0.00754046 0.54117647 0.42352941 0.64313725
v 0.00817490 0.03640582 -0.00726990 0.54117647 0.42352941 0.64313725
v 0.00886143 0.03647395 -0.00634427 0.54117647 0.42352941 0.64313725
v 0.00934133 0.03627334 -0.00682132 0.54117647 0.42352941 0.64313725
v 0.01068772 0.03593646 -0.00691389 0.54117647 0.42352941 0.64313725
v 0.01194746 0.03559581 -0.00691389 0.54117647 0.42352941 0.64313725
v 0.01192747 0.03533842 -0.00810296 0.54117647 0.42352941 0.64313725
v 0.01264732 0.03522865 -0.00764727 0.54117647 0.42352941 0.64313725
v 0.01287727 0.03531193 -0.00691389 0.54117647 0.42352941 0.64313725
v 0.01350381 0.03509618 -0.00691389 0.54117647 0.42352941 0.64313725
v 0.01374376 0.03517188 -0.00612354 0.54117647 0.42352941 0.64313725
v 0.01446028 0.03475930 -0.00691389 0.54117647 0.42352941 0.64313725
v 0.03165674 0.01823738 -0.01435449 0.54117647 0.42352941 0.64313725
v 0.03251990 0.01725704 -0.01320102 0.54117647 0.42352941 0.64313725
v 0.03271986 0.01640918 -0.01392016 0.54117647 0.42352941 0.64313725
v 0.02251196 0.03009607 -0.00973348 0.54117647 0.42352941 0.64313725
v 0.02315516 0.02972892 -0.00936323 0.54117647 0.42352941 0.64313725
v 0.02405497 0.02905139 -0.00942732 0.54117647 0.42352941 0.64313725
v 0.02468484 0.02851769 -0.00942732 0.54117647 0.42352941 0.64313725
v 0.02524473 0.02775310 -0.01036006 0.54117647 0.42352941 0.64313725
v 0.02707102 0.02581892 -0.01083000 0.54117647 0.42352941 0.64313725
v 0.02539137 0.02788936 -0.00942732 0.54117647 0.42352941 0.64313725
v 0.02602124 0.02728753 -0.00942732 0.54117647 0.42352941 0.64313725
v 0.02665444 0.02665921 -0.00942732 0.54117647 0.42352941 0.64313725
v 0.02728431 0.02601196 -0.00942732 0.54117647 0.42352941 0.64313725
v 0.02788419 0.02538363 -0.00942732 0.54117647 0.42352941 0.64313725
v 0.02851406 0.02467582 -0.00942732 0.54117647 0.42352941 0.64313725
v 0.02921391 0.02300281 -0.01194075 0.54117647 0.42352941 0.64313725
v 0.02984045 0.02217388 -0.01194075 0.54117647 0.42352941 0.64313725
v 0.03019704 0.02140550 -0.01264565 0.54117647 0.42352941 0.64313725
v 0.02883399 0.02378632 -0.01099376 0.54117647 0.42352941 0.64313725
v 0.03047032 0.02077718 -0.01311558 0.54117647 0.42352941 0.64313725
v 0.03116018 0.01967572 -0.01320102 0.54117647 0.42352941 0.64313725
v 0.03144679 0.01888085 -0.01387032 0.54117647 0.42352941 0.64313725
v 0.01441696 0.03500912 -0.00568209 0.54117647 0.42352941 0.64313725
v 0.01572002 0.03450570 -0.00565361 0.54117647 0.42352941 0.64313725
v 0.01669315 0.03409691 -0.00565361 0.54117647 0.42352941 0.64313725
v 0.01732302 0.03382817 -0.00565361 0.54117647 0.42352941 0.64313725
v 0.01823284 0.03339288 -0.00565361 0.54117647 0.42352941 0.64313725
v 0.01903267 0.03277970 -0.00691389 0.54117647 0.42352941 0.64313725
v 0.01965921 0.03244283 -0.00691389 0.54117647 0.42352941 0.64313725
v 0.02133553 0.03140571 -0.00737670 0.54117647 0.42352941 0.64313725
v 0.02200206 0.03079631 -0.00816704 0.54117647 0.42352941 0.64313725
v 0.02266526 0.03019827 -0.00890042 0.54117647 0.42352941 0.64313725
v 0.02205539 0.03048593 -0.00936323 0.54117647 0.42352941 0.64313725
v 0.03276985 0.01526609 -0.01532996 0.54117647 0.42352941 0.64313725
v 0.03288316 0.01570137 -0.01438297 0.54117647 0.42352941 0.64313725
v 0.03322642 0.01572030 -0.01320102 0.54117647 0.42352941 0.64313725
v 0.03372632 0.01443337 -0.01319390 0.54117647 0.42352941 0.64313725
v 0.03400626 0.01399808 -0.01276669 0.54117647 0.42352941 0.64313725
v 0.03415290 0.01321835 -0.01319390 0.54117647 0.42352941 0.64313725
v 0.03455281 0.01194656 -0.01320102 0.54117647 0.42352941 0.64313725
v 0.03486275 0.00943326 -0.01445418 0.54117647 0.42352941 0.64313725
v 0.03495273 0.01057257 -0.01307998 0.54117647 0.42352941 0.64313725
v 0.03510937 0.00827502 -0.01451114 0.54117647 0.42352941 0.64313725
v 0.03517602 0.00735525 -0.01496683 0.54117647 0.42352941 0.64313725
v 0.03512936 0.00565953 -0.01607046 0.54117647 0.42352941 0.64313725
v 0.03518602 0.00488737 -0.01626983 0.54117647 0.42352941 0.64313725
v 0.03523934 0.00651496 -0.01520892 0.54117647 0.42352941 0.64313725
v 0.03537265 0.00444073 -0.01579277 0.54117647 0.42352941 0.64313725
v 0.03572924 0.00440288 -0.01445418 0.54117647 0.42352941 0.64313725
v 0.03554261 0.00314623 -0.01571445 0.54117647 0.42352941 0.64313725
v 0.03564592 0.00188958 -0.01571445 0.54117647 0.42352941 0.64313725
v 0.03571257 0.00062914 -0.01571445 0.54117647 0.42352941 0.64313725
v 0.03537598 0.00062914 -0.01689640 0.54117647 0.42352941 0.64313725
v 0.03538931 -0.00062751 -0.01693913 0.54117647 0.42352941 0.64313725
v 0.03538931 -0.00064643 -0.01693913 0.54117647 0.42352941 0.64313725
v 0.01697643 0.01445986 0.03561506 0.54117647 0.42352941 0.64313725
v 0.01691644 0.01569002 0.03533026 0.54117647 0.42352941 0.64313725
v 0.01645987 0.01643189 0.03523057 0.54117647 0.42352941 0.64313725
v 0.01572002 0.01667414 0.03529466 0.54117647 0.42352941 0.64313725
v 0.01494018 0.01753714 0.03518073 0.54117647 0.42352941 0.64313725
v 0.01410369 0.01771882 0.03523769 0.54117647 0.42352941 0.64313725
v 0.01320387 0.01851369 0.03510241 0.54117647 0.42352941 0.64313725
v 0.01194746 0.01948646 0.03491016 0.54117647 0.42352941 0.64313725
v 0.01068772 0.02074311 0.03460400 0.54117647 0.42352941 0.64313725
v 0.00817490 0.02200355 0.03432631 0.54117647 0.42352941 0.64313725
v 0.00691850 0.02289683 0.03404862 0.54117647 0.42352941 0.64313725
v 0.00565876 0.02356679 0.03382077 0.54117647 0.42352941 0.64313725
v 0.00433903 0.02353651 0.03383501 0.54117647 0.42352941 0.64313725
v 0.02580795 -0.00064643 0.03488168 0.54117647 0.42352941 0.64313725
v 0.02581461 0.00062914 0.03484608 0.54117647 0.42352941 0.64313725
v 0.02675108 0.00188958 0.03418391 0.54117647 0.42352941 0.64313725
v 0.02566131 0.00184415 0.03487456 0.54117647 0.42352941 0.64313725
v 0.02509476 0.00223402 0.03518073 0.54117647 0.42352941 0.64313725
v 0.02205205 0.00941434 0.03540146 0.54117647 0.42352941 0.64313725
v 0.02166213 0.01047038 0.03530889 0.54117647 0.42352941 0.64313725
v 0.02086896 0.01080725 0.03548690 0.54117647 0.42352941 0.64313725
v 0.02053236 0.01194656 0.03533738 0.54117647 0.42352941 0.64313725
v 0.02025909 0.01273765 0.03524481 0.54117647 0.42352941 0.64313725
v 0.01948925 0.01194656 0.03563643 0.54117647 0.42352941 0.64313725
v 0.01823284 0.01320321 0.03565067 0.54117647 0.42352941 0.64313725
v 0.02499478 0.00314623 0.03513089 0.54117647 0.42352941 0.64313725
v 0.02377836 0.00721898 0.03515225 0.54117647 0.42352941 0.64313725
v 0.02355174 0.00817661 0.03504545 0.54117647 0.42352941 0.64313725
v 0.02250196 0.00982313 0.03515225 0.54117647 0.42352941 0.64313725
v 0.02483815 0.00440288 0.03504545 0.54117647 0.42352941 0.64313725
v 0.02465818 0.00565953 0.03494577 0.54117647 0.42352941 0.64313725
v 0.00433903 0.03728396 -0.00565361 0.54117647 0.42352941 0.64313725
v 0.00565876 0.03713634 -0.00565361 0.54117647 0.42352941 0.64313725
v 0.00691850 0.03694330 -0.00565361 0.54117647 0.42352941 0.64313725
v 0.00977458 0.03640203 -0.00565361 0.54117647 0.42352941 0.64313725
v 0.00691850 0.03716662 -0.00440046 0.54117647 0.42352941 0.64313725
v 0.00817490 0.03693573 -0.00440046 0.54117647 0.42352941 0.64313725
v 0.00954462 0.03664428 -0.00450726 0.54117647 0.42352941 0.64313725
v 0.01004119 0.03645881 -0.00500567 0.54117647 0.42352941 0.64313725
v 0.01068772 0.03618250 -0.00565361 0.54117647 0.42352941 0.64313725
v 0.01194746 0.03584562 -0.00565361 0.54117647 0.42352941 0.64313725
v 0.01327719 0.03542169 -0.00568209 0.54117647 0.42352941 0.64313725
v 0.01396705 0.03525515 -0.00528336 0.54117647 0.42352941 0.64313725
v 0.03200334 0.01823360 -0.01320102 0.54117647 0.42352941 0.64313725
v 0.03282317 0.01662872 -0.01320102 0.54117647 0.42352941 0.64313725
v 0.03263654 0.01749550 -0.01236796 0.54117647 0.42352941 0.64313725
v 0.02339844 0.02981597 -0.00816704 0.54117647 0.42352941 0.64313725
v 0.02422827 0.02918765 -0.00816704 0.54117647 0.42352941 0.64313725
v 0.02485814 0.02867288 -0.00816704 0.54117647 0.42352941 0.64313725
v 0.02555466 0.02804455 -0.00816704 0.54117647 0.42352941 0.64313725
v 0.02618453 0.02744651 -0.00816704 0.54117647 0.42352941 0.64313725
v 0.02682440 0.02681818 -0.00816704 0.54117647 0.42352941 0.64313725
v 0.02745094 0.02618986 -0.00816704 0.54117647 0.42352941 0.64313725
v 0.02805082 0.02556153 -0.00816704 0.54117647 0.42352941 0.64313725
v 0.02868069 0.02486507 -0.00816704 0.54117647 0.42352941 0.64313725
v 0.02904061 0.02404371 -0.00942732 0.54117647 0.42352941 0.64313725
v 0.03000042 0.02239720 -0.01068759 0.54117647 0.42352941 0.64313725
v 0.03029369 0.02154555 -0.01194075 0.54117647 0.42352941 0.64313725
v 0.03083025 0.02074311 -0.01194075 0.54117647 0.42352941 0.64313725
v 0.03134014 0.01996717 -0.01194075 0.54117647 0.42352941 0.64313725
v 0.03173006 0.01933884 -0.01194075 0.54117647 0.42352941 0.64313725
v 0.03154677 0.01904739 -0.01320102 0.54117647 0.42352941 0.64313725
v 0.01416367 0.03533842 -0.00440046 0.54117647 0.42352941 0.64313725
v 0.01479021 0.03508860 -0.00440046 0.54117647 0.42352941 0.64313725
v 0.01572002 0.03471388 -0.00440046 0.54117647 0.42352941 0.64313725
v 0.01750632 0.03390387 -0.00468526 0.54117647 0.42352941 0.64313725
v 0.01922930 0.03288568 -0.00565361 0.54117647 0.42352941 0.64313725
v 0.01811953 0.03365027 -0.00432213 0.54117647 0.42352941 0.64313725
v 0.01985917 0.03254881 -0.00565361 0.54117647 0.42352941 0.64313725
v 0.02084896 0.03176151 -0.00694237 0.54117647 0.42352941 0.64313725
v 0.02074899 0.03203025 -0.00565361 0.54117647 0.42352941 0.64313725
v 0.02154549 0.03154576 -0.00565361 0.54117647 0.42352941 0.64313725
v 0.02217536 0.03112561 -0.00565361 0.54117647 0.42352941 0.64313725
v 0.02191208 0.03108777 -0.00694237 0.54117647 0.42352941 0.64313725
v 0.02293520 0.03039131 -0.00691389 0.54117647 0.42352941 0.64313725
v 0.02277190 0.03027397 -0.00816704 0.54117647 0.42352941 0.64313725
v 0.03362634 0.01560674 -0.01184106 0.54117647 0.42352941 0.64313725
v 0.03395627 0.01511468 -0.01135689 0.54117647 0.42352941 0.64313725
v 0.03385296 0.01483459 -0.01219707 0.54117647 0.42352941 0.64313725
v 0.03408291 0.01443337 -0.01184106 0.54117647 0.42352941 0.64313725
v 0.03447950 0.01320321 -0.01194075 0.54117647 0.42352941 0.64313725
v 0.03486275 0.01194656 -0.01194075 0.54117647 0.42352941 0.64313725
v 0.03512603 0.01100029 -0.01194075 0.54117647 0.42352941 0.64313725
v 0.03511937 0.00943326 -0.01349295 0.54117647 0.42352941 0.64313725
v 0.03519602 0.00875952 -0.01379200 0.54117647 0.42352941 0.64313725
v 0.03520601 0.01007294 -0.01258156 0.54117647 0.42352941 0.64313725
v 0.03527933 0.00792301 -0.01412665 0.54117647 0.42352941 0.64313725
v 0.03567592 0.00691618 -0.01320102 0.54117647 0.42352941 0.64313725
v 0.03535598 0.00692753 -0.01451114 0.54117647 0.42352941 0.64313725
v 0.03556261 0.00565953 -0.01445418 0.54117647 0.42352941 0.64313725
v 0.03530266 0.00565953 -0.01543676 0.54117647 0.42352941 0.64313725
v 0.03644909 0.00489494 -0.01123585 0.54117647 0.42352941 0.64313725
v 0.03585921 0.00314623 -0.01445418 0.54117647 0.42352941 0.64313725
v 0.03596586 0.00188958 -0.01445418 0.54117647 0.42352941 0.64313725
v 0.03604917 0.00062914 -0.01445418 0.54117647 0.42352941 0.64313725
v 0.03573924 -0.00062751 -0.01571445 0.54117647 0.42352941 0.64313725
v 0.03573924 -0.00064643 -0.01571445 0.54117647 0.42352941 0.64313725
v 0.01778293 0.01525095 0.03525194 0.54117647 0.42352941 0.64313725
v 0.01729636 0.01609124 0.03513089 0.54117647 0.42352941 0.64313725
v 0.01691644 0.01690125 0.03496713 0.54117647 0.42352941 0.64313725
v 0.01697643 0.01823360 0.03450431 0.54117647 0.42352941 0.64313725
v 0.01572002 0.01823360 0.03478912 0.54117647 0.42352941 0.64313725
v 0.01572002 0.01730247 0.03510241 0.54117647 0.42352941 0.64313725
v 0.01446028 0.01948646 0.03457552 0.54117647 0.42352941 0.64313725
v 0.01449694 0.01817682 0.03503121 0.54117647 0.42352941 0.64313725
v 0.01320387 0.01948646 0.03478200 0.54117647 0.42352941 0.64313725
v 0.01194746 0.02074311 0.03448295 0.54117647 0.42352941 0.64313725
v 0.01056775 0.02206032 0.03412694 0.54117647 0.42352941 0.64313725
v 0.00943131 0.02200355 0.03424799 0.54117647 0.42352941 0.64313725
v 0.00817490 0.02282113 0.03402726 0.54117647 0.42352941 0.64313725
v 0.00691850 0.02352515 0.03379229 0.54117647 0.42352941 0.64313725
v 0.00565876 0.02451685 0.03339356 0.54117647 0.42352941 0.64313725
v 0.00440235 0.02451685 0.03341492 0.54117647 0.42352941 0.64313725
v 0.00433903 0.02446764 0.03343628 0.54117647 0.42352941 0.64313725
v 0.00440235 0.02357058 0.03382077 0.54117647 0.42352941 0.64313725
v 0.00433903 0.02357058 0.03382077 0.54117647 0.42352941 0.64313725
v 0.02686106 -0.00064643 0.03424799 0.54117647 0.42352941 0.64313725
v 0.02748094 -0.00064643 0.03382790 0.54117647 0.42352941 0.64313725
v 0.02737762 0.00188958 0.03374245 0.54117647 0.42352941 0.64313725
v 0.02729097 0.00314623 0.03367837 0.54117647 0.42352941 0.64313725
v 0.02666110 0.00314623 0.03411982 0.54117647 0.42352941 0.64313725
v 0.02577462 0.00314623 0.03467520 0.54117647 0.42352941 0.64313725
v 0.02115890 0.01194656 0.03513089 0.54117647 0.42352941 0.64313725
v 0.02070566 0.01317672 0.03496713 0.54117647 0.42352941 0.64313725
v 0.01987583 0.01357415 0.03513089 0.54117647 0.42352941 0.64313725
v 0.01947258 0.01317672 0.03535874 0.54117647 0.42352941 0.64313725
v 0.01821617 0.01444851 0.03535162 0.54117647 0.42352941 0.64313725
v 0.02440823 0.00684426 0.03487456 0.54117647 0.42352941 0.64313725
v 0.02451821 0.00817661 0.03453279 0.54117647 0.42352941 0.64313725
v 0.02504477 0.00978149 0.03388485 0.54117647 0.42352941 0.64313725
v 0.02458153 0.00939163 0.03421951 0.54117647 0.42352941 0.64313725
v 0.02318182 0.00941434 0.03492441 0.54117647 0.42352941 0.64313725
v 0.02418494 0.01068991 0.03409846 0.54117647 0.42352941 0.64313725
v 0.02325847 0.01068991 0.03456127 0.54117647 0.42352941 0.64313725
v 0.02284855 0.01320321 0.03405574 0.54117647 0.42352941 0.64313725
v 0.02200206 0.01320321 0.03444735 0.54117647 0.42352941 0.64313725
v 0.02200206 0.01194656 0.03478912 0.54117647 0.42352941 0.64313725
v 0.02577462 0.00440288 0.03449007 0.54117647 0.42352941 0.64313725
v 0.02585794 0.00560653 0.03425511 0.54117647 0.42352941 0.64313725
v 0.02555800 0.00691618 0.03419814 0.54117647 0.42352941 0.64313725
v 0.00433903 0.03747700 -0.00440046 0.54117647 0.42352941 0.64313725
v 0.00440235 0.03747321 -0.00440046 0.54117647 0.42352941 0.64313725
v 0.00565876 0.03734831 -0.00440046 0.54117647 0.42352941 0.64313725
v 0.00691850 0.03736723 -0.00314018 0.54117647 0.42352941 0.64313725
v 0.00817490 0.03713634 -0.00314018 0.54117647 0.42352941 0.64313725
v 0.00943131 0.03689031 -0.00314018 0.54117647 0.42352941 0.64313725
v 0.01034779 0.03653073 -0.00416549 0.54117647 0.42352941 0.64313725
v 0.01073771 0.03637554 -0.00450726 0.54117647 0.42352941 0.64313725
v 0.01194746 0.03607651 -0.00440046 0.54117647 0.42352941 0.64313725
v 0.01320387 0.03568665 -0.00440046 0.54117647 0.42352941 0.64313725
v 0.03239326 0.01817304 -0.01194075 0.54117647 0.42352941 0.64313725
v 0.03296314 0.01703751 -0.01194075 0.54117647 0.42352941 0.64313725
v 0.03274652 0.01771125 -0.01152778 0.54117647 0.42352941 0.64313725
v 0.02356507 0.02993710 -0.00691389 0.54117647 0.42352941 0.64313725
v 0.02438157 0.02930877 -0.00691389 0.54117647 0.42352941 0.64313725
v 0.02510809 0.02888484 -0.00610218 0.54117647 0.42352941 0.64313725
v 0.02501144 0.02880157 -0.00691389 0.54117647 0.42352941 0.64313725
v 0.02569464 0.02817324 -0.00691389 0.54117647 0.42352941 0.64313725
v 0.02639782 0.02765469 -0.00625171 0.54117647 0.42352941 0.64313725
v 0.02767756 0.02642075 -0.00635851 0.54117647 0.42352941 0.64313725
v 0.02757425 0.02631855 -0.00719157 0.54117647 0.42352941 0.64313725
v 0.02809748 0.02584920 -0.00682844 0.54117647 0.42352941 0.64313725
v 0.02882399 0.02503162 -0.00691389 0.54117647 0.42352941 0.64313725
v 0.02919392 0.02423675 -0.00816704 0.54117647 0.42352941 0.64313725
v 0.02973381 0.02316179 -0.00938460 0.54117647 0.42352941 0.64313725
v 0.03045032 0.02176887 -0.01068759 0.54117647 0.42352941 0.64313725
v 0.03011040 0.02254103 -0.00978333 0.54117647 0.42352941 0.64313725
v 0.03114685 0.02070526 -0.01080151 0.54117647 0.42352941 0.64313725
v 0.03142679 0.02010722 -0.01129281 0.54117647 0.42352941 0.64313725
v 0.03185004 0.01960759 -0.01080151 0.54117647 0.42352941 0.64313725
v 0.03250990 0.01852883 -0.01068759 0.54117647 0.42352941 0.64313725
v 0.01320387 0.03587590 -0.00314018 0.54117647 0.42352941 0.64313725
v 0.01452027 0.03540277 -0.00309746 0.54117647 0.42352941 0.64313725
v 0.01514347 0.03522865 -0.00264889 0.54117647 0.42352941 0.64313725
v 0.01697643 0.03435808 -0.00314018 0.54117647 0.42352941 0.64313725
v 0.01772627 0.03400607 -0.00314018 0.54117647 0.42352941 0.64313725
v 0.01835281 0.03369948 -0.00314018 0.54117647 0.42352941 0.64313725
v 0.01954590 0.03292353 -0.00427229 0.54117647 0.42352941 0.64313725
v 0.02000247 0.03262830 -0.00460694 0.54117647 0.42352941 0.64313725
v 0.02011912 0.03268886 -0.00377388 0.54117647 0.42352941 0.64313725
v 0.02062235 0.03231035 -0.00427229 0.54117647 0.42352941 0.64313725
v 0.02168879 0.03163282 -0.00440046 0.54117647 0.42352941 0.64313725
v 0.02245530 0.03131865 -0.00314018 0.54117647 0.42352941 0.64313725
v 0.02231866 0.03122403 -0.00440046 0.54117647 0.42352941 0.64313725
v 0.02307517 0.03049729 -0.00565361 0.54117647 0.42352941 0.64313725
v 0.02391167 0.03019070 -0.00386644 0.54117647 0.42352941 0.64313725
v 0.03329974 0.01697695 -0.01068759 0.54117647 0.42352941 0.64313725
v 0.03376631 0.01592091 -0.01068759 0.54117647 0.42352941 0.64313725
v 0.03402959 0.01529258 -0.01068759 0.54117647 0.42352941 0.64313725
v 0.03433286 0.01445986 -0.01068759 0.54117647 0.42352941 0.64313725
v 0.03475277 0.01320321 -0.01068759 0.54117647 0.42352941 0.64313725
v 0.03510270 0.01198820 -0.01079439 0.54117647 0.42352941 0.64313725
v 0.03519935 0.01130310 -0.01129281 0.54117647 0.42352941 0.64313725
v 0.03528600 0.01037196 -0.01194075 0.54117647 0.42352941 0.64313725
v 0.03527600 0.00943326 -0.01286637 0.54117647 0.42352941 0.64313725
v 0.03549929 0.00943326 -0.01194075 0.54117647 0.42352941 0.64313725
v 0.03540930 0.00827502 -0.01330070 0.54117647 0.42352941 0.64313725
v 0.03574924 0.00817661 -0.01194075 0.54117647 0.42352941 0.64313725
v 0.03586588 0.00565953 -0.01320102 0.54117647 0.42352941 0.64313725
v 0.03596919 0.00691618 -0.01194075 0.54117647 0.42352941 0.64313725
v 0.03671904 0.00314623 -0.01068759 0.54117647 0.42352941 0.64313725
v 0.03648908 0.00405465 -0.01142809 0.54117647 0.42352941 0.64313725
v 0.03615915 0.00314623 -0.01320102 0.54117647 0.42352941 0.64313725
v 0.03638910 0.00565953 -0.01097240 0.54117647 0.42352941 0.64313725
v 0.03647242 0.00635220 -0.01010374 0.54117647 0.42352941 0.64313725
v 0.03669571 0.00565953 -0.00942732 0.54117647 0.42352941 0.64313725
v 0.03693232 0.00565953 -0.00816704 0.54117647 0.42352941 0.64313725
v 0.03707896 0.00440288 -0.00816704 0.54117647 0.42352941 0.64313725
v 0.03684234 0.00440288 -0.00942732 0.54117647 0.42352941 0.64313725
v 0.03696232 0.00314623 -0.00942732 0.54117647 0.42352941 0.64313725
v 0.03627246 0.00188958 -0.01320102 0.54117647 0.42352941 0.64313725
v 0.03636244 0.00071998 -0.01310846 0.54117647 0.42352941 0.64313725
v 0.03635244 -0.00062751 -0.01330070 0.54117647 0.42352941 0.64313725
v 0.03607250 -0.00062751 -0.01445418 0.54117647 0.42352941 0.64313725
v 0.03607250 -0.00064643 -0.01445418 0.54117647 0.42352941 0.64313725
v 0.01903934 0.01402458 0.03525194 0.54117647 0.42352941 0.64313725
v 0.01862276 0.01486108 0.03513801 0.54117647 0.42352941 0.64313725
v 0.01821617 0.01569002 0.03500985 0.54117647 0.42352941 0.64313725
v 0.01823284 0.01697695 0.03461112 0.54117647 0.42352941 0.64313725
v 0.01821617 0.01824874 0.03416254 0.54117647 0.42352941 0.64313725
v 0.01778626 0.01898683 0.03399878 0.54117647 0.42352941 0.64313725
v 0.01697643 0.01924043 0.03411270 0.54117647 0.42352941 0.64313725
v 0.01580334 0.01958866 0.03424799 0.54117647 0.42352941 0.64313725
v 0.01543674 0.02030783 0.03403438 0.54117647 0.42352941 0.64313725
v 0.01446028 0.02055007 0.03414118 0.54117647 0.42352941 0.64313725
v 0.01328385 0.02084910 0.03423375 0.54117647 0.42352941 0.64313725
v 0.01194746 0.02172345 0.03409846 0.54117647 0.42352941 0.64313725
v 0.01006785 0.02263187 0.03394894 0.54117647 0.42352941 0.64313725
v 0.00943131 0.02271136 0.03397742 0.54117647 0.42352941 0.64313725
v 0.00817490 0.02345324 0.03374245 0.54117647 0.42352941 0.64313725
v 0.00691850 0.02451685 0.03333660 0.54117647 0.42352941 0.64313725
v 0.00565876 0.02551990 0.03288803 0.54117647 0.42352941 0.64313725
v 0.00440235 0.02557289 0.03290939 0.54117647 0.42352941 0.64313725
v 0.00433903 0.02551990 0.03293787 0.54117647 0.42352941 0.64313725
v 0.00433903 0.02451685 0.03341492 0.54117647 0.42352941 0.64313725
v 0.02822078 -0.00064643 0.03324404 0.54117647 0.42352941 0.64313725
v 0.02840075 -0.00064643 0.03310163 0.54117647 0.42352941 0.64313725
v 0.02817413 0.00188958 0.03310875 0.54117647 0.42352941 0.64313725
v 0.02633117 0.00598883 0.03389910 0.54117647 0.42352941 0.64313725
v 0.02651780 0.00440288 0.03402726 0.54117647 0.42352941 0.64313725
v 0.02808748 0.00314623 0.03304467 0.54117647 0.42352941 0.64313725
v 0.02796750 0.00440288 0.03293787 0.54117647 0.42352941 0.64313725
v 0.02714767 0.00440288 0.03357157 0.54117647 0.42352941 0.64313725
v 0.02153882 0.01531908 0.03402014 0.54117647 0.42352941 0.64313725
v 0.02074899 0.01445986 0.03457552 0.54117647 0.42352941 0.64313725
v 0.01948925 0.01572030 0.03463248 0.54117647 0.42352941 0.64313725
v 0.01947258 0.01444851 0.03500273 0.54117647 0.42352941 0.64313725
v 0.02533138 0.00817661 0.03406286 0.54117647 0.42352941 0.64313725
v 0.02481149 0.01068991 0.03375669 0.54117647 0.42352941 0.64313725
v 0.02618787 0.00691618 0.03380653 0.54117647 0.42352941 0.64313725
v 0.02567797 0.00939163 0.03357157 0.54117647 0.42352941 0.64313725
v 0.02651447 0.01033033 0.03276698 0.54117647 0.42352941 0.64313725
v 0.02585794 0.01072398 0.03308739 0.54117647 0.42352941 0.64313725
v 0.02374170 0.01230236 0.03387062 0.54117647 0.42352941 0.64313725
v 0.02264860 0.01386182 0.03395606 0.54117647 0.42352941 0.64313725
v 0.00433903 0.03748457 -0.00434349 0.54117647 0.42352941 0.64313725
v 0.00437569 0.03765111 -0.00306186 0.54117647 0.42352941 0.64313725
v 0.00477560 0.03770789 -0.00239968 0.54117647 0.42352941 0.64313725
v 0.00565876 0.03754134 -0.00314018 0.54117647 0.42352941 0.64313725
v 0.00691850 0.03752999 -0.00187991 0.54117647 0.42352941 0.64313725
v 0.00817490 0.03730288 -0.00187991 0.54117647 0.42352941 0.64313725
v 0.00943131 0.03706064 -0.00187991 0.54117647 0.42352941 0.64313725
v 0.01073771 0.03659507 -0.00310458 0.54117647 0.42352941 0.64313725
v 0.01118762 0.03642853 -0.00350331 0.54117647 0.42352941 0.64313725
v 0.01186081 0.03629226 -0.00310458 0.54117647 0.42352941 0.64313725
v 0.03284983 0.01790051 -0.01068759 0.54117647 0.42352941 0.64313725
v 0.02461819 0.02933905 -0.00566785 0.54117647 0.42352941 0.64313725
v 0.02519141 0.02895676 -0.00526200 0.54117647 0.42352941 0.64313725
v 0.02579462 0.02830951 -0.00575329 0.54117647 0.42352941 0.64313725
v 0.02647781 0.02773417 -0.00541152 0.54117647 0.42352941 0.64313725
v 0.02720099 0.02721562 -0.00440046 0.54117647 0.42352941 0.64313725
v 0.02773755 0.02648131 -0.00565361 0.54117647 0.42352941 0.64313725
v 0.02846740 0.02568265 -0.00571769 0.54117647 0.42352941 0.64313725
v 0.02890064 0.02512625 -0.00618051 0.54117647 0.42352941 0.64313725
v 0.02933389 0.02440330 -0.00691389 0.54117647 0.42352941 0.64313725
v 0.02982379 0.02341917 -0.00816704 0.54117647 0.42352941 0.64313725
v 0.02996043 0.02360843 -0.00691389 0.54117647 0.42352941 0.64313725
v 0.03020704 0.02267351 -0.00894314 0.54117647 0.42352941 0.64313725
v 0.03053697 0.02207547 -0.00938460 0.54117647 0.42352941 0.64313725
v 0.03135014 0.02124653 -0.00838777 0.54117647 0.42352941 0.64313725
v 0.03123016 0.02107241 -0.00942732 0.54117647 0.42352941 0.64313725
v 0.03152677 0.02025862 -0.01045263 0.54117647 0.42352941 0.64313725
v 0.03230994 0.01938805 -0.00936323 0.54117647 0.42352941 0.64313725
v 0.03271319 0.01889977 -0.00890042 0.54117647 0.42352941 0.64313725
v 0.03294648 0.01828280 -0.00936323 0.54117647 0.42352941 0.64313725
v 0.01218075 0.03634525 -0.00187991 0.54117647 0.42352941 0.64313725
v 0.01320387 0.03602731 -0.00187991 0.54117647 0.42352941 0.64313725
v 0.01446028 0.03558067 -0.00187991 0.54117647 0.42352941 0.64313725
v 0.01525345 0.03527407 -0.00187991 0.54117647 0.42352941 0.64313725
v 0.01587999 0.03500533 -0.00187991 0.54117647 0.42352941 0.64313725
v 0.01697643 0.03450949 -0.00187991 0.54117647 0.42352941 0.64313725
v 0.01787291 0.03408177 -0.00187991 0.54117647 0.42352941 0.64313725
v 0.01948925 0.03310900 -0.00314018 0.54117647 0.42352941 0.64313725
v 0.01850278 0.03376761 -0.00187991 0.54117647 0.42352941 0.64313725
v 0.02018910 0.03273049 -0.00314018 0.54117647 0.42352941 0.64313725
v 0.02081564 0.03234820 -0.00314018 0.54117647 0.42352941 0.64313725
v 0.02182876 0.03171987 -0.00314018 0.54117647 0.42352941 0.64313725
v 0.02256528 0.03139057 -0.00210063 0.54117647 0.42352941 0.64313725
v 0.02325847 0.03075846 -0.00314018 0.54117647 0.42352941 0.64313725
v 0.02396832 0.03023990 -0.00314018 0.54117647 0.42352941 0.64313725
v 0.02525806 0.02901732 -0.00440046 0.54117647 0.42352941 0.64313725
v 0.03364300 0.01686339 -0.00932763 0.54117647 0.42352941 0.64313725
v 0.03387295 0.01617072 -0.00968364 0.54117647 0.42352941 0.64313725
v 0.03411957 0.01573922 -0.00932763 0.54117647 0.42352941 0.64313725
v 0.03458947 0.01445986 -0.00942732 0.54117647 0.42352941 0.64313725
v 0.03502272 0.01316158 -0.00942732 0.54117647 0.42352941 0.64313725
v 0.03516269 0.01243484 -0.00984029 0.54117647 0.42352941 0.64313725
v 0.03528933 0.01159833 -0.01045263 0.54117647 0.42352941 0.64313725
v 0.03543596 0.01080725 -0.01079439 0.54117647 0.42352941 0.64313725
v 0.03578256 0.00943326 -0.01068759 0.54117647 0.42352941 0.64313725
v 0.03602585 0.00817661 -0.01068759 0.54117647 0.42352941 0.64313725
v 0.03628579 0.00682912 -0.01058791 0.54117647 0.42352941 0.64313725
v 0.03681568 0.00188958 -0.01068759 0.54117647 0.42352941 0.64313725
v 0.03652907 0.00314623 -0.01160610 0.54117647 0.42352941 0.64313725
v 0.03706563 0.00188958 -0.00942732 0.54117647 0.42352941 0.64313725
v 0.03640243 0.00718870 -0.00975484 0.54117647 0.42352941 0.64313725
v 0.03653574 0.00682912 -0.00937035 0.54117647 0.42352941 0.64313725
v 0.03674903 0.00691618 -0.00816704 0.54117647 0.42352941 0.64313725
v 0.03695899 0.00691618 -0.00691389 0.54117647 0.42352941 0.64313725
v 0.03713895 0.00565953 -0.00691389 0.54117647 0.42352941 0.64313725
v 0.03729558 0.00440288 -0.00691389 0.54117647 0.42352941 0.64313725
v 0.03719894 0.00314623 -0.00816704 0.54117647 0.42352941 0.64313725
v 0.03730891 0.00188958 -0.00816704 0.54117647 0.42352941 0.64313725
v 0.03657906 0.00188958 -0.01182682 0.54117647 0.42352941 0.64313725
v 0.03645909 0.00120069 -0.01256020 0.54117647 0.42352941 0.64313725
v 0.03659240 0.00071998 -0.01206179 0.54117647 0.42352941 0.64313725
v 0.03693899 -0.00062751 -0.01068759 0.54117647 0.42352941 0.64313725
v 0.03693899 -0.00064643 -0.01068759 0.54117647 0.42352941 0.64313725
v 0.03635244 -0.00064643 -0.01329358 0.54117647 0.42352941 0.64313725
v 0.01953257 0.01701858 0.03419814 0.54117647 0.42352941 0.64313725
v 0.01913932 0.01783995 0.03404150 0.54117647 0.42352941 0.64313725
v 0.01862276 0.01867645 0.03386350 0.54117647 0.42352941 0.64313725
v 0.01821617 0.01944104 0.03364277 0.54117647 0.42352941 0.64313725
v 0.01697643 0.01986876 0.03382790 0.54117647 0.42352941 0.64313725
v 0.01627657 0.02007694 0.03392758 0.54117647 0.42352941 0.64313725
v 0.01580334 0.02073554 0.03374245 0.54117647 0.42352941 0.64313725
v 0.01446028 0.02117840 0.03385638 0.54117647 0.42352941 0.64313725
v 0.01291726 0.02153041 0.03401302 0.54117647 0.42352941 0.64313725
v 0.01194746 0.02235178 0.03381365 0.54117647 0.42352941 0.64313725
v 0.01090434 0.02252210 0.03389198 0.54117647 0.42352941 0.64313725
v 0.01056775 0.02313529 0.03364277 0.54117647 0.42352941 0.64313725
v 0.00943131 0.02333968 0.03369261 0.54117647 0.42352941 0.64313725
v 0.00817490 0.02451685 0.03322268 0.54117647 0.42352941 0.64313725
v 0.00691850 0.02545555 0.03285955 0.54117647 0.42352941 0.64313725
v 0.00433903 0.02617093 0.03259610 0.54117647 0.42352941 0.64313725
v 0.02942387 -0.00064643 0.03219737 0.54117647 0.42352941 0.64313725
v 0.02889731 -0.00024521 0.03266730 0.54117647 0.42352941 0.64313725
v 0.02886065 0.00062914 0.03263882 0.54117647 0.42352941 0.64313725
v 0.02880400 0.00188958 0.03258898 0.54117647 0.42352941 0.64313725
v 0.02692105 0.00560653 0.03352173 0.54117647 0.42352941 0.64313725
v 0.02782420 0.00565953 0.03282395 0.54117647 0.42352941 0.64313725
v 0.02771755 0.00653767 0.03273850 0.54117647 0.42352941 0.64313725
v 0.02713101 0.00693889 0.03310875 0.54117647 0.42352941 0.64313725
v 0.02687439 0.00817661 0.03303755 0.54117647 0.42352941 0.64313725
v 0.02871735 0.00314623 0.03250354 0.54117647 0.42352941 0.64313725
v 0.02859404 0.00440288 0.03241097 0.54117647 0.42352941 0.64313725
v 0.02237532 0.01470211 0.03382077 0.54117647 0.42352941 0.64313725
v 0.02197540 0.01572787 0.03365701 0.54117647 0.42352941 0.64313725
v 0.02120889 0.01615558 0.03387774 0.54117647 0.42352941 0.64313725
v 0.02077231 0.01572787 0.03418391 0.54117647 0.42352941 0.64313725
v 0.02036906 0.01662872 0.03404150 0.54117647 0.42352941 0.64313725
v 0.02551801 0.01194656 0.03293075 0.54117647 0.42352941 0.64313725
v 0.02529139 0.01284363 0.03278122 0.54117647 0.42352941 0.64313725
v 0.02459153 0.01324106 0.03307315 0.54117647 0.42352941 0.64313725
v 0.02667443 0.00943326 0.03288803 0.54117647 0.42352941 0.64313725
v 0.02730431 0.00943326 0.03241097 0.54117647 0.42352941 0.64313725
v 0.02697437 0.01072398 0.03230417 0.54117647 0.42352941 0.64313725
v 0.02633450 0.01116683 0.03264594 0.54117647 0.42352941 0.64313725
v 0.02347842 0.01320321 0.03372821 0.54117647 0.42352941 0.64313725
v 0.02314516 0.01435388 0.03352884 0.54117647 0.42352941 0.64313725
v 0.00433903 0.03765868 -0.00301914 0.54117647 0.42352941 0.64313725
v 0.00437569 0.03777602 -0.00194399 0.54117647 0.42352941 0.64313725
v 0.00538215 0.03775331 -0.00156662 0.54117647 0.42352941 0.64313725
v 0.00574541 0.03767761 -0.00194399 0.54117647 0.42352941 0.64313725
v 0.00622197 0.03771167 -0.00115364 0.54117647 0.42352941 0.64313725
v 0.00689184 0.03765111 -0.00069083 0.54117647 0.42352941 0.64313725
v 0.00817490 0.03745050 -0.00062675 0.54117647 0.42352941 0.64313725
v 0.00943131 0.03721204 -0.00062675 0.54117647 0.42352941 0.64313725
v 0.01068772 0.03676540 -0.00187991 0.54117647 0.42352941 0.64313725
v 0.01138425 0.03648152 -0.00267025 0.54117647 0.42352941 0.64313725
v 0.01155088 0.03653073 -0.00187991 0.54117647 0.42352941 0.64313725
v 0.02667443 0.02791207 -0.00314018 0.54117647 0.42352941 0.64313725
v 0.02657112 0.02781745 -0.00440046 0.54117647 0.42352941 0.64313725
v 0.02730097 0.02731024 -0.00314018 0.54117647 0.42352941 0.64313725
v 0.02783753 0.02658729 -0.00440046 0.54117647 0.42352941 0.64313725
v 0.02846740 0.02590976 -0.00440046 0.54117647 0.42352941 0.64313725
v 0.02896730 0.02520195 -0.00534032 0.54117647 0.42352941 0.64313725
v 0.03008707 0.02377497 -0.00565361 0.54117647 0.42352941 0.64313725
v 0.02975713 0.02442222 -0.00443606 0.54117647 0.42352941 0.64313725
v 0.03015372 0.02386203 -0.00488463 0.54117647 0.42352941 0.64313725
v 0.03029369 0.02279085 -0.00816704 0.54117647 0.42352941 0.64313725
v 0.03042700 0.02298010 -0.00691389 0.54117647 0.42352941 0.64313725
v 0.03097688 0.02187864 -0.00805312 0.54117647 0.42352941 0.64313725
v 0.03143346 0.02137522 -0.00755470 0.54117647 0.42352941 0.64313725
v 0.03171007 0.02079610 -0.00805312 0.54117647 0.42352941 0.64313725
v 0.03164341 0.02044409 -0.00942732 0.54117647 0.42352941 0.64313725
v 0.03240659 0.01964922 -0.00816704 0.54117647 0.42352941 0.64313725
v 0.03278651 0.01902089 -0.00816704 0.54117647 0.42352941 0.64313725
v 0.03321642 0.01823360 -0.00816704 0.54117647 0.42352941 0.64313725
v 0.03374631 0.01714349 -0.00816704 0.54117647 0.42352941 0.64313725
v 0.01178750 0.03660264 -0.00062675 0.54117647 0.42352941 0.64313725
v 0.01241737 0.03641339 -0.00062675 0.54117647 0.42352941 0.64313725
v 0.01320387 0.03615222 -0.00062675 0.54117647 0.42352941 0.64313725
v 0.01446028 0.03569422 -0.00062675 0.54117647 0.42352941 0.64313725
v 0.01538342 0.03533085 -0.00062675 0.54117647 0.42352941 0.64313725
v 0.01600996 0.03505832 -0.00062675 0.54117647 0.42352941 0.64313725
v 0.01697643 0.03461925 -0.00062675 0.54117647 0.42352941 0.64313725
v 0.01799289 0.03413855 -0.00062675 0.54117647 0.42352941 0.64313725
v 0.01948925 0.03324905 -0.00187991 0.54117647 0.42352941 0.64313725
v 0.01862276 0.03382439 -0.00062675 0.54117647 0.42352941 0.64313725
v 0.02030241 0.03279862 -0.00187991 0.54117647 0.42352941 0.64313725
v 0.02092895 0.03242390 -0.00187991 0.54117647 0.42352941 0.64313725
v 0.02208871 0.03172366 -0.00176598 0.54117647 0.42352941 0.64313725
v 0.02263193 0.03143221 -0.00126045 0.54117647 0.42352941 0.64313725
v 0.02313516 0.03101963 -0.00176598 0.54117647 0.42352941 0.64313725
v 0.02406830 0.03032317 -0.00187991 0.54117647 0.42352941 0.64313725
v 0.02469818 0.02980083 -0.00187991 0.54117647 0.42352941 0.64313725
v 0.02544469 0.02917251 -0.00187991 0.54117647 0.42352941 0.64313725
v 0.02607456 0.02862746 -0.00187991 0.54117647 0.42352941 0.64313725
v 0.03395627 0.01636755 -0.00884346 0.54117647 0.42352941 0.64313725
v 0.03433952 0.01572030 -0.00816704 0.54117647 0.42352941 0.64313725
v 0.03481609 0.01445986 -0.00816704 0.54117647 0.42352941 0.64313725
v 0.03512270 0.01357036 -0.00816704 0.54117647 0.42352941 0.64313725
v 0.03524601 0.01271115 -0.00900722 0.54117647 0.42352941 0.64313725
v 0.03537931 0.01198820 -0.00942732 0.54117647 0.42352941 0.64313725
v 0.03574257 0.01068991 -0.00942732 0.54117647 0.42352941 0.64313725
v 0.03603251 0.00943326 -0.00942732 0.54117647 0.42352941 0.64313725
v 0.03640577 0.00850970 -0.00850169 0.54117647 0.42352941 0.64313725
v 0.03630579 0.00812362 -0.00937035 0.54117647 0.42352941 0.64313725
v 0.03648575 0.00766941 -0.00891466 0.54117647 0.42352941 0.64313725
v 0.03689233 0.00062914 -0.01068759 0.54117647 0.42352941 0.64313725
v 0.03740556 0.00062914 -0.00816704 0.54117647 0.42352941 0.64313725
v 0.03715228 0.00062914 -0.00942732 0.54117647 0.42352941 0.64313725
v 0.03655240 0.00812362 -0.00811720 0.54117647 0.42352941 0.64313725
v 0.03675236 0.00817661 -0.00691389 0.54117647 0.42352941 0.64313725
v 0.03731891 0.00565953 -0.00565361 0.54117647 0.42352941 0.64313725
v 0.03693566 0.00817661 -0.00565361 0.54117647 0.42352941 0.64313725
v 0.03731225 0.00691618 -0.00440046 0.54117647 0.42352941 0.64313725
v 0.03748554 0.00440288 -0.00565361 0.54117647 0.42352941 0.64313725
v 0.03762885 0.00309324 -0.00556817 0.54117647 0.42352941 0.64313725
v 0.03741556 0.00314623 -0.00691389 0.54117647 0.42352941 0.64313725
v 0.03752220 0.00188958 -0.00691389 0.54117647 0.42352941 0.64313725
v 0.03720560 -0.00062751 -0.00942732 0.54117647 0.42352941 0.64313725
v 0.03720560 -0.00064643 -0.00942732 0.54117647 0.42352941 0.64313725
v 0.01997914 0.01746901 0.03389198 0.54117647 0.42352941 0.64313725
v 0.01953257 0.01824874 0.03372109 0.54117647 0.42352941 0.64313725
v 0.01954257 0.01955459 0.03307315 0.54117647 0.42352941 0.64313725
v 0.01915931 0.02034946 0.03281683 0.54117647 0.42352941 0.64313725
v 0.01819951 0.02075825 0.03297347 0.54117647 0.42352941 0.64313725
v 0.01697643 0.02074311 0.03339356 0.54117647 0.42352941 0.64313725
v 0.01577334 0.02209061 0.03305179 0.54117647 0.42352941 0.64313725
v 0.01446028 0.02200355 0.03343628 0.54117647 0.42352941 0.64313725
v 0.01328385 0.02196948 0.03372821 0.54117647 0.42352941 0.64313725
v 0.01194746 0.02326020 0.03335796 0.54117647 0.42352941 0.64313725
v 0.01068772 0.02442222 0.03298059 0.54117647 0.42352941 0.64313725
v 0.00954796 0.02464176 0.03300907 0.54117647 0.42352941 0.64313725
v 0.00817490 0.02532686 0.03279547 0.54117647 0.42352941 0.64313725
v 0.00691850 0.02608387 0.03248930 0.54117647 0.42352941 0.64313725
v 0.00565876 0.02614822 0.03253914 0.54117647 0.42352941 0.64313725
v 0.00440235 0.02620121 0.03257474 0.54117647 0.42352941 0.64313725
v 0.00433903 0.02620500 0.03257474 0.54117647 0.42352941 0.64313725
v 0.02958050 -0.00064643 0.03204785 0.54117647 0.42352941 0.64313725
v 0.03018371 0.00009544 0.03143551 0.54117647 0.42352941 0.64313725
v 0.02965382 0.00056101 0.03189832 0.54117647 0.42352941 0.64313725
v 0.03014705 0.00093195 0.03139991 0.54117647 0.42352941 0.64313725
v 0.02946719 0.00188958 0.03195528 0.54117647 0.42352941 0.64313725
v 0.02938054 0.00314623 0.03187696 0.54117647 0.42352941 0.64313725
v 0.02845407 0.00565953 0.03228993 0.54117647 0.42352941 0.64313725
v 0.02761757 0.00737417 0.03265306 0.54117647 0.42352941 0.64313725
v 0.02750426 0.00817661 0.03256762 0.54117647 0.42352941 0.64313725
v 0.02928390 0.00440288 0.03177728 0.54117647 0.42352941 0.64313725
v 0.02915726 0.00565953 0.03165623 0.54117647 0.42352941 0.64313725
v 0.02399498 0.01524716 0.03275274 0.54117647 0.42352941 0.64313725
v 0.02327180 0.01569002 0.03298059 0.54117647 0.42352941 0.64313725
v 0.02286189 0.01665900 0.03282395 0.54117647 0.42352941 0.64313725
v 0.02207538 0.01703751 0.03308739 0.54117647 0.42352941 0.64313725
v 0.02077231 0.01701858 0.03372821 0.54117647 0.42352941 0.64313725
v 0.02614788 0.01194656 0.03251778 0.54117647 0.42352941 0.64313725
v 0.02421827 0.01445986 0.03288803 0.54117647 0.42352941 0.64313725
v 0.02573796 0.01324106 0.03233265 0.54117647 0.42352941 0.64313725
v 0.02484814 0.01445986 0.03249642 0.54117647 0.42352941 0.64313725
v 0.02807415 0.00943326 0.03178440 0.54117647 0.42352941 0.64313725
v 0.02787086 0.01068991 0.03161351 0.54117647 0.42352941 0.64313725
v 0.02772755 0.01148100 0.03148535 0.54117647 0.42352941 0.64313725
v 0.02709101 0.01192007 0.03183424 0.54117647 0.42352941 0.64313725
v 0.00433903 0.03771546 -0.00249936 0.54117647 0.42352941 0.64313725
v 0.00433903 0.03777602 -0.00194399 0.54117647 0.42352941 0.64313725
v 0.00440235 0.03789336 -0.00062675 0.54117647 0.42352941 0.64313725
v 0.00574541 0.03779116 -0.00069083 0.54117647 0.42352941 0.64313725
v 0.00645526 0.03773817 -0.00031346 0.54117647 0.42352941 0.64313725
v 0.00817490 0.03755270 0.00062641 0.54117647 0.42352941 0.64313725
v 0.00943131 0.03732181 0.00062641 0.54117647 0.42352941 0.64313725
v 0.01068772 0.03691302 -0.00062675 0.54117647 0.42352941 0.64313725
v 0.02676108 0.02799913 -0.00187991 0.54117647 0.42352941 0.64313725
v 0.02793084 0.02668192 -0.00314018 0.54117647 0.42352941 0.64313725
v 0.02739095 0.02739352 -0.00187991 0.54117647 0.42352941 0.64313725
v 0.02855738 0.02600817 -0.00314018 0.54117647 0.42352941 0.64313725
v 0.02903728 0.02528144 -0.00440046 0.54117647 0.42352941 0.64313725
v 0.02975713 0.02464933 -0.00314018 0.54117647 0.42352941 0.64313725
v 0.03054364 0.02314664 -0.00565361 0.54117647 0.42352941 0.64313725
v 0.03028036 0.02402100 -0.00314018 0.54117647 0.42352941 0.64313725
v 0.03084358 0.02326020 -0.00314018 0.54117647 0.42352941 0.64313725
v 0.03136680 0.02253724 -0.00314018 0.54117647 0.42352941 0.64313725
v 0.03057363 0.02336996 -0.00443606 0.54117647 0.42352941 0.64313725
v 0.03105687 0.02209817 -0.00691389 0.54117647 0.42352941 0.64313725
v 0.03150011 0.02146985 -0.00691389 0.54117647 0.42352941 0.64313725
v 0.03196668 0.02074311 -0.00691389 0.54117647 0.42352941 0.64313725
v 0.03252990 0.01984983 -0.00691389 0.54117647 0.42352941 0.64313725
v 0.03289982 0.01922151 -0.00691389 0.54117647 0.42352941 0.64313725
v 0.03343971 0.01823360 -0.00691389 0.54117647 0.42352941 0.64313725
v 0.03385962 0.01740088 -0.00691389 0.54117647 0.42352941 0.64313725
v 0.03401959 0.01651517 -0.00816704 0.54117647 0.42352941 0.64313725
v 0.01068772 0.03702278 0.00062641 0.54117647 0.42352941 0.64313725
v 0.01204744 0.03662914 0.00061928 0.54117647 0.42352941 0.64313725
v 0.01253401 0.03644745 0.00020631 0.54117647 0.42352941 0.64313725
v 0.01310056 0.03627712 0.00061928 0.54117647 0.42352941 0.64313725
v 0.01446028 0.03578127 0.00062641 0.54117647 0.42352941 0.64313725
v 0.01548007 0.03537249 0.00062641 0.54117647 0.42352941 0.64313725
v 0.01610661 0.03509996 0.00062641 0.54117647 0.42352941 0.64313725
v 0.01697643 0.03471388 0.00062641 0.54117647 0.42352941 0.64313725
v 0.01809287 0.03419154 0.00062641 0.54117647 0.42352941 0.64313725
v 0.01948925 0.03336260 -0.00062675 0.54117647 0.42352941 0.64313725
v 0.01872274 0.03387359 0.00062641 0.54117647 0.42352941 0.64313725
v 0.02039906 0.03285540 -0.00062675 0.54117647 0.42352941 0.64313725
v 0.02102893 0.03248068 -0.00062675 0.54117647 0.42352941 0.64313725
v 0.02200206 0.03188263 -0.00062675 0.54117647 0.42352941 0.64313725
v 0.02267192 0.03146249 -0.00062675 0.54117647 0.42352941 0.64313725
v 0.02330179 0.03101585 -0.00062675 0.54117647 0.42352941 0.64313725
v 0.02415162 0.03038752 -0.00062675 0.54117647 0.42352941 0.64313725
v 0.02478149 0.02987275 -0.00062675 0.54117647 0.42352941 0.64313725
v 0.02552467 0.02924443 -0.00062675 0.54117647 0.42352941 0.64313725
v 0.02615121 0.02869180 -0.00062675 0.54117647 0.42352941 0.64313725
v 0.03454948 0.01572030 -0.00691389 0.54117647 0.42352941 0.64313725
v 0.03502938 0.01442201 -0.00697085 0.54117647 0.42352941 0.64313725
v 0.03525933 0.01397915 -0.00658636 0.54117647 0.42352941 0.64313725
v 0.03541930 0.01329027 -0.00697085 0.54117647 0.42352941 0.64313725
v 0.03562260 0.01194656 -0.00816704 0.54117647 0.42352941 0.64313725
v 0.03584255 0.01194656 -0.00691389 0.54117647 0.42352941 0.64313725
v 0.03597586 0.01068991 -0.00816704 0.54117647 0.42352941 0.64313725
v 0.03629912 0.00937270 -0.00811720 0.54117647 0.42352941 0.64313725
v 0.03648575 0.00891092 -0.00766863 0.54117647 0.42352941 0.64313725
v 0.03745888 -0.00062751 -0.00816704 0.54117647 0.42352941 0.64313725
v 0.03763218 0.00060643 -0.00682844 0.54117647 0.42352941 0.64313725
v 0.03765551 -0.00064643 -0.00708477 0.54117647 0.42352941 0.64313725
v 0.03654907 0.00919102 -0.00691389 0.54117647 0.42352941 0.64313725
v 0.03748554 0.00565953 -0.00440046 0.54117647 0.42352941 0.64313725
v 0.03663905 0.00955060 -0.00576753 0.54117647 0.42352941 0.64313725
v 0.03708896 0.00817661 -0.00440046 0.54117647 0.42352941 0.64313725
v 0.03746555 0.00691618 -0.00314018 0.54117647 0.42352941 0.64313725
v 0.03764218 0.00439152 -0.00439334 0.54117647 0.42352941 0.64313725
v 0.03769883 0.00347931 -0.00481343 0.54117647 0.42352941 0.64313725
v 0.03776215 0.00188958 -0.00531184 0.54117647 0.42352941 0.64313725
v 0.03767217 0.00188958 -0.00593842 0.54117647 0.42352941 0.64313725
v 0.03746222 -0.00064643 -0.00815280 0.54117647 0.42352941 0.64313725
v 0.02084230 0.01832822 0.03312299 0.54117647 0.42352941 0.64313725
v 0.02048904 0.01917987 0.03285955 0.54117647 0.42352941 0.64313725
v 0.01999914 0.02001638 0.03263170 0.54117647 0.42352941 0.64313725
v 0.01859943 0.02118597 0.03258186 0.54117647 0.42352941 0.64313725
v 0.01775960 0.02147363 0.03274562 0.54117647 0.42352941 0.64313725
v 0.01697643 0.02171966 0.03288091 0.54117647 0.42352941 0.64313725
v 0.01622992 0.02257131 0.03265306 0.54117647 0.42352941 0.64313725
v 0.01539342 0.02278328 0.03277410 0.54117647 0.42352941 0.64313725
v 0.01446028 0.02302174 0.03290227 0.54117647 0.42352941 0.64313725
v 0.01371043 0.02383553 0.03266018 0.54117647 0.42352941 0.64313725
v 0.01325719 0.02335482 0.03302331 0.54117647 0.42352941 0.64313725
v 0.01194746 0.02419511 0.03285955 0.54117647 0.42352941 0.64313725
v 0.01068772 0.02505055 0.03263170 0.54117647 0.42352941 0.64313725
v 0.01004119 0.02514139 0.03268866 0.54117647 0.42352941 0.64313725
v 0.00817490 0.02595518 0.03240386 0.54117647 0.42352941 0.64313725
v 0.00817490 0.02685225 0.03177728 0.54117647 0.42352941 0.64313725
v 0.00680852 0.02711342 0.03177728 0.54117647 0.42352941 0.64313725
v 0.00631862 0.02766604 0.03143551 0.54117647 0.42352941 0.64313725
v 0.00565876 0.02703015 0.03194104 0.54117647 0.42352941 0.64313725
v 0.00433903 0.02698851 0.03204072 0.54117647 0.42352941 0.64313725
v 0.03019038 -0.00064643 0.03146399 0.54117647 0.42352941 0.64313725
v 0.03019704 -0.00062751 0.03145687 0.54117647 0.42352941 0.64313725
v 0.03137680 0.00062914 0.03010403 0.54117647 0.42352941 0.64313725
v 0.03063695 0.00056101 0.03090861 0.54117647 0.42352941 0.64313725
v 0.03069694 0.00188958 0.03072349 0.54117647 0.42352941 0.64313725
v 0.03009706 0.00188958 0.03135006 0.54117647 0.42352941 0.64313725
v 0.03001042 0.00314623 0.03126462 0.54117647 0.42352941 0.64313725
v 0.02893064 0.00760506 0.03144263 0.54117647 0.42352941 0.64313725
v 0.02883399 0.00844157 0.03135006 0.54117647 0.42352941 0.64313725
v 0.02836409 0.00808577 0.03184136 0.54117647 0.42352941 0.64313725
v 0.02991044 0.00440288 0.03115782 0.54117647 0.42352941 0.64313725
v 0.02978380 0.00565953 0.03102966 0.54117647 0.42352941 0.64313725
v 0.02445489 0.01569002 0.03226857 0.54117647 0.42352941 0.64313725
v 0.02370171 0.01608745 0.03257474 0.54117647 0.42352941 0.64313725
v 0.02254528 0.01749550 0.03263882 0.54117647 0.42352941 0.64313725
v 0.02170546 0.01797621 0.03286667 0.54117647 0.42352941 0.64313725
v 0.02669776 0.01320321 0.03165623 0.54117647 0.42352941 0.64313725
v 0.02581794 0.01443337 0.03182000 0.54117647 0.42352941 0.64313725
v 0.02539137 0.01572030 0.03162063 0.54117647 0.42352941 0.64313725
v 0.02870068 0.00943326 0.03122190 0.54117647 0.42352941 0.64313725
v 0.02850073 0.01068991 0.03102966 0.54117647 0.42352941 0.64313725
v 0.02754759 0.01231750 0.03133583 0.54117647 0.42352941 0.64313725
v 0.02828410 0.01192764 0.03079469 0.54117647 0.42352941 0.64313725
v 0.00433903 0.03789336 -0.00062675 0.54117647 0.42352941 0.64313725
v 0.00433903 0.03789714 -0.00056267 0.54117647 0.42352941 0.64313725
v 0.00440235 0.03795013 0.00062641 0.54117647 0.42352941 0.64313725
v 0.00565876 0.03785172 0.00062641 0.54117647 0.42352941 0.64313725
v 0.00763835 0.03773060 0.00234237 0.54117647 0.42352941 0.64313725
v 0.00810492 0.03763975 0.00190804 0.54117647 0.42352941 0.64313725
v 0.00943131 0.03740508 0.00187956 0.54117647 0.42352941 0.64313725
v 0.02682774 0.02806348 -0.00062675 0.54117647 0.42352941 0.64313725
v 0.02745761 0.02746165 -0.00062675 0.54117647 0.42352941 0.64313725
v 0.02801083 0.02676519 -0.00187991 0.54117647 0.42352941 0.64313725
v 0.02864070 0.02609901 -0.00187991 0.54117647 0.42352941 0.64313725
v 0.02808414 0.02683332 -0.00062675 0.54117647 0.42352941 0.64313725
v 0.02912726 0.02537985 -0.00314018 0.54117647 0.42352941 0.64313725
v 0.02920391 0.02547069 -0.00187991 0.54117647 0.42352941 0.64313725
v 0.02983045 0.02473638 -0.00187991 0.54117647 0.42352941 0.64313725
v 0.03117351 0.02225715 -0.00565361 0.54117647 0.42352941 0.64313725
v 0.03127016 0.02239720 -0.00440046 0.54117647 0.42352941 0.64313725
v 0.03035035 0.02410427 -0.00187991 0.54117647 0.42352941 0.64313725
v 0.03106020 0.02315422 -0.00192263 0.54117647 0.42352941 0.64313725
v 0.03141679 0.02260916 -0.00236408 0.54117647 0.42352941 0.64313725
v 0.03179671 0.02190892 -0.00314018 0.54117647 0.42352941 0.64313725
v 0.03170673 0.02176887 -0.00440046 0.54117647 0.42352941 0.64313725
v 0.03160675 0.02162882 -0.00565361 0.54117647 0.42352941 0.64313725
v 0.03217664 0.02074311 -0.00565361 0.54117647 0.42352941 0.64313725
v 0.03262987 0.02001638 -0.00565361 0.54117647 0.42352941 0.64313725
v 0.03274985 0.02021698 -0.00412277 0.54117647 0.42352941 0.64313725
v 0.03299314 0.01938805 -0.00565361 0.54117647 0.42352941 0.64313725
v 0.03367300 0.01813897 -0.00566073 0.54117647 0.42352941 0.64313725
v 0.03392294 0.01754850 -0.00608082 0.54117647 0.42352941 0.64313725
v 0.03419289 0.01706779 -0.00566073 0.54117647 0.42352941 0.64313725
v 0.03412290 0.01677255 -0.00691389 0.54117647 0.42352941 0.64313725
v 0.01068772 0.03709849 0.00187956 0.54117647 0.42352941 0.64313725
v 0.01194746 0.03673890 0.00187956 0.54117647 0.42352941 0.64313725
v 0.01268731 0.03650423 0.00187956 0.54117647 0.42352941 0.64313725
v 0.01331718 0.03627712 0.00187956 0.54117647 0.42352941 0.64313725
v 0.01446028 0.03585319 0.00187956 0.54117647 0.42352941 0.64313725
v 0.01557005 0.03541034 0.00187956 0.54117647 0.42352941 0.64313725
v 0.01619992 0.03514160 0.00187956 0.54117647 0.42352941 0.64313725
v 0.01697643 0.03478958 0.00187956 0.54117647 0.42352941 0.64313725
v 0.01815952 0.03422560 0.00187956 0.54117647 0.42352941 0.64313725
v 0.01948925 0.03345723 0.00062641 0.54117647 0.42352941 0.64313725
v 0.02048904 0.03290082 0.00062641 0.54117647 0.42352941 0.64313725
v 0.01878606 0.03390766 0.00187956 0.54117647 0.42352941 0.64313725
v 0.02111558 0.03253367 0.00062641 0.54117647 0.42352941 0.64313725
v 0.02200206 0.03196969 0.00062641 0.54117647 0.42352941 0.64313725
v 0.02272191 0.03149277 0.00062641 0.54117647 0.42352941 0.64313725
v 0.02335178 0.03105370 0.00062641 0.54117647 0.42352941 0.64313725
v 0.02421494 0.03042537 0.00062641 0.54117647 0.42352941 0.64313725
v 0.02484148 0.02992574 0.00062641 0.54117647 0.42352941 0.64313725
v 0.02557133 0.02929742 0.00062641 0.54117647 0.42352941 0.64313725
v 0.02619787 0.02872965 0.00062641 0.54117647 0.42352941 0.64313725
v 0.03475611 0.01572030 -0.00565361 0.54117647 0.42352941 0.64313725
v 0.03509937 0.01481187 -0.00565361 0.54117647 0.42352941 0.64313725
v 0.03532932 0.01418355 -0.00565361 0.54117647 0.42352941 0.64313725
v 0.03565259 0.01320321 -0.00565361 0.54117647 0.42352941 0.64313725
v 0.03602918 0.01194656 -0.00565361 0.54117647 0.42352941 0.64313725
v 0.03619248 0.01068991 -0.00691389 0.54117647 0.42352941 0.64313725
v 0.03640910 0.00981934 -0.00691389 0.54117647 0.42352941 0.64313725
v 0.03770217 0.00100765 -0.00617339 0.54117647 0.42352941 0.64313725
v 0.03779548 0.00060643 -0.00571769 0.54117647 0.42352941 0.64313725
v 0.03772883 0.00016736 -0.00635851 0.54117647 0.42352941 0.64313725
v 0.03786880 -0.00064643 -0.00563937 0.54117647 0.42352941 0.64313725
v 0.03645909 0.01005023 -0.00626595 0.54117647 0.42352941 0.64313725
v 0.03764218 0.00562546 -0.00312594 0.54117647 0.42352941 0.64313725
v 0.03651908 0.01026598 -0.00542576 0.54117647 0.42352941 0.64313725
v 0.03682901 0.00943326 -0.00440046 0.54117647 0.42352941 0.64313725
v 0.03722560 0.00817661 -0.00314018 0.54117647 0.42352941 0.64313725
v 0.03734891 0.00817661 -0.00187991 0.54117647 0.42352941 0.64313725
v 0.03760219 0.00679884 -0.00177310 0.54117647 0.42352941 0.64313725
v 0.03772216 0.00630299 -0.00127469 0.54117647 0.42352941 0.64313725
v 0.03776882 0.00562546 -0.00177310 0.54117647 0.42352941 0.64313725
v 0.03774216 0.00396381 -0.00398036 0.54117647 0.42352941 0.64313725
v 0.03789879 0.00314623 -0.00314018 0.54117647 0.42352941 0.64313725
v 0.03786547 0.00188958 -0.00440046 0.54117647 0.42352941 0.64313725
v 0.03794878 0.00062914 -0.00440046 0.54117647 0.42352941 0.64313725
v 0.02132553 0.01880893 0.03266730 0.54117647 0.42352941 0.64313725
v 0.02084230 0.01955459 0.03248218 0.54117647 0.42352941 0.64313725
v 0.02074565 0.02076582 0.03180576 0.54117647 0.42352941 0.64313725
v 0.01954257 0.02075825 0.03240386 0.54117647 0.42352941 0.64313725
v 0.01895269 0.02269622 0.03147823 0.54117647 0.42352941 0.64313725
v 0.01819951 0.02193920 0.03228281 0.54117647 0.42352941 0.64313725
v 0.01697643 0.02234799 0.03251066 0.54117647 0.42352941 0.64313725
v 0.01661317 0.02404750 0.03154943 0.54117647 0.42352941 0.64313725
v 0.01577334 0.02322613 0.03238961 0.54117647 0.42352941 0.64313725
v 0.01446028 0.02365006 0.03254626 0.54117647 0.42352941 0.64313725
v 0.01452027 0.02460769 0.03188408 0.54117647 0.42352941 0.64313725
v 0.01414035 0.02529279 0.03154231 0.54117647 0.42352941 0.64313725
v 0.01325719 0.02446007 0.03237537 0.54117647 0.42352941 0.64313725
v 0.01194746 0.02482723 0.03248930 0.54117647 0.42352941 0.64313725
v 0.01191080 0.02583406 0.03180576 0.54117647 0.42352941 0.64313725
v 0.01147089 0.02645860 0.03147823 0.54117647 0.42352941 0.64313725
v 0.01068772 0.02577350 0.03213329 0.54117647 0.42352941 0.64313725
v 0.00943131 0.02671977 0.03167759 0.54117647 0.42352941 0.64313725
v 0.00954796 0.02569022 0.03238249 0.54117647 0.42352941 0.64313725
v 0.00715512 0.02758655 0.03137143 0.54117647 0.42352941 0.64313725
v 0.00440235 0.02907410 0.03031764 0.54117647 0.42352941 0.64313725
v 0.00433903 0.02904003 0.03035324 0.54117647 0.42352941 0.64313725
v 0.00565876 0.02769254 0.03145687 0.54117647 0.42352941 0.64313725
v 0.00684851 0.02827923 0.03079469 0.54117647 0.42352941 0.64313725
v 0.00654524 0.02895676 0.03021795 0.54117647 0.42352941 0.64313725
v 0.00565876 0.02901354 0.03026780 0.54117647 0.42352941 0.64313725
v 0.00433903 0.02703015 0.03201224 0.54117647 0.42352941 0.64313725
v 0.03019704 -0.00064643 0.03145687 0.54117647 0.42352941 0.64313725
v 0.03079359 -0.00062751 0.03080181 0.54117647 0.42352941 0.64313725
v 0.03140013 -0.00062751 0.03013251 0.54117647 0.42352941 0.64313725
v 0.03184004 0.00062914 0.02947033 0.54117647 0.42352941 0.64313725
v 0.03179338 0.00188958 0.02941337 0.54117647 0.42352941 0.64313725
v 0.03132681 0.00188958 0.03003995 0.54117647 0.42352941 0.64313725
v 0.03061029 0.00314623 0.03063092 0.54117647 0.42352941 0.64313725
v 0.02950718 0.00801007 0.03076621 0.54117647 0.42352941 0.64313725
v 0.02931722 0.00943326 0.03059532 0.54117647 0.42352941 0.64313725
v 0.03050031 0.00440288 0.03053124 0.54117647 0.42352941 0.64313725
v 0.03038034 0.00565953 0.03040308 0.54117647 0.42352941 0.64313725
v 0.03018038 0.00757478 0.03018235 0.54117647 0.42352941 0.64313725
v 0.02518807 0.01641297 0.03146399 0.54117647 0.42352941 0.64313725
v 0.02448488 0.01688989 0.03169895 0.54117647 0.42352941 0.64313725
v 0.02327180 0.01703751 0.03240386 0.54117647 0.42352941 0.64313725
v 0.02404497 0.01779831 0.03153519 0.54117647 0.42352941 0.64313725
v 0.02327847 0.01822224 0.03180576 0.54117647 0.42352941 0.64313725
v 0.02286855 0.01913066 0.03158503 0.54117647 0.42352941 0.64313725
v 0.02207538 0.01832822 0.03248930 0.54117647 0.42352941 0.64313725
v 0.02732763 0.01320321 0.03115070 0.54117647 0.42352941 0.64313725
v 0.02648781 0.01399430 0.03149959 0.54117647 0.42352941 0.64313725
v 0.02626785 0.01483080 0.03132158 0.54117647 0.42352941 0.64313725
v 0.02602124 0.01572030 0.03112222 0.54117647 0.42352941 0.64313725
v 0.02913393 0.01068991 0.03040308 0.54117647 0.42352941 0.64313725
v 0.02899396 0.01153399 0.03025355 0.54117647 0.42352941 0.64313725
v 0.02803416 0.01320321 0.03052412 0.54117647 0.42352941 0.64313725
v 0.02781753 0.01413434 0.03031764 0.54117647 0.42352941 0.64313725
v 0.02884066 0.01237049 0.03008979 0.54117647 0.42352941 0.64313725
v 0.00433903 0.03795392 0.00069049 0.54117647 0.42352941 0.64313725
v 0.00433903 0.03798798 0.00187956 0.54117647 0.42352941 0.64313725
v 0.00440235 0.03798420 0.00187956 0.54117647 0.42352941 0.64313725
v 0.00565876 0.03792742 0.00313984 0.54117647 0.42352941 0.64313725
v 0.00565876 0.03788957 0.00187956 0.54117647 0.42352941 0.64313725
v 0.00691850 0.03781766 0.00313984 0.54117647 0.42352941 0.64313725
v 0.00691850 0.03783658 0.00440011 0.54117647 0.42352941 0.64313725
v 0.00767834 0.03773817 0.00313984 0.54117647 0.42352941 0.64313725
v 0.00830821 0.03764733 0.00313984 0.54117647 0.42352941 0.64313725
v 0.00943131 0.03743157 0.00313984 0.54117647 0.42352941 0.64313725
v 0.02687439 0.02810133 0.00062641 0.54117647 0.42352941 0.64313725
v 0.02750426 0.02751085 0.00062641 0.54117647 0.42352941 0.64313725
v 0.02813413 0.02688253 0.00062641 0.54117647 0.42352941 0.64313725
v 0.02871068 0.02617850 -0.00062675 0.54117647 0.42352941 0.64313725
v 0.02876400 0.02623149 0.00062641 0.54117647 0.42352941 0.64313725
v 0.02926390 0.02555018 -0.00062675 0.54117647 0.42352941 0.64313725
v 0.02989377 0.02480073 -0.00062675 0.54117647 0.42352941 0.64313725
v 0.03040367 0.02417240 -0.00062675 0.54117647 0.42352941 0.64313725
v 0.03103354 0.02335482 -0.00062675 0.54117647 0.42352941 0.64313725
v 0.03150011 0.02272650 -0.00062675 0.54117647 0.42352941 0.64313725
v 0.03179005 0.02211710 -0.00192263 0.54117647 0.42352941 0.64313725
v 0.03242325 0.02094751 -0.00314018 0.54117647 0.42352941 0.64313725
v 0.03239992 0.02067877 -0.00448590 0.54117647 0.42352941 0.64313725
v 0.03280651 0.02031540 -0.00314018 0.54117647 0.42352941 0.64313725
v 0.03325641 0.01948646 -0.00314018 0.54117647 0.42352941 0.64313725
v 0.03370299 0.01838879 -0.00440046 0.54117647 0.42352941 0.64313725
v 0.03402626 0.01776046 -0.00440046 0.54117647 0.42352941 0.64313725
v 0.03397293 0.01765826 -0.00524064 0.54117647 0.42352941 0.64313725
v 0.03440618 0.01697695 -0.00440046 0.54117647 0.42352941 0.64313725
v 0.03498272 0.01562567 -0.00437197 0.54117647 0.42352941 0.64313725
v 0.01068772 0.03712498 0.00313984 0.54117647 0.42352941 0.64313725
v 0.01194746 0.03678054 0.00313984 0.54117647 0.42352941 0.64313725
v 0.01276396 0.03652694 0.00313984 0.54117647 0.42352941 0.64313725
v 0.01339050 0.03630362 0.00313984 0.54117647 0.42352941 0.64313725
v 0.01446028 0.03590240 0.00313984 0.54117647 0.42352941 0.64313725
v 0.01563004 0.03543305 0.00313984 0.54117647 0.42352941 0.64313725
v 0.01625658 0.03516431 0.00313984 0.54117647 0.42352941 0.64313725
v 0.01697643 0.03482743 0.00313984 0.54117647 0.42352941 0.64313725
v 0.01818618 0.03424074 0.00313984 0.54117647 0.42352941 0.64313725
v 0.01881605 0.03392280 0.00313984 0.54117647 0.42352941 0.64313725
v 0.01948925 0.03351401 0.00187956 0.54117647 0.42352941 0.64313725
v 0.02054236 0.03292353 0.00187956 0.54117647 0.42352941 0.64313725
v 0.02117223 0.03256774 0.00187956 0.54117647 0.42352941 0.64313725
v 0.02200206 0.03201890 0.00187956 0.54117647 0.42352941 0.64313725
v 0.02282523 0.03157226 0.00440011 0.54117647 0.42352941 0.64313725
v 0.02425160 0.03044808 0.00187956 0.54117647 0.42352941 0.64313725
v 0.02487814 0.02995981 0.00187956 0.54117647 0.42352941 0.64313725
v 0.02560132 0.02933148 0.00187956 0.54117647 0.42352941 0.64313725
v 0.02623119 0.02875615 0.00187956 0.54117647 0.42352941 0.64313725
v 0.02757758 0.02758277 0.00313984 0.54117647 0.42352941 0.64313725
v 0.02754426 0.02754871 0.00187956 0.54117647 0.42352941 0.64313725
v 0.03516936 0.01499356 -0.00477071 0.54117647 0.42352941 0.64313725
v 0.03538931 0.01452799 -0.00437197 0.54117647 0.42352941 0.64313725
v 0.03582589 0.01320321 -0.00440046 0.54117647 0.42352941 0.64313725
v 0.03619248 0.01194656 -0.00440046 0.54117647 0.42352941 0.64313725
v 0.03635911 0.01068613 -0.00576753 0.54117647 0.42352941 0.64313725
v 0.03801210 -0.00062751 -0.00440046 0.54117647 0.42352941 0.64313725
v 0.03801210 -0.00064643 -0.00440046 0.54117647 0.42352941 0.64313725
v 0.03773882 0.00518639 -0.00269873 0.54117647 0.42352941 0.64313725
v 0.03641243 0.01113655 -0.00440046 0.54117647 0.42352941 0.64313725
v 0.03645576 0.01129553 -0.00371692 0.54117647 0.42352941 0.64313725
v 0.03657906 0.01050823 -0.00440046 0.54117647 0.42352941 0.64313725
v 0.03663572 0.01079968 -0.00323274 0.54117647 0.42352941 0.64313725
v 0.03680235 0.01068991 -0.00187991 0.54117647 0.42352941 0.64313725
v 0.03695899 0.00943326 -0.00314018 0.54117647 0.42352941 0.64313725
v 0.03708229 0.00943326 -0.00187991 0.54117647 0.42352941 0.64313725
v 0.03745222 0.00817661 -0.00062675 0.54117647 0.42352941 0.64313725
v 0.03764551 0.00706380 -0.00062675 0.54117647 0.42352941 0.64313725
v 0.03774216 0.00643547 -0.00062675 0.54117647 0.42352941 0.64313725
v 0.03793212 0.00565953 0.00062641 0.54117647 0.42352941 0.64313725
v 0.03785547 0.00565953 -0.00062675 0.54117647 0.42352941 0.64313725
v 0.03800877 0.00440288 -0.00062675 0.54117647 0.42352941 0.64313725
v 0.03790546 0.00440288 -0.00187991 0.54117647 0.42352941 0.64313725
v 0.03778215 0.00439152 -0.00312594 0.54117647 0.42352941 0.64313725
v 0.03802210 0.00314623 -0.00187991 0.54117647 0.42352941 0.64313725
v 0.03799211 0.00188958 -0.00314018 0.54117647 0.42352941 0.64313725
v 0.03806542 0.00062914 -0.00314018 0.54117647 0.42352941 0.64313725
v 0.02203872 0.01952431 0.03185560 0.54117647 0.42352941 0.64313725
v 0.02164547 0.02036082 0.03158503 0.54117647 0.42352941 0.64313725
v 0.02116223 0.02120111 0.03130734 0.54117647 0.42352941 0.64313725
v 0.02032574 0.02153420 0.03153519 0.54117647 0.42352941 0.64313725
v 0.01941926 0.02197327 0.03170607 0.54117647 0.42352941 0.64313725
v 0.01978918 0.02237449 0.03125038 0.54117647 0.42352941 0.64313725
v 0.01944925 0.02322992 0.03078045 0.54117647 0.42352941 0.64313725
v 0.01911266 0.02405885 0.03031764 0.54117647 0.42352941 0.64313725
v 0.01823284 0.02354786 0.03117206 0.54117647 0.42352941 0.64313725
v 0.01745300 0.02379011 0.03135718 0.54117647 0.42352941 0.64313725
v 0.01823284 0.02291954 0.03163487 0.54117647 0.42352941 0.64313725
v 0.01700976 0.02332833 0.03186272 0.54117647 0.42352941 0.64313725
v 0.01572002 0.02427839 0.03171319 0.54117647 0.42352941 0.64313725
v 0.01700976 0.02448657 0.03100830 0.54117647 0.42352941 0.64313725
v 0.01697643 0.02532307 0.03033188 0.54117647 0.42352941 0.64313725
v 0.01572002 0.02490671 0.03123614 0.54117647 0.42352941 0.64313725
v 0.01497684 0.02508840 0.03138567 0.54117647 0.42352941 0.64313725
v 0.01320387 0.02548962 0.03169184 0.54117647 0.42352941 0.64313725
v 0.01452027 0.02573565 0.03102966 0.54117647 0.42352941 0.64313725
v 0.01320387 0.02611794 0.03119342 0.54117647 0.42352941 0.64313725
v 0.01068772 0.02657215 0.03156367 0.54117647 0.42352941 0.64313725
v 0.01230739 0.02629584 0.03134294 0.54117647 0.42352941 0.64313725
v 0.01196079 0.02703772 0.03080893 0.54117647 0.42352941 0.64313725
v 0.01161087 0.02775688 0.03026780 0.54117647 0.42352941 0.64313725
v 0.01068772 0.02720048 0.03101542 0.54117647 0.42352941 0.64313725
v 0.00817490 0.02748057 0.03128598 0.54117647 0.42352941 0.64313725
v 0.00738174 0.02888863 0.03014675 0.54117647 0.42352941 0.64313725
v 0.00433903 0.02907788 0.03031764 0.54117647 0.42352941 0.64313725
v 0.00440235 0.02970242 0.02968394 0.54117647 0.42352941 0.64313725
v 0.00433903 0.02967214 0.02971954 0.54117647 0.42352941 0.64313725
v 0.00433903 0.02836250 0.03095133 0.54117647 0.42352941 0.64313725
v 0.00440235 0.02773039 0.03149247 0.54117647 0.42352941 0.64313725
v 0.00628529 0.03017556 0.02891496 0.54117647 0.42352941 0.64313725
v 0.00544880 0.03023612 0.02898616 0.54117647 0.42352941 0.64313725
v 0.00440235 0.03029668 0.02905736 0.54117647 0.42352941 0.64313725
v 0.00433903 0.02773417 0.03149247 0.54117647 0.42352941 0.64313725
v 0.03079359 -0.00064643 0.03080181 0.54117647 0.42352941 0.64313725
v 0.03140013 -0.00064643 0.03013251 0.54117647 0.42352941 0.64313725
v 0.03184004 -0.00064643 0.02951305 0.54117647 0.42352941 0.64313725
v 0.03246658 0.00062914 0.02858031 0.54117647 0.42352941 0.64313725
v 0.03242325 0.00188958 0.02853047 0.54117647 0.42352941 0.64313725
v 0.03173673 0.00314623 0.02932081 0.54117647 0.42352941 0.64313725
v 0.03123683 0.00314623 0.02994739 0.54117647 0.42352941 0.64313725
v 0.03008040 0.00841507 0.03006843 0.54117647 0.42352941 0.64313725
v 0.02994709 0.00943326 0.02991179 0.54117647 0.42352941 0.64313725
v 0.03113018 0.00440288 0.02981210 0.54117647 0.42352941 0.64313725
v 0.03100688 0.00565953 0.02965546 0.54117647 0.42352941 0.64313725
v 0.03095022 0.00683669 0.02942761 0.54117647 0.42352941 0.64313725
v 0.03136680 0.00720384 0.02882239 0.54117647 0.42352941 0.64313725
v 0.03054697 0.00806684 0.02960562 0.54117647 0.42352941 0.64313725
v 0.02488147 0.01724947 0.03124326 0.54117647 0.42352941 0.64313725
v 0.02653779 0.01655680 0.03029628 0.54117647 0.42352941 0.64313725
v 0.02572463 0.01690503 0.03077333 0.54117647 0.42352941 0.64313725
v 0.02370838 0.01863482 0.03130734 0.54117647 0.42352941 0.64313725
v 0.02327847 0.01952431 0.03106526 0.54117647 0.42352941 0.64313725
v 0.02248196 0.01996717 0.03133583 0.54117647 0.42352941 0.64313725
v 0.02677108 0.01572030 0.03049564 0.54117647 0.42352941 0.64313725
v 0.02976047 0.01068991 0.02969818 0.54117647 0.42352941 0.64313725
v 0.03020038 0.01139394 0.02895056 0.54117647 0.42352941 0.64313725
v 0.02866403 0.01320321 0.02990467 0.54117647 0.42352941 0.64313725
v 0.02833076 0.01453556 0.02958426 0.54117647 0.42352941 0.64313725
v 0.02759758 0.01497463 0.03011115 0.54117647 0.42352941 0.64313725
v 0.02922724 0.01320321 0.02927809 0.54117647 0.42352941 0.64313725
v 0.00433903 0.03801448 0.00313984 0.54117647 0.42352941 0.64313725
v 0.00440235 0.03801069 0.00313984 0.54117647 0.42352941 0.64313725
v 0.00565876 0.03795392 0.00440011 0.54117647 0.42352941 0.64313725
v 0.00565876 0.03793878 0.00565327 0.54117647 0.42352941 0.64313725
v 0.00695849 0.03780252 0.00561054 0.54117647 0.42352941 0.64313725
v 0.00761502 0.03773060 0.00515485 0.54117647 0.42352941 0.64313725
v 0.00766168 0.03773817 0.00440011 0.54117647 0.42352941 0.64313725
v 0.00829155 0.03763597 0.00440011 0.54117647 0.42352941 0.64313725
v 0.00943131 0.03741265 0.00440011 0.54117647 0.42352941 0.64313725
v 0.01068772 0.03710984 0.00440011 0.54117647 0.42352941 0.64313725
v 0.02817413 0.02692038 0.00187956 0.54117647 0.42352941 0.64313725
v 0.02880066 0.02626934 0.00187956 0.54117647 0.42352941 0.64313725
v 0.02930389 0.02560317 0.00062641 0.54117647 0.42352941 0.64313725
v 0.02993377 0.02484993 0.00062641 0.54117647 0.42352941 0.64313725
v 0.03044699 0.02422161 0.00062641 0.54117647 0.42352941 0.64313725
v 0.03107353 0.02341160 0.00062641 0.54117647 0.42352941 0.64313725
v 0.03153677 0.02278328 0.00062641 0.54117647 0.42352941 0.64313725
v 0.03205333 0.02200355 0.00062641 0.54117647 0.42352941 0.64313725
v 0.03197334 0.02200355 -0.00062675 0.54117647 0.42352941 0.64313725
v 0.03248657 0.02104213 -0.00187991 0.54117647 0.42352941 0.64313725
v 0.03286316 0.02041381 -0.00187991 0.54117647 0.42352941 0.64313725
v 0.03336972 0.01948646 -0.00187991 0.54117647 0.42352941 0.64313725
v 0.03409957 0.01789294 -0.00314018 0.54117647 0.42352941 0.64313725
v 0.03382630 0.01863482 -0.00187991 0.54117647 0.42352941 0.64313725
v 0.03415956 0.01800649 -0.00187991 0.54117647 0.42352941 0.64313725
v 0.03454282 0.01697695 -0.00314018 0.54117647 0.42352941 0.64313725
v 0.03501605 0.01589820 -0.00314018 0.54117647 0.42352941 0.64313725
v 0.03522601 0.01514496 -0.00393052 0.54117647 0.42352941 0.64313725
v 0.03527933 0.01526987 -0.00314018 0.54117647 0.42352941 0.64313725
v 0.01194746 0.03676918 0.00440011 0.54117647 0.42352941 0.64313725
v 0.01276063 0.03652694 0.00440011 0.54117647 0.42352941 0.64313725
v 0.01338717 0.03630362 0.00440011 0.54117647 0.42352941 0.64313725
v 0.01446028 0.03590997 0.00440011 0.54117647 0.42352941 0.64313725
v 0.01564670 0.03544062 0.00440011 0.54117647 0.42352941 0.64313725
v 0.01627324 0.03517188 0.00440011 0.54117647 0.42352941 0.64313725
v 0.01697643 0.03484636 0.00440011 0.54117647 0.42352941 0.64313725
v 0.01819284 0.03424832 0.00440011 0.54117647 0.42352941 0.64313725
v 0.02119889 0.03258666 0.00313984 0.54117647 0.42352941 0.64313725
v 0.01881938 0.03392658 0.00440011 0.54117647 0.42352941 0.64313725
v 0.02121556 0.03260180 0.00440011 0.54117647 0.42352941 0.64313725
v 0.02200206 0.03211352 0.00440011 0.54117647 0.42352941 0.64313725
v 0.02200206 0.03206810 0.00313984 0.54117647 0.42352941 0.64313725
v 0.02200206 0.03209838 0.00565327 0.54117647 0.42352941 0.64313725
v 0.02280856 0.03156468 0.00565327 0.54117647 0.42352941 0.64313725
v 0.02343843 0.03109533 0.00565327 0.54117647 0.42352941 0.64313725
v 0.02345176 0.03109912 0.00440011 0.54117647 0.42352941 0.64313725
v 0.02426160 0.03046322 0.00313984 0.54117647 0.42352941 0.64313725
v 0.02488814 0.02996738 0.00313984 0.54117647 0.42352941 0.64313725
v 0.02564131 0.02934284 0.00440011 0.54117647 0.42352941 0.64313725
v 0.02562465 0.02933905 0.00313984 0.54117647 0.42352941 0.64313725
v 0.02627118 0.02880157 0.00440011 0.54117647 0.42352941 0.64313725
v 0.02625452 0.02878264 0.00313984 0.54117647 0.42352941 0.64313725
v 0.02695104 0.02815432 0.00313984 0.54117647 0.42352941 0.64313725
v 0.02819745 0.02695445 0.00313984 0.54117647 0.42352941 0.64313725
v 0.02696437 0.02817324 0.00440011 0.54117647 0.42352941 0.64313725
v 0.02759425 0.02759791 0.00440011 0.54117647 0.42352941 0.64313725
v 0.03557594 0.01445986 -0.00314018 0.54117647 0.42352941 0.64313725
v 0.03598918 0.01320321 -0.00314018 0.54117647 0.42352941 0.64313725
v 0.03634578 0.01191628 -0.00323274 0.54117647 0.42352941 0.64313725
v 0.03812875 -0.00062751 -0.00314018 0.54117647 0.42352941 0.64313725
v 0.03812875 -0.00064643 -0.00314018 0.54117647 0.42352941 0.64313725
v 0.03650575 0.01147721 -0.00287673 0.54117647 0.42352941 0.64313725
v 0.03655907 0.01166646 -0.00187991 0.54117647 0.42352941 0.64313725
v 0.03660573 0.01183301 -0.00062675 0.54117647 0.42352941 0.64313725
v 0.03688900 0.01068991 -0.00062675 0.54117647 0.42352941 0.64313725
v 0.03718227 0.00943326 -0.00062675 0.54117647 0.42352941 0.64313725
v 0.03752887 0.00817661 0.00062641 0.54117647 0.42352941 0.64313725
v 0.03767884 0.00729469 0.00062641 0.54117647 0.42352941 0.64313725
v 0.03778215 0.00666636 0.00062641 0.54117647 0.42352941 0.64313725
v 0.03780881 0.00683669 0.00187956 0.54117647 0.42352941 0.64313725
v 0.03797878 0.00565953 0.00187956 0.54117647 0.42352941 0.64313725
v 0.03808209 0.00440288 0.00062641 0.54117647 0.42352941 0.64313725
v 0.03812208 0.00314623 -0.00062675 0.54117647 0.42352941 0.64313725
v 0.03810875 0.00188958 -0.00187991 0.54117647 0.42352941 0.64313725
v 0.02203872 0.02076582 0.03106526 0.54117647 0.42352941 0.64313725
v 0.02266859 0.02140550 0.03019659 0.54117647 0.42352941 0.64313725
v 0.02200206 0.02168560 0.03041732 0.54117647 0.42352941 0.64313725
v 0.02133220 0.02259402 0.03014675 0.54117647 0.42352941 0.64313725
v 0.02082897 0.02206411 0.03085877 0.54117647 0.42352941 0.64313725
v 0.02049237 0.02292332 0.03041020 0.54117647 0.42352941 0.64313725
v 0.01994915 0.02376361 0.03006843 0.54117647 0.42352941 0.64313725
v 0.01811286 0.02449414 0.03047428 0.54117647 0.42352941 0.64313725
v 0.01955257 0.02455848 0.02958426 0.54117647 0.42352941 0.64313725
v 0.01844946 0.02489536 0.02994027 0.54117647 0.42352941 0.64313725
v 0.01761296 0.02514896 0.03017523 0.54117647 0.42352941 0.64313725
v 0.01563004 0.02578864 0.03053836 0.54117647 0.42352941 0.64313725
v 0.01598996 0.02621635 0.02999011 0.54117647 0.42352941 0.64313725
v 0.01515014 0.02643210 0.03020371 0.54117647 0.42352941 0.64313725
v 0.01446028 0.02657972 0.03033900 0.54117647 0.42352941 0.64313725
v 0.01320387 0.02684089 0.03056684 0.54117647 0.42352941 0.64313725
v 0.00943131 0.02734809 0.03115782 0.54117647 0.42352941 0.64313725
v 0.01245069 0.02761684 0.03013251 0.54117647 0.42352941 0.64313725
v 0.01199412 0.02830572 0.02956289 0.54117647 0.42352941 0.64313725
v 0.01153755 0.02897947 0.02898616 0.54117647 0.42352941 0.64313725
v 0.01068772 0.02850633 0.02974090 0.54117647 0.42352941 0.64313725
v 0.01068772 0.02787801 0.03038884 0.54117647 0.42352941 0.64313725
v 0.00943131 0.02802941 0.03053124 0.54117647 0.42352941 0.64313725
v 0.00817490 0.02817324 0.03065229 0.54117647 0.42352941 0.64313725
v 0.00817490 0.02880157 0.03005419 0.54117647 0.42352941 0.64313725
v 0.00817490 0.02936176 0.02942761 0.54117647 0.42352941 0.64313725
v 0.00691850 0.03011878 0.02884376 0.54117647 0.42352941 0.64313725
v 0.00433903 0.02970621 0.02968394 0.54117647 0.42352941 0.64313725
v 0.00691850 0.03058056 0.02821718 0.54117647 0.42352941 0.64313725
v 0.00565876 0.03131487 0.02748380 0.54117647 0.42352941 0.64313725
v 0.00578540 0.03062220 0.02840942 0.54117647 0.42352941 0.64313725
v 0.00433903 0.03139814 0.02761196 0.54117647 0.42352941 0.64313725
v 0.00440235 0.03088715 0.02828838 0.54117647 0.42352941 0.64313725
v 0.00433903 0.03029668 0.02905736 0.54117647 0.42352941 0.64313725
v 0.00433903 0.03026640 0.02909296 0.54117647 0.42352941 0.64313725
v 0.00433903 0.03085687 0.02833110 0.54117647 0.42352941 0.64313725
v 0.03247657 -0.00064643 0.02860167 0.54117647 0.42352941 0.64313725
v 0.03247657 -0.00062751 0.02860167 0.54117647 0.42352941 0.64313725
v 0.03289316 -0.00062751 0.02797509 0.54117647 0.42352941 0.64313725
v 0.03287649 0.00062914 0.02795373 0.54117647 0.42352941 0.64313725
v 0.03284983 0.00188958 0.02789677 0.54117647 0.42352941 0.64313725
v 0.03278984 0.00314623 0.02781133 0.54117647 0.42352941 0.64313725
v 0.03236660 0.00314623 0.02843790 0.54117647 0.42352941 0.64313725
v 0.03234327 0.00444830 0.02820294 0.54117647 0.42352941 0.64313725
v 0.03164341 0.00440288 0.02918552 0.54117647 0.42352941 0.64313725
v 0.03047365 0.00943326 0.02928521 0.54117647 0.42352941 0.64313725
v 0.03144679 0.00636355 0.02893632 0.54117647 0.42352941 0.64313725
v 0.03126682 0.00817661 0.02867999 0.54117647 0.42352941 0.64313725
v 0.03205333 0.00565953 0.02828838 0.54117647 0.42352941 0.64313725
v 0.03259655 0.00565953 0.02751228 0.54117647 0.42352941 0.64313725
v 0.02542136 0.01798378 0.03041020 0.54117647 0.42352941 0.64313725
v 0.02457820 0.01830930 0.03085877 0.54117647 0.42352941 0.64313725
v 0.02740095 0.01572030 0.02991890 0.54117647 0.42352941 0.64313725
v 0.02778087 0.01655302 0.02905024 0.54117647 0.42352941 0.64313725
v 0.02703103 0.01697316 0.02954153 0.54117647 0.42352941 0.64313725
v 0.02626119 0.01739709 0.03003995 0.54117647 0.42352941 0.64313725
v 0.02420161 0.01948646 0.03041732 0.54117647 0.42352941 0.64313725
v 0.02392167 0.02015642 0.03020371 0.54117647 0.42352941 0.64313725
v 0.02315516 0.02064091 0.03040308 0.54117647 0.42352941 0.64313725
v 0.03110352 0.00943326 0.02843790 0.54117647 0.42352941 0.64313725
v 0.03132681 0.01091323 0.02749092 0.54117647 0.42352941 0.64313725
v 0.03117018 0.01194656 0.02724883 0.54117647 0.42352941 0.64313725
v 0.03048365 0.01186707 0.02830974 0.54117647 0.42352941 0.64313725
v 0.03032368 0.01320321 0.02786829 0.54117647 0.42352941 0.64313725
v 0.03004707 0.01223044 0.02874407 0.54117647 0.42352941 0.64313725
v 0.02903728 0.01410028 0.02905736 0.54117647 0.42352941 0.64313725
v 0.02884399 0.01493678 0.02882951 0.54117647 0.42352941 0.64313725
v 0.02801083 0.01572030 0.02928521 0.54117647 0.42352941 0.64313725
v 0.02985378 0.01320321 0.02849487 0.54117647 0.42352941 0.64313725
v 0.00433903 0.03801826 0.00440011 0.54117647 0.42352941 0.64313725
v 0.00440235 0.03801826 0.00440011 0.54117647 0.42352941 0.64313725
v 0.00440235 0.03800691 0.00565327 0.54117647 0.42352941 0.64313725
v 0.00433903 0.03794635 0.00691354 0.54117647 0.42352941 0.64313725
v 0.00433903 0.03794256 0.00697762 0.54117647 0.42352941 0.64313725
v 0.00565876 0.03784794 0.00691354 0.54117647 0.42352941 0.64313725
v 0.00809159 0.03761326 0.00561054 0.54117647 0.42352941 0.64313725
v 0.00650525 0.03775709 0.00691354 0.54117647 0.42352941 0.64313725
v 0.00943131 0.03716662 0.00816670 0.54117647 0.42352941 0.64313725
v 0.00943131 0.03727639 0.00691354 0.54117647 0.42352941 0.64313725
v 0.00943131 0.03736345 0.00565327 0.54117647 0.42352941 0.64313725
v 0.01068772 0.03706442 0.00565327 0.54117647 0.42352941 0.64313725
v 0.02882399 0.02629584 0.00313984 0.54117647 0.42352941 0.64313725
v 0.02935722 0.02566751 0.00313984 0.54117647 0.42352941 0.64313725
v 0.02998709 0.02491428 0.00313984 0.54117647 0.42352941 0.64313725
v 0.03048698 0.02428596 0.00313984 0.54117647 0.42352941 0.64313725
v 0.03109353 0.02343810 0.00187956 0.54117647 0.42352941 0.64313725
v 0.03156343 0.02280977 0.00187956 0.54117647 0.42352941 0.64313725
v 0.03209998 0.02200355 0.00187956 0.54117647 0.42352941 0.64313725
v 0.03259988 0.02122382 0.00187956 0.54117647 0.42352941 0.64313725
v 0.03257655 0.02117840 0.00062641 0.54117647 0.42352941 0.64313725
v 0.03253656 0.02111784 -0.00062675 0.54117647 0.42352941 0.64313725
v 0.03290648 0.02048951 -0.00062675 0.54117647 0.42352941 0.64313725
v 0.03346304 0.01948646 -0.00062675 0.54117647 0.42352941 0.64313725
v 0.03387629 0.01872187 -0.00062675 0.54117647 0.42352941 0.64313725
v 0.03465613 0.01697695 -0.00187991 0.54117647 0.42352941 0.64313725
v 0.03420622 0.01809733 -0.00062675 0.54117647 0.42352941 0.64313725
v 0.03475611 0.01697695 -0.00062675 0.54117647 0.42352941 0.64313725
v 0.03507604 0.01605339 -0.00187991 0.54117647 0.42352941 0.64313725
v 0.03534599 0.01542506 -0.00187991 0.54117647 0.42352941 0.64313725
v 0.03570258 0.01445986 -0.00187991 0.54117647 0.42352941 0.64313725
v 0.01194746 0.03671619 0.00565327 0.54117647 0.42352941 0.64313725
v 0.01269064 0.03650044 0.00565327 0.54117647 0.42352941 0.64313725
v 0.01446028 0.03581913 0.00691354 0.54117647 0.42352941 0.64313725
v 0.01446028 0.03586833 0.00565327 0.54117647 0.42352941 0.64313725
v 0.01561338 0.03542548 0.00565327 0.54117647 0.42352941 0.64313725
v 0.01624325 0.03516052 0.00565327 0.54117647 0.42352941 0.64313725
v 0.01697643 0.03483122 0.00565327 0.54117647 0.42352941 0.64313725
v 0.01817951 0.03424832 0.00565327 0.54117647 0.42352941 0.64313725
v 0.01880938 0.03391901 0.00565327 0.54117647 0.42352941 0.64313725
v 0.02120889 0.03259802 0.00565327 0.54117647 0.42352941 0.64313725
v 0.02117223 0.03257152 0.00691354 0.54117647 0.42352941 0.64313725
v 0.02266193 0.03145492 0.00915640 0.54117647 0.42352941 0.64313725
v 0.02482815 0.02994088 0.00816670 0.54117647 0.42352941 0.64313725
v 0.02424493 0.03043673 0.00691354 0.54117647 0.42352941 0.64313725
v 0.02426160 0.03046701 0.00565327 0.54117647 0.42352941 0.64313725
v 0.02487147 0.02996359 0.00691354 0.54117647 0.42352941 0.64313725
v 0.02426826 0.03047079 0.00440011 0.54117647 0.42352941 0.64313725
v 0.02489480 0.02997116 0.00440011 0.54117647 0.42352941 0.64313725
v 0.02564465 0.02933905 0.00565327 0.54117647 0.42352941 0.64313725
v 0.02627452 0.02880536 0.00565327 0.54117647 0.42352941 0.64313725
v 0.02820412 0.02696959 0.00440011 0.54117647 0.42352941 0.64313725
v 0.02696104 0.02817703 0.00565327 0.54117647 0.42352941 0.64313725
v 0.02759091 0.02759034 0.00565327 0.54117647 0.42352941 0.64313725
v 0.03611249 0.01320321 -0.00187991 0.54117647 0.42352941 0.64313725
v 0.03638244 0.01229479 -0.00187991 0.54117647 0.42352941 0.64313725
v 0.03822873 -0.00062751 -0.00187991 0.54117647 0.42352941 0.64313725
v 0.03822873 -0.00064643 -0.00187991 0.54117647 0.42352941 0.64313725
v 0.03642910 0.01246133 -0.00062675 0.54117647 0.42352941 0.64313725
v 0.03662905 0.01190493 0.00062641 0.54117647 0.42352941 0.64313725
v 0.03699231 0.01068991 0.00187956 0.54117647 0.42352941 0.64313725
v 0.03694899 0.01068991 0.00062641 0.54117647 0.42352941 0.64313725
v 0.03725892 0.00943326 0.00062641 0.54117647 0.42352941 0.64313725
v 0.03757886 0.00817661 0.00187956 0.54117647 0.42352941 0.64313725
v 0.03770550 0.00746502 0.00187956 0.54117647 0.42352941 0.64313725
v 0.03771883 0.00754072 0.00255598 0.54117647 0.42352941 0.64313725
v 0.03780881 0.00703730 0.00304015 0.54117647 0.42352941 0.64313725
v 0.03800211 0.00565953 0.00313984 0.54117647 0.42352941 0.64313725
v 0.03812208 0.00440288 0.00187956 0.54117647 0.42352941 0.64313725
v 0.03819540 0.00314623 0.00062641 0.54117647 0.42352941 0.64313725
v 0.03820540 0.00188958 -0.00062675 0.54117647 0.42352941 0.64313725
v 0.02350842 0.02099293 0.02988330 0.54117647 0.42352941 0.64313725
v 0.02403164 0.02152284 0.02904312 0.54117647 0.42352941 0.64313725
v 0.02313183 0.02188242 0.02944185 0.54117647 0.42352941 0.64313725
v 0.02275524 0.02274164 0.02900752 0.54117647 0.42352941 0.64313725
v 0.02189542 0.02319964 0.02922112 0.54117647 0.42352941 0.64313725
v 0.02140552 0.02391123 0.02893632 0.54117647 0.42352941 0.64313725
v 0.02084563 0.02330940 0.02985482 0.54117647 0.42352941 0.64313725
v 0.02074899 0.02415726 0.02916416 0.54117647 0.42352941 0.64313725
v 0.01999581 0.02505812 0.02882951 0.54117647 0.42352941 0.64313725
v 0.01915598 0.02533443 0.02910008 0.54117647 0.42352941 0.64313725
v 0.01803954 0.02565995 0.02943473 0.54117647 0.42352941 0.64313725
v 0.01762963 0.02641696 0.02892920 0.54117647 0.42352941 0.64313725
v 0.01697643 0.02595140 0.02973378 0.54117647 0.42352941 0.64313725
v 0.01697643 0.02658729 0.02910720 0.54117647 0.42352941 0.64313725
v 0.01555339 0.02695066 0.02946321 0.54117647 0.42352941 0.64313725
v 0.01512014 0.02767361 0.02892920 0.54117647 0.42352941 0.64313725
v 0.01446028 0.02781745 0.02908584 0.54117647 0.42352941 0.64313725
v 0.01446028 0.02720805 0.02971242 0.54117647 0.42352941 0.64313725
v 0.01320387 0.02746922 0.02998299 0.54117647 0.42352941 0.64313725
v 0.01320387 0.02807483 0.02935641 0.54117647 0.42352941 0.64313725
v 0.01237404 0.02885456 0.02883664 0.54117647 0.42352941 0.64313725
v 0.01068772 0.02908924 0.02911432 0.54117647 0.42352941 0.64313725
v 0.01195080 0.02933527 0.02836670 0.54117647 0.42352941 0.64313725
v 0.01117762 0.03013771 0.02760484 0.54117647 0.42352941 0.64313725
v 0.01073105 0.02978569 0.02822430 0.54117647 0.42352941 0.64313725
v 0.00943131 0.02865774 0.02990467 0.54117647 0.42352941 0.64313725
v 0.00817490 0.02999009 0.02867999 0.54117647 0.42352941 0.64313725
v 0.00943131 0.03034210 0.02788253 0.54117647 0.42352941 0.64313725
v 0.00817490 0.03045944 0.02805341 0.54117647 0.42352941 0.64313725
v 0.00691850 0.03120889 0.02733427 0.54117647 0.42352941 0.64313725
v 0.00565876 0.03173880 0.02685722 0.54117647 0.42352941 0.64313725
v 0.00440235 0.03182586 0.02697826 0.54117647 0.42352941 0.64313725
v 0.00433903 0.03178422 0.02704234 0.54117647 0.42352941 0.64313725
v 0.00433903 0.03089472 0.02828126 0.54117647 0.42352941 0.64313725
v 0.03289316 -0.00064643 0.02797509 0.54117647 0.42352941 0.64313725
v 0.03347304 -0.00064643 0.02704234 0.54117647 0.42352941 0.64313725
v 0.03344304 0.00062914 0.02702810 0.54117647 0.42352941 0.64313725
v 0.03337639 0.00188958 0.02702810 0.54117647 0.42352941 0.64313725
v 0.03326308 0.00314623 0.02702810 0.54117647 0.42352941 0.64313725
v 0.03273319 0.00405843 0.02772588 0.54117647 0.42352941 0.64313725
v 0.03266987 0.00489494 0.02762620 0.54117647 0.42352941 0.64313725
v 0.03169007 0.00817661 0.02804629 0.54117647 0.42352941 0.64313725
v 0.03153010 0.00943326 0.02780421 0.54117647 0.42352941 0.64313725
v 0.03297647 0.00565953 0.02687858 0.54117647 0.42352941 0.64313725
v 0.03285316 0.00691618 0.02667209 0.54117647 0.42352941 0.64313725
v 0.03246325 0.00691618 0.02729867 0.54117647 0.42352941 0.64313725
v 0.02511142 0.01881650 0.03014675 0.54117647 0.42352941 0.64313725
v 0.02864070 0.01572030 0.02859455 0.54117647 0.42352941 0.64313725
v 0.02898063 0.01645460 0.02773300 0.54117647 0.42352941 0.64313725
v 0.02825411 0.01692396 0.02825278 0.54117647 0.42352941 0.64313725
v 0.02752426 0.01739331 0.02876543 0.54117647 0.42352941 0.64313725
v 0.02661778 0.01823360 0.02912856 0.54117647 0.42352941 0.64313725
v 0.02640782 0.01886192 0.02892208 0.54117647 0.42352941 0.64313725
v 0.02581461 0.01833579 0.02982634 0.54117647 0.42352941 0.64313725
v 0.02483148 0.01948646 0.02990467 0.54117647 0.42352941 0.64313725
v 0.02524473 0.02023591 0.02900752 0.54117647 0.42352941 0.64313725
v 0.02439490 0.02061442 0.02944185 0.54117647 0.42352941 0.64313725
v 0.03169340 0.01057257 0.02705659 0.54117647 0.42352941 0.64313725
v 0.03156676 0.01194656 0.02662225 0.54117647 0.42352941 0.64313725
v 0.03146012 0.01265437 0.02644425 0.54117647 0.42352941 0.64313725
v 0.03097688 0.01312751 0.02692842 0.54117647 0.42352941 0.64313725
v 0.03020038 0.01389210 0.02769028 0.54117647 0.42352941 0.64313725
v 0.02953051 0.01441444 0.02825990 0.54117647 0.42352941 0.64313725
v 0.02916392 0.01572030 0.02796797 0.54117647 0.42352941 0.64313725
v 0.00433903 0.03801826 0.00446419 0.54117647 0.42352941 0.64313725
v 0.00433903 0.03800691 0.00571735 0.54117647 0.42352941 0.64313725
v 0.00433903 0.03784036 0.00816670 0.54117647 0.42352941 0.64313725
v 0.00440235 0.03783658 0.00816670 0.54117647 0.42352941 0.64313725
v 0.00504555 0.03771924 0.00880751 0.54117647 0.42352941 0.64313725
v 0.00588538 0.03768517 0.00840166 0.54117647 0.42352941 0.64313725
v 0.00629862 0.03771924 0.00756148 0.54117647 0.42352941 0.64313725
v 0.00691850 0.03743157 0.00942697 0.54117647 0.42352941 0.64313725
v 0.00817490 0.03710984 0.01068725 0.54117647 0.42352941 0.64313725
v 0.01068772 0.03691680 0.00816670 0.54117647 0.42352941 0.64313725
v 0.00943131 0.03703793 0.00942697 0.54117647 0.42352941 0.64313725
v 0.01068772 0.03700008 0.00691354 0.54117647 0.42352941 0.64313725
v 0.01205411 0.03662157 0.00694202 0.54117647 0.42352941 0.64313725
v 0.02883399 0.02630720 0.00440011 0.54117647 0.42352941 0.64313725
v 0.02937721 0.02567508 0.00440011 0.54117647 0.42352941 0.64313725
v 0.03000375 0.02493699 0.00440011 0.54117647 0.42352941 0.64313725
v 0.03049698 0.02430867 0.00440011 0.54117647 0.42352941 0.64313725
v 0.03111352 0.02345702 0.00313984 0.54117647 0.42352941 0.64313725
v 0.03157343 0.02282870 0.00313984 0.54117647 0.42352941 0.64313725
v 0.03211665 0.02200355 0.00313984 0.54117647 0.42352941 0.64313725
v 0.03260321 0.02123517 0.00313984 0.54117647 0.42352941 0.64313725
v 0.03298980 0.02060685 0.00313984 0.54117647 0.42352941 0.64313725
v 0.03298314 0.02059549 0.00187956 0.54117647 0.42352941 0.64313725
v 0.03294648 0.02055007 0.00062641 0.54117647 0.42352941 0.64313725
v 0.03367633 0.01938048 0.00182260 0.54117647 0.42352941 0.64313725
v 0.03354302 0.01948646 0.00062641 0.54117647 0.42352941 0.64313725
v 0.03394294 0.01884678 0.00135979 0.54117647 0.42352941 0.64313725
v 0.03424288 0.01817304 0.00062641 0.54117647 0.42352941 0.64313725
v 0.03482942 0.01697695 0.00062641 0.54117647 0.42352941 0.64313725
v 0.03512603 0.01615937 -0.00062675 0.54117647 0.42352941 0.64313725
v 0.03538264 0.01553104 -0.00062675 0.54117647 0.42352941 0.64313725
v 0.03577590 0.01445986 -0.00062675 0.54117647 0.42352941 0.64313725
v 0.03619248 0.01320321 -0.00062675 0.54117647 0.42352941 0.64313725
v 0.01261732 0.03647773 0.00654329 0.54117647 0.42352941 0.64313725
v 0.01320387 0.03619385 0.00816670 0.54117647 0.42352941 0.64313725
v 0.01446028 0.03575857 0.00816670 0.54117647 0.42352941 0.64313725
v 0.01557005 0.03539898 0.00691354 0.54117647 0.42352941 0.64313725
v 0.01619992 0.03514160 0.00691354 0.54117647 0.42352941 0.64313725
v 0.01697643 0.03480094 0.00691354 0.54117647 0.42352941 0.64313725
v 0.01814952 0.03423318 0.00691354 0.54117647 0.42352941 0.64313725
v 0.01877606 0.03390009 0.00691354 0.54117647 0.42352941 0.64313725
v 0.01948925 0.03351401 0.00691354 0.54117647 0.42352941 0.64313725
v 0.02054236 0.03293110 0.00691354 0.54117647 0.42352941 0.64313725
v 0.02047904 0.03290082 0.00816670 0.54117647 0.42352941 0.64313725
v 0.02041239 0.03286297 0.00942697 0.54117647 0.42352941 0.64313725
v 0.02110891 0.03252610 0.00816670 0.54117647 0.42352941 0.64313725
v 0.02212537 0.03178422 0.00951241 0.54117647 0.42352941 0.64313725
v 0.02262527 0.03142842 0.00998947 0.54117647 0.42352941 0.64313725
v 0.02560465 0.02931256 0.00816670 0.54117647 0.42352941 0.64313725
v 0.02475483 0.02988789 0.00942697 0.54117647 0.42352941 0.64313725
v 0.02551801 0.02920279 0.01068725 0.54117647 0.42352941 0.64313725
v 0.02558133 0.02925957 0.00942697 0.54117647 0.42352941 0.64313725
v 0.02620786 0.02875615 0.00942697 0.54117647 0.42352941 0.64313725
v 0.02489147 0.02996738 0.00565327 0.54117647 0.42352941 0.64313725
v 0.02563465 0.02933527 0.00691354 0.54117647 0.42352941 0.64313725
v 0.02626452 0.02879022 0.00691354 0.54117647 0.42352941 0.64313725
v 0.02756758 0.02757520 0.00816670 0.54117647 0.42352941 0.64313725
v 0.02820079 0.02696202 0.00565327 0.54117647 0.42352941 0.64313725
v 0.02758092 0.02758277 0.00691354 0.54117647 0.42352941 0.64313725
v 0.03826205 0.00062914 -0.00062675 0.54117647 0.42352941 0.64313725
v 0.03830538 -0.00062751 -0.00062675 0.54117647 0.42352941 0.64313725
v 0.03830538 -0.00064643 -0.00062675 0.54117647 0.42352941 0.64313725
v 0.03624247 0.01320321 0.00062641 0.54117647 0.42352941 0.64313725
v 0.03644909 0.01253325 0.00062641 0.54117647 0.42352941 0.64313725
v 0.03661572 0.01206390 0.00187956 0.54117647 0.42352941 0.64313725
v 0.03699898 0.01068991 0.00313984 0.54117647 0.42352941 0.64313725
v 0.03732224 0.00943326 0.00313984 0.54117647 0.42352941 0.64313725
v 0.03730558 0.00943326 0.00187956 0.54117647 0.42352941 0.64313725
v 0.03762218 0.00807820 0.00304015 0.54117647 0.42352941 0.64313725
v 0.03772883 0.00759749 0.00338904 0.54117647 0.42352941 0.64313725
v 0.03772883 0.00759749 0.00395154 0.54117647 0.42352941 0.64313725
v 0.03799877 0.00565953 0.00440011 0.54117647 0.42352941 0.64313725
v 0.03813541 0.00440288 0.00440011 0.54117647 0.42352941 0.64313725
v 0.03813541 0.00440288 0.00313984 0.54117647 0.42352941 0.64313725
v 0.03823206 0.00314623 0.00187956 0.54117647 0.42352941 0.64313725
v 0.03827538 0.00188958 0.00062641 0.54117647 0.42352941 0.64313725
v 0.02487147 0.02107241 0.02866575 0.54117647 0.42352941 0.64313725
v 0.02447822 0.02196191 0.02825278 0.54117647 0.42352941 0.64313725
v 0.02408830 0.02282113 0.02783981 0.54117647 0.42352941 0.64313725
v 0.02359507 0.02235935 0.02867999 0.54117647 0.42352941 0.64313725
v 0.02319182 0.02319964 0.02823854 0.54117647 0.42352941 0.64313725
v 0.02279190 0.02401722 0.02779708 0.54117647 0.42352941 0.64313725
v 0.02224535 0.02358193 0.02863015 0.54117647 0.42352941 0.64313725
v 0.02182543 0.02438437 0.02816022 0.54117647 0.42352941 0.64313725
v 0.02074899 0.02478559 0.02855895 0.54117647 0.42352941 0.64313725
v 0.02140552 0.02516788 0.02768316 0.54117647 0.42352941 0.64313725
v 0.02074899 0.02539499 0.02792525 0.54117647 0.42352941 0.64313725
v 0.01994249 0.02629206 0.02753364 0.54117647 0.42352941 0.64313725
v 0.01954923 0.02581513 0.02833110 0.54117647 0.42352941 0.64313725
v 0.01846612 0.02617093 0.02866575 0.54117647 0.42352941 0.64313725
v 0.01595997 0.02747300 0.02871559 0.54117647 0.42352941 0.64313725
v 0.01812286 0.02673491 0.02825990 0.54117647 0.42352941 0.64313725
v 0.01755298 0.02763198 0.02762620 0.54117647 0.42352941 0.64313725
v 0.01671648 0.02785908 0.02787541 0.54117647 0.42352941 0.64313725
v 0.01561004 0.02801427 0.02829550 0.54117647 0.42352941 0.64313725
v 0.01452360 0.02851390 0.02825278 0.54117647 0.42352941 0.64313725
v 0.01320387 0.02870316 0.02865863 0.54117647 0.42352941 0.64313725
v 0.01320387 0.02920279 0.02803205 0.54117647 0.42352941 0.64313725
v 0.01194746 0.03002415 0.02745532 0.54117647 0.42352941 0.64313725
v 0.00943131 0.02985382 0.02850910 0.54117647 0.42352941 0.64313725
v 0.01194746 0.03047836 0.02682874 0.54117647 0.42352941 0.64313725
v 0.01033779 0.03024747 0.02775436 0.54117647 0.42352941 0.64313725
v 0.00935466 0.03102342 0.02692130 0.54117647 0.42352941 0.64313725
v 0.00817490 0.03151548 0.02652969 0.54117647 0.42352941 0.64313725
v 0.00691850 0.03163282 0.02670058 0.54117647 0.42352941 0.64313725
v 0.00565876 0.03237091 0.02588887 0.54117647 0.42352941 0.64313725
v 0.00440235 0.03245418 0.02601704 0.54117647 0.42352941 0.64313725
v 0.00433903 0.03245418 0.02602416 0.54117647 0.42352941 0.64313725
v 0.00433903 0.03182207 0.02698538 0.54117647 0.42352941 0.64313725
v 0.03389962 -0.00064643 0.02633744 0.54117647 0.42352941 0.64313725
v 0.03388295 0.00062914 0.02628048 0.54117647 0.42352941 0.64313725
v 0.03384629 0.00188958 0.02620216 0.54117647 0.42352941 0.64313725
v 0.03379297 0.00314623 0.02609536 0.54117647 0.42352941 0.64313725
v 0.03371299 0.00440288 0.02595295 0.54117647 0.42352941 0.64313725
v 0.03302979 0.00444830 0.02713491 0.54117647 0.42352941 0.64313725
v 0.03275318 0.00779432 0.02650833 0.54117647 0.42352941 0.64313725
v 0.03236660 0.00819932 0.02696402 0.54117647 0.42352941 0.64313725
v 0.03202000 0.00943326 0.02702810 0.54117647 0.42352941 0.64313725
v 0.03364300 0.00562925 0.02568239 0.54117647 0.42352941 0.64313725
v 0.03334973 0.00691618 0.02577495 0.54117647 0.42352941 0.64313725
v 0.02570797 0.01936534 0.02920689 0.54117647 0.42352941 0.64313725
v 0.02872735 0.01729490 0.02741972 0.54117647 0.42352941 0.64313725
v 0.02983045 0.01576572 0.02702098 0.54117647 0.42352941 0.64313725
v 0.03011373 0.01621236 0.02630184 0.54117647 0.42352941 0.64313725
v 0.02925057 0.01691639 0.02701386 0.54117647 0.42352941 0.64313725
v 0.02905061 0.01782481 0.02657953 0.54117647 0.42352941 0.64313725
v 0.02788752 0.01796107 0.02792525 0.54117647 0.42352941 0.64313725
v 0.02730431 0.01832065 0.02832398 0.54117647 0.42352941 0.64313725
v 0.02762091 0.01879758 0.02761196 0.54117647 0.42352941 0.64313725
v 0.02669110 0.01936534 0.02822430 0.54117647 0.42352941 0.64313725
v 0.02650114 0.02024348 0.02776148 0.54117647 0.42352941 0.64313725
v 0.02608456 0.01970221 0.02860167 0.54117647 0.42352941 0.64313725
v 0.02570130 0.02065984 0.02821718 0.54117647 0.42352941 0.64313725
v 0.03255322 0.00943326 0.02615944 0.54117647 0.42352941 0.64313725
v 0.03243325 0.01076561 0.02574647 0.54117647 0.42352941 0.64313725
v 0.03131681 0.01349466 0.02620216 0.54117647 0.42352941 0.64313725
v 0.03206333 0.01194656 0.02577495 0.54117647 0.42352941 0.64313725
v 0.03168007 0.01312751 0.02577495 0.54117647 0.42352941 0.64313725
v 0.03002041 0.01472860 0.02743395 0.54117647 0.42352941 0.64313725
v 0.03044699 0.01437280 0.02702098 0.54117647 0.42352941 0.64313725
v 0.00433903 0.03774952 0.00905672 0.54117647 0.42352941 0.64313725
v 0.00433903 0.03768139 0.00969042 0.54117647 0.42352941 0.64313725
v 0.00554211 0.03762083 0.00930593 0.54117647 0.42352941 0.64313725
v 0.00565876 0.03745050 0.01068725 0.54117647 0.42352941 0.64313725
v 0.00691850 0.03729531 0.01068725 0.54117647 0.42352941 0.64313725
v 0.00943131 0.03688274 0.01068725 0.54117647 0.42352941 0.64313725
v 0.00691850 0.03711741 0.01194040 0.54117647 0.42352941 0.64313725
v 0.00817490 0.03692816 0.01194040 0.54117647 0.42352941 0.64313725
v 0.01016116 0.03648152 0.01268802 0.54117647 0.42352941 0.64313725
v 0.01181749 0.03661021 0.00816670 0.54117647 0.42352941 0.64313725
v 0.01068772 0.03678054 0.00942697 0.54117647 0.42352941 0.64313725
v 0.01128093 0.03645502 0.01123550 0.54117647 0.42352941 0.64313725
v 0.01189747 0.03634147 0.01076557 0.54117647 0.42352941 0.64313725
v 0.01162420 0.03654587 0.00942697 0.54117647 0.42352941 0.64313725
v 0.01225407 0.03637932 0.00942697 0.54117647 0.42352941 0.64313725
v 0.01254401 0.03645124 0.00738347 0.54117647 0.42352941 0.64313725
v 0.02882732 0.02629963 0.00565327 0.54117647 0.42352941 0.64313725
v 0.02936055 0.02567130 0.00565327 0.54117647 0.42352941 0.64313725
v 0.02999042 0.02491807 0.00565327 0.54117647 0.42352941 0.64313725
v 0.03048698 0.02428974 0.00565327 0.54117647 0.42352941 0.64313725
v 0.03112685 0.02345702 0.00440011 0.54117647 0.42352941 0.64313725
v 0.03156676 0.02282870 0.00440011 0.54117647 0.42352941 0.64313725
v 0.03210665 0.02200355 0.00440011 0.54117647 0.42352941 0.64313725
v 0.03260321 0.02123139 0.00440011 0.54117647 0.42352941 0.64313725
v 0.03361967 0.01952053 0.00313984 0.54117647 0.42352941 0.64313725
v 0.03297980 0.02060306 0.00440011 0.54117647 0.42352941 0.64313725
v 0.03396294 0.01888842 0.00219997 0.54117647 0.42352941 0.64313725
v 0.03420955 0.01835472 0.00182260 0.54117647 0.42352941 0.64313725
v 0.03486608 0.01697695 0.00187956 0.54117647 0.42352941 0.64313725
v 0.03517935 0.01628428 0.00187956 0.54117647 0.42352941 0.64313725
v 0.03515936 0.01623885 0.00062641 0.54117647 0.42352941 0.64313725
v 0.03540930 0.01561053 0.00062641 0.54117647 0.42352941 0.64313725
v 0.03582922 0.01445986 0.00062641 0.54117647 0.42352941 0.64313725
v 0.01244736 0.03642474 0.00816670 0.54117647 0.42352941 0.64313725
v 0.01320387 0.03610301 0.00942697 0.54117647 0.42352941 0.64313725
v 0.01446028 0.03567529 0.00942697 0.54117647 0.42352941 0.64313725
v 0.01550007 0.03536113 0.00816670 0.54117647 0.42352941 0.64313725
v 0.01612994 0.03511888 0.00816670 0.54117647 0.42352941 0.64313725
v 0.01697643 0.03474795 0.00816670 0.54117647 0.42352941 0.64313725
v 0.01809620 0.03420668 0.00816670 0.54117647 0.42352941 0.64313725
v 0.01872274 0.03387359 0.00816670 0.54117647 0.42352941 0.64313725
v 0.01948925 0.03345723 0.00816670 0.54117647 0.42352941 0.64313725
v 0.02103893 0.03248068 0.00942697 0.54117647 0.42352941 0.64313725
v 0.01948925 0.03337396 0.00942697 0.54117647 0.42352941 0.64313725
v 0.02031907 0.03280619 0.01068725 0.54117647 0.42352941 0.64313725
v 0.02094561 0.03243147 0.01068725 0.54117647 0.42352941 0.64313725
v 0.02193874 0.03180315 0.01068725 0.54117647 0.42352941 0.64313725
v 0.02256861 0.03139057 0.01068725 0.54117647 0.42352941 0.64313725
v 0.02467485 0.02983111 0.01068725 0.54117647 0.42352941 0.64313725
v 0.02458153 0.02975163 0.01194040 0.54117647 0.42352941 0.64313725
v 0.02540470 0.02912330 0.01194040 0.54117647 0.42352941 0.64313725
v 0.02614788 0.02870694 0.01068725 0.54117647 0.42352941 0.64313725
v 0.02685773 0.02807862 0.01068725 0.54117647 0.42352941 0.64313725
v 0.02691438 0.02812404 0.00942697 0.54117647 0.42352941 0.64313725
v 0.02754092 0.02754113 0.00942697 0.54117647 0.42352941 0.64313725
v 0.02815746 0.02694309 0.00816670 0.54117647 0.42352941 0.64313725
v 0.03831871 0.00062914 0.00062641 0.54117647 0.42352941 0.64313725
v 0.03834537 -0.00062751 0.00062641 0.54117647 0.42352941 0.64313725
v 0.03834537 -0.00064643 0.00062641 0.54117647 0.42352941 0.64313725
v 0.03587254 0.01445986 0.00187956 0.54117647 0.42352941 0.64313725
v 0.03631245 0.01308966 0.00187956 0.54117647 0.42352941 0.64313725
v 0.03646575 0.01259381 0.00229965 0.54117647 0.42352941 0.64313725
v 0.03646575 0.01259381 0.00266990 0.54117647 0.42352941 0.64313725
v 0.03661572 0.01205633 0.00311135 0.54117647 0.42352941 0.64313725
v 0.03645242 0.01253325 0.00565327 0.54117647 0.42352941 0.64313725
v 0.03698231 0.01068991 0.00440011 0.54117647 0.42352941 0.64313725
v 0.03730558 0.00943326 0.00440011 0.54117647 0.42352941 0.64313725
v 0.03725559 0.00943326 0.00565327 0.54117647 0.42352941 0.64313725
v 0.03752220 0.00817661 0.00565327 0.54117647 0.42352941 0.64313725
v 0.03770550 0.00746880 0.00479172 0.54117647 0.42352941 0.64313725
v 0.03780548 0.00699945 0.00437875 0.54117647 0.42352941 0.64313725
v 0.03793878 0.00565953 0.00565327 0.54117647 0.42352941 0.64313725
v 0.03803543 0.00440288 0.00691354 0.54117647 0.42352941 0.64313725
v 0.03809542 0.00440288 0.00565327 0.54117647 0.42352941 0.64313725
v 0.03815874 0.00314623 0.00691354 0.54117647 0.42352941 0.64313725
v 0.03819873 0.00314623 0.00565327 0.54117647 0.42352941 0.64313725
v 0.03823539 0.00314623 0.00440011 0.54117647 0.42352941 0.64313725
v 0.03824205 0.00314623 0.00313984 0.54117647 0.42352941 0.64313725
v 0.03829871 0.00188958 0.00187956 0.54117647 0.42352941 0.64313725
v 0.02531805 0.02156448 0.02782557 0.54117647 0.42352941 0.64313725
v 0.02492479 0.02240098 0.02744108 0.54117647 0.42352941 0.64313725
v 0.02450821 0.02324884 0.02701386 0.54117647 0.42352941 0.64313725
v 0.02408830 0.02405885 0.02659377 0.54117647 0.42352941 0.64313725
v 0.02362839 0.02366142 0.02742684 0.54117647 0.42352941 0.64313725
v 0.02274524 0.02523980 0.02650833 0.54117647 0.42352941 0.64313725
v 0.02224201 0.02485372 0.02734139 0.54117647 0.42352941 0.64313725
v 0.02189542 0.02545555 0.02696402 0.54117647 0.42352941 0.64313725
v 0.02134553 0.02638290 0.02638017 0.54117647 0.42352941 0.64313725
v 0.02085563 0.02608766 0.02707794 0.54117647 0.42352941 0.64313725
v 0.01910599 0.02654944 0.02782557 0.54117647 0.42352941 0.64313725
v 0.01897602 0.02773039 0.02649409 0.54117647 0.42352941 0.64313725
v 0.01823284 0.02743515 0.02738411 0.54117647 0.42352941 0.64313725
v 0.01823284 0.02793100 0.02675754 0.54117647 0.42352941 0.64313725
v 0.01652652 0.02901354 0.02653681 0.54117647 0.42352941 0.64313725
v 0.01572002 0.02871830 0.02740547 0.54117647 0.42352941 0.64313725
v 0.01498350 0.02887349 0.02760484 0.54117647 0.42352941 0.64313725
v 0.01414701 0.02904382 0.02781133 0.54117647 0.42352941 0.64313725
v 0.01386040 0.03018691 0.02641577 0.54117647 0.42352941 0.64313725
v 0.01320387 0.02983111 0.02719187 0.54117647 0.42352941 0.64313725
v 0.01320387 0.03029289 0.02656529 0.54117647 0.42352941 0.64313725
v 0.01203411 0.03115968 0.02574647 0.54117647 0.42352941 0.64313725
v 0.01068772 0.03126188 0.02613096 0.54117647 0.42352941 0.64313725
v 0.01073105 0.03058435 0.02712067 0.54117647 0.42352941 0.64313725
v 0.00972459 0.03136786 0.02629472 0.54117647 0.42352941 0.64313725
v 0.00888476 0.03144735 0.02642289 0.54117647 0.42352941 0.64313725
v 0.00639527 0.03270778 0.02517685 0.54117647 0.42352941 0.64313725
v 0.00685518 0.03231035 0.02566815 0.54117647 0.42352941 0.64313725
v 0.00565876 0.03276077 0.02526229 0.54117647 0.42352941 0.64313725
v 0.00440235 0.03284026 0.02539046 0.54117647 0.42352941 0.64313725
v 0.00433903 0.03284405 0.02539046 0.54117647 0.42352941 0.64313725
v 0.03423288 -0.00064643 0.02569663 0.54117647 0.42352941 0.64313725
v 0.03423288 -0.00062751 0.02569663 0.54117647 0.42352941 0.64313725
v 0.03420955 0.00062914 0.02565390 0.54117647 0.42352941 0.64313725
v 0.03416289 0.00188958 0.02557558 0.54117647 0.42352941 0.64313725
v 0.03410291 0.00314623 0.02546166 0.54117647 0.42352941 0.64313725
v 0.03403625 0.00440288 0.02531926 0.54117647 0.42352941 0.64313725
v 0.03397960 0.00519017 0.02520533 0.54117647 0.42352941 0.64313725
v 0.03302646 0.00819932 0.02585327 0.54117647 0.42352941 0.64313725
v 0.03290982 0.00943326 0.02553286 0.54117647 0.42352941 0.64313725
v 0.03381630 0.00691618 0.02487068 0.54117647 0.42352941 0.64313725
v 0.03373632 0.00826367 0.02448619 0.54117647 0.42352941 0.64313725
v 0.02834409 0.01831308 0.02709219 0.54117647 0.42352941 0.64313725
v 0.03030369 0.01537585 0.02659377 0.54117647 0.42352941 0.64313725
v 0.03059696 0.01576572 0.02583903 0.54117647 0.42352941 0.64313725
v 0.03123683 0.01572030 0.02479236 0.54117647 0.42352941 0.64313725
v 0.03036701 0.01672713 0.02546166 0.54117647 0.42352941 0.64313725
v 0.03015705 0.01756742 0.02511277 0.54117647 0.42352941 0.64313725
v 0.02995376 0.01707914 0.02583903 0.54117647 0.42352941 0.64313725
v 0.02933389 0.01824117 0.02579631 0.54117647 0.42352941 0.64313725
v 0.02879733 0.01866510 0.02622352 0.54117647 0.42352941 0.64313725
v 0.02790085 0.01948646 0.02670058 0.54117647 0.42352941 0.64313725
v 0.02768423 0.02014885 0.02643001 0.54117647 0.42352941 0.64313725
v 0.02739095 0.01948646 0.02732715 0.54117647 0.42352941 0.64313725
v 0.02693771 0.02061442 0.02691418 0.54117647 0.42352941 0.64313725
v 0.02653446 0.02153420 0.02655105 0.54117647 0.42352941 0.64313725
v 0.02615454 0.02108377 0.02739123 0.54117647 0.42352941 0.64313725
v 0.03278318 0.01039467 0.02531214 0.54117647 0.42352941 0.64313725
v 0.03266654 0.01123496 0.02509853 0.54117647 0.42352941 0.64313725
v 0.03155343 0.01416463 0.02536198 0.54117647 0.42352941 0.64313725
v 0.03140013 0.01500113 0.02507717 0.54117647 0.42352941 0.64313725
v 0.03116684 0.01453556 0.02577495 0.54117647 0.42352941 0.64313725
v 0.03255656 0.01194656 0.02487780 0.54117647 0.42352941 0.64313725
v 0.03237326 0.01318807 0.02445771 0.54117647 0.42352941 0.64313725
v 0.00433903 0.03756027 0.01075133 0.54117647 0.42352941 0.64313725
v 0.00440235 0.03756405 0.01068725 0.54117647 0.42352941 0.64313725
v 0.00440235 0.03739373 0.01194040 0.54117647 0.42352941 0.64313725
v 0.00565876 0.03727260 0.01194040 0.54117647 0.42352941 0.64313725
v 0.01042111 0.03653073 0.01194040 0.54117647 0.42352941 0.64313725
v 0.00691850 0.03689788 0.01320068 0.54117647 0.42352941 0.64313725
v 0.00817490 0.03670862 0.01320068 0.54117647 0.42352941 0.64313725
v 0.00935133 0.03653451 0.01314372 0.54117647 0.42352941 0.64313725
v 0.01105098 0.03640582 0.01194040 0.54117647 0.42352941 0.64313725
v 0.00971459 0.03640960 0.01352821 0.54117647 0.42352941 0.64313725
v 0.01062440 0.03629605 0.01314372 0.54117647 0.42352941 0.64313725
v 0.01194746 0.03617492 0.01194040 0.54117647 0.42352941 0.64313725
v 0.01320387 0.03597432 0.01068725 0.54117647 0.42352941 0.64313725
v 0.02881066 0.02627691 0.00691354 0.54117647 0.42352941 0.64313725
v 0.02878733 0.02624285 0.00816670 0.54117647 0.42352941 0.64313725
v 0.02996043 0.02487265 0.00691354 0.54117647 0.42352941 0.64313725
v 0.03045032 0.02424432 0.00691354 0.54117647 0.42352941 0.64313725
v 0.03111685 0.02342674 0.00565327 0.54117647 0.42352941 0.64313725
v 0.03154677 0.02279842 0.00565327 0.54117647 0.42352941 0.64313725
v 0.03207332 0.02200355 0.00565327 0.54117647 0.42352941 0.64313725
v 0.03258655 0.02120489 0.00565327 0.54117647 0.42352941 0.64313725
v 0.03396294 0.01889220 0.00313984 0.54117647 0.42352941 0.64313725
v 0.03358301 0.01948646 0.00565327 0.54117647 0.42352941 0.64313725
v 0.03296314 0.02057657 0.00565327 0.54117647 0.42352941 0.64313725
v 0.03428953 0.01823360 0.00313984 0.54117647 0.42352941 0.64313725
v 0.03487941 0.01697695 0.00313984 0.54117647 0.42352941 0.64313725
v 0.03518602 0.01629942 0.00313984 0.54117647 0.42352941 0.64313725
v 0.03543596 0.01567109 0.00313984 0.54117647 0.42352941 0.64313725
v 0.03542930 0.01565217 0.00187956 0.54117647 0.42352941 0.64313725
v 0.01446028 0.03555039 0.01068725 0.54117647 0.42352941 0.64313725
v 0.01538342 0.03531950 0.00942697 0.54117647 0.42352941 0.64313725
v 0.01523345 0.03526272 0.01068725 0.54117647 0.42352941 0.64313725
v 0.01601329 0.03506590 0.00942697 0.54117647 0.42352941 0.64313725
v 0.01697643 0.03464197 0.00942697 0.54117647 0.42352941 0.64313725
v 0.01800622 0.03414990 0.00942697 0.54117647 0.42352941 0.64313725
v 0.01863275 0.03382817 0.00942697 0.54117647 0.42352941 0.64313725
v 0.01948925 0.03324905 0.01068725 0.54117647 0.42352941 0.64313725
v 0.02020576 0.03273806 0.01165559 0.54117647 0.42352941 0.64313725
v 0.02067567 0.03241633 0.01201872 0.54117647 0.42352941 0.64313725
v 0.02181543 0.03172744 0.01194040 0.54117647 0.42352941 0.64313725
v 0.02244197 0.03130351 0.01194040 0.54117647 0.42352941 0.64313725
v 0.02325847 0.03072440 0.01194040 0.54117647 0.42352941 0.64313725
v 0.02389500 0.03017934 0.01259546 0.54117647 0.42352941 0.64313725
v 0.02395166 0.03022098 0.01194040 0.54117647 0.42352941 0.64313725
v 0.02439490 0.02972513 0.01308675 0.54117647 0.42352941 0.64313725
v 0.02528139 0.02902489 0.01320068 0.54117647 0.42352941 0.64313725
v 0.02603457 0.02861610 0.01194040 0.54117647 0.42352941 0.64313725
v 0.02677441 0.02798778 0.01194040 0.54117647 0.42352941 0.64313725
v 0.02740429 0.02740109 0.01194040 0.54117647 0.42352941 0.64313725
v 0.02748760 0.02748436 0.01068725 0.54117647 0.42352941 0.64313725
v 0.02811081 0.02691281 0.00942697 0.54117647 0.42352941 0.64313725
v 0.03833870 0.00062914 0.00187956 0.54117647 0.42352941 0.64313725
v 0.03836536 -0.00062751 0.00187956 0.54117647 0.42352941 0.64313725
v 0.03836536 -0.00064643 0.00187956 0.54117647 0.42352941 0.64313725
v 0.03588920 0.01445986 0.00313984 0.54117647 0.42352941 0.64313725
v 0.03631579 0.01308966 0.00311135 0.54117647 0.42352941 0.64313725
v 0.03585255 0.01445986 0.00440011 0.54117647 0.42352941 0.64313725
v 0.03622914 0.01320321 0.00565327 0.54117647 0.42352941 0.64313725
v 0.03617248 0.01320321 0.00691354 0.54117647 0.42352941 0.64313725
v 0.03642243 0.01243105 0.00691354 0.54117647 0.42352941 0.64313725
v 0.03694899 0.01068991 0.00565327 0.54117647 0.42352941 0.64313725
v 0.03688567 0.01068991 0.00691354 0.54117647 0.42352941 0.64313725
v 0.03717894 0.00943326 0.00691354 0.54117647 0.42352941 0.64313725
v 0.03742889 0.00817661 0.00691354 0.54117647 0.42352941 0.64313725
v 0.03768550 0.00729847 0.00565327 0.54117647 0.42352941 0.64313725
v 0.03795878 0.00440288 0.00816670 0.54117647 0.42352941 0.64313725
v 0.03802210 0.00314623 0.00942697 0.54117647 0.42352941 0.64313725
v 0.03809875 0.00314623 0.00816670 0.54117647 0.42352941 0.64313725
v 0.03817540 0.00188958 0.00816670 0.54117647 0.42352941 0.64313725
v 0.03823206 0.00188958 0.00691354 0.54117647 0.42352941 0.64313725
v 0.03827872 0.00188958 0.00565327 0.54117647 0.42352941 0.64313725
v 0.03830871 0.00188958 0.00440011 0.54117647 0.42352941 0.64313725
v 0.03830871 0.00188958 0.00313984 0.54117647 0.42352941 0.64313725
v 0.02574463 0.02196570 0.02699962 0.54117647 0.42352941 0.64313725
v 0.02533471 0.02283627 0.02660089 0.54117647 0.42352941 0.64313725
v 0.02492813 0.02367277 0.02618080 0.54117647 0.42352941 0.64313725
v 0.02447489 0.02447900 0.02572511 0.54117647 0.42352941 0.64313725
v 0.02402498 0.02525872 0.02527654 0.54117647 0.42352941 0.64313725
v 0.02358507 0.02489914 0.02611672 0.54117647 0.42352941 0.64313725
v 0.02311850 0.02567130 0.02563967 0.54117647 0.42352941 0.64313725
v 0.02264860 0.02641696 0.02516261 0.54117647 0.42352941 0.64313725
v 0.02200206 0.02614444 0.02608112 0.54117647 0.42352941 0.64313725
v 0.02200206 0.02663271 0.02545454 0.54117647 0.42352941 0.64313725
v 0.02115890 0.02753357 0.02494188 0.54117647 0.42352941 0.64313725
v 0.02083230 0.02708314 0.02583903 0.54117647 0.42352941 0.64313725
v 0.01736635 0.02879022 0.02621640 0.54117647 0.42352941 0.64313725
v 0.02031907 0.02777581 0.02530502 0.54117647 0.42352941 0.64313725
v 0.01943592 0.02798778 0.02574647 0.54117647 0.42352941 0.64313725
v 0.01874940 0.02885835 0.02504869 0.54117647 0.42352941 0.64313725
v 0.01828949 0.02859717 0.02578207 0.54117647 0.42352941 0.64313725
v 0.01572002 0.02919143 0.02677178 0.54117647 0.42352941 0.64313725
v 0.01790957 0.02907410 0.02537622 0.54117647 0.42352941 0.64313725
v 0.01695977 0.02929363 0.02578207 0.54117647 0.42352941 0.64313725
v 0.01623991 0.03013014 0.02507005 0.54117647 0.42352941 0.64313725
v 0.01578001 0.02986518 0.02576783 0.54117647 0.42352941 0.64313725
v 0.01442362 0.02953588 0.02700674 0.54117647 0.42352941 0.64313725
v 0.01470023 0.03002794 0.02618080 0.54117647 0.42352941 0.64313725
v 0.01435363 0.03042159 0.02576783 0.54117647 0.42352941 0.64313725
v 0.01320387 0.03080388 0.02577495 0.54117647 0.42352941 0.64313725
v 0.01250735 0.03141328 0.02511277 0.54117647 0.42352941 0.64313725
v 0.01167085 0.03153440 0.02530502 0.54117647 0.42352941 0.64313725
v 0.01068772 0.03164796 0.02550438 0.54117647 0.42352941 0.64313725
v 0.00723177 0.03262830 0.02504157 0.54117647 0.42352941 0.64313725
v 0.00685518 0.03295760 0.02457876 0.54117647 0.42352941 0.64313725
v 0.00565876 0.03374111 0.02348936 0.54117647 0.42352941 0.64313725
v 0.00565876 0.03318470 0.02451467 0.54117647 0.42352941 0.64313725
v 0.00440235 0.03334368 0.02451467 0.54117647 0.42352941 0.64313725
v 0.00433903 0.03334746 0.02451467 0.54117647 0.42352941 0.64313725
v 0.03481943 -0.00064643 0.02451467 0.54117647 0.42352941 0.64313725
v 0.03481943 -0.00062751 0.02451467 0.54117647 0.42352941 0.64313725
v 0.03476610 0.00062914 0.02451467 0.54117647 0.42352941 0.64313725
v 0.03465946 0.00188958 0.02451467 0.54117647 0.42352941 0.64313725
v 0.03454615 0.00314623 0.02451467 0.54117647 0.42352941 0.64313725
v 0.03440951 0.00440288 0.02451467 0.54117647 0.42352941 0.64313725
v 0.03419289 0.00562925 0.02457876 0.54117647 0.42352941 0.64313725
v 0.03411624 0.00691618 0.02424411 0.54117647 0.42352941 0.64313725
v 0.03344304 0.00943326 0.02451467 0.54117647 0.42352941 0.64313725
v 0.03402292 0.00790408 0.02404474 0.54117647 0.42352941 0.64313725
v 0.03393627 0.00874437 0.02385962 0.54117647 0.42352941 0.64313725
v 0.03144012 0.01636376 0.02390234 0.54117647 0.42352941 0.64313725
v 0.02999375 0.01833579 0.02462148 0.54117647 0.42352941 0.64313725
v 0.02907727 0.01910795 0.02539046 0.54117647 0.42352941 0.64313725
v 0.03039034 0.01798378 0.02427259 0.54117647 0.42352941 0.64313725
v 0.02770089 0.02142821 0.02519821 0.54117647 0.42352941 0.64313725
v 0.02737429 0.02098914 0.02603840 0.54117647 0.42352941 0.64313725
v 0.02695438 0.02189756 0.02567527 0.54117647 0.42352941 0.64313725
v 0.02653113 0.02278328 0.02530502 0.54117647 0.42352941 0.64313725
v 0.02617454 0.02237070 0.02614520 0.54117647 0.42352941 0.64313725
v 0.03303979 0.01076561 0.02461436 0.54117647 0.42352941 0.64313725
v 0.03286983 0.01194656 0.02425123 0.54117647 0.42352941 0.64313725
v 0.03274652 0.01275657 0.02400202 0.54117647 0.42352941 0.64313725
v 0.03181671 0.01453556 0.02460012 0.54117647 0.42352941 0.64313725
v 0.03157009 0.01572030 0.02416578 0.54117647 0.42352941 0.64313725
v 0.03261321 0.01359308 0.02371721 0.54117647 0.42352941 0.64313725
v 0.00433903 0.03739751 0.01194040 0.54117647 0.42352941 0.64313725
v 0.00440235 0.03717797 0.01320068 0.54117647 0.42352941 0.64313725
v 0.00565876 0.03705307 0.01320068 0.54117647 0.42352941 0.64313725
v 0.00702847 0.03661778 0.01457488 0.54117647 0.42352941 0.64313725
v 0.00752171 0.03645881 0.01506617 0.54117647 0.42352941 0.64313725
v 0.00817490 0.03652694 0.01417614 0.54117647 0.42352941 0.64313725
v 0.00887809 0.03647395 0.01389134 0.54117647 0.42352941 0.64313725
v 0.01194746 0.03595539 0.01320068 0.54117647 0.42352941 0.64313725
v 0.00817490 0.03640960 0.01480272 0.54117647 0.42352941 0.64313725
v 0.00935133 0.03629605 0.01436839 0.54117647 0.42352941 0.64313725
v 0.01068772 0.03599324 0.01445383 0.54117647 0.42352941 0.64313725
v 0.01320387 0.03580020 0.01194040 0.54117647 0.42352941 0.64313725
v 0.01320387 0.03558824 0.01320068 0.54117647 0.42352941 0.64313725
v 0.01451360 0.03537249 0.01187632 0.54117647 0.42352941 0.64313725
v 0.02874068 0.02617472 0.00942697 0.54117647 0.42352941 0.64313725
v 0.02928723 0.02561074 0.00816670 0.54117647 0.42352941 0.64313725
v 0.02991710 0.02481209 0.00816670 0.54117647 0.42352941 0.64313725
v 0.03039700 0.02418376 0.00816670 0.54117647 0.42352941 0.64313725
v 0.03142012 0.02260916 0.00970466 0.54117647 0.42352941 0.64313725
v 0.03107686 0.02336239 0.00691354 0.54117647 0.42352941 0.64313725
v 0.03246658 0.02101185 0.00942697 0.54117647 0.42352941 0.64313725
v 0.03292981 0.02050465 0.00691354 0.54117647 0.42352941 0.64313725
v 0.03284983 0.02038353 0.00942697 0.54117647 0.42352941 0.64313725
v 0.03393627 0.01883921 0.00565327 0.54117647 0.42352941 0.64313725
v 0.03352969 0.01948646 0.00691354 0.54117647 0.42352941 0.64313725
v 0.03391628 0.01879379 0.00691354 0.54117647 0.42352941 0.64313725
v 0.03420289 0.01835093 0.00440011 0.54117647 0.42352941 0.64313725
v 0.03485942 0.01697695 0.00440011 0.54117647 0.42352941 0.64313725
v 0.03517269 0.01626914 0.00440011 0.54117647 0.42352941 0.64313725
v 0.03542264 0.01564081 0.00440011 0.54117647 0.42352941 0.64313725
v 0.01512348 0.03521730 0.01141351 0.54117647 0.42352941 0.64313725
v 0.01561338 0.03495991 0.01187632 0.54117647 0.42352941 0.64313725
v 0.01586332 0.03500155 0.01068725 0.54117647 0.42352941 0.64313725
v 0.01697643 0.03451327 0.01068725 0.54117647 0.42352941 0.64313725
v 0.01787958 0.03408556 0.01068725 0.54117647 0.42352941 0.64313725
v 0.01850945 0.03376382 0.01068725 0.54117647 0.42352941 0.64313725
v 0.01960256 0.03300681 0.01201872 0.54117647 0.42352941 0.64313725
v 0.02009912 0.03267750 0.01249578 0.54117647 0.42352941 0.64313725
v 0.02074899 0.03218544 0.01320068 0.54117647 0.42352941 0.64313725
v 0.02165880 0.03162525 0.01320068 0.54117647 0.42352941 0.64313725
v 0.02228867 0.03120132 0.01320068 0.54117647 0.42352941 0.64313725
v 0.02380836 0.03011878 0.01343564 0.54117647 0.42352941 0.64313725
v 0.02519474 0.02895676 0.01403374 0.54117647 0.42352941 0.64313725
v 0.02591126 0.02851390 0.01320068 0.54117647 0.42352941 0.64313725
v 0.02665777 0.02788558 0.01320068 0.54117647 0.42352941 0.64313725
v 0.02797083 0.02677276 0.01194040 0.54117647 0.42352941 0.64313725
v 0.02728764 0.02727239 0.01320068 0.54117647 0.42352941 0.64313725
v 0.02786752 0.02664407 0.01320068 0.54117647 0.42352941 0.64313725
v 0.02804415 0.02685603 0.01068725 0.54117647 0.42352941 0.64313725
v 0.03834870 0.00062914 0.00313984 0.54117647 0.42352941 0.64313725
v 0.03838203 -0.00064643 0.00313984 0.54117647 0.42352941 0.64313725
v 0.03579923 0.01445986 0.00565327 0.54117647 0.42352941 0.64313725
v 0.03574257 0.01445986 0.00691354 0.54117647 0.42352941 0.64313725
v 0.03567925 0.01445986 0.00816670 0.54117647 0.42352941 0.64313725
v 0.03608250 0.01320321 0.00816670 0.54117647 0.42352941 0.64313725
v 0.03646909 0.01134473 0.01013187 0.54117647 0.42352941 0.64313725
v 0.03656907 0.01072019 0.01060180 0.54117647 0.42352941 0.64313725
v 0.03706896 0.00943326 0.00816670 0.54117647 0.42352941 0.64313725
v 0.03709562 0.00817661 0.01068725 0.54117647 0.42352941 0.64313725
v 0.03732891 0.00691618 0.01068725 0.54117647 0.42352941 0.64313725
v 0.03765218 0.00565196 0.00951953 0.54117647 0.42352941 0.64313725
v 0.03768884 0.00609481 0.00816670 0.54117647 0.42352941 0.64313725
v 0.03764884 0.00688968 0.00697762 0.54117647 0.42352941 0.64313725
v 0.03783547 0.00451264 0.00951953 0.54117647 0.42352941 0.64313725
v 0.03810542 0.00188958 0.00942697 0.54117647 0.42352941 0.64313725
v 0.03777882 0.00411899 0.01068725 0.54117647 0.42352941 0.64313725
v 0.03790213 0.00314623 0.01068725 0.54117647 0.42352941 0.64313725
v 0.03799877 0.00188958 0.01068725 0.54117647 0.42352941 0.64313725
v 0.03824205 0.00062914 0.00816670 0.54117647 0.42352941 0.64313725
v 0.03830538 -0.00062751 0.00816670 0.54117647 0.42352941 0.64313725
v 0.03834537 -0.00062751 0.00691354 0.54117647 0.42352941 0.64313725
v 0.03834870 0.00062914 0.00440011 0.54117647 0.42352941 0.64313725
v 0.02574463 0.02322992 0.02573935 0.54117647 0.42352941 0.64313725
v 0.02531805 0.02405885 0.02534062 0.54117647 0.42352941 0.64313725
v 0.02486481 0.02489536 0.02481372 0.54117647 0.42352941 0.64313725
v 0.02447489 0.02549719 0.02444347 0.54117647 0.42352941 0.64313725
v 0.02387501 0.02639425 0.02387385 0.54117647 0.42352941 0.64313725
v 0.02357840 0.02616715 0.02451467 0.54117647 0.42352941 0.64313725
v 0.02294853 0.02662136 0.02451467 0.54117647 0.42352941 0.64313725
v 0.02241531 0.02752221 0.02366025 0.54117647 0.42352941 0.64313725
v 0.02199873 0.02725725 0.02452179 0.54117647 0.42352941 0.64313725
v 0.02157882 0.02779474 0.02410170 0.54117647 0.42352941 0.64313725
v 0.02005913 0.02888106 0.02382401 0.54117647 0.42352941 0.64313725
v 0.01957923 0.02867666 0.02458587 0.54117647 0.42352941 0.64313725
v 0.01921930 0.02911952 0.02421563 0.54117647 0.42352941 0.64313725
v 0.01761296 0.03017934 0.02389522 0.54117647 0.42352941 0.64313725
v 0.01697643 0.02994467 0.02477812 0.54117647 0.42352941 0.64313725
v 0.01697643 0.03032696 0.02415154 0.54117647 0.42352941 0.64313725
v 0.01584000 0.03126945 0.02332560 0.54117647 0.42352941 0.64313725
v 0.01578001 0.03058813 0.02459300 0.54117647 0.42352941 0.64313725
v 0.01540009 0.03030047 0.02534062 0.54117647 0.42352941 0.64313725
v 0.01450027 0.03114075 0.02449331 0.54117647 0.42352941 0.64313725
v 0.01320387 0.03131108 0.02493477 0.54117647 0.42352941 0.64313725
v 0.01320387 0.03166688 0.02430819 0.54117647 0.42352941 0.64313725
v 0.01203411 0.03182586 0.02462148 0.54117647 0.42352941 0.64313725
v 0.01068772 0.03221572 0.02451467 0.54117647 0.42352941 0.64313725
v 0.00817490 0.03289325 0.02425123 0.54117647 0.42352941 0.64313725
v 0.00817490 0.03253367 0.02487780 0.54117647 0.42352941 0.64313725
v 0.00694516 0.03368434 0.02318320 0.54117647 0.42352941 0.64313725
v 0.00440235 0.03382060 0.02364601 0.54117647 0.42352941 0.64313725
v 0.00565876 0.03406663 0.02286279 0.54117647 0.42352941 0.64313725
v 0.00433903 0.03380167 0.02368873 0.54117647 0.42352941 0.64313725
v 0.03516269 -0.00064643 0.02375993 0.54117647 0.42352941 0.64313725
v 0.03516269 -0.00062751 0.02376705 0.54117647 0.42352941 0.64313725
v 0.03513269 0.00062914 0.02368873 0.54117647 0.42352941 0.64313725
v 0.03507271 0.00188958 0.02356057 0.54117647 0.42352941 0.64313725
v 0.03501605 0.00314623 0.02341816 0.54117647 0.42352941 0.64313725
v 0.03498606 0.00436881 0.02315472 0.54117647 0.42352941 0.64313725
v 0.03476610 0.00565953 0.02325440 0.54117647 0.42352941 0.64313725
v 0.03453948 0.00691618 0.02325440 0.54117647 0.42352941 0.64313725
v 0.03385296 0.00943326 0.02366737 0.54117647 0.42352941 0.64313725
v 0.03423621 0.00826367 0.02336832 0.54117647 0.42352941 0.64313725
v 0.03411957 0.00943326 0.02304079 0.54117647 0.42352941 0.64313725
v 0.03246991 0.01450528 0.02328288 0.54117647 0.42352941 0.64313725
v 0.03263654 0.01495571 0.02249254 0.54117647 0.42352941 0.64313725
v 0.03248657 0.01575815 0.02204396 0.54117647 0.42352941 0.64313725
v 0.03158009 0.01667036 0.02325440 0.54117647 0.42352941 0.64313725
v 0.03143012 0.01760149 0.02262782 0.54117647 0.42352941 0.64313725
v 0.03128015 0.01729868 0.02325440 0.54117647 0.42352941 0.64313725
v 0.03015372 0.01882029 0.02383825 0.54117647 0.42352941 0.64313725
v 0.02933055 0.01951296 0.02452892 0.54117647 0.42352941 0.64313725
v 0.02905394 0.02033432 0.02412306 0.54117647 0.42352941 0.64313725
v 0.02880400 0.01994824 0.02495613 0.54117647 0.42352941 0.64313725
v 0.03066361 0.01833579 0.02335408 0.54117647 0.42352941 0.64313725
v 0.02854738 0.02075068 0.02452892 0.54117647 0.42352941 0.64313725
v 0.02786752 0.02190892 0.02440075 0.54117647 0.42352941 0.64313725
v 0.02767090 0.02264323 0.02390234 0.54117647 0.42352941 0.64313725
v 0.02737096 0.02226472 0.02474252 0.54117647 0.42352941 0.64313725
v 0.02692105 0.02313150 0.02435803 0.54117647 0.42352941 0.64313725
v 0.02615454 0.02362357 0.02482084 0.54117647 0.42352941 0.64313725
v 0.03370632 0.01070505 0.02322592 0.54117647 0.42352941 0.64313725
v 0.03332973 0.01194656 0.02325440 0.54117647 0.42352941 0.64313725
v 0.03293648 0.01318807 0.02328288 0.54117647 0.42352941 0.64313725
v 0.03279651 0.01411542 0.02287703 0.54117647 0.42352941 0.64313725
v 0.00433903 0.03718176 0.01320068 0.54117647 0.42352941 0.64313725
v 0.00433903 0.03717040 0.01326476 0.54117647 0.42352941 0.64313725
v 0.00440235 0.03692816 0.01445383 0.54117647 0.42352941 0.64313725
v 0.00565876 0.03679947 0.01445383 0.54117647 0.42352941 0.64313725
v 0.00668188 0.03650801 0.01526554 0.54117647 0.42352941 0.64313725
v 0.00702847 0.03636418 0.01569275 0.54117647 0.42352941 0.64313725
v 0.00691850 0.03606137 0.01697438 0.54117647 0.42352941 0.64313725
v 0.00817490 0.03620521 0.01571411 0.54117647 0.42352941 0.64313725
v 0.01391706 0.03523244 0.01396254 0.54117647 0.42352941 0.64313725
v 0.01194746 0.03567908 0.01445383 0.54117647 0.42352941 0.64313725
v 0.01320054 0.03534599 0.01441111 0.54117647 0.42352941 0.64313725
v 0.00943131 0.03596296 0.01571411 0.54117647 0.42352941 0.64313725
v 0.01278062 0.03526272 0.01530114 0.54117647 0.42352941 0.64313725
v 0.01068772 0.03567151 0.01571411 0.54117647 0.42352941 0.64313725
v 0.01194413 0.03536492 0.01572123 0.54117647 0.42352941 0.64313725
v 0.01411702 0.03530057 0.01320068 0.54117647 0.42352941 0.64313725
v 0.01496684 0.03516052 0.01225369 0.54117647 0.42352941 0.64313725
v 0.02867069 0.02609144 0.01068725 0.54117647 0.42352941 0.64313725
v 0.02917392 0.02546312 0.01068725 0.54117647 0.42352941 0.64313725
v 0.02980379 0.02466068 0.01068725 0.54117647 0.42352941 0.64313725
v 0.02986045 0.02474017 0.00942697 0.54117647 0.42352941 0.64313725
v 0.03034368 0.02411184 0.00942697 0.54117647 0.42352941 0.64313725
v 0.03028036 0.02403236 0.01068725 0.54117647 0.42352941 0.64313725
v 0.03084691 0.02326020 0.01068725 0.54117647 0.42352941 0.64313725
v 0.03137014 0.02253724 0.01068725 0.54117647 0.42352941 0.64313725
v 0.03177672 0.02190892 0.01068725 0.54117647 0.42352941 0.64313725
v 0.03240326 0.02091723 0.01068725 0.54117647 0.42352941 0.64313725
v 0.03279651 0.02028890 0.01068725 0.54117647 0.42352941 0.64313725
v 0.03334973 0.01948646 0.00942697 0.54117647 0.42352941 0.64313725
v 0.03423621 0.01821467 0.00565327 0.54117647 0.42352941 0.64313725
v 0.03381630 0.01861211 0.00942697 0.54117647 0.42352941 0.64313725
v 0.03413957 0.01798378 0.00942697 0.54117647 0.42352941 0.64313725
v 0.03417956 0.01807462 0.00816670 0.54117647 0.42352941 0.64313725
v 0.03420955 0.01816925 0.00691354 0.54117647 0.42352941 0.64313725
v 0.03474611 0.01697695 0.00691354 0.54117647 0.42352941 0.64313725
v 0.03468945 0.01697695 0.00816670 0.54117647 0.42352941 0.64313725
v 0.03508604 0.01605717 0.00816670 0.54117647 0.42352941 0.64313725
v 0.03533932 0.01542884 0.00816670 0.54117647 0.42352941 0.64313725
v 0.01697643 0.03435808 0.01194040 0.54117647 0.42352941 0.64313725
v 0.01572002 0.03471009 0.01320068 0.54117647 0.42352941 0.64313725
v 0.01771294 0.03400228 0.01194040 0.54117647 0.42352941 0.64313725
v 0.01834281 0.03367677 0.01194040 0.54117647 0.42352941 0.64313725
v 0.01936594 0.03296138 0.01320068 0.54117647 0.42352941 0.64313725
v 0.01999581 0.03262073 0.01320068 0.54117647 0.42352941 0.64313725
v 0.02074899 0.03195833 0.01445383 0.54117647 0.42352941 0.64313725
v 0.02139219 0.03144356 0.01513737 0.54117647 0.42352941 0.64313725
v 0.02148883 0.03150791 0.01445383 0.54117647 0.42352941 0.64313725
v 0.02211871 0.03108777 0.01445383 0.54117647 0.42352941 0.64313725
v 0.02305518 0.03045944 0.01445383 0.54117647 0.42352941 0.64313725
v 0.02368172 0.03002794 0.01445383 0.54117647 0.42352941 0.64313725
v 0.02461153 0.02932770 0.01445383 0.54117647 0.42352941 0.64313725
v 0.02509476 0.02887727 0.01487392 0.54117647 0.42352941 0.64313725
v 0.02567797 0.02846470 0.01445383 0.54117647 0.42352941 0.64313725
v 0.02650447 0.02775310 0.01445383 0.54117647 0.42352941 0.64313725
v 0.02860070 0.02600439 0.01194040 0.54117647 0.42352941 0.64313725
v 0.02758092 0.02631477 0.01596331 0.54117647 0.42352941 0.64313725
v 0.02805082 0.02584920 0.01561442 0.54117647 0.42352941 0.64313725
v 0.02886732 0.02508083 0.01474576 0.54117647 0.42352941 0.64313725
v 0.02849406 0.02587948 0.01320068 0.54117647 0.42352941 0.64313725
v 0.03837536 -0.00062751 0.00440011 0.54117647 0.42352941 0.64313725
v 0.03837536 -0.00064643 0.00441435 0.54117647 0.42352941 0.64313725
v 0.03529266 0.01531529 0.00942697 0.54117647 0.42352941 0.64313725
v 0.03557594 0.01445986 0.00942697 0.54117647 0.42352941 0.64313725
v 0.03642243 0.01115926 0.01096493 0.54117647 0.42352941 0.64313725
v 0.03519602 0.01506548 0.01123550 0.54117647 0.42352941 0.64313725
v 0.03535598 0.01430089 0.01194040 0.54117647 0.42352941 0.64313725
v 0.03554928 0.01320321 0.01320068 0.54117647 0.42352941 0.64313725
v 0.03684568 0.00943326 0.01068725 0.54117647 0.42352941 0.64313725
v 0.03652907 0.01032276 0.01173392 0.54117647 0.42352941 0.64313725
v 0.03695565 0.00817661 0.01194040 0.54117647 0.42352941 0.64313725
v 0.03718894 0.00691618 0.01194040 0.54117647 0.42352941 0.64313725
v 0.03754553 0.00565953 0.01068725 0.54117647 0.42352941 0.64313725
v 0.03771550 0.00500471 0.00999659 0.54117647 0.42352941 0.64313725
v 0.03816540 0.00062914 0.00942697 0.54117647 0.42352941 0.64313725
v 0.03830538 -0.00064643 0.00818806 0.54117647 0.42352941 0.64313725
v 0.03738556 0.00565953 0.01194040 0.54117647 0.42352941 0.64313725
v 0.03772883 0.00384268 0.01137079 0.54117647 0.42352941 0.64313725
v 0.03768217 0.00188958 0.01352821 0.54117647 0.42352941 0.64313725
v 0.03771883 0.00124990 0.01382725 0.54117647 0.42352941 0.64313725
v 0.03793545 0.00062914 0.01194040 0.54117647 0.42352941 0.64313725
v 0.03805876 0.00062914 0.01068725 0.54117647 0.42352941 0.64313725
v 0.03836203 -0.00064643 0.00567463 0.54117647 0.42352941 0.64313725
v 0.03836203 -0.00062751 0.00565327 0.54117647 0.42352941 0.64313725
v 0.03834537 -0.00064643 0.00692778 0.54117647 0.42352941 0.64313725
v 0.02568464 0.02442979 0.02439363 0.54117647 0.42352941 0.64313725
v 0.02521474 0.02520573 0.02397354 0.54117647 0.42352941 0.64313725
v 0.02457487 0.02612551 0.02337544 0.54117647 0.42352941 0.64313725
v 0.02503144 0.02631098 0.02245694 0.54117647 0.42352941 0.64313725
v 0.02419161 0.02664028 0.02303367 0.54117647 0.42352941 0.64313725
v 0.02364172 0.02748057 0.02227893 0.54117647 0.42352941 0.64313725
v 0.02280523 0.02777581 0.02282007 0.54117647 0.42352941 0.64313725
v 0.02199873 0.02803698 0.02324728 0.54117647 0.42352941 0.64313725
v 0.02082897 0.02869937 0.02334696 0.54117647 0.42352941 0.64313725
v 0.02046238 0.02912330 0.02298383 0.54117647 0.42352941 0.64313725
v 0.01947258 0.02953966 0.02324016 0.54117647 0.42352941 0.64313725
v 0.01844946 0.02995981 0.02348936 0.54117647 0.42352941 0.64313725
v 0.01888604 0.03018691 0.02265630 0.54117647 0.42352941 0.64313725
v 0.01811286 0.03032317 0.02314760 0.54117647 0.42352941 0.64313725
v 0.01697643 0.03081145 0.02325440 0.54117647 0.42352941 0.64313725
v 0.01633989 0.03142842 0.02262070 0.54117647 0.42352941 0.64313725
v 0.01550340 0.03159497 0.02294823 0.54117647 0.42352941 0.64313725
v 0.01494685 0.03137922 0.02378841 0.54117647 0.42352941 0.64313725
v 0.01410702 0.03152684 0.02405898 0.54117647 0.42352941 0.64313725
v 0.01309056 0.03230656 0.02314048 0.54117647 0.42352941 0.64313725
v 0.01194746 0.03247689 0.02346089 0.54117647 0.42352941 0.64313725
v 0.01068772 0.03262830 0.02376705 0.54117647 0.42352941 0.64313725
v 0.00922136 0.03278727 0.02405186 0.54117647 0.42352941 0.64313725
v 0.00817490 0.03342316 0.02325440 0.54117647 0.42352941 0.64313725
v 0.00738174 0.03391901 0.02257086 0.54117647 0.42352941 0.64313725
v 0.00440235 0.03414233 0.02301231 0.54117647 0.42352941 0.64313725
v 0.00433903 0.03412719 0.02305503 0.54117647 0.42352941 0.64313725
v 0.00433903 0.03382439 0.02364601 0.54117647 0.42352941 0.64313725
v 0.00565876 0.03445271 0.02200124 0.54117647 0.42352941 0.64313725
v 0.00440235 0.03460033 0.02200124 0.54117647 0.42352941 0.64313725
v 0.03537265 -0.00064643 0.02313335 0.54117647 0.42352941 0.64313725
v 0.03574590 -0.00064643 0.02201548 0.54117647 0.42352941 0.64313725
v 0.03534932 0.00062914 0.02305503 0.54117647 0.42352941 0.64313725
v 0.03531932 0.00188958 0.02292687 0.54117647 0.42352941 0.64313725
v 0.03526933 0.00314623 0.02279159 0.54117647 0.42352941 0.64313725
v 0.03517935 0.00476624 0.02254950 0.54117647 0.42352941 0.64313725
v 0.03511270 0.00565953 0.02234301 0.54117647 0.42352941 0.64313725
v 0.03479276 0.00817661 0.02200124 0.54117647 0.42352941 0.64313725
v 0.03401293 0.01029626 0.02278447 0.54117647 0.42352941 0.64313725
v 0.03452615 0.00943326 0.02200124 0.54117647 0.42352941 0.64313725
v 0.03297647 0.01450528 0.02204396 0.54117647 0.42352941 0.64313725
v 0.03279651 0.01536828 0.02165235 0.54117647 0.42352941 0.64313725
v 0.03263321 0.01620479 0.02121090 0.54117647 0.42352941 0.64313725
v 0.03125349 0.01829416 0.02212229 0.54117647 0.42352941 0.64313725
v 0.03057030 0.01953945 0.02202972 0.54117647 0.42352941 0.64313725
v 0.03035368 0.01915716 0.02300519 0.54117647 0.42352941 0.64313725
v 0.03244658 0.01697316 0.02077657 0.54117647 0.42352941 0.64313725
v 0.03159676 0.01791565 0.02178764 0.54117647 0.42352941 0.64313725
v 0.03137347 0.01874837 0.02121802 0.54117647 0.42352941 0.64313725
v 0.02994709 0.01953945 0.02335408 0.54117647 0.42352941 0.64313725
v 0.02925724 0.02075068 0.02323304 0.54117647 0.42352941 0.64313725
v 0.02879067 0.02117461 0.02363889 0.54117647 0.42352941 0.64313725
v 0.02647114 0.02396044 0.02398066 0.54117647 0.42352941 0.64313725
v 0.02900395 0.02149256 0.02279871 0.54117647 0.42352941 0.64313725
v 0.02782087 0.02284384 0.02325440 0.54117647 0.42352941 0.64313725
v 0.02774088 0.02399451 0.02154555 0.54117647 0.42352941 0.64313725
v 0.02754092 0.02373712 0.02238573 0.54117647 0.42352941 0.64313725
v 0.02634450 0.02508461 0.02252102 0.54117647 0.42352941 0.64313725
v 0.02668110 0.02421025 0.02325440 0.54117647 0.42352941 0.64313725
v 0.03389628 0.01113655 0.02249966 0.54117647 0.42352941 0.64313725
v 0.03380963 0.01206011 0.02204396 0.54117647 0.42352941 0.64313725
v 0.03394294 0.01255596 0.02135331 0.54117647 0.42352941 0.64313725
v 0.03346304 0.01320321 0.02200124 0.54117647 0.42352941 0.64313725
v 0.00433903 0.03693194 0.01445383 0.54117647 0.42352941 0.64313725
v 0.00565876 0.03656479 0.01550050 0.54117647 0.42352941 0.64313725
v 0.00433903 0.03662157 0.01579955 0.54117647 0.42352941 0.64313725
v 0.00445567 0.03661021 0.01581379 0.54117647 0.42352941 0.64313725
v 0.00817490 0.03586455 0.01697438 0.54117647 0.42352941 0.64313725
v 0.00565876 0.03620142 0.01697438 0.54117647 0.42352941 0.64313725
v 0.00565876 0.03584184 0.01822754 0.54117647 0.42352941 0.64313725
v 0.00691850 0.03569422 0.01822754 0.54117647 0.42352941 0.64313725
v 0.01474355 0.03508104 0.01320068 0.54117647 0.42352941 0.64313725
v 0.01361712 0.03514160 0.01480272 0.54117647 0.42352941 0.64313725
v 0.01438696 0.03497127 0.01441111 0.54117647 0.42352941 0.64313725
v 0.00943131 0.03560338 0.01697438 0.54117647 0.42352941 0.64313725
v 0.01062440 0.03533842 0.01694590 0.54117647 0.42352941 0.64313725
v 0.01152422 0.03525515 0.01651157 0.54117647 0.42352941 0.64313725
v 0.01236404 0.03515295 0.01614132 0.54117647 0.42352941 0.64313725
v 0.01320054 0.03503183 0.01572123 0.54117647 0.42352941 0.64313725
v 0.02910727 0.02537606 0.01194040 0.54117647 0.42352941 0.64313725
v 0.02982045 0.02442979 0.01204720 0.54117647 0.42352941 0.64313725
v 0.03022370 0.02395287 0.01169831 0.54117647 0.42352941 0.64313725
v 0.03059696 0.02338132 0.01204720 0.54117647 0.42352941 0.64313725
v 0.03129348 0.02242748 0.01194040 0.54117647 0.42352941 0.64313725
v 0.03163341 0.02167803 0.01320068 0.54117647 0.42352941 0.64313725
v 0.03170340 0.02179915 0.01194040 0.54117647 0.42352941 0.64313725
v 0.03273652 0.02019049 0.01169831 0.54117647 0.42352941 0.64313725
v 0.03324308 0.01948646 0.01068725 0.54117647 0.42352941 0.64313725
v 0.03376631 0.01850234 0.01068725 0.54117647 0.42352941 0.64313725
v 0.03408291 0.01787401 0.01068725 0.54117647 0.42352941 0.64313725
v 0.03460614 0.01697695 0.00942697 0.54117647 0.42352941 0.64313725
v 0.03504271 0.01594362 0.00942697 0.54117647 0.42352941 0.64313725
v 0.01702642 0.03415369 0.01308675 0.54117647 0.42352941 0.64313725
v 0.01747966 0.03388873 0.01343564 0.54117647 0.42352941 0.64313725
v 0.01572002 0.03445649 0.01445383 0.54117647 0.42352941 0.64313725
v 0.01663650 0.03407420 0.01445383 0.54117647 0.42352941 0.64313725
v 0.01726637 0.03380546 0.01445383 0.54117647 0.42352941 0.64313725
v 0.01811286 0.03362756 0.01308675 0.54117647 0.42352941 0.64313725
v 0.01823284 0.03334746 0.01445383 0.54117647 0.42352941 0.64313725
v 0.01916598 0.03285919 0.01445383 0.54117647 0.42352941 0.64313725
v 0.01979585 0.03250717 0.01445383 0.54117647 0.42352941 0.64313725
v 0.02078231 0.03168959 0.01562155 0.54117647 0.42352941 0.64313725
v 0.02122555 0.03134515 0.01597756 0.54117647 0.42352941 0.64313725
v 0.02188875 0.03100449 0.01562155 0.54117647 0.42352941 0.64313725
v 0.02286855 0.03033453 0.01571411 0.54117647 0.42352941 0.64313725
v 0.02349842 0.02989924 0.01571411 0.54117647 0.42352941 0.64313725
v 0.02434491 0.02927092 0.01571411 0.54117647 0.42352941 0.64313725
v 0.02583461 0.02805969 0.01561442 0.54117647 0.42352941 0.64313725
v 0.02497478 0.02877886 0.01571411 0.54117647 0.42352941 0.64313725
v 0.02641449 0.02766983 0.01512313 0.54117647 0.42352941 0.64313725
v 0.02681440 0.02679547 0.01697438 0.54117647 0.42352941 0.64313725
v 0.02744428 0.02616715 0.01697438 0.54117647 0.42352941 0.64313725
v 0.02798750 0.02553882 0.01697438 0.54117647 0.42352941 0.64313725
v 0.02877067 0.02495970 0.01571411 0.54117647 0.42352941 0.64313725
v 0.03000708 0.02365006 0.01445383 0.54117647 0.42352941 0.64313725
v 0.03011373 0.02380146 0.01320068 0.54117647 0.42352941 0.64313725
v 0.03017038 0.02388095 0.01253138 0.54117647 0.42352941 0.64313725
v 0.02956717 0.02451685 0.01320068 0.54117647 0.42352941 0.64313725
v 0.02900062 0.02525116 0.01320068 0.54117647 0.42352941 0.64313725
v 0.02925724 0.02433138 0.01571411 0.54117647 0.42352941 0.64313725
v 0.03524267 0.01518660 0.01040244 0.54117647 0.42352941 0.64313725
v 0.03590587 0.01194656 0.01320068 0.54117647 0.42352941 0.64313725
v 0.03573590 0.01194656 0.01445383 0.54117647 0.42352941 0.64313725
v 0.03485608 0.01572030 0.01194040 0.54117647 0.42352941 0.64313725
v 0.03468279 0.01572030 0.01320068 0.54117647 0.42352941 0.64313725
v 0.03514936 0.01492921 0.01194040 0.54117647 0.42352941 0.64313725
v 0.03527933 0.01405486 0.01320068 0.54117647 0.42352941 0.64313725
v 0.03501939 0.01565217 0.01076557 0.54117647 0.42352941 0.64313725
v 0.03522601 0.01389588 0.01396966 0.54117647 0.42352941 0.64313725
v 0.03536598 0.01324863 0.01441111 0.54117647 0.42352941 0.64313725
v 0.03664905 0.00955817 0.01206857 0.54117647 0.42352941 0.64313725
v 0.03605584 0.01068991 0.01445383 0.54117647 0.42352941 0.64313725
v 0.03642243 0.00987233 0.01320068 0.54117647 0.42352941 0.64313725
v 0.03678902 0.00817661 0.01320068 0.54117647 0.42352941 0.64313725
v 0.03701897 0.00691618 0.01320068 0.54117647 0.42352941 0.64313725
v 0.03811208 -0.00062751 0.01068725 0.54117647 0.42352941 0.64313725
v 0.03821539 -0.00062751 0.00942697 0.54117647 0.42352941 0.64313725
v 0.03821539 -0.00064643 0.00942697 0.54117647 0.42352941 0.64313725
v 0.03720560 0.00565953 0.01320068 0.54117647 0.42352941 0.64313725
v 0.03701897 0.00565953 0.01445383 0.54117647 0.42352941 0.64313725
v 0.03681568 0.00565953 0.01571411 0.54117647 0.42352941 0.64313725
v 0.03698231 0.00440288 0.01571411 0.54117647 0.42352941 0.64313725
v 0.03674903 0.00440288 0.01697438 0.54117647 0.42352941 0.64313725
v 0.03688234 0.00314623 0.01697438 0.54117647 0.42352941 0.64313725
v 0.03726559 0.00188958 0.01571411 0.54117647 0.42352941 0.64313725
v 0.03699898 0.00188958 0.01697438 0.54117647 0.42352941 0.64313725
v 0.03707563 0.00062914 0.01697438 0.54117647 0.42352941 0.64313725
v 0.03734557 0.00062914 0.01571411 0.54117647 0.42352941 0.64313725
v 0.03762552 0.00075026 0.01435415 0.54117647 0.42352941 0.64313725
v 0.03772550 0.00041339 0.01386286 0.54117647 0.42352941 0.64313725
v 0.03798211 -0.00062751 0.01194040 0.54117647 0.42352941 0.64313725
v 0.02609455 0.02483858 0.02325440 0.54117647 0.42352941 0.64313725
v 0.02546802 0.02543662 0.02325440 0.54117647 0.42352941 0.64313725
v 0.02528805 0.02653430 0.02161675 0.54117647 0.42352941 0.64313725
v 0.02448155 0.02700744 0.02194428 0.54117647 0.42352941 0.64313725
v 0.02393166 0.02769254 0.02143875 0.54117647 0.42352941 0.64313725
v 0.02323847 0.02793857 0.02191580 0.54117647 0.42352941 0.64313725
v 0.02203206 0.02864638 0.02207245 0.54117647 0.42352941 0.64313725
v 0.02129887 0.02887349 0.02254238 0.54117647 0.42352941 0.64313725
v 0.02082897 0.02938069 0.02207245 0.54117647 0.42352941 0.64313725
v 0.01979918 0.03000144 0.02200124 0.54117647 0.42352941 0.64313725
v 0.01916931 0.03034210 0.02200124 0.54117647 0.42352941 0.64313725
v 0.01811286 0.03094772 0.02188020 0.54117647 0.42352941 0.64313725
v 0.01697643 0.03128837 0.02231453 0.54117647 0.42352941 0.64313725
v 0.01697643 0.03157604 0.02168795 0.54117647 0.42352941 0.64313725
v 0.01584000 0.03185235 0.02212229 0.54117647 0.42352941 0.64313725
v 0.01450027 0.03177287 0.02332560 0.54117647 0.42352941 0.64313725
v 0.01447694 0.03242769 0.02198700 0.54117647 0.42352941 0.64313725
v 0.01343382 0.03257909 0.02239286 0.54117647 0.42352941 0.64313725
v 0.01194746 0.03279105 0.02283431 0.54117647 0.42352941 0.64313725
v 0.01068772 0.03294624 0.02314048 0.54117647 0.42352941 0.64313725
v 0.00817490 0.03384709 0.02239286 0.54117647 0.42352941 0.64313725
v 0.00817490 0.03411205 0.02176628 0.54117647 0.42352941 0.64313725
v 0.00691850 0.03477823 0.02074097 0.54117647 0.42352941 0.64313725
v 0.00694516 0.03419911 0.02209381 0.54117647 0.42352941 0.64313725
v 0.00433903 0.03460411 0.02200124 0.54117647 0.42352941 0.64313725
v 0.00564876 0.03499398 0.02065553 0.54117647 0.42352941 0.64313725
v 0.00440235 0.03503562 0.02091185 0.54117647 0.42352941 0.64313725
v 0.00433903 0.03501669 0.02096882 0.54117647 0.42352941 0.64313725
v 0.03614249 -0.00064643 0.02076233 0.54117647 0.42352941 0.64313725
v 0.03569591 0.00062914 0.02200124 0.54117647 0.42352941 0.64313725
v 0.03562260 0.00188958 0.02200124 0.54117647 0.42352941 0.64313725
v 0.03552262 0.00314623 0.02200124 0.54117647 0.42352941 0.64313725
v 0.03536931 0.00436881 0.02207957 0.54117647 0.42352941 0.64313725
v 0.03577590 0.00440288 0.02074097 0.54117647 0.42352941 0.64313725
v 0.03562260 0.00565953 0.02074097 0.54117647 0.42352941 0.64313725
v 0.03531599 0.00565953 0.02171644 0.54117647 0.42352941 0.64313725
v 0.03518268 0.00740067 0.02130346 0.54117647 0.42352941 0.64313725
v 0.03502938 0.00695781 0.02195140 0.54117647 0.42352941 0.64313725
v 0.03511603 0.00817661 0.02107562 0.54117647 0.42352941 0.64313725
v 0.03418622 0.01070505 0.02204396 0.54117647 0.42352941 0.64313725
v 0.03498606 0.00937649 0.02066977 0.54117647 0.42352941 0.64313725
v 0.03464613 0.01068991 0.02074097 0.54117647 0.42352941 0.64313725
v 0.03294981 0.01575815 0.02077657 0.54117647 0.42352941 0.64313725
v 0.03277651 0.01655302 0.02037784 0.54117647 0.42352941 0.64313725
v 0.03113352 0.01947132 0.02077657 0.54117647 0.42352941 0.64313725
v 0.03029036 0.02030026 0.02162387 0.54117647 0.42352941 0.64313725
v 0.03010040 0.01999366 0.02246406 0.54117647 0.42352941 0.64313725
v 0.03178672 0.01829416 0.02077657 0.54117647 0.42352941 0.64313725
v 0.03259322 0.01739331 0.01975838 0.54117647 0.42352941 0.64313725
v 0.03153343 0.01903982 0.02038496 0.54117647 0.42352941 0.64313725
v 0.02984378 0.02072797 0.02202972 0.54117647 0.42352941 0.64313725
v 0.03002708 0.02113676 0.02099017 0.54117647 0.42352941 0.64313725
v 0.02918392 0.02173859 0.02200124 0.54117647 0.42352941 0.64313725
v 0.02872735 0.02236692 0.02200124 0.54117647 0.42352941 0.64313725
v 0.02655779 0.02530036 0.02168084 0.54117647 0.42352941 0.64313725
v 0.02705102 0.02453956 0.02202972 0.54117647 0.42352941 0.64313725
v 0.02888065 0.02257888 0.02127498 0.54117647 0.42352941 0.64313725
v 0.02953718 0.02198841 0.02071249 0.54117647 0.42352941 0.64313725
v 0.02905061 0.02280599 0.02043480 0.54117647 0.42352941 0.64313725
v 0.02923391 0.02303309 0.01948781 0.54117647 0.42352941 0.64313725
v 0.02789418 0.02418754 0.02074097 0.54117647 0.42352941 0.64313725
v 0.02738429 0.02481587 0.02074097 0.54117647 0.42352941 0.64313725
v 0.03405625 0.01171946 0.02165947 0.54117647 0.42352941 0.64313725
v 0.03423621 0.01206011 0.02086201 0.54117647 0.42352941 0.64313725
v 0.03466946 0.01194656 0.01948781 0.54117647 0.42352941 0.64313725
v 0.03406958 0.01293069 0.02052024 0.54117647 0.42352941 0.64313725
v 0.03383630 0.01329027 0.02086201 0.54117647 0.42352941 0.64313725
v 0.00490891 0.03645124 0.01629796 0.54117647 0.42352941 0.64313725
v 0.00433903 0.03657236 0.01600604 0.54117647 0.42352941 0.64313725
v 0.00784831 0.03527029 0.01903924 0.54117647 0.42352941 0.64313725
v 0.00822823 0.03543305 0.01830586 0.54117647 0.42352941 0.64313725
v 0.00433903 0.03637932 0.01676790 0.54117647 0.42352941 0.64313725
v 0.00445567 0.03633011 0.01691030 0.54117647 0.42352941 0.64313725
v 0.00440235 0.03595918 0.01822754 0.54117647 0.42352941 0.64313725
v 0.00440235 0.03554660 0.01948781 0.54117647 0.42352941 0.64313725
v 0.00564876 0.03538763 0.01956613 0.54117647 0.42352941 0.64313725
v 0.00605867 0.03517945 0.02004319 0.54117647 0.42352941 0.64313725
v 0.00691850 0.03534221 0.01925285 0.54117647 0.42352941 0.64313725
v 0.01446028 0.03463818 0.01571411 0.54117647 0.42352941 0.64313725
v 0.01576001 0.03416126 0.01568563 0.54117647 0.42352941 0.64313725
v 0.00943131 0.03530814 0.01790713 0.54117647 0.42352941 0.64313725
v 0.01016116 0.03522865 0.01767216 0.54117647 0.42352941 0.64313725
v 0.01100099 0.03513024 0.01734463 0.54117647 0.42352941 0.64313725
v 0.01194413 0.03502426 0.01694590 0.54117647 0.42352941 0.64313725
v 0.01320387 0.03468360 0.01697438 0.54117647 0.42352941 0.64313725
v 0.03120017 0.02230635 0.01320068 0.54117647 0.42352941 0.64313725
v 0.03153343 0.02151906 0.01445383 0.54117647 0.42352941 0.64313725
v 0.03201000 0.02074311 0.01445383 0.54117647 0.42352941 0.64313725
v 0.03220663 0.02074311 0.01320068 0.54117647 0.42352941 0.64313725
v 0.03268653 0.02010722 0.01253850 0.54117647 0.42352941 0.64313725
v 0.03301980 0.01960759 0.01204720 0.54117647 0.42352941 0.64313725
v 0.03369299 0.01834336 0.01194040 0.54117647 0.42352941 0.64313725
v 0.03399959 0.01771504 0.01194040 0.54117647 0.42352941 0.64313725
v 0.03433619 0.01697695 0.01194040 0.54117647 0.42352941 0.64313725
v 0.03448616 0.01697695 0.01068725 0.54117647 0.42352941 0.64313725
v 0.01643987 0.03398336 0.01525129 0.54117647 0.42352941 0.64313725
v 0.01690644 0.03368434 0.01568563 0.54117647 0.42352941 0.64313725
v 0.01831615 0.03300681 0.01574971 0.54117647 0.42352941 0.64313725
v 0.01899268 0.03276077 0.01535810 0.54117647 0.42352941 0.64313725
v 0.01944259 0.03241255 0.01574971 0.54117647 0.42352941 0.64313725
v 0.02036573 0.03157604 0.01697438 0.54117647 0.42352941 0.64313725
v 0.02099227 0.03120889 0.01697438 0.54117647 0.42352941 0.64313725
v 0.02206872 0.03053893 0.01696726 0.54117647 0.42352941 0.64313725
v 0.02272191 0.03023612 0.01654717 0.54117647 0.42352941 0.64313725
v 0.02413162 0.02911195 0.01697438 0.54117647 0.42352941 0.64313725
v 0.02551134 0.02797642 0.01697438 0.54117647 0.42352941 0.64313725
v 0.02629451 0.02756385 0.01596331 0.54117647 0.42352941 0.64313725
v 0.02476150 0.02860853 0.01697438 0.54117647 0.42352941 0.64313725
v 0.02613788 0.02742380 0.01697438 0.54117647 0.42352941 0.64313725
v 0.02660778 0.02659865 0.01822754 0.54117647 0.42352941 0.64313725
v 0.02646781 0.02646617 0.01904636 0.54117647 0.42352941 0.64313725
v 0.02632117 0.02632234 0.01988654 0.54117647 0.42352941 0.64313725
v 0.02723432 0.02594004 0.01822754 0.54117647 0.42352941 0.64313725
v 0.02755425 0.02502026 0.01977974 0.54117647 0.42352941 0.64313725
v 0.02780087 0.02531172 0.01822754 0.54117647 0.42352941 0.64313725
v 0.02861404 0.02476288 0.01697438 0.54117647 0.42352941 0.64313725
v 0.02849739 0.02444872 0.01825602 0.54117647 0.42352941 0.64313725
v 0.02899396 0.02398315 0.01785729 0.54117647 0.42352941 0.64313725
v 0.02910727 0.02413455 0.01697438 0.54117647 0.42352941 0.64313725
v 0.03146345 0.02141686 0.01521569 0.54117647 0.42352941 0.64313725
v 0.03108353 0.02215117 0.01445383 0.54117647 0.42352941 0.64313725
v 0.02988378 0.02347973 0.01571411 0.54117647 0.42352941 0.64313725
v 0.03015705 0.02260538 0.01750128 0.54117647 0.42352941 0.64313725
v 0.03527933 0.01281335 0.01571411 0.54117647 0.42352941 0.64313725
v 0.03552928 0.01194656 0.01571411 0.54117647 0.42352941 0.64313725
v 0.03586588 0.01068991 0.01571411 0.54117647 0.42352941 0.64313725
v 0.03506604 0.01468318 0.01320068 0.54117647 0.42352941 0.64313725
v 0.03414956 0.01701858 0.01309387 0.54117647 0.42352941 0.64313725
v 0.03409624 0.01666278 0.01445383 0.54117647 0.42352941 0.64313725
v 0.03448949 0.01572030 0.01445383 0.54117647 0.42352941 0.64313725
v 0.03499272 0.01437280 0.01441111 0.54117647 0.42352941 0.64313725
v 0.03515936 0.01369527 0.01480272 0.54117647 0.42352941 0.64313725
v 0.03655907 0.00924401 0.01320068 0.54117647 0.42352941 0.64313725
v 0.03634245 0.00940677 0.01446095 0.54117647 0.42352941 0.64313725
v 0.03649908 0.00897148 0.01404798 0.54117647 0.42352941 0.64313725
v 0.03659573 0.00820689 0.01446095 0.54117647 0.42352941 0.64313725
v 0.03683568 0.00691618 0.01445383 0.54117647 0.42352941 0.64313725
v 0.03811208 -0.00064643 0.01068725 0.54117647 0.42352941 0.64313725
v 0.03660239 0.00697295 0.01577107 0.54117647 0.42352941 0.64313725
v 0.03651574 0.00659066 0.01658989 0.54117647 0.42352941 0.64313725
v 0.03657906 0.00563682 0.01699574 0.54117647 0.42352941 0.64313725
v 0.03648908 0.00520532 0.01770776 0.54117647 0.42352941 0.64313725
v 0.03654241 0.00440288 0.01792849 0.54117647 0.42352941 0.64313725
v 0.03643909 0.00348310 0.01876867 0.54117647 0.42352941 0.64313725
v 0.03671237 0.00188958 0.01822754 0.54117647 0.42352941 0.64313725
v 0.03678902 0.00062914 0.01822754 0.54117647 0.42352941 0.64313725
v 0.03710562 -0.00062751 0.01697438 0.54117647 0.42352941 0.64313725
v 0.03737557 -0.00062751 0.01571411 0.54117647 0.42352941 0.64313725
v 0.03772550 -0.00016951 0.01386286 0.54117647 0.42352941 0.64313725
v 0.03798211 -0.00064643 0.01194040 0.54117647 0.42352941 0.64313725
v 0.02613454 0.02614444 0.02074097 0.54117647 0.42352941 0.64313725
v 0.02550468 0.02672356 0.02074097 0.54117647 0.42352941 0.64313725
v 0.02475150 0.02735188 0.02074097 0.54117647 0.42352941 0.64313725
v 0.02246863 0.02881292 0.02112546 0.54117647 0.42352941 0.64313725
v 0.02412163 0.02784016 0.02074097 0.54117647 0.42352941 0.64313725
v 0.02360173 0.02872208 0.01948781 0.54117647 0.42352941 0.64313725
v 0.02319848 0.02849498 0.02071961 0.54117647 0.42352941 0.64313725
v 0.02163214 0.02908167 0.02170219 0.54117647 0.42352941 0.64313725
v 0.02008579 0.03015663 0.02133194 0.54117647 0.42352941 0.64313725
v 0.01959589 0.03063734 0.02084777 0.54117647 0.42352941 0.64313725
v 0.01851611 0.03125809 0.02074097 0.54117647 0.42352941 0.64313725
v 0.01760963 0.03143599 0.02138179 0.54117647 0.42352941 0.64313725
v 0.01697643 0.03198105 0.02074097 0.54117647 0.42352941 0.64313725
v 0.01575001 0.03247689 0.02076233 0.54117647 0.42352941 0.64313725
v 0.01490352 0.03262073 0.02119666 0.54117647 0.42352941 0.64313725
v 0.01406703 0.03277591 0.02155979 0.54117647 0.42352941 0.64313725
v 0.01309056 0.03286297 0.02198700 0.54117647 0.42352941 0.64313725
v 0.01194746 0.03317335 0.02200124 0.54117647 0.42352941 0.64313725
v 0.01068772 0.03348373 0.02200124 0.54117647 0.42352941 0.64313725
v 0.00952463 0.03375247 0.02197276 0.54117647 0.42352941 0.64313725
v 0.01000786 0.03393794 0.02134618 0.54117647 0.42352941 0.64313725
v 0.00817490 0.03454355 0.02074097 0.54117647 0.42352941 0.64313725
v 0.00691850 0.03511888 0.01987942 0.54117647 0.42352941 0.64313725
v 0.00522218 0.03522487 0.02017135 0.54117647 0.42352941 0.64313725
v 0.00433903 0.03503562 0.02091897 0.54117647 0.42352941 0.64313725
v 0.00440235 0.03526650 0.02027815 0.54117647 0.42352941 0.64313725
v 0.00433903 0.03525515 0.02032088 0.54117647 0.42352941 0.64313725
v 0.03639577 -0.00064643 0.01988654 0.54117647 0.42352941 0.64313725
v 0.03639910 -0.00062751 0.01987230 0.54117647 0.42352941 0.64313725
v 0.03636911 0.00062914 0.01979398 0.54117647 0.42352941 0.64313725
v 0.03608583 0.00062914 0.02074097 0.54117647 0.42352941 0.64313725
v 0.03600918 0.00188958 0.02074097 0.54117647 0.42352941 0.64313725
v 0.03590587 0.00314623 0.02074097 0.54117647 0.42352941 0.64313725
v 0.03630579 0.00309702 0.01938101 0.54117647 0.42352941 0.64313725
v 0.03613582 0.00440288 0.01948781 0.54117647 0.42352941 0.64313725
v 0.03597919 0.00565953 0.01948781 0.54117647 0.42352941 0.64313725
v 0.03579256 0.00691618 0.01948781 0.54117647 0.42352941 0.64313725
v 0.03539598 0.00695781 0.02082641 0.54117647 0.42352941 0.64313725
v 0.03530266 0.00817661 0.02044192 0.54117647 0.42352941 0.64313725
v 0.03523267 0.00892227 0.02020695 0.54117647 0.42352941 0.64313725
v 0.03513603 0.00975878 0.01987230 0.54117647 0.42352941 0.64313725
v 0.03502605 0.01067856 0.01946645 0.54117647 0.42352941 0.64313725
v 0.03344304 0.01445986 0.02074097 0.54117647 0.42352941 0.64313725
v 0.03392294 0.01376719 0.02003607 0.54117647 0.42352941 0.64313725
v 0.03335639 0.01572030 0.01948781 0.54117647 0.42352941 0.64313725
v 0.03287316 0.01697316 0.01939525 0.54117647 0.42352941 0.64313725
v 0.03042033 0.02072797 0.02064129 0.54117647 0.42352941 0.64313725
v 0.03270653 0.01763934 0.01891820 0.54117647 0.42352941 0.64313725
v 0.03232327 0.01812761 0.01939525 0.54117647 0.42352941 0.64313725
v 0.03167341 0.01928964 0.01948781 0.54117647 0.42352941 0.64313725
v 0.03131681 0.01991796 0.01948781 0.54117647 0.42352941 0.64313725
v 0.03018705 0.02139415 0.02014999 0.54117647 0.42352941 0.64313725
v 0.02675442 0.02551611 0.02074097 0.54117647 0.42352941 0.64313725
v 0.02986378 0.02218523 0.01948781 0.54117647 0.42352941 0.64313725
v 0.02874068 0.02366142 0.01948781 0.54117647 0.42352941 0.64313725
v 0.03006374 0.02246154 0.01822754 0.54117647 0.42352941 0.64313725
v 0.02937721 0.02335104 0.01825602 0.54117647 0.42352941 0.64313725
v 0.02886732 0.02382796 0.01869035 0.54117647 0.42352941 0.64313725
v 0.03514603 0.01109113 0.01861915 0.54117647 0.42352941 0.64313725
v 0.03500939 0.01191250 0.01821330 0.54117647 0.42352941 0.64313725
v 0.03460947 0.01320321 0.01822754 0.54117647 0.42352941 0.64313725
v 0.03421622 0.01329027 0.01955901 0.54117647 0.42352941 0.64313725
v 0.00822823 0.03503183 0.01946645 0.54117647 0.42352941 0.64313725
v 0.01157754 0.03400985 0.02026392 0.54117647 0.42352941 0.64313725
v 0.00868480 0.03517945 0.01877579 0.54117647 0.42352941 0.64313725
v 0.00433903 0.03633390 0.01693166 0.54117647 0.42352941 0.64313725
v 0.00433903 0.03596296 0.01822754 0.54117647 0.42352941 0.64313725
v 0.00433903 0.03555039 0.01948781 0.54117647 0.42352941 0.64313725
v 0.01455359 0.03423318 0.01705982 0.54117647 0.42352941 0.64313725
v 0.01536676 0.03405906 0.01669669 0.54117647 0.42352941 0.64313725
v 0.01620325 0.03388873 0.01608436 0.54117647 0.42352941 0.64313725
v 0.01068772 0.03448299 0.01948781 0.54117647 0.42352941 0.64313725
v 0.01197746 0.03417261 0.01954478 0.54117647 0.42352941 0.64313725
v 0.01194746 0.03462304 0.01822754 0.54117647 0.42352941 0.64313725
v 0.01419367 0.03407042 0.01797121 0.54117647 0.42352941 0.64313725
v 0.01329719 0.03422939 0.01832722 0.54117647 0.42352941 0.64313725
v 0.03173339 0.02081124 0.01567139 0.54117647 0.42352941 0.64313725
v 0.03253990 0.01983847 0.01445383 0.54117647 0.42352941 0.64313725
v 0.03263654 0.02002395 0.01320068 0.54117647 0.42352941 0.64313725
v 0.03297647 0.01939183 0.01320068 0.54117647 0.42352941 0.64313725
v 0.03395294 0.01761663 0.01260258 0.54117647 0.42352941 0.64313725
v 0.03363300 0.01811626 0.01309387 0.54117647 0.42352941 0.64313725
v 0.01697643 0.03329447 0.01697438 0.54117647 0.42352941 0.64313725
v 0.01793956 0.03285162 0.01697438 0.54117647 0.42352941 0.64313725
v 0.01856610 0.03255638 0.01697438 0.54117647 0.42352941 0.64313725
v 0.01878939 0.03265100 0.01619828 0.54117647 0.42352941 0.64313725
v 0.01948925 0.03206810 0.01697438 0.54117647 0.42352941 0.64313725
v 0.02017910 0.03146627 0.01770776 0.54117647 0.42352941 0.64313725
v 0.02065900 0.03103477 0.01816346 0.54117647 0.42352941 0.64313725
v 0.02169879 0.03038374 0.01822754 0.54117647 0.42352941 0.64313725
v 0.02253195 0.03011121 0.01738735 0.54117647 0.42352941 0.64313725
v 0.02232533 0.02998252 0.01822754 0.54117647 0.42352941 0.64313725
v 0.02381835 0.02886592 0.01868323 0.54117647 0.42352941 0.64313725
v 0.02529472 0.02778717 0.01822754 0.54117647 0.42352941 0.64313725
v 0.02444156 0.02848741 0.01824890 0.54117647 0.42352941 0.64313725
v 0.02592126 0.02722697 0.01822754 0.54117647 0.42352941 0.64313725
v 0.02574463 0.02700365 0.01940237 0.54117647 0.42352941 0.64313725
v 0.02499478 0.02754113 0.01975838 0.54117647 0.42352941 0.64313725
v 0.02701103 0.02574700 0.01941661 0.54117647 0.42352941 0.64313725
v 0.03137014 0.02127303 0.01605588 0.54117647 0.42352941 0.64313725
v 0.03047699 0.02183322 0.01822754 0.54117647 0.42352941 0.64313725
v 0.03126682 0.02109891 0.01697438 0.54117647 0.42352941 0.64313725
v 0.03508270 0.01344167 0.01571411 0.54117647 0.42352941 0.64313725
v 0.03521601 0.01260895 0.01639053 0.54117647 0.42352941 0.64313725
v 0.03563592 0.01068991 0.01697438 0.54117647 0.42352941 0.64313725
v 0.03614249 0.00943326 0.01571411 0.54117647 0.42352941 0.64313725
v 0.03591920 0.00943326 0.01697438 0.54117647 0.42352941 0.64313725
v 0.03335639 0.01823360 0.01445383 0.54117647 0.42352941 0.64313725
v 0.03313644 0.01823360 0.01571411 0.54117647 0.42352941 0.64313725
v 0.03401293 0.01648867 0.01537234 0.54117647 0.42352941 0.64313725
v 0.03420955 0.01579978 0.01576395 0.54117647 0.42352941 0.64313725
v 0.03473278 0.01445986 0.01571411 0.54117647 0.42352941 0.64313725
v 0.03651908 0.00780946 0.01538658 0.54117647 0.42352941 0.64313725
v 0.03643909 0.00742716 0.01622676 0.54117647 0.42352941 0.64313725
v 0.03615915 0.00817661 0.01697438 0.54117647 0.42352941 0.64313725
v 0.03636578 0.00697295 0.01699574 0.54117647 0.42352941 0.64313725
v 0.03610916 0.00691618 0.01822754 0.54117647 0.42352941 0.64313725
v 0.03642243 0.00604182 0.01743008 0.54117647 0.42352941 0.64313725
v 0.03631245 0.00563682 0.01816346 0.54117647 0.42352941 0.64313725
v 0.03638577 0.00440288 0.01855507 0.54117647 0.42352941 0.64313725
v 0.03650908 0.00188958 0.01901788 0.54117647 0.42352941 0.64313725
v 0.03654574 0.00062914 0.01916028 0.54117647 0.42352941 0.64313725
v 0.03656240 -0.00064643 0.01925285 0.54117647 0.42352941 0.64313725
v 0.03681568 -0.00062751 0.01822754 0.54117647 0.42352941 0.64313725
v 0.03710562 -0.00064643 0.01697438 0.54117647 0.42352941 0.64313725
v 0.03737223 -0.00064643 0.01571411 0.54117647 0.42352941 0.64313725
v 0.03762552 -0.00064643 0.01435415 0.54117647 0.42352941 0.64313725
v 0.03762885 -0.00060480 0.01435415 0.54117647 0.42352941 0.64313725
v 0.03771550 -0.00064643 0.01381301 0.54117647 0.42352941 0.64313725
v 0.03779548 -0.00064643 0.01330748 0.54117647 0.42352941 0.64313725
v 0.03779881 -0.00064643 0.01328612 0.54117647 0.42352941 0.64313725
v 0.03779881 -0.00060480 0.01329324 0.54117647 0.42352941 0.64313725
v 0.02273858 0.02899082 0.02028528 0.54117647 0.42352941 0.64313725
v 0.02203206 0.02925957 0.02071961 0.54117647 0.42352941 0.64313725
v 0.02297186 0.02913844 0.01948781 0.54117647 0.42352941 0.64313725
v 0.02078898 0.02995981 0.02084777 0.54117647 0.42352941 0.64313725
v 0.02039573 0.03034210 0.02049176 0.54117647 0.42352941 0.64313725
v 0.01881272 0.03140950 0.02005743 0.54117647 0.42352941 0.64313725
v 0.01788624 0.03156847 0.02074097 0.54117647 0.42352941 0.64313725
v 0.01832948 0.03182586 0.01957326 0.54117647 0.42352941 0.64313725
v 0.01697976 0.03245797 0.01951629 0.54117647 0.42352941 0.64313725
v 0.01618992 0.03263208 0.01995063 0.54117647 0.42352941 0.64313725
v 0.01535010 0.03278348 0.02035648 0.54117647 0.42352941 0.64313725
v 0.01447694 0.03294624 0.02076233 0.54117647 0.42352941 0.64313725
v 0.01329719 0.03380925 0.01954478 0.54117647 0.42352941 0.64313725
v 0.01320387 0.03337396 0.02074097 0.54117647 0.42352941 0.64313725
v 0.01068772 0.03385467 0.02115394 0.54117647 0.42352941 0.64313725
v 0.01197746 0.03372597 0.02070537 0.54117647 0.42352941 0.64313725
v 0.01068772 0.03410448 0.02052024 0.54117647 0.42352941 0.64313725
v 0.03633578 0.00188958 0.01964446 0.54117647 0.42352941 0.64313725
v 0.03557927 0.00817661 0.01948781 0.54117647 0.42352941 0.64313725
v 0.03590254 0.00817661 0.01822754 0.54117647 0.42352941 0.64313725
v 0.03533932 0.00937649 0.01946645 0.54117647 0.42352941 0.64313725
v 0.03525267 0.01025084 0.01903212 0.54117647 0.42352941 0.64313725
v 0.03404292 0.01409649 0.01919589 0.54117647 0.42352941 0.64313725
v 0.03388962 0.01493300 0.01864051 0.54117647 0.42352941 0.64313725
v 0.03399959 0.01522066 0.01780033 0.54117647 0.42352941 0.64313725
v 0.03370965 0.01567109 0.01822754 0.54117647 0.42352941 0.64313725
v 0.03316643 0.01697695 0.01822754 0.54117647 0.42352941 0.64313725
v 0.03278984 0.01780967 0.01822754 0.54117647 0.42352941 0.64313725
v 0.03247324 0.01844178 0.01822754 0.54117647 0.42352941 0.64313725
v 0.03181671 0.01959623 0.01832010 0.54117647 0.42352941 0.64313725
v 0.03141679 0.02009208 0.01879715 0.54117647 0.42352941 0.64313725
v 0.03080692 0.02074311 0.01948781 0.54117647 0.42352941 0.64313725
v 0.03029036 0.02155691 0.01948781 0.54117647 0.42352941 0.64313725
v 0.03535598 0.01067856 0.01821330 0.54117647 0.42352941 0.64313725
v 0.03524934 0.01146964 0.01777897 0.54117647 0.42352941 0.64313725
v 0.03512603 0.01230993 0.01723071 0.54117647 0.42352941 0.64313725
v 0.03496273 0.01310101 0.01687470 0.54117647 0.42352941 0.64313725
v 0.03447950 0.01445986 0.01697438 0.54117647 0.42352941 0.64313725
v 0.03416289 0.01449393 0.01822754 0.54117647 0.42352941 0.64313725
v 0.01241403 0.03390766 0.02000047 0.54117647 0.42352941 0.64313725
v 0.01503349 0.03392658 0.01753688 0.54117647 0.42352941 0.64313725
v 0.01576001 0.03378653 0.01705982 0.54117647 0.42352941 0.64313725
v 0.01293726 0.03405149 0.01916740 0.54117647 0.42352941 0.64313725
v 0.01377709 0.03393037 0.01881139 0.54117647 0.42352941 0.64313725
v 0.03164341 0.02047059 0.01697438 0.54117647 0.42352941 0.64313725
v 0.03241659 0.01961894 0.01571411 0.54117647 0.42352941 0.64313725
v 0.03275985 0.01899061 0.01571411 0.54117647 0.42352941 0.64313725
v 0.03287649 0.01921015 0.01445383 0.54117647 0.42352941 0.64313725
v 0.01697976 0.03290839 0.01818482 0.54117647 0.42352941 0.64313725
v 0.01740301 0.03260180 0.01857643 0.54117647 0.42352941 0.64313725
v 0.01770628 0.03273428 0.01774336 0.54117647 0.42352941 0.64313725
v 0.01816618 0.03238605 0.01818482 0.54117647 0.42352941 0.64313725
v 0.01951257 0.03170473 0.01816346 0.54117647 0.42352941 0.64313725
v 0.01994915 0.03133001 0.01854083 0.54117647 0.42352941 0.64313725
v 0.02148550 0.03024369 0.01903924 0.54117647 0.42352941 0.64313725
v 0.02516808 0.02768118 0.01891820 0.54117647 0.42352941 0.64313725
v 0.03116351 0.02071283 0.01832010 0.54117647 0.42352941 0.64313725
v 0.03152344 0.02026998 0.01795697 0.54117647 0.42352941 0.64313725
v 0.03531599 0.01191250 0.01687470 0.54117647 0.42352941 0.64313725
v 0.03565259 0.00943326 0.01822754 0.54117647 0.42352941 0.64313725
v 0.03269320 0.01886571 0.01635493 0.54117647 0.42352941 0.64313725
v 0.03288982 0.01825252 0.01685334 0.54117647 0.42352941 0.64313725
v 0.03345637 0.01697695 0.01697438 0.54117647 0.42352941 0.64313725
v 0.03372632 0.01693531 0.01576395 0.54117647 0.42352941 0.64313725
v 0.03383630 0.01607610 0.01697438 0.54117647 0.42352941 0.64313725
v 0.03409291 0.01544777 0.01697438 0.54117647 0.42352941 0.64313725
v 0.03681235 -0.00064643 0.01824178 0.54117647 0.42352941 0.64313725
v 0.03681568 -0.00064643 0.01822754 0.54117647 0.42352941 0.64313725
v 0.03763551 -0.00064643 0.01429719 0.54117647 0.42352941 0.64313725
v 0.02194208 0.02979705 0.01947357 0.54117647 0.42352941 0.64313725
v 0.02123555 0.03008850 0.01987942 0.54117647 0.42352941 0.64313725
v 0.02078898 0.03050486 0.01947357 0.54117647 0.42352941 0.64313725
v 0.01951257 0.03120510 0.01957326 0.54117647 0.42352941 0.64313725
v 0.01910932 0.03157226 0.01921725 0.54117647 0.42352941 0.64313725
v 0.01656318 0.03277970 0.01911044 0.54117647 0.42352941 0.64313725
v 0.01572002 0.03341938 0.01822754 0.54117647 0.42352941 0.64313725
v 0.01575001 0.03295381 0.01951629 0.54117647 0.42352941 0.64313725
v 0.01446028 0.03343830 0.01948781 0.54117647 0.42352941 0.64313725
v 0.03259988 0.01868402 0.01719511 0.54117647 0.42352941 0.64313725
v 0.03229994 0.01936534 0.01685334 0.54117647 0.42352941 0.64313725
v 0.01455359 0.03382439 0.01832722 0.54117647 0.42352941 0.64313725
f 1 2360 2500
f 1 2500 2639
f 1 2639 2776
f 1 2776 2914
f 1 2914 3045
f 1 3045 3189
f 1 3189 3210
f 1 3210 3212
f 1 1647 1761
f 1 1761 1760
f 1 1760 1876
f 1 1876 1986
f 1 1986 1976
f 1 1976 2091
f 1 2091 2217
f 1 2217 2360
f 1 1235 1131
f 1 1131 1234
f 1 1234 1232
f 1 1232 1233
f 1 1233 1330
f 1 1330 1432
f 1 1432 1529
f 1 1529 1647
f 1 849 944
f 1 944 1044
f 1 1044 1136
f 1 1136 1135
f 1 1135 1134
f 1 1134 1236
f 1 1236 1237
f 1 1237 1235
f 1 2548 2410
f 1 2410 2275
f 1 2275 2274
f 1 2274 2273
f 1 2273 2132
f 1 2132 2007
f 1 2007 1894
f 1 1894 1778
f 1 3392 3244
f 1 3244 3243
f 1 3243 3097
f 1 3097 2969
f 1 2969 2828
f 1 2828 2687
f 1 2687 2549
f 1 2549 2548
f 1 3714 3640
f 1 3640 3639
f 1 3639 3638
f 1 3638 3713
f 1 3713 3712
f 1 3712 3636
f 1 3636 3541
f 1 3541 3392
f 1 3212 3203
f 1 3203 3350
f 1 3350 3501
f 1 3501 3513
f 1 3513 3644
f 1 3644 3643
f 1 3643 3642
f 1 3642 3714
f 1 261 260
f 1 260 257
f 1 257 210
f 1 210 173
f 1 173 137
f 1 137 111
f 1 111 110
f 1 110 109
f 1 663 587
f 1 587 516
f 1 516 441
f 1 441 369
f 1 369 312
f 1 312 311
f 1 311 258
f 1 258 261
f 1 1148 1053
f 1 1053 1051
f 1 1051 953
f 1 953 952
f 1 952 857
f 1 857 850
f 1 850 747
f 1 747 663
f 1 1778 1669
f 1 1669 1668
f 1 1668 1550
f 1 1550 1549
f 1 1549 1446
f 1 1446 1343
f 1 1343 1247
f 1 1247 1148
f 2 588 664
f 2 664 750
f 2 750 855
f 2 855 950
f 2 950 1050
f 2 1050 1144
f 2 1144 1246
f 2 1246 1342
f 2 137 174
f 2 174 211
f 2 211 259
f 2 259 313
f 2 313 370
f 2 370 442
f 2 442 517
f 2 517 588
f 2 8 14
f 2 14 23
f 2 23 36
f 2 36 56
f 2 56 58
f 2 58 85
f 2 85 111
f 2 111 137
f 1 109 84
f 1 84 57
f 1 57 37
f 1 37 24
f 1 24 15
f 1 15 7
f 1 7 2
f 2 7 8
f 2 2827 2968
f 2 2968 3096
f 2 3096 3240
f 2 3240 3239
f 2 3239 3388
f 2 3388 3391
f 2 3391 3538
f 2 3538 3540
f 2 2408 2407
f 2 2407 2409
f 2 2409 2547
f 2 2547 2405
f 2 2405 2546
f 2 2546 2686
f 2 2686 2685
f 2 2685 2827
f 2 2006 2131
f 2 2131 2272
f 2 2272 2267
f 2 2267 2126
f 2 2126 2264
f 2 2264 2266
f 2 2266 2401
f 2 2401 2408
f 2 1342 1445
f 2 1445 1548
f 2 1548 1546
f 2 1546 1667
f 2 1667 1666
f 2 1666 1777
f 2 1777 1893
f 2 1893 2006
f 2 2030 1919
f 2 1919 1918
f 2 1918 1803
f 2 1803 1688
f 2 1688 1573
f 2 1573 1464
f 2 1464 1362
f 2 1362 1361
f 2 2446 2579
f 2 2579 2578
f 2 2578 2443
f 2 2443 2300
f 2 2300 2161
f 2 2161 2160
f 2 2160 2031
f 2 2031 2030
f 2 3130 3129
f 2 3129 2995
f 2 2995 2861
f 2 2861 2719
f 2 2719 2718
f 2 2718 2580
f 2 2580 2447
f 2 2447 2446
f 2 3540 3581
f 2 3581 3580
f 2 3580 3579
f 2 3579 3435
f 2 3435 3432
f 2 3432 3278
f 2 3278 3276
f 2 3276 3130
f 2 371 314
f 2 314 262
f 2 262 212
f 2 212 176
f 2 176 142
f 2 142 141
f 2 141 175
f 2 175 139
f 2 669 667
f 2 667 589
f 2 589 518
f 2 518 445
f 2 445 444
f 2 444 373
f 2 373 443
f 2 443 371
f 2 867 964
f 2 964 865
f 2 865 864
f 2 864 759
f 2 759 758
f 2 758 757
f 2 757 756
f 2 756 669
f 2 1361 1359
f 2 1359 1263
f 2 1263 1262
f 2 1262 1258
f 2 1258 1159
f 2 1159 1063
f 2 1063 965
f 2 965 867
f 11 18 12
f 11 19 18
f 12 18 20
f 12 20 21
f 12 21 22
f 12 22 13
f 14 15 23
f 15 24 23
f 5 12 13
f 5 13 6
f 7 14 8
f 7 15 14
f 9 16 10
f 10 16 17
f 10 17 19
f 10 19 11
f 2 25 16
f 2 16 9
f 2 9 3
f 3 9 4
f 4 9 5
f 5 9 10
f 5 10 11
f 5 11 12
f 2 139 138
f 2 138 112
f 2 112 87
f 2 87 86
f 2 86 59
f 2 59 38
f 2 38 26
f 2 26 25
f 28 42 31
f 29 31 43
f 29 43 44
f 29 44 30
f 30 44 45
f 30 45 46
f 30 46 32
f 31 42 47
f 23 24 36
f 24 37 36
f 26 28 27
f 26 38 39
f 26 39 40
f 26 40 28
f 28 40 41
f 28 41 42
f 19 28 31
f 19 31 29
f 20 30 32
f 20 32 33
f 20 33 34
f 20 34 21
f 21 34 22
f 22 34 35
f 16 25 17
f 17 25 26
f 17 26 27
f 17 27 28
f 17 28 19
f 18 19 29
f 18 29 30
f 18 30 20
f 43 47 64
f 43 64 65
f 43 65 66
f 43 66 67
f 43 67 44
f 44 67 45
f 45 67 68
f 45 68 69
f 38 60 39
f 39 60 40
f 40 60 61
f 40 61 41
f 41 61 62
f 41 62 63
f 41 63 47
f 41 47 42
f 34 51 52
f 35 52 53
f 35 53 54
f 35 54 55
f 36 37 56
f 37 57 58
f 37 58 56
f 38 59 60
f 31 47 43
f 32 46 48
f 32 48 49
f 32 49 50
f 32 50 51
f 32 51 33
f 33 51 34
f 34 52 35
f 54 83 55
f 57 84 58
f 58 84 85
f 59 86 60
f 60 86 87
f 60 87 61
f 61 87 88
f 61 88 62
f 50 80 81
f 50 81 51
f 51 81 53
f 51 53 52
f 53 81 80
f 53 80 54
f 54 80 82
f 54 82 83
f 48 74 75
f 48 75 76
f 48 76 49
f 49 76 77
f 49 77 78
f 49 78 79
f 49 79 50
f 50 79 80
f 45 69 70
f 45 70 46
f 46 70 71
f 46 71 72
f 46 72 48
f 47 63 73
f 47 73 64
f 48 72 74
f 75 99 100
f 75 100 101
f 75 101 77
f 75 77 76
f 77 101 78
f 78 101 102
f 78 102 80
f 78 80 79
f 71 74 72
f 71 95 96
f 71 96 97
f 71 97 74
f 73 91 98
f 73 98 92
f 74 97 75
f 75 97 99
f 65 92 94
f 65 94 93
f 66 93 95
f 66 95 69
f 66 69 68
f 66 68 67
f 69 71 70
f 69 95 71
f 62 88 89
f 62 89 90
f 62 90 91
f 62 91 63
f 63 91 73
f 64 73 92
f 64 92 65
f 65 93 66
f 94 98 119
f 94 119 120
f 94 120 121
f 94 121 122
f 94 122 118
f 95 118 123
f 95 123 124
f 95 124 96
f 90 114 91
f 91 114 115
f 91 115 116
f 91 116 117
f 91 117 98
f 92 98 94
f 93 94 118
f 93 118 95
f 84 109 85
f 85 109 110
f 85 110 111
f 87 112 89
f 87 89 88
f 89 112 113
f 89 113 114
f 89 114 90
f 80 102 103
f 80 103 104
f 80 104 105
f 80 105 82
f 82 105 106
f 82 106 83
f 83 106 107
f 83 107 108
f 112 138 113
f 113 138 139
f 113 139 140
f 113 140 114
f 114 140 115
f 115 117 116
f 115 140 141
f 115 141 142
f 104 132 133
f 104 133 134
f 104 134 107
f 104 107 105
f 105 107 106
f 107 134 135
f 107 135 108
f 108 135 136
f 100 128 129
f 100 129 130
f 100 130 131
f 100 131 101
f 101 131 102
f 102 131 103
f 103 131 132
f 103 132 104
f 96 124 99
f 96 99 97
f 98 117 125
f 98 125 126
f 98 126 127
f 98 127 119
f 99 124 128
f 99 128 100
f 123 150 124
f 124 150 129
f 124 129 128
f 126 146 159
f 126 159 127
f 127 159 153
f 129 150 160
f 129 160 161
f 120 153 154
f 120 154 155
f 120 155 156
f 120 156 157
f 120 157 158
f 120 158 151
f 121 152 122
f 122 152 148
f 118 122 148
f 118 148 149
f 118 149 150
f 118 150 123
f 119 127 120
f 120 151 152
f 120 152 121
f 120 127 153
f 115 142 143
f 115 143 144
f 115 144 145
f 115 145 117
f 117 146 126
f 117 126 125
f 117 145 147
f 117 147 146
f 145 176 177
f 145 177 178
f 145 178 179
f 145 179 147
f 146 147 180
f 146 180 159
f 147 179 180
f 148 152 151
f 136 170 171
f 136 171 172
f 137 173 174
f 139 175 140
f 140 175 141
f 142 176 143
f 143 176 144
f 144 176 145
f 132 166 133
f 133 166 167
f 133 167 168
f 133 168 134
f 134 168 169
f 134 169 135
f 135 169 136
f 136 169 170
f 129 161 130
f 130 161 162
f 130 162 163
f 130 163 164
f 130 164 131
f 131 164 132
f 132 164 165
f 132 165 166
f 159 194 184
f 160 182 195
f 160 195 196
f 160 196 162
f 160 162 161
f 162 196 197
f 162 197 198
f 162 198 199
f 155 188 157
f 157 189 190
f 157 190 191
f 157 191 192
f 157 192 183
f 157 188 193
f 157 193 189
f 159 180 194
f 153 184 154
f 153 159 184
f 154 184 185
f 154 185 186
f 154 186 187
f 154 187 188
f 154 188 155
f 155 157 156
f 148 151 181
f 148 181 149
f 149 181 182
f 149 182 150
f 150 182 160
f 151 183 181
f 151 158 157
f 151 157 183
f 177 213 214
f 177 214 178
f 178 214 215
f 178 215 179
f 179 215 216
f 179 216 217
f 179 217 180
f 180 218 219
f 170 207 208
f 170 208 171
f 171 208 172
f 172 208 209
f 173 210 174
f 174 210 211
f 176 212 213
f 176 213 177
f 167 202 203
f 167 203 204
f 167 204 168
f 168 204 205
f 168 205 169
f 169 205 206
f 169 206 207
f 169 207 170
f 162 199 200
f 162 200 163
f 163 200 165
f 163 165 164
f 165 200 201
f 165 201 202
f 165 202 166
f 166 202 167
f 190 229 230
f 190 230 231
f 190 231 232
f 190 232 233
f 190 233 191
f 191 234 192
f 191 233 234
f 192 234 223
f 186 225 226
f 186 226 227
f 186 227 187
f 187 227 228
f 187 228 188
f 188 228 193
f 189 193 190
f 190 193 229
f 183 192 223
f 183 223 224
f 183 224 222
f 184 219 185
f 185 219 218
f 185 218 221
f 185 221 225
f 185 225 186
f 180 219 184
f 180 184 194
f 180 217 220
f 180 220 221
f 180 221 218
f 181 183 222
f 181 222 182
f 182 222 195
f 203 248 249
f 203 249 250
f 203 250 204
f 204 250 251
f 204 251 205
f 205 251 252
f 205 252 206
f 206 252 207
f 198 244 199
f 199 244 246
f 199 246 247
f 199 247 200
f 200 247 201
f 201 247 248
f 201 248 202
f 202 248 203
f 196 240 197
f 197 241 242
f 197 242 243
f 197 243 244
f 197 244 245
f 197 245 198
f 197 240 241
f 198 245 244
f 193 228 235
f 193 235 236
f 193 236 237
f 193 237 238
f 193 238 229
f 195 222 239
f 195 239 240
f 195 240 196
f 220 269 221
f 221 270 225
f 221 269 271
f 221 271 270
f 222 224 272
f 222 272 273
f 222 273 239
f 223 234 274
f 215 264 216
f 216 264 265
f 216 265 266
f 216 266 267
f 216 267 220
f 216 220 217
f 220 267 268
f 220 268 269
f 211 257 260
f 211 260 261
f 211 261 258
f 212 262 263
f 212 263 213
f 213 263 264
f 213 264 214
f 214 264 215
f 207 252 253
f 207 253 208
f 208 253 254
f 208 254 255
f 208 255 256
f 208 256 209
f 210 257 211
f 211 258 259
f 232 287 288
f 232 288 283
f 233 274 234
f 235 279 236
f 236 279 289
f 236 289 290
f 236 290 291
f 236 291 237
f 231 281 282
f 231 282 232
f 232 283 284
f 232 284 285
f 232 285 274
f 232 274 233
f 232 282 286
f 232 286 287
f 227 235 228
f 227 277 278
f 227 278 279
f 227 279 235
f 229 238 280
f 229 280 230
f 230 280 281
f 230 281 231
f 223 274 275
f 223 275 224
f 224 275 272
f 225 270 226
f 226 270 271
f 226 271 276
f 226 276 277
f 226 277 227
f 249 304 305
f 249 305 250
f 250 305 306
f 250 306 307
f 250 307 251
f 251 307 308
f 251 308 252
f 252 308 309
f 244 300 246
f 246 300 247
f 247 300 301
f 247 301 248
f 248 301 302
f 248 302 249
f 249 302 303
f 249 303 304
f 241 295 242
f 242 295 296
f 242 296 243
f 243 296 297
f 243 297 298
f 243 298 244
f 244 298 299
f 244 299 300
f 237 291 292
f 237 292 293
f 237 293 280
f 237 280 238
f 239 273 294
f 239 294 295
f 239 295 241
f 239 241 240
f 272 294 273
f 272 275 274
f 272 274 323
f 272 323 284
f 272 284 324
f 272 324 325
f 272 325 322
f 274 285 323
f 267 318 319
f 267 319 320
f 267 320 268
f 268 320 321
f 268 321 269
f 269 321 276
f 269 276 271
f 272 322 294
f 263 314 265
f 263 265 264
f 265 314 315
f 265 315 316
f 265 316 266
f 266 316 317
f 266 317 267
f 267 317 318
f 252 309 253
f 253 309 254
f 254 309 255
f 255 309 310
f 258 311 259
f 259 311 312
f 259 312 313
f 262 314 263
f 286 339 340
f 286 340 341
f 286 341 342
f 286 342 287
f 287 342 341
f 287 341 288
f 288 343 336
f 288 336 335
f 283 288 335
f 283 335 336
f 283 336 284
f 284 336 337
f 284 337 338
f 284 338 324
f 284 323 285
f 286 334 339
f 278 331 279
f 279 331 289
f 280 293 332
f 280 332 333
f 280 333 281
f 281 333 334
f 281 334 286
f 281 286 282
f 276 321 326
f 276 326 327
f 276 327 277
f 277 327 328
f 277 328 329
f 277 329 330
f 277 330 278
f 278 330 331
f 299 355 300
f 300 355 356
f 300 356 357
f 300 357 358
f 300 358 301
f 301 358 302
f 302 358 357
f 302 357 359
f 295 322 297
f 295 297 296
f 297 353 298
f 297 322 325
f 297 325 354
f 297 354 353
f 298 353 355
f 298 355 299
f 290 349 346
f 291 346 292
f 292 346 350
f 292 350 351
f 292 351 352
f 292 352 293
f 293 352 332
f 294 322 295
f 288 341 344
f 288 344 345
f 288 345 343
f 289 331 290
f 290 346 291
f 290 331 347
f 290 347 348
f 290 348 349
f 316 374 375
f 316 375 376
f 316 376 377
f 316 377 318
f 316 318 317
f 318 377 378
f 318 378 379
f 318 379 380
f 310 367 368
f 312 369 313
f 313 369 370
f 314 371 315
f 315 371 316
f 316 371 372
f 316 372 373
f 316 373 374
f 306 364 307
f 306 363 364
f 307 364 365
f 307 365 366
f 307 366 308
f 308 366 367
f 308 367 309
f 309 367 310
f 302 359 303
f 303 359 360
f 303 360 304
f 304 306 305
f 304 360 361
f 304 361 362
f 304 362 363
f 304 363 306
f 332 392 333
f 333 392 334
f 334 392 339
f 336 343 345
f 336 345 393
f 336 393 394
f 336 394 395
f 336 395 396
f 327 389 390
f 327 390 391
f 327 391 328
f 328 391 329
f 329 391 347
f 329 347 330
f 330 347 331
f 332 352 392
f 325 383 384
f 325 384 354
f 326 381 327
f 327 381 385
f 327 385 386
f 327 386 387
f 327 387 388
f 327 388 389
f 318 380 381
f 318 381 319
f 319 381 320
f 320 381 321
f 321 381 326
f 324 338 325
f 325 338 382
f 325 382 383
f 347 409 348
f 348 409 410
f 348 410 411
f 348 411 412
f 348 412 349
f 349 412 350
f 350 412 411
f 350 411 413
f 345 404 403
f 345 403 405
f 345 405 406
f 345 406 407
f 345 407 393
f 346 349 350
f 347 391 408
f 347 408 409
f 339 400 340
f 340 400 341
f 341 400 401
f 341 401 402
f 341 402 403
f 341 403 404
f 341 404 344
f 344 404 345
f 336 396 397
f 336 397 398
f 336 398 337
f 337 398 338
f 338 398 383
f 338 383 382
f 339 392 399
f 339 399 400
f 361 426 427
f 361 427 362
f 362 427 428
f 362 428 429
f 362 429 430
f 362 430 363
f 363 430 429
f 363 429 431
f 357 421 422
f 357 422 423
f 357 423 359
f 359 423 424
f 359 424 425
f 359 425 360
f 360 425 361
f 361 425 426
f 354 383 417
f 354 417 418
f 354 418 419
f 354 419 355
f 355 419 420
f 355 420 421
f 355 421 356
f 356 421 357
f 350 413 351
f 351 413 414
f 351 414 415
f 351 415 352
f 352 416 392
f 352 415 416
f 353 354 355
f 354 384 383
f 375 378 376
f 376 378 377
f 378 446 447
f 378 447 380
f 378 380 379
f 380 447 448
f 380 448 449
f 380 449 385
f 370 441 442
f 371 443 372
f 372 443 373
f 373 444 374
f 374 444 445
f 374 445 375
f 375 445 446
f 375 446 378
f 365 436 366
f 366 436 367
f 367 437 368
f 367 436 438
f 367 438 439
f 367 439 440
f 367 440 437
f 369 441 370
f 363 431 432
f 363 432 433
f 363 433 434
f 363 434 365
f 363 365 435
f 363 435 364
f 364 435 365
f 365 434 436
f 393 407 406
f 393 406 464
f 393 464 465
f 393 465 462
f 394 463 395
f 395 463 466
f 395 466 396
f 396 466 397
f 389 459 460
f 389 460 461
f 389 461 408
f 389 408 391
f 389 391 390
f 392 416 399
f 393 462 463
f 393 463 394
f 386 454 455
f 386 455 456
f 386 456 387
f 387 456 389
f 387 389 388
f 389 456 457
f 389 457 458
f 389 458 459
f 380 385 381
f 383 398 450
f 383 450 451
f 383 451 452
f 383 452 417
f 385 449 453
f 385 453 454
f 385 454 386
f 408 461 409
f 409 460 480
f 409 480 481
f 409 481 482
f 409 482 483
f 409 483 411
f 409 411 410
f 409 461 460
f 403 474 475
f 403 475 476
f 403 476 406
f 403 406 405
f 406 476 477
f 406 477 478
f 406 478 479
f 406 479 464
f 400 470 401
f 401 470 471
f 401 471 472
f 401 472 473
f 401 473 402
f 402 473 403
f 403 473 472
f 403 472 474
f 397 466 451
f 397 451 450
f 397 450 398
f 399 467 400
f 399 416 467
f 400 467 468
f 400 468 469
f 400 469 470
f 422 495 424
f 422 424 423
f 424 495 496
f 424 496 497
f 424 497 498
f 424 498 425
f 425 498 497
f 425 497 426
f 417 493 418
f 418 494 419
f 418 493 494
f 419 494 420
f 420 494 421
f 421 494 422
f 422 494 493
f 422 493 495
f 414 488 489
f 414 489 487
f 415 467 416
f 417 452 451
f 417 451 490
f 417 490 491
f 417 491 492
f 417 492 493
f 411 483 484
f 411 484 485
f 411 485 486
f 411 486 413
f 413 486 414
f 414 487 467
f 414 467 415
f 414 486 488
f 438 510 509
f 438 509 439
f 439 509 513
f 439 513 514
f 439 514 440
f 440 514 515
f 440 515 583
f 440 583 512
f 432 510 511
f 432 511 433
f 432 506 509
f 433 511 436
f 433 436 434
f 436 511 510
f 436 510 438
f 437 440 512
f 429 503 504
f 429 504 505
f 429 505 431
f 431 506 432
f 431 505 507
f 431 507 508
f 431 508 506
f 432 509 510
f 426 499 427
f 426 497 500
f 426 500 501
f 426 501 502
f 426 502 499
f 427 499 428
f 428 499 503
f 428 503 429
f 455 530 456
f 456 530 457
f 457 530 531
f 457 531 458
f 458 532 459
f 458 531 533
f 458 533 532
f 459 532 480
f 453 526 527
f 453 527 528
f 453 528 454
f 453 523 529
f 453 529 526
f 454 528 455
f 455 528 527
f 455 527 530
f 448 521 522
f 448 522 449
f 449 522 523
f 449 523 453
f 451 466 524
f 451 524 525
f 451 525 491
f 451 491 490
f 441 516 442
f 442 516 517
f 445 518 519
f 445 519 446
f 446 519 447
f 447 519 520
f 447 520 521
f 447 521 448
f 472 543 545
f 472 545 546
f 472 546 474
f 474 546 475
f 475 478 477
f 475 477 476
f 475 546 547
f 475 547 548
f 469 541 542
f 469 542 543
f 469 543 544
f 469 544 470
f 469 539 487
f 470 544 471
f 471 544 543
f 471 543 472
f 464 537 538
f 464 538 465
f 465 538 534
f 467 487 539
f 467 539 468
f 468 539 469
f 469 487 540
f 469 540 541
f 459 480 460
f 462 465 534
f 462 534 463
f 463 534 535
f 463 535 524
f 463 524 466
f 464 479 536
f 464 536 537
f 488 561 489
f 489 561 562
f 489 562 560
f 491 525 563
f 491 563 564
f 491 564 565
f 491 565 566
f 491 566 492
f 484 557 558
f 484 558 559
f 484 559 485
f 485 559 488
f 485 488 486
f 487 489 560
f 487 560 540
f 488 559 561
f 481 552 553
f 481 553 554
f 481 554 482
f 482 554 555
f 482 555 484
f 482 484 483
f 484 555 556
f 484 556 557
f 475 548 478
f 478 548 549
f 478 549 550
f 478 550 551
f 478 551 536
f 478 536 479
f 480 532 481
f 481 532 552
f 506 577 578
f 506 578 513
f 507 579 576
f 507 576 508
f 507 575 580
f 507 580 581
f 507 581 582
f 507 582 579
f 502 504 503
f 504 573 574
f 504 574 505
f 505 574 575
f 505 575 507
f 506 513 509
f 506 508 576
f 506 576 577
f 500 568 569
f 500 569 570
f 500 570 571
f 500 571 501
f 501 571 502
f 502 571 572
f 502 572 573
f 502 573 504
f 492 495 493
f 492 566 567
f 492 567 568
f 492 568 495
f 495 568 496
f 496 568 500
f 496 500 497
f 499 502 503
f 524 598 564
f 524 564 563
f 524 563 525
f 526 529 527
f 527 529 599
f 527 599 530
f 529 595 600
f 529 600 599
f 522 593 523
f 523 593 594
f 523 594 595
f 523 595 529
f 524 535 538
f 524 538 596
f 524 596 597
f 524 597 598
f 518 589 590
f 518 590 519
f 519 590 591
f 519 591 520
f 520 591 521
f 521 591 592
f 521 592 593
f 521 593 522
f 513 578 584
f 513 584 514
f 514 584 585
f 514 585 515
f 515 585 586
f 515 586 583
f 516 587 517
f 517 587 588
f 541 613 614
f 541 614 542
f 542 614 615
f 542 615 543
f 543 615 616
f 543 616 617
f 543 617 618
f 543 618 619
f 537 609 538
f 538 610 597
f 538 597 611
f 538 611 596
f 538 609 612
f 538 612 610
f 540 560 541
f 541 560 613
f 531 606 533
f 532 533 607
f 532 607 552
f 533 606 608
f 533 608 607
f 534 538 535
f 536 551 609
f 536 609 537
f 530 599 601
f 530 601 531
f 531 601 599
f 531 599 602
f 531 602 603
f 531 603 604
f 531 604 605
f 531 605 606
f 553 631 632
f 553 632 633
f 553 633 554
f 554 633 556
f 554 556 555
f 556 633 634
f 556 634 635
f 556 635 636
f 549 627 628
f 549 628 629
f 549 629 630
f 549 630 550
f 550 630 551
f 551 630 609
f 552 607 553
f 553 607 631
f 547 623 622
f 547 622 624
f 547 624 625
f 547 625 626
f 547 626 548
f 548 626 549
f 549 626 625
f 549 625 627
f 543 619 620
f 543 620 545
f 545 620 619
f 545 619 621
f 545 621 622
f 545 622 623
f 545 623 546
f 546 623 547
f 570 646 647
f 570 647 648
f 570 648 649
f 570 649 572
f 572 649 650
f 572 650 651
f 572 651 573
f 573 651 574
f 564 644 642
f 565 568 566
f 566 568 567
f 568 642 645
f 568 645 646
f 568 646 569
f 569 646 570
f 570 572 571
f 561 639 640
f 561 640 641
f 561 641 562
f 562 641 613
f 564 642 568
f 564 568 565
f 564 598 643
f 564 643 644
f 556 636 637
f 556 637 557
f 557 637 638
f 557 638 558
f 558 561 559
f 558 638 639
f 558 639 561
f 560 562 613
f 588 665 666
f 588 666 664
f 589 667 668
f 589 668 590
f 590 668 591
f 591 668 669
f 591 669 670
f 591 670 671
f 584 654 659
f 584 659 660
f 584 660 586
f 584 586 585
f 586 660 661
f 586 661 662
f 587 663 588
f 588 663 665
f 579 582 654
f 580 653 655
f 580 655 656
f 580 656 581
f 581 656 657
f 581 657 658
f 581 658 582
f 582 658 654
f 574 580 575
f 574 651 652
f 574 652 653
f 574 653 580
f 576 579 577
f 577 579 654
f 577 654 578
f 578 654 584
f 603 683 684
f 603 684 685
f 603 685 686
f 603 686 605
f 603 605 604
f 605 686 687
f 605 687 688
f 605 688 689
f 597 679 680
f 597 680 677
f 599 600 681
f 599 681 602
f 600 676 681
f 602 681 682
f 602 682 683
f 602 683 603
f 595 675 676
f 595 676 600
f 596 611 597
f 597 677 678
f 597 678 643
f 597 643 598
f 597 610 612
f 597 612 679
f 591 671 672
f 591 672 592
f 592 672 593
f 593 673 674
f 593 674 594
f 593 672 673
f 594 674 675
f 594 675 595
f 617 700 701
f 617 701 619
f 619 701 621
f 621 701 702
f 621 702 622
f 622 702 703
f 622 703 704
f 622 704 705
f 613 697 614
f 614 616 615
f 614 697 698
f 614 698 616
f 616 698 699
f 616 699 617
f 617 619 618
f 617 699 700
f 609 692 693
f 609 693 612
f 612 693 694
f 612 694 695
f 612 695 679
f 613 641 640
f 613 640 696
f 613 696 697
f 605 689 690
f 605 690 691
f 605 691 606
f 606 691 608
f 607 608 631
f 608 691 690
f 608 690 631
f 609 630 692
f 636 715 717
f 636 717 718
f 636 718 719
f 636 719 826
f 636 826 720
f 636 720 716
f 637 716 638
f 638 716 721
f 632 712 634
f 632 634 633
f 634 712 713
f 634 713 714
f 634 714 635
f 635 714 715
f 635 715 636
f 636 716 637
f 628 709 629
f 628 708 710
f 628 710 709
f 629 709 630
f 630 709 692
f 631 690 711
f 631 711 632
f 632 711 712
f 622 705 625
f 622 625 624
f 625 705 704
f 625 704 706
f 625 706 707
f 625 707 708
f 625 708 627
f 627 708 628
f 650 731 652
f 652 731 732
f 652 732 733
f 652 733 653
f 653 733 655
f 654 658 734
f 654 734 735
f 654 735 659
f 648 650 649
f 648 726 727
f 648 727 728
f 648 728 729
f 648 729 650
f 650 652 651
f 650 729 730
f 650 730 731
f 643 678 723
f 643 723 644
f 645 724 646
f 646 724 723
f 646 723 725
f 646 725 647
f 647 725 726
f 647 726 648
f 638 721 639
f 639 721 640
f 640 721 722
f 640 722 697
f 640 697 696
f 642 644 723
f 642 723 724
f 642 724 645
f 664 751 749
f 666 748 752
f 666 752 753
f 666 753 754
f 666 754 755
f 666 755 751
f 667 669 668
f 669 756 670
f 661 744 662
f 662 744 745
f 662 745 746
f 663 747 748
f 663 748 666
f 663 666 665
f 664 749 750
f 664 666 751
f 657 741 742
f 657 742 738
f 658 738 735
f 658 735 734
f 659 735 743
f 659 743 660
f 660 743 744
f 660 744 661
f 655 733 736
f 655 736 737
f 655 737 656
f 656 737 657
f 657 738 658
f 657 737 739
f 657 739 740
f 657 740 741
f 680 768 769
f 680 769 770
f 680 770 771
f 680 771 772
f 680 772 773
f 680 773 766
f 682 765 774
f 682 774 683
f 675 682 676
f 676 682 681
f 677 766 678
f 677 680 766
f 678 766 767
f 678 767 723
f 679 695 680
f 680 695 768
f 671 762 673
f 673 762 674
f 674 762 675
f 675 762 761
f 675 761 763
f 675 763 764
f 675 764 765
f 675 765 682
f 670 756 757
f 670 757 671
f 671 673 672
f 671 757 758
f 671 758 759
f 671 759 760
f 671 760 761
f 671 761 762
f 695 787 788
f 695 788 768
f 697 789 699
f 697 699 698
f 697 722 790
f 697 790 791
f 697 791 792
f 697 792 793
f 690 783 711
f 692 709 784
f 692 784 693
f 693 784 785
f 693 785 694
f 694 785 786
f 694 786 695
f 695 786 787
f 687 778 779
f 687 779 780
f 687 780 781
f 687 781 688
f 688 781 782
f 688 782 689
f 689 782 783
f 689 783 690
f 683 774 775
f 683 775 684
f 684 775 776
f 684 776 685
f 685 777 778
f 685 778 687
f 685 687 686
f 685 776 777
f 707 807 709
f 707 709 710
f 709 787 808
f 709 808 785
f 709 785 784
f 709 807 809
f 709 809 810
f 709 810 811
f 704 802 803
f 704 803 707
f 704 707 706
f 707 710 708
f 707 803 804
f 707 804 805
f 707 805 806
f 707 806 807
f 702 796 797
f 702 797 798
f 702 798 799
f 702 799 800
f 702 800 704
f 702 704 703
f 704 800 801
f 704 801 802
f 697 793 789
f 699 789 793
f 699 793 794
f 699 794 700
f 700 702 701
f 700 794 795
f 700 795 702
f 702 795 796
f 719 819 826
f 720 827 790
f 720 826 828
f 720 828 827
f 721 816 722
f 722 816 790
f 723 767 829
f 723 829 727
f 718 819 719
f 718 817 820
f 718 820 821
f 718 821 822
f 718 822 823
f 718 823 824
f 718 824 825
f 718 825 818
f 714 814 715
f 715 814 717
f 716 720 790
f 716 790 816
f 716 816 721
f 717 814 817
f 717 817 718
f 718 818 819
f 709 811 787
f 711 783 812
f 711 812 712
f 712 812 713
f 713 813 814
f 713 814 714
f 713 812 815
f 713 815 813
f 738 839 838
f 739 836 840
f 739 840 740
f 740 840 841
f 740 841 741
f 741 841 842
f 741 842 843
f 741 843 742
f 733 836 736
f 735 744 743
f 735 738 838
f 735 838 846
f 735 846 744
f 736 836 739
f 736 739 737
f 738 742 839
f 729 833 730
f 730 732 731
f 730 833 834
f 730 834 835
f 730 835 732
f 732 836 733
f 732 835 837
f 732 837 836
f 723 727 725
f 725 727 726
f 727 829 830
f 727 830 831
f 727 831 832
f 727 832 833
f 727 833 728
f 728 833 729
f 753 861 862
f 753 862 754
f 754 862 755
f 755 863 856
f 755 862 863
f 759 864 760
f 760 864 761
f 761 864 763
f 751 755 856
f 751 856 852
f 752 857 858
f 752 858 753
f 752 850 857
f 753 858 859
f 753 859 860
f 753 860 861
f 747 850 752
f 747 752 748
f 749 851 750
f 749 751 852
f 749 852 853
f 749 853 851
f 750 854 855
f 750 851 854
f 742 843 844
f 742 844 839
f 744 845 745
f 744 846 845
f 745 845 847
f 745 847 848
f 745 848 849
f 745 849 746
f 775 870 776
f 776 870 877
f 776 877 777
f 777 878 778
f 777 877 879
f 777 879 880
f 777 880 878
f 778 878 881
f 769 873 874
f 769 874 872
f 770 872 771
f 771 875 772
f 771 872 876
f 771 876 875
f 772 875 829
f 774 870 775
f 765 870 774
f 766 773 772
f 766 772 767
f 767 772 829
f 768 788 871
f 768 871 769
f 769 872 770
f 769 871 873
f 763 864 865
f 763 865 866
f 763 866 764
f 764 866 867
f 764 867 868
f 764 868 869
f 764 869 765
f 765 869 870
f 794 891 892
f 794 892 795
f 795 892 893
f 795 893 796
f 796 893 894
f 796 894 798
f 796 798 797
f 798 895 896
f 788 888 871
f 790 827 791
f 791 827 889
f 791 889 890
f 791 890 891
f 791 891 793
f 791 793 792
f 793 891 794
f 782 884 886
f 782 886 783
f 783 886 812
f 785 808 786
f 786 808 787
f 787 811 788
f 788 811 887
f 788 887 888
f 778 881 779
f 779 881 882
f 779 882 780
f 780 883 884
f 780 884 781
f 780 882 885
f 780 885 883
f 781 884 782
f 807 908 809
f 809 908 810
f 810 908 909
f 810 909 811
f 811 909 910
f 811 910 911
f 811 911 887
f 812 886 815
f 804 903 904
f 804 904 905
f 804 905 805
f 805 906 806
f 805 905 906
f 806 906 907
f 806 907 807
f 807 907 908
f 799 901 800
f 800 901 801
f 801 901 896
f 801 896 902
f 801 902 903
f 801 903 802
f 802 804 803
f 802 903 804
f 798 896 897
f 798 897 799
f 798 894 898
f 798 898 899
f 798 899 900
f 798 900 895
f 799 897 896
f 799 896 901
f 824 924 825
f 825 924 914
f 827 828 889
f 828 915 889
f 829 875 830
f 830 875 925
f 830 925 831
f 831 925 926
f 821 918 919
f 821 919 920
f 821 920 823
f 823 921 824
f 823 920 922
f 823 922 923
f 823 923 921
f 824 921 924
f 818 914 915
f 818 915 828
f 818 828 826
f 818 826 819
f 821 823 822
f 821 912 916
f 821 916 917
f 821 917 918
f 813 815 912
f 813 912 821
f 813 821 820
f 813 820 817
f 813 817 814
f 815 913 912
f 815 886 913
f 818 825 914
f 842 938 843
f 843 938 939
f 843 939 940
f 843 940 941
f 843 941 935
f 843 935 844
f 845 846 847
f 846 934 847
f 838 934 846
f 839 844 935
f 839 935 934
f 840 933 936
f 840 936 841
f 841 936 842
f 842 936 937
f 842 937 938
f 834 930 931
f 834 931 835
f 835 931 932
f 835 932 837
f 836 837 840
f 837 932 933
f 837 933 840
f 838 839 934
f 831 926 832
f 832 926 927
f 832 927 928
f 832 928 929
f 832 929 834
f 832 834 833
f 834 929 928
f 834 928 930
f 860 957 861
f 860 954 958
f 860 958 959
f 860 959 960
f 860 960 957
f 861 957 862
f 862 957 961
f 862 961 863
f 856 951 945
f 857 952 858
f 858 952 953
f 858 953 859
f 859 954 860
f 859 953 955
f 859 955 956
f 859 956 954
f 853 945 946
f 853 946 947
f 853 947 948
f 853 948 854
f 854 948 855
f 855 949 950
f 855 948 949
f 856 863 951
f 847 934 942
f 847 942 848
f 848 942 943
f 848 943 944
f 848 944 849
f 851 853 854
f 852 856 945
f 852 945 853
f 876 970 974
f 877 969 879
f 878 975 881
f 878 880 975
f 879 969 966
f 879 966 976
f 879 976 880
f 880 976 977
f 872 970 876
f 873 888 971
f 873 971 972
f 873 972 874
f 874 972 973
f 874 973 970
f 875 876 974
f 875 974 925
f 868 967 968
f 868 968 869
f 869 968 870
f 870 968 966
f 870 966 969
f 870 969 877
f 871 888 873
f 872 874 970
f 863 961 962
f 863 962 963
f 863 963 951
f 865 964 866
f 866 964 867
f 867 965 966
f 867 966 967
f 867 967 868
f 891 989 893
f 891 893 892
f 893 989 988
f 893 988 894
f 894 988 990
f 894 990 991
f 894 991 992
f 894 992 993
f 887 911 888
f 888 911 986
f 888 986 971
f 889 915 987
f 889 987 988
f 889 988 890
f 890 988 891
f 891 988 989
f 882 983 984
f 882 984 885
f 883 916 913
f 883 913 884
f 883 885 984
f 883 984 985
f 883 985 916
f 884 913 886
f 880 977 978
f 880 978 979
f 880 979 975
f 881 975 980
f 881 980 981
f 881 981 882
f 882 981 982
f 882 982 983
f 906 909 908
f 906 908 907
f 906 1005 1006
f 909 1006 1005
f 909 1005 1007
f 909 1007 1008
f 909 1008 910
f 910 1008 1009
f 903 1001 998
f 905 998 1001
f 905 1001 1002
f 905 1002 1003
f 905 1003 1004
f 905 1004 1005
f 905 1005 906
f 906 1006 909
f 900 995 996
f 900 996 997
f 900 997 994
f 903 998 905
f 903 905 904
f 903 994 999
f 903 999 1000
f 903 1000 1001
f 894 993 898
f 895 900 994
f 895 994 896
f 896 903 902
f 896 994 903
f 898 995 899
f 898 993 995
f 899 995 900
f 922 1021 923
f 923 1022 1019
f 923 1021 1023
f 923 1023 1022
f 924 1019 1010
f 925 974 926
f 926 974 1024
f 926 1024 927
f 919 1017 920
f 920 1017 1016
f 920 1016 1018
f 920 1018 922
f 921 923 1019
f 921 1019 924
f 922 1018 1020
f 922 1020 1021
f 916 985 917
f 917 985 1013
f 917 1013 1014
f 917 1014 918
f 918 1014 1015
f 918 1015 919
f 919 1015 1016
f 919 1016 1017
f 910 1009 911
f 911 1009 986
f 912 913 916
f 914 924 1010
f 914 1010 1011
f 914 1011 915
f 915 1011 1012
f 915 1012 987
f 939 1037 1038
f 939 1038 940
f 940 1038 1039
f 940 1039 1040
f 940 1040 942
f 940 942 941
f 942 1040 1041
f 942 1041 1042
f 934 935 942
f 935 941 942
f 936 1034 937
f 937 1034 1035
f 937 1035 938
f 938 1035 1036
f 938 1036 939
f 939 1036 1037
f 930 1030 1031
f 930 1031 931
f 931 1031 1032
f 931 1032 932
f 932 1032 1033
f 932 1033 933
f 933 1033 1034
f 933 1034 936
f 927 1024 928
f 928 1024 1025
f 928 1025 1026
f 928 1026 1027
f 928 1027 1028
f 928 1028 930
f 930 1028 1029
f 930 1029 1030
f 957 1055 962
f 957 962 961
f 958 1052 1056
f 958 1056 959
f 959 1057 1058
f 959 1058 1059
f 959 1059 960
f 959 1056 1060
f 953 1051 955
f 954 956 1052
f 954 1052 958
f 955 1051 956
f 956 1051 1053
f 956 1053 1052
f 957 960 1054
f 957 1054 1055
f 947 1045 1047
f 947 1047 1048
f 947 1048 948
f 948 1048 949
f 949 1048 1049
f 949 1049 1050
f 949 1050 950
f 951 963 1046
f 942 1042 943
f 943 1042 1043
f 943 1043 944
f 944 1043 1044
f 945 951 946
f 946 1045 947
f 946 951 1046
f 946 1046 1045
f 976 1070 977
f 977 1070 1071
f 977 1071 1072
f 977 1072 978
f 978 1072 1073
f 978 1073 979
f 979 1073 980
f 980 1073 1074
f 971 1067 972
f 972 1067 1068
f 972 1068 973
f 973 1068 1069
f 973 1069 1065
f 974 1065 1024
f 975 979 980
f 976 1064 1070
f 965 1063 1064
f 965 1064 966
f 966 968 967
f 966 1064 976
f 970 973 1065
f 970 1065 974
f 971 986 1066
f 971 1066 1067
f 959 1060 1057
f 960 1059 1054
f 962 1061 1140
f 962 1140 1062
f 962 1062 1046
f 962 1046 963
f 962 1055 1153
f 962 1153 1061
f 996 1083 1084
f 996 1084 1085
f 996 1085 1086
f 996 1086 1087
f 996 1087 1088
f 996 1088 997
f 997 1088 999
f 999 1088 1000
f 991 1080 1081
f 991 1081 992
f 992 1081 993
f 993 1081 1082
f 993 1082 1083
f 993 1083 996
f 993 996 995
f 994 997 999
f 984 1013 985
f 986 1009 1078
f 986 1078 1079
f 986 1079 1066
f 987 1012 990
f 987 990 988
f 990 1012 1080
f 990 1080 991
f 980 1074 981
f 981 1074 1075
f 981 1075 982
f 982 984 983
f 982 1075 1076
f 982 1076 984
f 984 1076 1077
f 984 1077 1013
f 1014 1100 1101
f 1014 1101 1015
f 1014 1077 1100
f 1015 1101 1102
f 1015 1102 1016
f 1016 1020 1018
f 1016 1102 1103
f 1016 1103 1104
f 1009 1096 1078
f 1010 1097 1011
f 1010 1019 1098
f 1010 1098 1097
f 1011 1097 1099
f 1011 1099 1012
f 1012 1099 1080
f 1013 1077 1014
f 1004 1092 1005
f 1005 1092 1007
f 1007 1092 1093
f 1007 1093 1094
f 1007 1094 1095
f 1007 1095 1008
f 1008 1095 1096
f 1008 1096 1009
f 1000 1088 1089
f 1000 1089 1001
f 1001 1089 1002
f 1002 1089 1090
f 1002 1090 1003
f 1003 1090 1091
f 1003 1091 1092
f 1003 1092 1004
f 1029 1117 1118
f 1029 1118 1119
f 1029 1119 1120
f 1029 1120 1121
f 1029 1121 1030
f 1030 1121 1033
f 1030 1033 1032
f 1030 1032 1031
f 1026 1112 1027
f 1027 1029 1028
f 1027 1112 1113
f 1027 1113 1114
f 1027 1114 1115
f 1027 1115 1116
f 1027 1116 1117
f 1027 1117 1029
f 1022 1108 1098
f 1023 1106 1107
f 1024 1065 1109
f 1024 1109 1025
f 1025 1109 1110
f 1025 1110 1026
f 1026 1110 1111
f 1026 1111 1112
f 1016 1104 1020
f 1019 1022 1098
f 1020 1104 1021
f 1021 1104 1105
f 1021 1105 1106
f 1021 1106 1023
f 1022 1023 1107
f 1022 1107 1108
f 1043 1135 1136
f 1043 1136 1044
f 1045 1137 1138
f 1045 1138 1047
f 1045 1046 1139
f 1045 1139 1137
f 1046 1062 1140
f 1046 1140 1139
f 1039 1131 1132
f 1039 1132 1040
f 1040 1132 1133
f 1040 1133 1042
f 1040 1042 1041
f 1042 1133 1043
f 1043 1133 1134
f 1043 1134 1135
f 1037 1125 1126
f 1037 1126 1038
f 1038 1126 1127
f 1038 1127 1128
f 1038 1128 1039
f 1039 1128 1129
f 1039 1129 1130
f 1039 1130 1131
f 1033 1121 1122
f 1033 1122 1034
f 1034 1122 1035
f 1035 1122 1123
f 1035 1123 1124
f 1035 1124 1036
f 1036 1124 1125
f 1036 1125 1037
f 1057 1156 1157
f 1057 1157 1150
f 1060 1154 1158
f 1060 1158 1155
f 1061 1153 1152
f 1061 1152 1140
f 1063 1159 1160
f 1063 1160 1064
f 1054 1151 1152
f 1054 1152 1153
f 1054 1153 1055
f 1056 1147 1154
f 1056 1154 1060
f 1057 1059 1058
f 1057 1060 1155
f 1057 1155 1156
f 1052 1053 1146
f 1052 1146 1147
f 1052 1147 1056
f 1053 1148 1149
f 1053 1149 1146
f 1054 1059 1057
f 1054 1057 1150
f 1054 1150 1151
f 1047 1138 1141
f 1047 1141 1142
f 1047 1142 1143
f 1047 1143 1049
f 1047 1049 1048
f 1049 1143 1050
f 1050 1143 1145
f 1050 1145 1144
f 1076 1100 1077
f 1076 1172 1173
f 1076 1173 1174
f 1076 1174 1100
f 1078 1096 1175
f 1078 1175 1176
f 1078 1176 1079
f 1079 1176 1161
f 1072 1168 1073
f 1072 1169 1170
f 1072 1170 1168
f 1073 1168 1074
f 1074 1168 1171
f 1074 1171 1075
f 1075 1171 1172
f 1075 1172 1076
f 1069 1163 1109
f 1070 1160 1164
f 1070 1164 1165
f 1070 1165 1071
f 1071 1165 1166
f 1071 1166 1167
f 1071 1167 1169
f 1071 1169 1072
f 1064 1160 1070
f 1065 1069 1109
f 1066 1079 1161
f 1066 1161 1067
f 1067 1161 1162
f 1067 1162 1068
f 1068 1162 1163
f 1068 1163 1069
f 1089 1191 1192
f 1089 1192 1090
f 1090 1192 1193
f 1090 1193 1091
f 1091 1193 1194
f 1091 1194 1195
f 1091 1195 1092
f 1092 1195 1093
f 1086 1185 1088
f 1088 1185 1186
f 1088 1186 1089
f 1089 1186 1187
f 1089 1187 1188
f 1089 1188 1189
f 1089 1189 1190
f 1089 1190 1191
f 1082 1177 1178
f 1083 1182 1084
f 1084 1182 1183
f 1084 1183 1085
f 1085 1183 1184
f 1085 1184 1185
f 1085 1185 1086
f 1086 1088 1087
f 1080 1099 1177
f 1080 1177 1082
f 1080 1082 1081
f 1082 1178 1179
f 1082 1179 1180
f 1082 1180 1181
f 1082 1181 1182
f 1082 1182 1083
f 1106 1205 1107
f 1107 1205 1206
f 1107 1206 1108
f 1108 1206 1207
f 1108 1207 1208
f 1108 1208 1199
f 1109 1163 1209
f 1109 1209 1110
f 1102 1201 1103
f 1103 1201 1202
f 1103 1202 1104
f 1104 1202 1203
f 1104 1203 1105
f 1105 1203 1204
f 1105 1204 1106
f 1106 1204 1205
f 1097 1199 1178
f 1097 1178 1099
f 1098 1108 1199
f 1099 1178 1177
f 1100 1174 1101
f 1101 1174 1200
f 1101 1200 1102
f 1102 1200 1201
f 1093 1195 1094
f 1094 1196 1095
f 1094 1195 1197
f 1094 1197 1198
f 1094 1198 1196
f 1095 1196 1096
f 1096 1196 1175
f 1097 1098 1199
f 1119 1224 1123
f 1119 1123 1225
f 1119 1225 1122
f 1119 1122 1120
f 1120 1122 1121
f 1122 1225 1123
f 1123 1224 1226
f 1123 1226 1227
f 1116 1219 1117
f 1117 1219 1118
f 1118 1219 1220
f 1118 1220 1119
f 1119 1220 1221
f 1119 1221 1222
f 1119 1222 1223
f 1119 1223 1224
f 1113 1214 1114
f 1114 1215 1216
f 1114 1216 1115
f 1114 1214 1217
f 1114 1217 1215
f 1115 1216 1116
f 1116 1216 1218
f 1116 1218 1219
f 1110 1209 1111
f 1111 1210 1211
f 1111 1211 1212
f 1111 1212 1213
f 1111 1213 1113
f 1111 1113 1112
f 1111 1209 1210
f 1113 1213 1214
f 1137 1140 1240
f 1137 1240 1238
f 1138 1241 1141
f 1138 1239 1242
f 1138 1242 1243
f 1138 1243 1241
f 1140 1152 1151
f 1140 1151 1252
f 1131 1235 1132
f 1132 1235 1133
f 1133 1236 1134
f 1133 1235 1237
f 1133 1237 1236
f 1137 1238 1239
f 1137 1239 1138
f 1137 1139 1140
f 1127 1230 1231
f 1127 1231 1128
f 1128 1231 1129
f 1129 1232 1234
f 1129 1234 1130
f 1129 1231 1233
f 1129 1233 1232
f 1130 1234 1131
f 1123 1227 1124
f 1124 1227 1228
f 1124 1228 1125
f 1125 1228 1126
f 1126 1228 1227
f 1126 1227 1229
f 1126 1229 1230
f 1126 1230 1127
f 1156 1255 1256
f 1156 1256 1250
f 1156 1250 1157
f 1158 1253 1257
f 1158 1257 1254
f 1159 1258 1160
f 1160 1258 1164
f 1161 1176 1259
f 1151 1157 1250
f 1151 1250 1251
f 1151 1251 1252
f 1154 1249 1253
f 1154 1253 1158
f 1155 1158 1156
f 1156 1158 1254
f 1156 1254 1255
f 1144 1245 1246
f 1146 1149 1147
f 1147 1149 1154
f 1148 1247 1149
f 1149 1248 1249
f 1149 1249 1154
f 1149 1247 1248
f 1150 1157 1151
f 1140 1252 1240
f 1141 1244 1145
f 1141 1145 1143
f 1141 1143 1142
f 1141 1241 1243
f 1141 1243 1244
f 1144 1145 1244
f 1144 1244 1245
f 1172 1270 1272
f 1172 1272 1173
f 1173 1272 1273
f 1173 1273 1174
f 1174 1273 1274
f 1174 1274 1275
f 1174 1275 1200
f 1175 1196 1276
f 1167 1268 1169
f 1168 1170 1171
f 1169 1268 1269
f 1169 1269 1170
f 1170 1270 1171
f 1170 1269 1271
f 1170 1271 1270
f 1171 1270 1172
f 1164 1263 1264
f 1164 1264 1165
f 1165 1264 1166
f 1166 1264 1265
f 1166 1265 1266
f 1166 1266 1167
f 1167 1266 1267
f 1167 1267 1268
f 1161 1259 1260
f 1161 1260 1162
f 1162 1260 1163
f 1163 1260 1261
f 1163 1261 1210
f 1163 1210 1209
f 1164 1258 1262
f 1164 1262 1263
f 1187 1189 1188
f 1189 1287 1286
f 1189 1286 1288
f 1189 1288 1289
f 1189 1289 1190
f 1190 1289 1191
f 1191 1290 1192
f 1191 1289 1291
f 1183 1284 1285
f 1183 1285 1184
f 1184 1285 1286
f 1184 1286 1185
f 1185 1286 1287
f 1185 1287 1187
f 1185 1187 1186
f 1187 1287 1189
f 1180 1208 1280
f 1180 1280 1281
f 1180 1281 1282
f 1180 1282 1283
f 1180 1283 1181
f 1181 1284 1182
f 1181 1283 1284
f 1182 1284 1183
f 1175 1276 1176
f 1176 1276 1277
f 1176 1277 1278
f 1176 1278 1279
f 1176 1279 1259
f 1178 1199 1208
f 1178 1208 1179
f 1179 1208 1180
f 1204 1302 1303
f 1204 1303 1205
f 1205 1304 1206
f 1205 1303 1305
f 1205 1305 1304
f 1206 1304 1306
f 1206 1306 1307
f 1206 1307 1207
f 1202 1297 1298
f 1202 1298 1203
f 1203 1298 1299
f 1203 1299 1300
f 1203 1300 1301
f 1203 1301 1204
f 1204 1301 1300
f 1204 1300 1302
f 1196 1198 1276
f 1197 1295 1198
f 1197 1294 1296
f 1197 1296 1295
f 1198 1295 1276
f 1200 1275 1201
f 1201 1275 1297
f 1201 1297 1202
f 1191 1291 1290
f 1192 1290 1292
f 1192 1292 1193
f 1193 1292 1293
f 1193 1293 1194
f 1194 1294 1197
f 1194 1197 1195
f 1194 1293 1294
f 1222 1318 1319
f 1222 1319 1223
f 1222 1317 1320
f 1222 1320 1318
f 1223 1319 1224
f 1224 1319 1226
f 1226 1319 1227
f 1227 1319 1318
f 1215 1316 1315
f 1216 1315 1218
f 1217 1314 1316
f 1218 1221 1219
f 1218 1315 1317
f 1218 1317 1221
f 1219 1221 1220
f 1221 1317 1222
f 1213 1310 1311
f 1213 1311 1312
f 1213 1312 1214
f 1214 1312 1313
f 1214 1313 1314
f 1214 1314 1217
f 1215 1315 1216
f 1215 1217 1316
f 1207 1308 1208
f 1207 1307 1308
f 1208 1308 1280
f 1210 1261 1309
f 1210 1309 1211
f 1211 1309 1310
f 1211 1310 1213
f 1211 1213 1212
f 1243 1336 1337
f 1243 1337 1338
f 1243 1338 1339
f 1243 1339 1244
f 1244 1339 1245
f 1245 1340 1341
f 1245 1341 1342
f 1245 1342 1246
f 1238 1332 1333
f 1238 1333 1239
f 1239 1333 1334
f 1239 1334 1242
f 1240 1252 1331
f 1242 1334 1335
f 1242 1335 1336
f 1242 1336 1243
f 1230 1326 1231
f 1231 1326 1327
f 1231 1327 1233
f 1233 1328 1329
f 1233 1329 1330
f 1233 1327 1328
f 1238 1240 1331
f 1238 1331 1332
f 1227 1318 1321
f 1227 1321 1322
f 1227 1322 1229
f 1229 1322 1323
f 1229 1323 1324
f 1229 1324 1325
f 1229 1325 1326
f 1229 1326 1230
f 1257 1356 1357
f 1257 1357 1352
f 1259 1279 1358
f 1259 1358 1260
f 1260 1358 1309
f 1260 1309 1261
f 1263 1359 1360
f 1263 1360 1264
f 1254 1257 1255
f 1255 1257 1352
f 1255 1352 1353
f 1255 1353 1354
f 1255 1354 1355
f 1255 1355 1256
f 1256 1355 1347
f 1257 1351 1356
f 1250 1347 1348
f 1250 1348 1349
f 1250 1349 1251
f 1251 1349 1350
f 1251 1350 1252
f 1252 1350 1331
f 1253 1346 1351
f 1253 1351 1257
f 1245 1339 1340
f 1247 1343 1248
f 1248 1343 1344
f 1248 1344 1345
f 1248 1345 1346
f 1248 1346 1249
f 1249 1346 1253
f 1250 1256 1347
f 1274 1374 1275
f 1275 1374 1375
f 1275 1375 1376
f 1275 1376 1377
f 1275 1377 1297
f 1276 1295 1277
f 1277 1295 1378
f 1277 1378 1379
f 1270 1271 1272
f 1271 1370 1371
f 1271 1371 1372
f 1271 1372 1272
f 1272 1372 1273
f 1273 1372 1373
f 1273 1373 1274
f 1274 1373 1374
f 1266 1366 1267
f 1267 1366 1268
f 1268 1366 1367
f 1268 1367 1269
f 1269 1367 1368
f 1269 1368 1369
f 1269 1369 1370
f 1269 1370 1271
f 1264 1360 1265
f 1265 1360 1361
f 1265 1361 1362
f 1265 1362 1363
f 1265 1363 1364
f 1265 1364 1266
f 1266 1364 1365
f 1266 1365 1366
f 1288 1391 1392
f 1288 1392 1291
f 1290 1291 1393
f 1290 1393 1394
f 1290 1394 1395
f 1290 1395 1292
f 1291 1392 1396
f 1291 1396 1393
f 1286 1385 1387
f 1286 1387 1388
f 1286 1388 1389
f 1286 1389 1390
f 1286 1390 1391
f 1286 1391 1386
f 1288 1291 1289
f 1288 1386 1391
f 1282 1382 1383
f 1282 1383 1384
f 1282 1384 1285
f 1282 1285 1283
f 1283 1285 1284
f 1285 1385 1286
f 1285 1384 1385
f 1286 1386 1288
f 1277 1379 1278
f 1278 1379 1380
f 1278 1380 1279
f 1279 1380 1358
f 1280 1308 1381
f 1280 1381 1281
f 1281 1381 1282
f 1282 1381 1382
f 1306 1408 1409
f 1306 1409 1410
f 1306 1410 1308
f 1306 1308 1307
f 1306 1407 1408
f 1308 1410 1409
f 1308 1409 1381
f 1309 1358 1411
f 1300 1404 1405
f 1300 1405 1302
f 1302 1405 1303
f 1303 1405 1406
f 1303 1406 1305
f 1304 1305 1306
f 1305 1406 1407
f 1305 1407 1306
f 1297 1377 1298
f 1298 1377 1400
f 1298 1400 1401
f 1298 1401 1402
f 1298 1402 1403
f 1298 1403 1299
f 1299 1403 1300
f 1300 1403 1404
f 1292 1395 1293
f 1293 1395 1397
f 1293 1397 1294
f 1294 1397 1398
f 1294 1398 1296
f 1295 1296 1399
f 1295 1399 1378
f 1296 1398 1399
f 1321 1423 1322
f 1322 1423 1425
f 1322 1425 1426
f 1322 1426 1427
f 1322 1427 1323
f 1323 1427 1428
f 1323 1428 1324
f 1324 1428 1429
f 1317 1418 1420
f 1317 1420 1421
f 1317 1421 1320
f 1318 1320 1422
f 1318 1422 1423
f 1318 1423 1321
f 1320 1421 1424
f 1320 1424 1422
f 1313 1416 1417
f 1313 1417 1314
f 1313 1415 1416
f 1314 1417 1316
f 1315 1316 1418
f 1315 1418 1317
f 1316 1417 1419
f 1316 1419 1418
f 1309 1411 1310
f 1310 1411 1311
f 1311 1411 1412
f 1311 1412 1413
f 1311 1413 1414
f 1311 1414 1415
f 1311 1415 1312
f 1312 1415 1313
f 1337 1441 1338
f 1338 1441 1442
f 1338 1442 1339
f 1339 1442 1340
f 1340 1442 1443
f 1340 1443 1341
f 1341 1443 1444
f 1341 1444 1445
f 1333 1437 1438
f 1333 1438 1334
f 1334 1438 1439
f 1334 1439 1335
f 1335 1439 1440
f 1335 1440 1441
f 1335 1441 1337
f 1335 1337 1336
f 1329 1432 1330
f 1331 1350 1433
f 1331 1433 1332
f 1332 1433 1434
f 1332 1434 1435
f 1332 1435 1436
f 1332 1436 1437
f 1332 1437 1333
f 1324 1429 1430
f 1324 1430 1328
f 1324 1328 1325
f 1325 1328 1326
f 1326 1328 1327
f 1328 1430 1431
f 1328 1431 1329
f 1329 1431 1432
f 1353 1459 1354
f 1354 1459 1460
f 1354 1460 1461
f 1354 1461 1355
f 1355 1461 1451
f 1356 1458 1462
f 1356 1462 1357
f 1357 1462 1463
f 1348 1456 1457
f 1348 1457 1349
f 1349 1457 1433
f 1349 1433 1350
f 1351 1450 1458
f 1351 1458 1356
f 1352 1357 1459
f 1352 1459 1353
f 1346 1450 1351
f 1347 1355 1451
f 1347 1451 1452
f 1347 1452 1453
f 1347 1453 1454
f 1347 1454 1455
f 1347 1455 1456
f 1347 1456 1348
f 1341 1445 1342
f 1343 1446 1344
f 1344 1446 1447
f 1344 1447 1345
f 1345 1447 1448
f 1345 1448 1449
f 1345 1449 1450
f 1345 1450 1346
f 1374 1473 1474
f 1374 1474 1375
f 1375 1474 1376
f 1376 1474 1475
f 1376 1475 1377
f 1377 1475 1400
f 1378 1399 1476
f 1378 1476 1379
f 1368 1471 1467
f 1369 1467 1370
f 1370 1467 1472
f 1370 1472 1473
f 1370 1473 1371
f 1371 1374 1373
f 1371 1373 1372
f 1371 1473 1374
f 1365 1466 1368
f 1365 1368 1366
f 1366 1368 1367
f 1368 1467 1369
f 1368 1466 1468
f 1368 1468 1469
f 1368 1469 1470
f 1368 1470 1471
f 1357 1463 1459
f 1358 1380 1411
f 1359 1361 1360
f 1362 1464 1465
f 1362 1465 1363
f 1363 1465 1364
f 1364 1465 1365
f 1365 1465 1466
f 1391 1487 1392
f 1392 1487 1488
f 1392 1488 1396
f 1393 1489 1394
f 1393 1396 1488
f 1393 1488 1489
f 1394 1490 1395
f 1394 1489 1490
f 1387 1483 1388
f 1388 1483 1484
f 1388 1484 1389
f 1389 1484 1485
f 1389 1485 1390
f 1390 1485 1486
f 1390 1486 1391
f 1391 1486 1487
f 1383 1409 1479
f 1383 1479 1480
f 1383 1480 1481
f 1383 1481 1384
f 1384 1387 1385
f 1384 1481 1387
f 1387 1481 1482
f 1387 1482 1483
f 1379 1477 1380
f 1379 1476 1478
f 1379 1478 1477
f 1380 1477 1413
f 1380 1413 1412
f 1380 1412 1411
f 1381 1409 1382
f 1382 1409 1383
f 1407 1503 1504
f 1407 1504 1505
f 1407 1505 1506
f 1407 1506 1507
f 1407 1507 1508
f 1407 1508 1408
f 1408 1508 1409
f 1409 1508 1479
f 1404 1499 1405
f 1404 1498 1500
f 1404 1500 1499
f 1405 1499 1501
f 1405 1501 1406
f 1406 1501 1502
f 1406 1502 1407
f 1407 1502 1503
f 1400 1475 1495
f 1400 1495 1401
f 1401 1495 1496
f 1401 1496 1497
f 1401 1497 1402
f 1402 1497 1403
f 1403 1497 1498
f 1403 1498 1404
f 1395 1490 1491
f 1395 1491 1492
f 1395 1492 1397
f 1397 1492 1398
f 1398 1492 1493
f 1398 1493 1494
f 1398 1494 1399
f 1399 1494 1476
f 1422 1523 1423
f 1423 1523 1425
f 1424 1522 1523
f 1425 1523 1522
f 1425 1522 1426
f 1426 1522 1524
f 1426 1524 1525
f 1426 1525 1427
f 1419 1518 1516
f 1420 1517 1519
f 1420 1519 1421
f 1421 1519 1520
f 1421 1520 1521
f 1421 1521 1522
f 1421 1522 1424
f 1422 1424 1523
f 1416 1513 1417
f 1417 1513 1514
f 1417 1514 1515
f 1417 1515 1419
f 1418 1419 1516
f 1418 1516 1517
f 1418 1517 1420
f 1419 1515 1518
f 1413 1477 1509
f 1413 1509 1510
f 1413 1510 1511
f 1413 1511 1414
f 1414 1511 1415
f 1415 1511 1512
f 1415 1512 1513
f 1415 1513 1416
f 1437 1439 1438
f 1439 1538 1440
f 1440 1538 1539
f 1440 1539 1441
f 1441 1539 1540
f 1441 1540 1541
f 1441 1541 1442
f 1442 1541 1542
f 1435 1533 1534
f 1435 1534 1535
f 1435 1535 1437
f 1437 1535 1534
f 1437 1534 1536
f 1437 1536 1537
f 1437 1537 1538
f 1437 1538 1439
f 1431 1529 1432
f 1433 1457 1530
f 1433 1530 1434
f 1434 1530 1435
f 1435 1437 1436
f 1435 1530 1531
f 1435 1531 1532
f 1435 1532 1533
f 1427 1525 1526
f 1427 1526 1428
f 1428 1526 1527
f 1428 1527 1429
f 1429 1527 1528
f 1429 1528 1430
f 1430 1528 1431
f 1431 1528 1529
f 1455 1555 1556
f 1455 1556 1557
f 1455 1557 1558
f 1455 1558 1456
f 1456 1558 1457
f 1457 1558 1559
f 1457 1559 1530
f 1458 1554 1462
f 1449 1553 1554
f 1449 1554 1450
f 1450 1554 1458
f 1451 1461 1452
f 1452 1455 1454
f 1452 1454 1453
f 1452 1461 1555
f 1452 1555 1455
f 1445 1547 1548
f 1446 1549 1447
f 1447 1549 1448
f 1448 1549 1550
f 1448 1550 1551
f 1448 1551 1552
f 1448 1552 1553
f 1448 1553 1449
f 1442 1542 1443
f 1443 1542 1543
f 1443 1543 1444
f 1444 1543 1544
f 1444 1544 1545
f 1444 1545 1546
f 1444 1546 1547
f 1444 1547 1445
f 1468 1575 1576
f 1468 1576 1577
f 1468 1577 1469
f 1469 1577 1578
f 1469 1578 1470
f 1470 1578 1471
f 1471 1578 1579
f 1471 1579 1580
f 1463 1571 1572
f 1463 1572 1560
f 1464 1573 1574
f 1464 1574 1575
f 1464 1575 1465
f 1465 1575 1468
f 1465 1468 1466
f 1467 1471 1472
f 1461 1564 1566
f 1461 1566 1567
f 1461 1567 1568
f 1461 1568 1569
f 1461 1569 1555
f 1462 1554 1570
f 1462 1570 1571
f 1462 1571 1463
f 1459 1463 1560
f 1459 1560 1561
f 1459 1561 1562
f 1459 1562 1563
f 1459 1563 1460
f 1460 1564 1461
f 1460 1563 1565
f 1460 1565 1564
f 1482 1592 1483
f 1483 1592 1484
f 1484 1592 1593
f 1484 1593 1485
f 1485 1593 1486
f 1486 1593 1592
f 1486 1592 1594
f 1486 1594 1595
f 1480 1587 1588
f 1480 1588 1589
f 1480 1589 1481
f 1481 1589 1482
f 1482 1589 1588
f 1482 1588 1590
f 1482 1590 1591
f 1482 1591 1592
f 1476 1583 1478
f 1477 1478 1584
f 1477 1584 1509
f 1478 1583 1585
f 1478 1585 1584
f 1479 1508 1586
f 1479 1586 1480
f 1480 1586 1587
f 1471 1580 1472
f 1472 1580 1581
f 1472 1581 1473
f 1473 1581 1582
f 1473 1582 1474
f 1474 1582 1475
f 1475 1582 1495
f 1476 1494 1583
f 1498 1607 1608
f 1498 1608 1609
f 1498 1609 1500
f 1499 1500 1610
f 1499 1610 1501
f 1500 1609 1610
f 1501 1503 1502
f 1501 1610 1611
f 1493 1583 1494
f 1495 1582 1604
f 1495 1604 1605
f 1495 1605 1606
f 1495 1606 1496
f 1496 1606 1497
f 1497 1606 1498
f 1498 1606 1607
f 1490 1598 1600
f 1490 1600 1601
f 1490 1601 1491
f 1491 1601 1492
f 1492 1601 1493
f 1493 1601 1602
f 1493 1602 1603
f 1493 1603 1583
f 1486 1595 1487
f 1487 1596 1488
f 1487 1595 1596
f 1488 1596 1597
f 1488 1597 1489
f 1489 1598 1490
f 1489 1597 1599
f 1489 1599 1598
f 1513 1624 1514
f 1514 1624 1625
f 1514 1625 1515
f 1515 1626 1518
f 1515 1625 1626
f 1516 1518 1517
f 1517 1518 1627
f 1517 1627 1628
f 1509 1620 1510
f 1510 1620 1621
f 1510 1621 1622
f 1510 1622 1512
f 1510 1512 1511
f 1512 1622 1513
f 1513 1622 1623
f 1513 1623 1624
f 1505 1617 1507
f 1505 1507 1506
f 1505 1616 1617
f 1507 1586 1508
f 1507 1617 1618
f 1507 1618 1586
f 1509 1584 1619
f 1509 1619 1620
f 1501 1611 1503
f 1503 1611 1612
f 1503 1612 1613
f 1503 1613 1504
f 1504 1613 1614
f 1504 1614 1615
f 1504 1615 1616
f 1504 1616 1505
f 1525 1643 1526
f 1526 1643 1527
f 1527 1643 1644
f 1527 1644 1645
f 1527 1645 1646
f 1527 1646 1528
f 1528 1646 1647
f 1528 1647 1529
f 1524 1636 1637
f 1524 1637 1638
f 1524 1638 1639
f 1524 1639 1640
f 1524 1640 1641
f 1524 1641 1642
f 1524 1642 1633
f 1525 1635 1643
f 1520 1630 1632
f 1520 1632 1524
f 1520 1524 1631
f 1522 1631 1524
f 1524 1633 1634
f 1524 1634 1635
f 1524 1635 1525
f 1524 1632 1636
f 1517 1628 1629
f 1517 1629 1519
f 1518 1626 1628
f 1518 1628 1627
f 1519 1629 1630
f 1519 1630 1520
f 1520 1631 1522
f 1520 1522 1521
f 1541 1661 1542
f 1542 1661 1662
f 1542 1662 1543
f 1543 1662 1663
f 1543 1663 1544
f 1544 1663 1664
f 1544 1664 1665
f 1544 1665 1666
f 1536 1658 1538
f 1536 1538 1537
f 1538 1658 1659
f 1538 1659 1539
f 1539 1659 1540
f 1540 1659 1660
f 1540 1660 1661
f 1540 1661 1541
f 1533 1652 1653
f 1533 1653 1654
f 1533 1654 1655
f 1533 1655 1534
f 1534 1655 1536
f 1536 1655 1656
f 1536 1656 1657
f 1536 1657 1658
f 1530 1648 1649
f 1530 1649 1650
f 1530 1650 1531
f 1530 1559 1648
f 1531 1650 1651
f 1531 1651 1532
f 1532 1651 1533
f 1533 1651 1652
f 1557 1648 1558
f 1558 1648 1559
f 1560 1572 1561
f 1561 1572 1680
f 1561 1680 1562
f 1562 1681 1565
f 1562 1565 1563
f 1562 1680 1682
f 1555 1569 1568
f 1555 1568 1556
f 1556 1568 1676
f 1556 1676 1677
f 1556 1677 1678
f 1556 1678 1557
f 1557 1678 1679
f 1557 1679 1648
f 1551 1673 1552
f 1552 1671 1672
f 1552 1672 1553
f 1552 1673 1674
f 1552 1674 1675
f 1552 1675 1671
f 1553 1672 1554
f 1554 1672 1570
f 1544 1666 1545
f 1545 1666 1667
f 1545 1667 1546
f 1546 1548 1547
f 1550 1668 1551
f 1551 1668 1669
f 1551 1669 1670
f 1551 1670 1673
f 1576 1693 1577
f 1577 1693 1694
f 1577 1694 1578
f 1578 1695 1579
f 1578 1694 1695
f 1579 1696 1580
f 1579 1695 1696
f 1580 1696 1581
f 1573 1688 1574
f 1574 1688 1689
f 1574 1689 1690
f 1574 1690 1691
f 1574 1691 1575
f 1575 1691 1576
f 1576 1691 1692
f 1576 1692 1693
f 1567 1686 1687
f 1567 1687 1568
f 1568 1687 1676
f 1570 1672 1571
f 1571 1672 1671
f 1571 1671 1572
f 1572 1671 1682
f 1572 1682 1680
f 1562 1682 1683
f 1562 1683 1684
f 1562 1684 1685
f 1562 1685 1681
f 1564 1565 1566
f 1565 1681 1686
f 1565 1686 1566
f 1566 1686 1567
f 1595 1707 1596
f 1596 1708 1597
f 1596 1707 1709
f 1596 1709 1708
f 1597 1708 1710
f 1597 1710 1599
f 1598 1599 1711
f 1598 1711 1712
f 1591 1702 1592
f 1592 1702 1703
f 1592 1703 1704
f 1592 1704 1705
f 1592 1705 1706
f 1592 1706 1594
f 1594 1706 1595
f 1595 1706 1707
f 1587 1618 1699
f 1587 1699 1588
f 1588 1699 1618
f 1588 1618 1700
f 1588 1700 1701
f 1588 1701 1591
f 1588 1591 1590
f 1591 1701 1702
f 1581 1696 1697
f 1581 1697 1604
f 1581 1604 1582
f 1583 1603 1585
f 1584 1585 1619
f 1585 1603 1698
f 1585 1698 1619
f 1586 1618 1587
f 1609 1724 1726
f 1609 1726 1725
f 1610 1725 1612
f 1610 1612 1611
f 1612 1725 1727
f 1612 1727 1728
f 1612 1728 1613
f 1613 1728 1614
f 1606 1720 1721
f 1606 1721 1722
f 1606 1722 1607
f 1607 1722 1723
f 1607 1723 1608
f 1608 1723 1724
f 1608 1724 1609
f 1609 1725 1610
f 1602 1716 1603
f 1603 1716 1717
f 1603 1717 1698
f 1604 1697 1718
f 1604 1718 1719
f 1604 1719 1720
f 1604 1720 1605
f 1605 1720 1606
f 1598 1712 1713
f 1598 1713 1600
f 1599 1710 1711
f 1600 1713 1714
f 1600 1714 1601
f 1601 1714 1602
f 1602 1714 1715
f 1602 1715 1716
f 1625 1740 1741
f 1625 1741 1626
f 1626 1741 1742
f 1626 1742 1628
f 1628 1630 1629
f 1628 1742 1630
f 1630 1742 1743
f 1630 1743 1744
f 1621 1736 1737
f 1621 1737 1622
f 1622 1737 1623
f 1623 1737 1738
f 1623 1738 1739
f 1623 1739 1624
f 1624 1739 1740
f 1624 1740 1625
f 1618 1732 1733
f 1618 1733 1700
f 1619 1698 1717
f 1619 1717 1734
f 1619 1734 1735
f 1619 1735 1620
f 1620 1735 1621
f 1621 1735 1736
f 1614 1728 1729
f 1614 1729 1615
f 1615 1729 1730
f 1615 1730 1731
f 1615 1731 1616
f 1616 1731 1618
f 1616 1618 1617
f 1618 1731 1732
f 1643 1746 1756
f 1643 1756 1757
f 1643 1757 1644
f 1644 1757 1758
f 1644 1758 1759
f 1644 1759 1645
f 1645 1759 1760
f 1645 1760 1761
f 1639 1751 1752
f 1639 1752 1753
f 1639 1753 1640
f 1640 1754 1642
f 1640 1642 1641
f 1640 1753 1873
f 1640 1873 1754
f 1642 1754 1755
f 1634 1746 1643
f 1634 1643 1635
f 1637 1748 1749
f 1637 1749 1750
f 1637 1750 1639
f 1637 1639 1638
f 1637 1744 1748
f 1639 1750 1751
f 1630 1744 1632
f 1632 1744 1637
f 1632 1637 1636
f 1633 1745 1746
f 1633 1746 1634
f 1633 1642 1755
f 1633 1755 1747
f 1633 1747 1745
f 1659 1771 1772
f 1659 1772 1660
f 1660 1772 1773
f 1660 1773 1774
f 1660 1774 1661
f 1661 1774 1662
f 1662 1774 1663
f 1663 1775 1776
f 1654 1656 1655
f 1656 1767 1768
f 1656 1768 1769
f 1656 1769 1657
f 1657 1769 1770
f 1657 1770 1658
f 1658 1770 1659
f 1659 1770 1771
f 1651 1763 1652
f 1652 1763 1653
f 1653 1763 1764
f 1653 1764 1765
f 1653 1765 1766
f 1653 1766 1654
f 1654 1766 1767
f 1654 1767 1656
f 1645 1761 1647
f 1645 1647 1646
f 1648 1679 1649
f 1649 1679 1678
f 1649 1678 1650
f 1650 1678 1651
f 1651 1678 1762
f 1651 1762 1763
f 1676 1790 1791
f 1676 1791 1792
f 1676 1792 1677
f 1677 1792 1678
f 1678 1792 1793
f 1678 1793 1762
f 1681 1685 1794
f 1681 1794 1795
f 1673 1781 1787
f 1673 1787 1788
f 1673 1788 1674
f 1674 1783 1675
f 1674 1788 1783
f 1675 1783 1782
f 1676 1687 1789
f 1676 1789 1790
f 1670 1780 1781
f 1670 1781 1673
f 1671 1675 1782
f 1671 1782 1783
f 1671 1783 1784
f 1671 1784 1785
f 1671 1785 1786
f 1671 1786 1682
f 1663 1776 1664
f 1663 1774 1775
f 1664 1776 1777
f 1664 1777 1665
f 1665 1777 1666
f 1669 1778 1779
f 1669 1779 1780
f 1669 1780 1670
f 1692 1806 1807
f 1693 1809 1810
f 1693 1810 1694
f 1694 1811 1695
f 1694 1810 1811
f 1695 1811 1696
f 1696 1811 1812
f 1696 1812 1697
f 1690 1804 1805
f 1690 1805 1806
f 1690 1806 1691
f 1690 1803 1804
f 1691 1806 1692
f 1692 1807 1808
f 1692 1808 1809
f 1692 1809 1693
f 1684 1800 1685
f 1685 1800 1794
f 1686 1796 1801
f 1686 1801 1687
f 1687 1801 1802
f 1687 1802 1789
f 1688 1803 1689
f 1689 1803 1690
f 1681 1795 1796
f 1681 1796 1686
f 1682 1786 1797
f 1682 1797 1683
f 1683 1797 1684
f 1684 1797 1798
f 1684 1798 1799
f 1684 1799 1800
f 1710 1823 1825
f 1710 1825 1711
f 1711 1825 1712
f 1712 1825 1826
f 1712 1826 1827
f 1712 1827 1828
f 1712 1828 1713
f 1713 1828 1714
f 1706 1819 1821
f 1706 1821 1822
f 1706 1822 1820
f 1707 1820 1709
f 1708 1823 1710
f 1708 1709 1823
f 1709 1820 1824
f 1709 1824 1823
f 1703 1814 1816
f 1703 1816 1817
f 1703 1817 1704
f 1704 1817 1818
f 1704 1818 1705
f 1705 1818 1819
f 1705 1819 1706
f 1706 1820 1707
f 1697 1812 1813
f 1697 1813 1718
f 1700 1702 1701
f 1700 1733 1814
f 1700 1814 1815
f 1700 1815 1702
f 1702 1815 1703
f 1703 1815 1814
f 1725 1726 1841
f 1725 1841 1727
f 1726 1842 1841
f 1727 1841 1843
f 1727 1843 1844
f 1727 1844 1728
f 1728 1844 1845
f 1728 1845 1730
f 1721 1837 1722
f 1722 1837 1838
f 1722 1838 1723
f 1723 1838 1839
f 1723 1839 1840
f 1723 1840 1724
f 1724 1840 1842
f 1724 1842 1726
f 1718 1813 1833
f 1718 1833 1834
f 1718 1834 1719
f 1719 1834 1835
f 1719 1835 1720
f 1720 1835 1836
f 1720 1836 1721
f 1721 1836 1837
f 1714 1828 1715
f 1715 1828 1716
f 1716 1828 1829
f 1716 1829 1830
f 1716 1830 1831
f 1716 1831 1717
f 1717 1831 1832
f 1717 1832 1734
f 1740 1858 1741
f 1741 1858 1742
f 1742 1858 1859
f 1742 1859 1860
f 1742 1860 1861
f 1742 1861 1743
f 1743 1861 1862
f 1743 1862 1748
f 1737 1853 1854
f 1737 1854 1855
f 1737 1855 1738
f 1738 1855 1856
f 1738 1856 1739
f 1739 1856 1857
f 1739 1857 1740
f 1740 1857 1858
f 1733 1849 1850
f 1733 1850 1851
f 1733 1851 1814
f 1734 1832 1852
f 1734 1852 1735
f 1735 1852 1736
f 1736 1852 1853
f 1736 1853 1737
f 1728 1730 1729
f 1730 1845 1846
f 1730 1846 1847
f 1730 1847 1731
f 1731 1847 1732
f 1732 1847 1848
f 1732 1848 1733
f 1733 1848 1849
f 1756 1758 1757
f 1758 1863 1759
f 1759 1863 1875
f 1759 1875 1876
f 1759 1876 1760
f 1762 1793 1877
f 1762 1877 1763
f 1763 1877 1878
f 1752 1868 1871
f 1752 1871 1753
f 1753 1871 1872
f 1753 1872 1873
f 1754 1873 1755
f 1755 1873 1874
f 1755 1874 1864
f 1756 1863 1758
f 1749 1862 1750
f 1750 1862 1866
f 1750 1866 1867
f 1750 1867 1751
f 1751 1868 1752
f 1751 1867 1869
f 1751 1869 1870
f 1751 1870 1868
f 1743 1748 1744
f 1745 1863 1756
f 1745 1756 1746
f 1745 1747 1864
f 1745 1864 1865
f 1745 1865 1863
f 1747 1755 1864
f 1748 1862 1749
f 1776 1889 1890
f 1776 1890 1891
f 1776 1891 1777
f 1777 1891 1892
f 1777 1892 1893
f 1778 1894 1895
f 1778 1895 1779
f 1779 1895 1780
f 1771 1886 1887
f 1771 1887 1773
f 1771 1773 1772
f 1773 1887 1774
f 1774 1887 1888
f 1774 1888 1775
f 1775 1888 1889
f 1775 1889 1776
f 1766 1768 1767
f 1768 1882 1883
f 1768 1883 1884
f 1768 1884 1769
f 1769 1884 1885
f 1769 1885 1770
f 1770 1885 1771
f 1771 1885 1886
f 1763 1878 1764
f 1764 1878 1879
f 1764 1879 1765
f 1765 1879 1880
f 1765 1880 1881
f 1765 1881 1882
f 1765 1882 1766
f 1766 1882 1768
f 1791 1793 1792
f 1791 1908 1909
f 1791 1909 1877
f 1794 1800 1910
f 1794 1910 1795
f 1795 1911 1796
f 1795 1910 1912
f 1795 1912 1913
f 1788 1904 1900
f 1789 1802 1905
f 1789 1905 1906
f 1789 1906 1790
f 1790 1906 1907
f 1790 1907 1908
f 1790 1908 1791
f 1791 1877 1793
f 1784 1900 1901
f 1784 1901 1785
f 1785 1901 1902
f 1785 1902 1786
f 1786 1902 1797
f 1787 1899 1903
f 1787 1903 1788
f 1788 1903 1904
f 1780 1895 1896
f 1780 1896 1781
f 1781 1896 1897
f 1781 1897 1898
f 1781 1898 1899
f 1781 1899 1787
f 1783 1788 1900
f 1783 1900 1784
f 1809 1923 1924
f 1809 1924 1810
f 1810 1925 1811
f 1810 1924 1945
f 1810 1945 1925
f 1811 1813 1812
f 1811 1925 1813
f 1813 1925 1833
f 1804 1920 1805
f 1805 1920 1921
f 1805 1921 1807
f 1805 1807 1806
f 1807 1921 1922
f 1807 1922 1808
f 1808 1922 1923
f 1808 1923 1809
f 1799 1917 1800
f 1800 1917 1910
f 1801 1911 1905
f 1801 1905 1802
f 1803 1918 1804
f 1804 1918 1919
f 1804 1919 2030
f 1804 2030 1920
f 1795 1913 1911
f 1796 1911 1801
f 1797 1902 1798
f 1798 1902 1914
f 1798 1914 1915
f 1798 1915 1799
f 1799 1915 1916
f 1799 1916 1917
f 1825 1938 1826
f 1826 1938 1827
f 1827 1829 1828
f 1827 1938 1939
f 1827 1939 1940
f 1827 1940 1829
f 1829 1940 1830
f 1830 1940 1941
f 1822 1933 1934
f 1822 1934 1935
f 1822 1935 1936
f 1822 1936 1932
f 1823 1824 1825
f 1824 1932 1937
f 1824 1937 1825
f 1825 1937 1938
f 1818 2042 1930
f 1818 1930 1819
f 1819 1930 1931
f 1819 1931 1821
f 1820 1932 1824
f 1820 1822 1932
f 1821 1931 1933
f 1821 1933 1822
f 1814 1851 1926
f 1814 1926 1816
f 1816 1927 1817
f 1816 1926 1928
f 1816 1928 1927
f 1817 1927 1929
f 1817 1929 1818
f 1818 1929 2042
f 1841 1954 1843
f 1842 1953 1955
f 1842 1955 1954
f 1843 1954 1956
f 1843 1956 1957
f 1843 1957 1844
f 1844 1957 1845
f 1845 1957 1958
f 1837 1950 1951
f 1837 1951 1838
f 1838 1951 1952
f 1838 1952 1839
f 1839 1952 1953
f 1839 1953 1840
f 1840 1953 1842
f 1841 1842 1954
f 1833 1946 1834
f 1834 1946 1947
f 1834 1947 1835
f 1835 1947 1948
f 1835 1948 1836
f 1836 1948 1949
f 1836 1949 1837
f 1837 1949 1950
f 1830 1941 1942
f 1830 1942 1831
f 1831 1942 1943
f 1831 1943 1832
f 1832 1944 1852
f 1832 1943 1944
f 1833 1925 1945
f 1833 1945 1946
f 1857 1969 1971
f 1857 1971 1858
f 1858 1971 1972
f 1858 1972 1859
f 1859 1972 1973
f 1859 1973 1860
f 1860 1866 1862
f 1860 1862 1861
f 1854 1965 1966
f 1854 1966 1967
f 1854 1967 1855
f 1855 1967 1968
f 1855 1968 1856
f 1856 1969 1857
f 1856 1968 1970
f 1856 1970 1969
f 1849 1962 1850
f 1850 1962 1963
f 1850 1963 1851
f 1851 1963 1964
f 1851 1964 1926
f 1852 1944 1853
f 1853 1944 1965
f 1853 1965 1854
f 1845 1958 1846
f 1846 1958 1959
f 1846 1959 1960
f 1846 1960 1847
f 1847 1960 1848
f 1848 1960 1961
f 1848 1961 1962
f 1848 1962 1849
f 1874 1985 1975
f 1875 1974 1986
f 1875 1986 1876
f 1877 1909 1987
f 1877 1987 1878
f 1878 1987 1988
f 1878 1988 1879
f 1879 1988 1989
f 1870 1981 1978
f 1871 1978 1982
f 1871 1982 1983
f 1871 1983 1872
f 1872 1984 1985
f 1872 1985 1874
f 1872 1874 1873
f 1872 1983 1984
f 1867 1973 1977
f 1867 1977 1869
f 1868 1870 1978
f 1868 1978 1871
f 1869 1977 1979
f 1869 1979 1980
f 1869 1980 1870
f 1870 1980 1981
f 1860 1973 1866
f 1863 1865 1875
f 1864 1974 1875
f 1864 1875 1865
f 1864 1874 1975
f 1864 1975 1976
f 1864 1976 1974
f 1866 1973 1867
f 1890 2002 2003
f 1890 2003 2004
f 1890 2004 2005
f 1890 2005 1891
f 1891 2005 1892
f 1892 2005 2006
f 1892 2006 1893
f 1894 2007 2008
f 1886 1998 1887
f 1887 1998 1999
f 1887 1999 2000
f 1887 2000 1888
f 1888 2000 1889
f 1889 2000 1890
f 1890 2000 2001
f 1890 2001 2002
f 1883 1993 1994
f 1883 1994 1995
f 1883 1995 1884
f 1884 1995 1996
f 1884 1996 1997
f 1884 1997 1885
f 1885 1997 1886
f 1886 1997 1998
f 1879 1989 1880
f 1880 1989 1990
f 1880 1990 1881
f 1881 1990 1991
f 1881 1991 1992
f 1881 1992 1882
f 1882 1992 1883
f 1883 1992 1993
f 1905 1913 2019
f 1905 2019 2020
f 1905 2020 1907
f 1907 2020 2021
f 1907 2021 1908
f 1908 2021 2022
f 1908 2022 1909
f 1909 2022 1987
f 1902 2016 1914
f 1903 2013 2017
f 1903 2017 1904
f 1904 2017 2018
f 1904 2018 2015
f 1904 2015 2014
f 1905 1907 1906
f 1905 1911 1913
f 1898 2012 1899
f 1899 2012 2013
f 1899 2013 1903
f 1900 1904 2014
f 1900 2014 2015
f 1900 2015 2016
f 1900 2016 1901
f 1901 2016 1902
f 1894 2008 1895
f 1895 2008 2009
f 1895 2009 2010
f 1895 2010 1897
f 1895 1897 1896
f 1897 2010 2011
f 1897 2011 2012
f 1897 2012 1898
f 1923 2035 2036
f 1923 2036 1924
f 1924 2036 1945
f 1926 1964 2037
f 1926 2037 2038
f 1926 2038 1928
f 1927 1928 2039
f 1927 2039 2040
f 1920 2031 2160
f 1920 2160 2032
f 1920 2032 1921
f 1921 2032 2033
f 1921 2033 2034
f 1921 2034 1922
f 1922 2034 2035
f 1922 2035 1923
f 1914 2026 1915
f 1915 2026 2027
f 1915 2027 1916
f 1916 2028 1917
f 1916 2027 2029
f 1916 2029 2028
f 1917 2028 2023
f 1920 2030 2031
f 1910 1917 2023
f 1910 2023 1912
f 1912 2023 2024
f 1912 2024 1913
f 1913 2024 2025
f 1913 2025 2019
f 1914 2016 2015
f 1914 2015 2026
f 1939 2053 1940
f 1940 2053 2054
f 1940 2054 1941
f 1941 2054 2055
f 1941 2055 2056
f 1941 2056 1942
f 1942 2056 2057
f 1942 2057 2058
f 1934 2049 1935
f 1935 2050 2051
f 1935 2051 2046
f 1935 2049 2050
f 1937 2045 1938
f 1938 2045 2052
f 1938 2052 2053
f 1938 2053 1939
f 1932 2045 1937
f 1932 1936 1935
f 1932 1935 2046
f 1932 2046 2045
f 1933 2044 2047
f 1933 2047 2048
f 1933 2048 2049
f 1933 2049 1934
f 1927 2040 1929
f 1928 2038 2041
f 1928 2041 2039
f 1929 2040 2042
f 1930 2042 1931
f 1931 2042 2043
f 1931 2043 2044
f 1931 2044 1933
f 1954 2070 2071
f 1954 2071 1956
f 1955 2069 2072
f 1955 2072 2070
f 1956 2071 2073
f 1956 2073 1957
f 1957 2073 1958
f 1958 2073 1959
f 1950 2066 2067
f 1950 2067 1951
f 1951 2067 1952
f 1952 2067 2068
f 1952 2068 1953
f 1953 2068 2069
f 1953 2069 1955
f 1954 1955 2070
f 1946 2062 2063
f 1946 2063 1947
f 1947 2063 1948
f 1948 2063 2064
f 1948 2064 1949
f 1949 2064 2065
f 1949 2065 2066
f 1949 2066 1950
f 1942 2058 1943
f 1943 2058 2059
f 1943 2059 2060
f 1943 2060 1944
f 1944 2060 1965
f 1945 2036 2061
f 1945 2061 2062
f 1945 2062 1946
f 1970 2085 2086
f 1970 2086 1971
f 1971 2086 2087
f 1971 2087 1972
f 1972 2087 1973
f 1973 2087 1977
f 1974 1976 1986
f 1975 1985 2088
f 1965 2082 1966
f 1966 2082 1967
f 1967 2082 2083
f 1967 2083 2084
f 1967 2084 1968
f 1968 2084 1970
f 1969 1970 1971
f 1970 2084 2085
f 1962 2078 1963
f 1963 2078 2079
f 1963 2079 1964
f 1964 2079 2080
f 1964 2080 2170
f 1964 2170 2037
f 1965 2060 2081
f 1965 2081 2082
f 1959 2073 2074
f 1959 2074 2075
f 1959 2075 2076
f 1959 2076 1960
f 1960 2076 2077
f 1960 2077 1961
f 1961 2077 2078
f 1961 2078 1962
f 1984 2088 1985
f 1984 2103 2104
f 1984 2104 2089
f 1987 2022 2105
f 1987 2105 1988
f 1988 2105 1989
f 1989 2105 2106
f 1989 2106 2107
f 1981 2099 2100
f 1981 2100 2093
f 1982 2101 1983
f 1982 2093 2101
f 1983 2101 2102
f 1983 2102 2103
f 1983 2103 1984
f 1984 2089 2088
f 1979 2092 2094
f 1979 2094 2095
f 1979 2095 1980
f 1980 2095 2096
f 1980 2096 1981
f 1981 2096 2097
f 1981 2097 2098
f 1981 2098 2099
f 1975 2088 2089
f 1975 2089 2090
f 1975 2090 1976
f 1976 2090 2091
f 1977 2087 2092
f 1977 2092 1979
f 1978 1981 2093
f 1978 2093 1982
f 1999 2121 2000
f 2000 2121 2122
f 2000 2122 2123
f 2000 2123 2001
f 2001 2123 2002
f 2002 2122 2124
f 2002 2124 2004
f 2002 2004 2003
f 1996 2116 2117
f 1996 2117 2118
f 1996 2118 1998
f 1996 1998 1997
f 1998 2118 1999
f 1999 2118 2119
f 1999 2119 2120
f 1999 2120 2121
f 1993 1996 1994
f 1993 2111 2112
f 1993 2112 2113
f 1993 2113 2114
f 1993 2114 1996
f 1994 1996 1995
f 1996 2114 2115
f 1996 2115 2116
f 1989 2107 2108
f 1989 2108 1990
f 1990 2108 2109
f 1990 2109 2110
f 1990 2110 1991
f 1991 2110 2111
f 1991 2111 1993
f 1991 1993 1992
f 2015 2018 2139
f 2015 2139 2140
f 2015 2140 2026
f 2017 2138 2141
f 2017 2141 2142
f 2017 2142 2018
f 2018 2142 2143
f 2018 2143 2139
f 2009 2136 2137
f 2009 2137 2011
f 2009 2011 2010
f 2009 2133 2134
f 2011 2138 2013
f 2011 2013 2012
f 2011 2137 2138
f 2013 2138 2017
f 2005 2131 2006
f 2005 2127 2131
f 2007 2132 2008
f 2008 2132 2273
f 2008 2273 2133
f 2008 2133 2009
f 2009 2134 2135
f 2009 2135 2136
f 2002 2123 2122
f 2004 2125 2126
f 2004 2126 2127
f 2004 2127 2005
f 2004 2124 2128
f 2004 2128 2129
f 2004 2129 2130
f 2004 2130 2125
f 2028 2158 2151
f 2029 2156 2159
f 2029 2159 2157
f 2032 2160 2161
f 2032 2161 2162
f 2032 2162 2163
f 2032 2163 2164
f 2032 2164 2033
f 2025 2153 2154
f 2025 2154 2144
f 2026 2140 2155
f 2026 2155 2027
f 2027 2155 2156
f 2027 2156 2029
f 2028 2029 2157
f 2028 2157 2158
f 2021 2149 2150
f 2021 2150 2022
f 2022 2150 2105
f 2023 2028 2151
f 2023 2151 2152
f 2023 2152 2024
f 2024 2152 2025
f 2025 2152 2153
f 2019 2025 2144
f 2019 2144 2020
f 2020 2144 2145
f 2020 2145 2146
f 2020 2146 2021
f 2021 2146 2147
f 2021 2147 2148
f 2021 2148 2149
f 2045 2046 2051
f 2045 2051 2052
f 2047 2176 2177
f 2047 2177 2178
f 2047 2178 2048
f 2048 2178 2179
f 2048 2179 2049
f 2049 2179 2180
f 2040 2043 2042
f 2040 2173 2043
f 2041 2172 2174
f 2041 2174 2173
f 2043 2173 2175
f 2043 2175 2044
f 2044 2175 2176
f 2044 2176 2047
f 2036 2169 2190
f 2036 2190 2061
f 2037 2170 2171
f 2037 2171 2038
f 2038 2171 2172
f 2038 2172 2041
f 2039 2041 2173
f 2039 2173 2040
f 2033 2164 2165
f 2033 2165 2034
f 2034 2165 2166
f 2034 2166 2167
f 2034 2167 2168
f 2034 2168 2035
f 2035 2168 2036
f 2036 2168 2169
f 2062 2191 2192
f 2062 2192 2063
f 2063 2192 2193
f 2063 2193 2064
f 2064 2193 2065
f 2065 2193 2194
f 2065 2194 2066
f 2066 2194 2195
f 2057 2187 2058
f 2058 2187 2188
f 2058 2188 2059
f 2059 2081 2060
f 2059 2188 2189
f 2059 2189 2081
f 2061 2190 2191
f 2061 2191 2062
f 2055 2182 2181
f 2055 2181 2183
f 2055 2183 2184
f 2055 2184 2185
f 2055 2185 2057
f 2055 2057 2056
f 2057 2185 2186
f 2057 2186 2187
f 2049 2180 2050
f 2050 2180 2181
f 2050 2181 2051
f 2051 2181 2182
f 2051 2182 2052
f 2052 2182 2053
f 2053 2182 2055
f 2053 2055 2054
f 2079 2206 2207
f 2079 2207 2080
f 2080 2207 2208
f 2080 2208 2209
f 2080 2209 2210
f 2080 2210 2170
f 2081 2189 2211
f 2081 2211 2082
f 2074 2203 2075
f 2075 2203 2204
f 2075 2204 2076
f 2076 2204 2205
f 2076 2205 2077
f 2077 2205 2206
f 2077 2206 2078
f 2078 2206 2079
f 2070 2072 2071
f 2071 2072 2200
f 2071 2200 2201
f 2071 2201 2202
f 2071 2202 2073
f 2072 2199 2200
f 2073 2202 2074
f 2074 2202 2203
f 2066 2195 2067
f 2067 2195 2196
f 2067 2196 2068
f 2068 2196 2197
f 2068 2197 2069
f 2069 2197 2198
f 2069 2198 2199
f 2069 2199 2072
f 2095 2223 2224
f 2095 2224 2096
f 2096 2224 2225
f 2096 2225 2097
f 2097 2225 2226
f 2097 2226 2098
f 2098 2226 2227
f 2098 2227 2099
f 2093 2218 2101
f 2093 2100 2218
f 2094 2214 2219
f 2094 2219 2220
f 2094 2220 2221
f 2094 2221 2095
f 2095 2221 2222
f 2095 2222 2223
f 2085 2215 2086
f 2086 2215 2092
f 2086 2092 2087
f 2089 2104 2091
f 2089 2091 2090
f 2091 2104 2216
f 2091 2216 2217
f 2092 2215 2094
f 2082 2211 2083
f 2083 2211 2212
f 2083 2212 2213
f 2083 2213 2084
f 2084 2213 2085
f 2085 2213 2214
f 2085 2214 2094
f 2085 2094 2215
f 2107 2239 2240
f 2107 2240 2108
f 2108 2240 2241
f 2108 2241 2109
f 2109 2240 2242
f 2109 2242 2243
f 2109 2243 2244
f 2109 2244 2245
f 2104 2236 2359
f 2104 2359 2216
f 2105 2150 2149
f 2105 2149 2237
f 2105 2237 2238
f 2105 2238 2106
f 2106 2238 2107
f 2107 2238 2239
f 2101 2233 2232
f 2101 2232 2234
f 2101 2234 2102
f 2102 2234 2235
f 2102 2235 2103
f 2103 2235 2104
f 2104 2235 2373
f 2104 2373 2236
f 2099 2227 2228
f 2099 2228 2229
f 2099 2229 2230
f 2099 2230 2100
f 2100 2230 2231
f 2100 2231 2232
f 2100 2232 2218
f 2101 2218 2233
f 2118 2254 2119
f 2119 2254 2120
f 2120 2257 2121
f 2120 2254 2258
f 2120 2258 2259
f 2120 2259 2260
f 2120 2260 2261
f 2120 2261 2257
f 2114 2249 2115
f 2115 2249 2116
f 2116 2254 2117
f 2116 2249 2253
f 2116 2253 2255
f 2116 2255 2256
f 2116 2256 2254
f 2117 2254 2118
f 2112 2249 2113
f 2112 2248 2247
f 2112 2246 2250
f 2112 2250 2251
f 2112 2251 2252
f 2112 2252 2253
f 2112 2253 2249
f 2113 2249 2114
f 2109 2245 2246
f 2109 2246 2112
f 2109 2112 2247
f 2109 2247 2110
f 2109 2241 2240
f 2110 2247 2248
f 2110 2248 2111
f 2111 2248 2112
f 2135 2276 2277
f 2135 2277 2136
f 2136 2277 2416
f 2136 2416 2278
f 2136 2278 2137
f 2137 2278 2279
f 2137 2279 2138
f 2138 2279 2141
f 2129 2271 2130
f 2130 2271 2265
f 2131 2268 2272
f 2133 2273 2274
f 2133 2274 2134
f 2134 2274 2275
f 2134 2275 2135
f 2135 2275 2276
f 2125 2266 2264
f 2126 2267 2127
f 2127 2267 2268
f 2127 2268 2131
f 2128 2263 2129
f 2129 2263 2269
f 2129 2269 2270
f 2129 2270 2271
f 2121 2257 2122
f 2122 2257 2262
f 2122 2262 2124
f 2124 2262 2263
f 2124 2263 2128
f 2125 2264 2126
f 2125 2130 2265
f 2125 2265 2266
f 2151 2158 2153
f 2151 2153 2152
f 2153 2158 2293
f 2153 2293 2154
f 2154 2293 2288
f 2155 2281 2294
f 2155 2294 2295
f 2155 2295 2156
f 2144 2289 2287
f 2145 2147 2146
f 2147 2287 2290
f 2147 2290 2148
f 2148 2290 2149
f 2149 2290 2291
f 2149 2291 2292
f 2149 2292 2237
f 2143 2283 2284
f 2143 2284 2285
f 2143 2285 2286
f 2143 2286 2280
f 2144 2287 2147
f 2144 2147 2145
f 2144 2154 2288
f 2144 2288 2289
f 2139 2143 2140
f 2140 2143 2280
f 2140 2280 2281
f 2140 2281 2155
f 2141 2279 2282
f 2141 2282 2142
f 2142 2282 2143
f 2143 2282 2283
f 2169 2308 2309
f 2169 2309 2190
f 2170 2210 2171
f 2171 2210 2310
f 2171 2310 2172
f 2172 2310 2174
f 2173 2174 2175
f 2174 2310 2311
f 2166 2303 2304
f 2166 2304 2305
f 2166 2305 2306
f 2166 2306 2167
f 2167 2306 2168
f 2168 2306 2307
f 2168 2307 2169
f 2169 2307 2308
f 2161 2300 2301
f 2161 2301 2162
f 2162 2301 2302
f 2162 2302 2163
f 2163 2165 2164
f 2163 2302 2165
f 2165 2302 2166
f 2166 2302 2303
f 2156 2295 2159
f 2157 2159 2296
f 2157 2296 2158
f 2158 2296 2297
f 2158 2297 2298
f 2158 2298 2293
f 2159 2295 2299
f 2159 2299 2296
f 2186 2322 2188
f 2186 2188 2187
f 2188 2322 2325
f 2188 2325 2326
f 2188 2326 2189
f 2189 2327 2211
f 2189 2326 2328
f 2189 2328 2327
f 2183 2319 2320
f 2183 2320 2321
f 2183 2321 2184
f 2184 2322 2185
f 2184 2321 2323
f 2184 2323 2324
f 2184 2324 2322
f 2185 2322 2186
f 2178 2315 2179
f 2179 2315 2316
f 2179 2316 2317
f 2179 2317 2318
f 2179 2318 2180
f 2180 2318 2319
f 2180 2319 2181
f 2181 2319 2183
f 2174 2311 2312
f 2174 2312 2175
f 2175 2312 2176
f 2176 2312 2313
f 2176 2313 2314
f 2176 2314 2177
f 2177 2314 2315
f 2177 2315 2178
f 2202 2340 2341
f 2202 2341 2203
f 2203 2341 2204
f 2204 2340 2342
f 2204 2342 2343
f 2204 2343 2344
f 2204 2344 2345
f 2204 2345 2205
f 2198 2336 2199
f 2199 2337 2201
f 2199 2201 2200
f 2199 2336 2338
f 2199 2338 2339
f 2199 2339 2337
f 2201 2337 2202
f 2202 2337 2340
f 2194 2332 2333
f 2194 2333 2195
f 2195 2333 2334
f 2195 2334 2196
f 2196 2334 2335
f 2196 2335 2197
f 2197 2335 2198
f 2198 2335 2336
f 2190 2309 2329
f 2190 2329 2191
f 2191 2329 2330
f 2191 2330 2192
f 2192 2330 2331
f 2192 2331 2193
f 2193 2331 2332
f 2193 2332 2194
f 2214 2220 2219
f 2216 2359 2360
f 2216 2360 2217
f 2218 2232 2233
f 2220 2358 2361
f 2220 2361 2221
f 2221 2361 2222
f 2222 2361 2223
f 2209 2355 2353
f 2211 2327 2212
f 2212 2327 2356
f 2212 2356 2213
f 2213 2356 2357
f 2213 2357 2214
f 2214 2357 2358
f 2214 2358 2220
f 2207 2350 2351
f 2207 2351 2352
f 2207 2352 2209
f 2207 2209 2208
f 2209 2353 2310
f 2209 2310 2210
f 2209 2352 2354
f 2209 2354 2355
f 2204 2341 2340
f 2205 2346 2206
f 2205 2345 2346
f 2206 2346 2347
f 2206 2347 2348
f 2206 2348 2349
f 2206 2349 2207
f 2207 2349 2350
f 2234 2373 2235
f 2236 2373 2359
f 2237 2292 2238
f 2238 2292 2374
f 2238 2374 2239
f 2239 2242 2240
f 2239 2374 2375
f 2239 2375 2376
f 2229 2370 2371
f 2229 2371 2231
f 2229 2231 2230
f 2231 2372 2234
f 2231 2234 2232
f 2231 2371 2512
f 2231 2512 2372
f 2234 2372 2373
f 2226 2505 2366
f 2226 2366 2227
f 2227 2366 2367
f 2227 2367 2368
f 2227 2368 2228
f 2228 2368 2229
f 2229 2368 2369
f 2229 2369 2370
f 2223 2362 2363
f 2223 2363 2364
f 2223 2364 2365
f 2223 2365 2225
f 2223 2225 2224
f 2223 2361 2362
f 2225 2365 2226
f 2226 2365 2505
f 2255 2388 2256
f 2255 2387 2388
f 2256 2388 2389
f 2256 2389 2258
f 2257 2261 2390
f 2257 2390 2262
f 2258 2389 2259
f 2259 2389 2391
f 2251 2385 2252
f 2251 2384 2386
f 2251 2386 2387
f 2251 2387 2385
f 2252 2385 2387
f 2252 2387 2253
f 2253 2387 2255
f 2254 2256 2258
f 2244 2380 2382
f 2244 2382 2383
f 2244 2383 2384
f 2244 2384 2381
f 2245 2381 2246
f 2246 2381 2250
f 2250 2381 2384
f 2250 2384 2251
f 2239 2376 2377
f 2239 2377 2378
f 2239 2378 2242
f 2242 2378 2379
f 2242 2379 2243
f 2243 2379 2380
f 2243 2380 2244
f 2244 2381 2245
f 2270 2406 2271
f 2271 2407 2408
f 2271 2408 2401
f 2271 2406 2409
f 2271 2409 2407
f 2275 2410 2411
f 2275 2411 2276
f 2276 2411 2412
f 2265 2271 2401
f 2267 2272 2268
f 2269 2400 2402
f 2269 2402 2403
f 2269 2403 2404
f 2269 2404 2270
f 2270 2404 2405
f 2270 2405 2406
f 2262 2390 2397
f 2262 2397 2263
f 2263 2398 2399
f 2263 2399 2400
f 2263 2400 2269
f 2263 2397 2396
f 2263 2396 2398
f 2265 2401 2266
f 2259 2391 2260
f 2260 2391 2392
f 2260 2392 2393
f 2260 2393 2394
f 2260 2394 2395
f 2260 2395 2261
f 2261 2395 2396
f 2261 2396 2390
f 2287 2425 2290
f 2288 2298 2426
f 2288 2426 2427
f 2288 2427 2428
f 2288 2428 2429
f 2288 2429 2424
f 2288 2424 2289
f 2288 2293 2298
f 2283 2285 2284
f 2285 2421 2286
f 2285 2420 2422
f 2285 2422 2423
f 2285 2423 2421
f 2286 2421 2419
f 2287 2289 2424
f 2287 2424 2425
f 2279 2418 2282
f 2280 2286 2419
f 2280 2419 2281
f 2281 2419 2295
f 2281 2295 2294
f 2282 2418 2283
f 2283 2418 2420
f 2283 2420 2285
f 2276 2412 2413
f 2276 2413 2414
f 2276 2414 2277
f 2277 2414 2415
f 2277 2415 2416
f 2278 2416 2417
f 2278 2417 2418
f 2278 2418 2279
f 2300 2444 2302
f 2300 2302 2301
f 2302 2444 2445
f 2302 2445 2303
f 2303 2445 2446
f 2303 2446 2447
f 2303 2447 2448
f 2303 2448 2304
f 2296 2439 2297
f 2297 2426 2298
f 2297 2439 2440
f 2297 2440 2441
f 2297 2441 2426
f 2299 2438 2442
f 2299 2442 2439
f 2300 2443 2444
f 2295 2421 2433
f 2295 2433 2434
f 2295 2434 2435
f 2295 2435 2436
f 2295 2436 2437
f 2295 2437 2438
f 2295 2438 2299
f 2296 2299 2439
f 2290 2425 2430
f 2290 2430 2431
f 2290 2431 2291
f 2291 2431 2292
f 2292 2431 2432
f 2292 2432 2375
f 2292 2375 2374
f 2295 2419 2421
f 2316 2460 2461
f 2316 2461 2317
f 2317 2461 2462
f 2317 2462 2463
f 2317 2463 2464
f 2317 2464 2318
f 2318 2464 2319
f 2319 2464 2320
f 2311 2457 2313
f 2311 2313 2312
f 2313 2457 2314
f 2314 2457 2458
f 2314 2458 2315
f 2315 2458 2459
f 2315 2459 2460
f 2315 2460 2316
f 2307 2453 2308
f 2308 2453 2454
f 2308 2454 2309
f 2309 2454 2329
f 2310 2353 2311
f 2311 2353 2455
f 2311 2455 2456
f 2311 2456 2457
f 2304 2449 2305
f 2304 2448 2450
f 2304 2450 2451
f 2304 2451 2452
f 2304 2452 2449
f 2305 2307 2306
f 2305 2449 2453
f 2305 2453 2307
f 2331 2476 2477
f 2332 2477 2478
f 2332 2478 2333
f 2333 2478 2479
f 2333 2479 2334
f 2334 2479 2480
f 2334 2480 2335
f 2335 2480 2481
f 2328 2472 2473
f 2328 2473 2356
f 2329 2454 2474
f 2329 2474 2475
f 2329 2475 2330
f 2330 2475 2476
f 2330 2476 2331
f 2331 2477 2332
f 2324 2467 2469
f 2324 2469 2470
f 2324 2470 2468
f 2325 2468 2471
f 2325 2471 2326
f 2326 2471 2472
f 2326 2472 2328
f 2327 2328 2356
f 2320 2464 2465
f 2320 2465 2466
f 2320 2466 2321
f 2321 2466 2467
f 2321 2467 2323
f 2322 2324 2325
f 2323 2467 2324
f 2324 2468 2325
f 2348 2493 2350
f 2348 2350 2349
f 2350 2493 2354
f 2350 2354 2352
f 2350 2352 2351
f 2353 2355 2494
f 2353 2494 2455
f 2354 2493 2355
f 2344 2489 2488
f 2345 2488 2490
f 2345 2490 2346
f 2346 2490 2347
f 2347 2490 2491
f 2347 2491 2348
f 2348 2491 2492
f 2348 2492 2493
f 2342 2483 2484
f 2342 2484 2485
f 2342 2485 2343
f 2343 2485 2486
f 2343 2486 2487
f 2343 2487 2344
f 2344 2488 2345
f 2344 2487 2489
f 2335 2481 2336
f 2336 2481 2338
f 2337 2339 2340
f 2338 2481 2482
f 2338 2482 2483
f 2338 2483 2339
f 2339 2483 2340
f 2340 2483 2342
f 2367 2507 2369
f 2367 2369 2368
f 2369 2507 2508
f 2369 2508 2509
f 2369 2509 2370
f 2370 2509 2510
f 2370 2510 2511
f 2370 2511 2371
f 2363 2502 2503
f 2363 2503 2504
f 2363 2504 2364
f 2364 2504 2505
f 2364 2505 2365
f 2366 2505 2506
f 2366 2506 2507
f 2366 2507 2367
f 2358 2498 2362
f 2358 2362 2361
f 2359 2373 2499
f 2359 2499 2500
f 2359 2500 2360
f 2362 2498 2501
f 2362 2501 2363
f 2363 2501 2502
f 2355 2493 2495
f 2355 2495 2496
f 2355 2496 2635
f 2355 2635 2494
f 2356 2473 2357
f 2357 2473 2497
f 2357 2497 2498
f 2357 2498 2358
f 2383 2524 2384
f 2384 2524 2525
f 2384 2525 2526
f 2384 2526 2386
f 2386 2526 2527
f 2386 2527 2387
f 2387 2527 2528
f 2387 2528 2529
f 2377 2379 2378
f 2380 2520 2519
f 2380 2519 2521
f 2380 2521 2522
f 2380 2522 2382
f 2382 2522 2523
f 2382 2523 2383
f 2383 2523 2524
f 2375 2517 2377
f 2375 2377 2376
f 2375 2432 2431
f 2377 2517 2518
f 2377 2518 2519
f 2377 2519 2520
f 2377 2520 2380
f 2377 2380 2379
f 2371 2511 2512
f 2372 2512 2513
f 2372 2513 2373
f 2373 2513 2499
f 2375 2431 2514
f 2375 2514 2515
f 2375 2515 2516
f 2375 2516 2517
f 2400 2540 2541
f 2400 2541 2542
f 2400 2542 2402
f 2402 2542 2543
f 2402 2543 2403
f 2403 2405 2404
f 2403 2543 2544
f 2403 2544 2545
f 2394 2539 2395
f 2394 2535 2539
f 2395 2539 2396
f 2396 2539 2398
f 2398 2539 2535
f 2398 2535 2399
f 2399 2535 2540
f 2399 2540 2400
f 2391 2533 2534
f 2391 2534 2392
f 2392 2534 2393
f 2393 2535 2394
f 2393 2534 2536
f 2393 2536 2537
f 2393 2537 2538
f 2393 2538 2535
f 2387 2529 2530
f 2387 2530 2531
f 2387 2531 2532
f 2387 2532 2388
f 2388 2532 2391
f 2388 2391 2389
f 2390 2396 2397
f 2391 2532 2533
f 2423 2554 2557
f 2423 2557 2558
f 2423 2558 2559
f 2423 2559 2555
f 2424 2429 2560
f 2424 2560 2425
f 2425 2560 2430
f 2426 2441 2427
f 2417 2553 2554
f 2417 2554 2422
f 2417 2422 2418
f 2418 2422 2420
f 2421 2423 2555
f 2421 2555 2556
f 2421 2556 2433
f 2422 2554 2423
f 2413 2549 2550
f 2413 2550 2414
f 2414 2550 2551
f 2414 2551 2415
f 2415 2551 2552
f 2415 2552 2553
f 2415 2553 2416
f 2416 2553 2417
f 2403 2545 2405
f 2405 2545 2546
f 2405 2547 2406
f 2406 2547 2409
f 2410 2548 2412
f 2410 2412 2411
f 2412 2548 2549
f 2412 2549 2413
f 2437 2574 2575
f 2437 2575 2438
f 2438 2575 2442
f 2439 2442 2575
f 2439 2575 2576
f 2439 2576 2440
f 2440 2561 2441
f 2440 2576 2577
f 2433 2556 2434
f 2434 2556 2571
f 2434 2571 2572
f 2434 2572 2435
f 2435 2572 2573
f 2435 2573 2574
f 2435 2574 2437
f 2435 2437 2436
f 2429 2566 2567
f 2429 2567 2560
f 2430 2560 2431
f 2431 2560 2568
f 2431 2568 2569
f 2431 2569 2570
f 2431 2570 2515
f 2431 2515 2514
f 2427 2441 2561
f 2427 2561 2562
f 2427 2562 2563
f 2427 2563 2564
f 2427 2564 2428
f 2428 2564 2565
f 2428 2565 2429
f 2429 2565 2566
f 2455 2591 2592
f 2455 2592 2593
f 2455 2593 2456
f 2456 2593 2457
f 2457 2593 2458
f 2458 2593 2594
f 2458 2594 2595
f 2458 2595 2459
f 2451 2586 2588
f 2451 2588 2587
f 2452 2587 2453
f 2453 2587 2589
f 2453 2589 2454
f 2454 2589 2590
f 2454 2590 2474
f 2455 2494 2591
f 2448 2582 2583
f 2448 2583 2584
f 2448 2584 2450
f 2449 2452 2453
f 2450 2584 2585
f 2450 2585 2586
f 2450 2586 2451
f 2451 2587 2452
f 2440 2577 2561
f 2443 2578 2444
f 2444 2578 2579
f 2444 2579 2445
f 2445 2579 2446
f 2447 2580 2581
f 2447 2581 2448
f 2448 2581 2582
f 2471 2607 2472
f 2472 2607 2608
f 2472 2608 2473
f 2473 2608 2609
f 2473 2609 2610
f 2473 2610 2497
f 2474 2590 2475
f 2475 2590 2611
f 2466 2604 2467
f 2467 2604 2469
f 2468 2470 2471
f 2469 2605 2470
f 2469 2604 2605
f 2470 2605 2606
f 2470 2606 2607
f 2470 2607 2471
f 2462 2600 2463
f 2463 2600 2601
f 2463 2601 2465
f 2463 2465 2464
f 2465 2601 2602
f 2465 2602 2603
f 2465 2603 2466
f 2466 2603 2604
f 2459 2595 2460
f 2460 2595 2596
f 2460 2596 2461
f 2461 2596 2597
f 2461 2597 2462
f 2462 2597 2598
f 2462 2598 2599
f 2462 2599 2600
f 2485 2625 2486
f 2486 2626 2489
f 2486 2489 2487
f 2486 2625 2627
f 2486 2627 2628
f 2486 2628 2629
f 2486 2629 2630
f 2486 2630 2626
f 2483 2619 2620
f 2483 2620 2484
f 2484 2620 2621
f 2484 2621 2622
f 2484 2622 2623
f 2484 2623 2624
f 2484 2624 2625
f 2484 2625 2485
f 2479 2615 2616
f 2479 2616 2480
f 2480 2616 2617
f 2480 2617 2481
f 2481 2617 2482
f 2482 2617 2618
f 2482 2618 2619
f 2482 2619 2483
f 2475 2611 2612
f 2475 2612 2613
f 2475 2613 2476
f 2476 2613 2614
f 2476 2614 2477
f 2477 2614 2478
f 2478 2614 2615
f 2478 2615 2479
f 2502 2641 2642
f 2502 2642 2503
f 2503 2642 2643
f 2503 2643 2644
f 2503 2644 2645
f 2503 2645 2504
f 2504 2645 2505
f 2505 2645 2506
f 2497 2501 2498
f 2499 2513 2637
f 2499 2637 2638
f 2499 2638 2639
f 2499 2639 2500
f 2501 2610 2640
f 2501 2640 2641
f 2501 2641 2502
f 2493 2632 2633
f 2493 2633 2634
f 2493 2634 2495
f 2494 2635 2591
f 2495 2634 2636
f 2495 2636 2496
f 2496 2636 2635
f 2497 2610 2501
f 2488 2631 2490
f 2488 2489 2631
f 2489 2632 2631
f 2489 2626 2632
f 2490 2631 2491
f 2491 2631 2492
f 2492 2631 2632
f 2492 2632 2493
f 2517 2658 2659
f 2517 2659 2660
f 2517 2660 2518
f 2518 2660 2519
f 2519 2660 2659
f 2519 2659 2661
f 2519 2661 2662
f 2519 2662 2521
f 2515 2569 2654
f 2515 2654 2655
f 2515 2655 2656
f 2515 2656 2657
f 2515 2657 2516
f 2515 2570 2569
f 2516 2657 2517
f 2517 2657 2658
f 2510 2649 2650
f 2510 2650 2651
f 2510 2651 2511
f 2511 2651 2652
f 2511 2652 2512
f 2512 2652 2653
f 2512 2653 2513
f 2513 2653 2637
f 2506 2645 2646
f 2506 2646 2647
f 2506 2647 2508
f 2506 2508 2507
f 2508 2647 2509
f 2509 2647 2648
f 2509 2648 2510
f 2510 2648 2649
f 2533 2674 2534
f 2534 2674 2675
f 2534 2675 2676
f 2534 2676 2536
f 2535 2538 2677
f 2535 2677 2540
f 2536 2676 2537
f 2537 2676 2678
f 2528 2668 2529
f 2529 2668 2672
f 2529 2672 2673
f 2529 2673 2530
f 2530 2674 2533
f 2530 2533 2532
f 2530 2532 2531
f 2530 2673 2674
f 2523 2525 2524
f 2525 2668 2527
f 2525 2527 2526
f 2525 2667 2669
f 2525 2669 2670
f 2525 2670 2671
f 2525 2671 2668
f 2527 2668 2528
f 2521 2662 2522
f 2522 2662 2663
f 2522 2663 2664
f 2522 2664 2665
f 2522 2665 2666
f 2522 2666 2523
f 2523 2666 2667
f 2523 2667 2525
f 2552 2691 2692
f 2552 2692 2553
f 2553 2692 2554
f 2554 2692 2557
f 2555 2559 2693
f 2555 2693 2694
f 2555 2694 2695
f 2555 2695 2556
f 2545 2686 2546
f 2549 2687 2550
f 2550 2687 2688
f 2550 2688 2551
f 2551 2688 2689
f 2551 2689 2552
f 2552 2689 2690
f 2552 2690 2691
f 2543 2680 2681
f 2543 2681 2682
f 2543 2682 2544
f 2544 2682 2683
f 2544 2683 2684
f 2544 2684 2545
f 2545 2684 2685
f 2545 2685 2686
f 2537 2678 2679
f 2537 2679 2538
f 2538 2679 2677
f 2540 2677 2541
f 2541 2679 2680
f 2541 2680 2543
f 2541 2543 2542
f 2541 2677 2679
f 2566 2705 2706
f 2566 2706 2707
f 2566 2707 2708
f 2566 2708 2709
f 2566 2709 2569
f 2566 2569 2698
f 2569 2709 2708
f 2569 2708 2710
f 2562 2702 2703
f 2562 2703 2699
f 2563 2699 2704
f 2563 2704 2564
f 2564 2705 2566
f 2564 2566 2565
f 2564 2704 2706
f 2564 2706 2705
f 2560 2566 2698
f 2560 2698 2569
f 2560 2569 2568
f 2561 2577 2562
f 2562 2699 2563
f 2562 2577 2700
f 2562 2700 2701
f 2562 2701 2702
f 2556 2695 2571
f 2557 2691 2696
f 2557 2696 2697
f 2557 2697 2558
f 2557 2692 2691
f 2558 2693 2559
f 2558 2697 2693
f 2560 2567 2566
f 2585 2722 2586
f 2586 2723 2588
f 2586 2722 2724
f 2586 2724 2725
f 2586 2725 2726
f 2586 2726 2723
f 2587 2727 2589
f 2587 2588 2728
f 2581 2718 2582
f 2582 2718 2719
f 2582 2719 2720
f 2582 2720 2583
f 2583 2720 2721
f 2583 2721 2722
f 2583 2722 2584
f 2584 2722 2585
f 2573 2715 2713
f 2574 2713 2575
f 2575 2716 2576
f 2575 2713 2717
f 2575 2717 2716
f 2576 2716 2577
f 2577 2716 2700
f 2580 2718 2581
f 2569 2710 2654
f 2571 2695 2711
f 2571 2711 2712
f 2571 2712 2572
f 2572 2712 2573
f 2573 2713 2574
f 2573 2712 2714
f 2573 2714 2715
f 2597 2741 2598
f 2598 2741 2599
f 2599 2742 2600
f 2599 2741 2743
f 2599 2743 2742
f 2600 2742 2602
f 2600 2602 2601
f 2602 2604 2603
f 2593 2737 2594
f 2594 2737 2738
f 2594 2738 2595
f 2595 2738 2596
f 2596 2738 2739
f 2596 2739 2597
f 2597 2739 2740
f 2597 2740 2741
f 2590 2727 2733
f 2590 2733 2611
f 2591 2635 2734
f 2591 2734 2592
f 2592 2734 2593
f 2593 2734 2735
f 2593 2735 2736
f 2593 2736 2737
f 2587 2728 2729
f 2587 2729 2730
f 2587 2730 2731
f 2587 2731 2732
f 2587 2732 2727
f 2588 2723 2729
f 2588 2729 2728
f 2589 2727 2590
f 2615 2755 2756
f 2615 2756 2616
f 2616 2756 2757
f 2616 2757 2617
f 2617 2757 2758
f 2617 2758 2618
f 2618 2758 2619
f 2619 2758 2759
f 2612 2733 2751
f 2612 2751 2752
f 2612 2752 2753
f 2612 2753 2613
f 2613 2753 2754
f 2613 2754 2614
f 2614 2754 2755
f 2614 2755 2615
f 2606 2748 2607
f 2607 2748 2608
f 2608 2748 2749
f 2608 2749 2609
f 2609 2749 2750
f 2609 2750 2610
f 2610 2750 2640
f 2611 2733 2612
f 2602 2742 2744
f 2602 2744 2604
f 2604 2744 2605
f 2605 2744 2745
f 2605 2745 2606
f 2606 2745 2746
f 2606 2746 2747
f 2606 2747 2748
f 2630 2633 2632
f 2633 2771 2634
f 2634 2771 2772
f 2634 2772 2773
f 2634 2773 2734
f 2634 2734 2635
f 2634 2635 2636
f 2637 2653 2638
f 2628 2766 2767
f 2628 2767 2768
f 2628 2768 2769
f 2628 2769 2629
f 2629 2769 2630
f 2630 2769 2770
f 2630 2770 2771
f 2630 2771 2633
f 2623 2760 2624
f 2624 2760 2625
f 2625 2764 2765
f 2625 2765 2766
f 2625 2766 2628
f 2625 2628 2627
f 2625 2760 2764
f 2626 2630 2632
f 2619 2759 2620
f 2620 2759 2621
f 2621 2759 2622
f 2622 2760 2623
f 2622 2759 2761
f 2622 2761 2762
f 2622 2762 2763
f 2622 2763 2760
f 2648 2788 2649
f 2649 2788 2789
f 2649 2789 2790
f 2649 2790 2791
f 2649 2791 2650
f 2650 2791 2792
f 2650 2792 2793
f 2650 2793 2794
f 2644 2784 2648
f 2644 2648 2647
f 2644 2647 2646
f 2644 2646 2645
f 2648 2784 2785
f 2648 2785 2786
f 2648 2786 2787
f 2648 2787 2788
f 2642 2778 2779
f 2642 2779 2780
f 2642 2780 2643
f 2643 2780 2781
f 2643 2781 2782
f 2643 2782 2783
f 2643 2783 2784
f 2643 2784 2644
f 2638 2653 2774
f 2638 2774 2775
f 2638 2775 2776
f 2638 2776 2639
f 2640 2750 2777
f 2640 2777 2778
f 2640 2778 2641
f 2641 2778 2642
f 2663 2802 2804
f 2663 2804 2805
f 2663 2805 2806
f 2663 2806 2664
f 2664 2806 2665
f 2665 2807 2666
f 2665 2806 2805
f 2665 2805 2808
f 2656 2801 2659
f 2659 2801 2800
f 2659 2800 2802
f 2659 2802 2803
f 2659 2803 2663
f 2659 2663 2661
f 2661 2663 2662
f 2663 2803 2802
f 2654 2797 2655
f 2655 2797 2798
f 2655 2798 2656
f 2656 2659 2658
f 2656 2658 2657
f 2656 2798 2799
f 2656 2799 2800
f 2656 2800 2801
f 2650 2794 2795
f 2650 2795 2651
f 2651 2795 2652
f 2652 2795 2933
f 2652 2933 2796
f 2652 2796 2653
f 2653 2796 2774
f 2654 2710 2797
f 2678 2819 2820
f 2678 2820 2679
f 2679 2820 2819
f 2679 2819 2821
f 2679 2821 2680
f 2680 2821 2822
f 2680 2822 2681
f 2681 2822 2823
f 2674 2814 2675
f 2675 2814 2815
f 2675 2815 2816
f 2675 2816 2676
f 2676 2816 2817
f 2676 2817 2678
f 2678 2817 2818
f 2678 2818 2819
f 2670 2810 2811
f 2670 2811 2671
f 2671 2811 2812
f 2671 2812 2672
f 2672 2812 2813
f 2672 2813 2673
f 2673 2813 2814
f 2673 2814 2674
f 2665 2808 2807
f 2666 2807 2667
f 2667 2807 2669
f 2668 2671 2672
f 2669 2807 2670
f 2670 2807 2809
f 2670 2809 2808
f 2670 2808 2810
f 2693 2697 2835
f 2696 2834 2697
f 2697 2834 2837
f 2697 2837 2838
f 2697 2838 2835
f 2699 2839 2706
f 2699 2706 2704
f 2699 2703 2839
f 2690 2832 2833
f 2690 2833 2691
f 2691 2833 2834
f 2691 2834 2696
f 2693 2835 2836
f 2693 2836 2711
f 2693 2711 2695
f 2693 2695 2694
f 2685 2826 2827
f 2687 2828 2829
f 2687 2829 2830
f 2687 2830 2688
f 2688 2830 2689
f 2689 2830 2831
f 2689 2831 2690
f 2690 2831 2832
f 2681 2823 2824
f 2681 2824 2682
f 2682 2824 2823
f 2682 2823 2683
f 2683 2823 2825
f 2683 2825 2684
f 2684 2825 2826
f 2684 2826 2685
f 2711 2854 2712
f 2712 2854 2855
f 2712 2855 2714
f 2713 2715 2856
f 2713 2856 2857
f 2713 2857 2858
f 2713 2858 2717
f 2714 2855 2715
f 2706 2708 2707
f 2708 2850 2849
f 2708 2849 2851
f 2708 2851 2852
f 2708 2852 2853
f 2708 2853 2710
f 2710 2853 2797
f 2711 2836 2854
f 2701 2840 2841
f 2703 2845 2846
f 2703 2846 2847
f 2703 2847 2839
f 2706 2839 2848
f 2706 2848 2849
f 2706 2849 2850
f 2706 2850 2708
f 2700 2840 2701
f 2700 2716 2840
f 2701 2841 2842
f 2701 2842 2843
f 2701 2843 2844
f 2701 2844 2845
f 2701 2845 2703
f 2701 2703 2702
f 2727 2751 2733
f 2727 2732 2752
f 2727 2752 2751
f 2729 2865 2869
f 2729 2869 2872
f 2729 2872 2730
f 2730 2872 2873
f 2730 2873 2732
f 2724 2866 2867
f 2724 2867 2725
f 2725 2867 2868
f 2725 2868 2726
f 2726 2869 2865
f 2726 2868 2870
f 2726 2870 2871
f 2726 2871 2869
f 2721 2862 2863
f 2721 2863 2864
f 2721 2864 2724
f 2721 2724 2722
f 2723 2726 2865
f 2723 2865 2729
f 2724 2864 2997
f 2724 2997 2866
f 2715 2855 2859
f 2715 2859 2860
f 2715 2860 2856
f 2716 2717 2840
f 2717 2858 2840
f 2719 2861 2862
f 2719 2862 2720
f 2720 2862 2721
f 2744 2885 2746
f 2744 2746 2745
f 2746 2885 2886
f 2746 2886 2887
f 2746 2887 2747
f 2747 2887 2888
f 2747 2888 2889
f 2747 2889 2749
f 2741 2880 2881
f 2741 2881 2884
f 2741 2884 2743
f 2742 2882 2744
f 2742 2743 2883
f 2742 2883 2882
f 2743 2884 2883
f 2744 2882 2885
f 2737 2876 2877
f 2737 2877 2878
f 2737 2878 2738
f 2738 2878 2739
f 2739 2878 2879
f 2739 2879 2880
f 2739 2880 2740
f 2740 2880 2741
f 2730 2732 2731
f 2732 2873 2752
f 2734 2773 2874
f 2734 2874 2735
f 2735 2874 2736
f 2736 2874 2875
f 2736 2875 2876
f 2736 2876 2737
f 2763 2899 2900
f 2763 2900 2764
f 2764 2900 2765
f 2765 2900 2901
f 2765 2901 2902
f 2765 2902 2903
f 2765 2903 2904
f 2765 2904 2766
f 2757 2761 2758
f 2758 2761 2759
f 2760 2763 2764
f 2761 2896 2897
f 2761 2897 2762
f 2762 2897 2898
f 2762 2898 2899
f 2762 2899 2763
f 2753 2892 2891
f 2755 2891 2893
f 2755 2893 2756
f 2756 2893 2894
f 2756 2894 2895
f 2756 2895 2757
f 2757 2895 2896
f 2757 2896 2761
f 2747 2749 2748
f 2749 2889 2777
f 2749 2777 2750
f 2752 2873 2890
f 2752 2890 2753
f 2753 2891 2755
f 2753 2755 2754
f 2753 2890 2892
f 2778 2915 2916
f 2778 2916 2779
f 2779 2916 2780
f 2780 2916 2782
f 2780 2782 2781
f 2782 2917 2918
f 2782 2918 2919
f 2782 2919 2920
f 2773 2875 2874
f 2774 2796 2912
f 2774 2912 2913
f 2774 2913 2775
f 2775 2913 2914
f 2775 2914 2776
f 2777 2889 2915
f 2777 2915 2778
f 2769 2908 2770
f 2770 2908 2909
f 2770 2909 2910
f 2770 2910 2772
f 2770 2772 2771
f 2772 2910 2911
f 2772 2911 2773
f 2773 2911 2875
f 2766 2904 2767
f 2767 2904 2903
f 2767 2903 2768
f 2768 2903 2905
f 2768 2905 2906
f 2768 2906 2907
f 2768 2907 2769
f 2769 2907 2908
f 2793 2931 2794
f 2794 2931 2932
f 2794 2932 2795
f 2795 2932 2933
f 2796 2933 3044
f 2796 3044 2912
f 2797 2853 2934
f 2797 2934 2935
f 2790 2792 2791
f 2790 2926 2927
f 2790 2927 2928
f 2790 2928 2792
f 2792 2928 2929
f 2792 2929 2930
f 2792 2930 2931
f 2792 2931 2793
f 2785 2923 2786
f 2786 2923 2924
f 2786 2924 2925
f 2786 2925 2787
f 2787 2925 2788
f 2788 2925 2789
f 2789 2925 2926
f 2789 2926 2790
f 2782 2920 2921
f 2782 2921 2783
f 2782 2916 2915
f 2782 2915 2917
f 2783 2921 2784
f 2784 2921 2785
f 2785 2921 2922
f 2785 2922 2923
f 2808 2947 2948
f 2808 2948 2949
f 2808 2949 2950
f 2808 2950 2946
f 2811 2951 2812
f 2811 2946 2949
f 2811 2949 2952
f 2811 2952 2953
f 2805 2943 2944
f 2805 2944 2945
f 2805 2945 2808
f 2807 2808 2809
f 2808 2946 2811
f 2808 2811 2810
f 2808 2945 2944
f 2808 2944 2947
f 2802 2939 2938
f 2802 2938 2940
f 2802 2940 2941
f 2802 2941 2942
f 2802 2942 2805
f 2802 2805 2804
f 2805 2942 2941
f 2805 2941 2943
f 2797 2935 2798
f 2798 2935 2936
f 2798 2936 2799
f 2799 2936 2800
f 2800 2936 2937
f 2800 2937 2938
f 2800 2938 2939
f 2800 2939 2802
f 2823 2966 2825
f 2825 2966 2967
f 2825 2967 2826
f 2826 2967 2968
f 2826 2968 2827
f 2828 2969 2970
f 2828 2970 2829
f 2829 2970 2830
f 2819 2961 2962
f 2819 2962 2821
f 2821 2962 2963
f 2821 2963 2823
f 2821 2823 2822
f 2823 2963 2964
f 2823 2964 2965
f 2823 2965 2966
f 2815 2956 2957
f 2815 2957 2958
f 2815 2958 2959
f 2815 2959 2817
f 2817 2959 2818
f 2818 2959 2960
f 2818 2960 2961
f 2818 2961 2819
f 2811 2953 2954
f 2811 2954 2955
f 2811 2955 2951
f 2812 2951 2813
f 2813 2951 2956
f 2813 2956 2814
f 2814 2956 2815
f 2815 2817 2816
f 2843 2980 2844
f 2844 2981 2982
f 2844 2982 2846
f 2844 2846 2845
f 2844 2980 2983
f 2844 2983 2981
f 2846 2982 2847
f 2847 2849 2848
f 2838 2978 2979
f 2838 2979 2977
f 2839 2847 2848
f 2840 2858 2857
f 2840 2857 2841
f 2841 2857 2842
f 2842 2857 2980
f 2842 2980 2843
f 2834 2974 2975
f 2834 2975 2976
f 2834 2976 2837
f 2835 2838 2836
f 2836 2838 2977
f 2836 2977 2854
f 2837 2976 2978
f 2837 2978 2838
f 2830 2970 2971
f 2830 2971 2831
f 2831 2971 2972
f 2831 2972 2973
f 2831 2973 2832
f 2832 2973 2833
f 2833 2973 2974
f 2833 2974 2834
f 2863 2995 3129
f 2863 3129 2996
f 2863 2996 2864
f 2864 2996 2997
f 2866 2997 2998
f 2866 2998 2999
f 2866 2999 3000
f 2866 3000 2867
f 2856 2992 2857
f 2857 2992 2993
f 2857 2993 2980
f 2859 2991 2860
f 2860 2991 2994
f 2860 2994 2992
f 2861 2995 2863
f 2861 2863 2862
f 2852 2987 2988
f 2852 2988 2934
f 2854 2989 2855
f 2854 2977 2989
f 2855 2989 2990
f 2855 2990 2991
f 2855 2991 2859
f 2856 2860 2992
f 2847 2982 2984
f 2847 2984 2849
f 2849 2984 2985
f 2849 2985 2851
f 2851 2985 2852
f 2852 2934 2853
f 2852 2985 2986
f 2852 2986 2987
f 2878 3014 3013
f 2878 3013 2879
f 2879 3013 2880
f 2880 3013 3015
f 2880 3015 2881
f 2881 3016 2884
f 2881 3015 3017
f 2881 3017 3016
f 2875 3009 3010
f 2875 3010 2876
f 2876 3010 3011
f 2876 3011 2877
f 2877 3011 3012
f 2877 3012 3013
f 2877 3013 3014
f 2877 3014 2878
f 2870 3005 2871
f 2871 3005 3002
f 2872 3006 2873
f 2872 3002 3007
f 2872 3007 3006
f 2873 3006 3008
f 2873 3008 2890
f 2875 2911 3009
f 2867 3000 3001
f 2867 3001 2870
f 2867 2870 2868
f 2869 2871 3002
f 2869 3002 2872
f 2870 3001 3003
f 2870 3003 3004
f 2870 3004 3005
f 2894 3029 2895
f 2895 3029 3030
f 2895 3030 2896
f 2896 3030 2897
f 2897 3030 3031
f 2897 3031 2898
f 2898 3031 3032
f 2898 3032 2899
f 2890 3025 2892
f 2891 2892 2893
f 2892 3025 3026
f 2892 3026 3027
f 2892 3027 2893
f 2893 3027 3028
f 2893 3028 2894
f 2894 3028 3029
f 2885 3022 2886
f 2886 3022 2887
f 2887 3022 3023
f 2887 3023 3024
f 2887 3024 2888
f 2888 2915 2889
f 2888 3024 2915
f 2890 3008 3025
f 2882 2883 3018
f 2882 3018 2885
f 2883 2884 3019
f 2883 3019 3020
f 2883 3020 3018
f 2884 3016 3019
f 2885 3018 3021
f 2885 3021 3022
f 2912 3045 2913
f 2913 3045 2914
f 2915 3024 2917
f 2917 3024 3046
f 2917 3046 2918
f 2918 3046 3047
f 2918 3047 2919
f 2919 3047 3048
f 2909 3040 2910
f 2909 3039 3041
f 2909 3041 3042
f 2909 3042 3040
f 2910 3040 3043
f 2910 3043 2911
f 2911 3043 3009
f 2912 3044 3045
f 2903 3036 2905
f 2905 3036 3037
f 2905 3037 2906
f 2906 3037 3038
f 2906 3038 2907
f 2907 3038 3039
f 2907 3039 2908
f 2908 3039 2909
f 2899 3032 3033
f 2899 3033 2900
f 2900 3033 3034
f 2900 3034 3035
f 2900 3035 2901
f 2901 3035 3036
f 2901 3036 2903
f 2901 2903 2902
f 2928 3059 2929
f 2929 3059 3063
f 2929 3063 2930
f 2930 3063 3064
f 2930 3064 2931
f 2931 3064 3065
f 2931 3065 2932
f 2932 3065 3066
f 2925 3056 2926
f 2926 3056 3058
f 2926 3058 2927
f 2927 3059 2928
f 2927 3058 3060
f 2927 3060 3061
f 2927 3061 3062
f 2927 3062 3059
f 2923 3052 2924
f 2924 3052 3053
f 2924 3053 3054
f 2924 3054 3055
f 2924 3055 3056
f 2924 3056 3057
f 2924 3057 2925
f 2925 3057 3056
f 2919 3048 2920
f 2920 3048 3049
f 2920 3049 3050
f 2920 3050 2922
f 2920 2922 2921
f 2922 3050 2923
f 2923 3050 3051
f 2923 3051 3052
f 2944 2949 2947
f 2946 2950 2949
f 2947 2949 2948
f 2949 3078 3079
f 2949 3079 3080
f 2949 3080 3081
f 2949 3081 2952
f 2951 2955 2957
f 2941 3071 3073
f 2941 3073 3074
f 2941 3074 3075
f 2941 3075 2944
f 2944 3075 3076
f 2944 3076 3077
f 2944 3077 3078
f 2944 3078 2949
f 2938 3068 3069
f 2938 3069 3070
f 2938 3070 3071
f 2938 3071 3072
f 2938 3072 2941
f 2938 2941 2940
f 2941 2944 2943
f 2941 3072 3071
f 2932 3066 3044
f 2932 3044 2933
f 2934 2988 2935
f 2935 2988 3067
f 2935 3067 2936
f 2936 3067 3068
f 2936 3068 2937
f 2937 3068 2938
f 2963 3091 2964
f 2964 3091 3093
f 2964 3093 2965
f 2965 3094 2966
f 2965 3093 3095
f 2965 3095 3094
f 2966 3094 2967
f 2967 3094 3096
f 2960 3088 3089
f 2960 3089 2961
f 2961 3089 3090
f 2961 3090 2962
f 2962 3090 3091
f 2962 3091 3092
f 2962 3092 2963
f 2963 3092 3091
f 2954 3085 2955
f 2955 3085 2957
f 2957 3085 2958
f 2958 3085 3086
f 2958 3086 3087
f 2958 3087 2959
f 2959 3087 2960
f 2960 3087 3088
f 2951 2957 2956
f 2952 3081 2954
f 2952 2954 2953
f 2954 3081 3080
f 2954 3080 3082
f 2954 3082 3083
f 2954 3083 3084
f 2954 3084 3085
f 2980 3109 3110
f 2980 3110 3111
f 2980 3111 3112
f 2980 3112 3113
f 2980 3113 2983
f 2981 2983 3114
f 2981 3114 2982
f 2982 3114 3115
f 2977 2979 3105
f 2977 3105 2989
f 2978 3106 2979
f 2978 3104 3106
f 2979 3106 3107
f 2979 3107 3105
f 2980 2993 3108
f 2980 3108 3109
f 2973 3100 3101
f 2973 3101 2974
f 2974 3101 3102
f 2974 3102 3103
f 2974 3103 2975
f 2975 3103 2976
f 2976 3103 3104
f 2976 3104 2978
f 2967 3096 2968
f 2969 3097 3098
f 2969 3098 2970
f 2970 3098 2971
f 2971 3098 3099
f 2971 3099 2972
f 2972 3099 2973
f 2973 3099 3100
f 2992 2994 2993
f 2993 2994 3108
f 2994 3127 3128
f 2994 3128 3108
f 2996 3129 3130
f 2996 3130 3131
f 2996 3131 2997
f 2997 3131 3132
f 2987 3068 3067
f 2987 3067 2988
f 2989 3105 3125
f 2989 3125 2990
f 2990 3125 3126
f 2990 3126 2991
f 2991 3126 3127
f 2991 3127 2994
f 2984 3121 3122
f 2984 3122 2987
f 2984 2987 2986
f 2984 2986 2985
f 2987 3122 3121
f 2987 3121 3123
f 2987 3123 3124
f 2987 3124 3068
f 2982 3115 3116
f 2982 3116 3117
f 2982 3117 2984
f 2983 3113 3118
f 2983 3118 3114
f 2984 3117 3119
f 2984 3119 3120
f 2984 3120 3121
f 3008 3145 3025
f 3009 3043 3146
f 3009 3146 3147
f 3009 3147 3148
f 3009 3148 3149
f 3009 3149 3011
f 3009 3011 3010
f 3011 3149 3150
f 3005 3141 3138
f 3005 3140 3142
f 3005 3142 3143
f 3005 3143 3141
f 3006 3007 3144
f 3006 3144 3008
f 3007 3137 3144
f 3008 3144 3145
f 3000 3003 3001
f 3002 3137 3007
f 3002 3005 3138
f 3002 3138 3139
f 3002 3139 3137
f 3003 3136 3004
f 3004 3136 3140
f 3004 3140 3005
f 2997 3132 2998
f 2998 3132 2999
f 2999 3003 3000
f 2999 3132 3133
f 2999 3133 3134
f 2999 3134 3135
f 2999 3135 3136
f 2999 3136 3003
f 3022 3163 3023
f 3023 3163 3164
f 3023 3164 3165
f 3023 3165 3166
f 3023 3166 3024
f 3024 3166 3046
f 3025 3145 3026
f 3026 3167 3027
f 3020 3157 3159
f 3020 3159 3160
f 3020 3160 3161
f 3020 3161 3162
f 3020 3162 3158
f 3021 3158 3022
f 3022 3158 3162
f 3022 3162 3163
f 3015 3155 3156
f 3015 3156 3017
f 3016 3017 3019
f 3017 3156 3157
f 3017 3157 3020
f 3017 3020 3019
f 3018 3020 3158
f 3018 3158 3021
f 3011 3150 3012
f 3012 3150 3013
f 3013 3150 3151
f 3013 3151 3152
f 3013 3152 3153
f 3013 3153 3154
f 3013 3154 3015
f 3015 3154 3155
f 3037 3179 3180
f 3037 3180 3039
f 3039 3180 3181
f 3039 3181 3182
f 3039 3182 3041
f 3040 3183 3043
f 3040 3042 3183
f 3041 3182 3184
f 3034 3175 3176
f 3034 3176 3177
f 3034 3177 3035
f 3035 3177 3036
f 3036 3177 3178
f 3036 3178 3179
f 3036 3179 3037
f 3037 3039 3038
f 3031 3170 3171
f 3031 3171 3032
f 3032 3171 3172
f 3032 3172 3033
f 3033 3172 3173
f 3033 3173 3174
f 3033 3174 3175
f 3033 3175 3034
f 3026 3145 3168
f 3026 3168 3167
f 3027 3167 3028
f 3028 3167 3029
f 3029 3167 3169
f 3029 3169 3030
f 3030 3169 3170
f 3030 3170 3031
f 3053 3196 3198
f 3053 3198 3199
f 3053 3199 3054
f 3054 3199 3200
f 3054 3200 3055
f 3055 3200 3201
f 3055 3201 3058
f 3055 3058 3056
f 3050 3191 3193
f 3050 3193 3194
f 3050 3194 3195
f 3050 3195 3192
f 3051 3196 3052
f 3051 3192 3197
f 3051 3197 3196
f 3052 3196 3053
f 3045 3188 3189
f 3046 3166 3047
f 3047 3166 3048
f 3048 3166 3190
f 3048 3190 3191
f 3048 3191 3049
f 3049 3191 3050
f 3050 3192 3051
f 3041 3184 3042
f 3042 3184 3185
f 3042 3185 3186
f 3042 3186 3187
f 3042 3187 3183
f 3043 3183 3146
f 3044 3066 3045
f 3045 3066 3188
f 3069 3214 3070
f 3070 3214 3071
f 3071 3214 3215
f 3071 3215 3216
f 3071 3216 3217
f 3071 3217 3218
f 3071 3218 3219
f 3071 3219 3074
f 3065 3210 3211
f 3065 3211 3066
f 3065 3203 3212
f 3065 3212 3210
f 3066 3211 3188
f 3068 3124 3213
f 3068 3213 3214
f 3068 3214 3069
f 3060 3205 3061
f 3061 3205 3206
f 3061 3206 3207
f 3061 3207 3062
f 3062 3208 3209
f 3062 3207 3208
f 3063 3203 3064
f 3064 3203 3065
f 3058 3201 3060
f 3059 3062 3209
f 3059 3209 3202
f 3059 3202 3203
f 3059 3203 3063
f 3060 3201 3200
f 3060 3200 3204
f 3060 3204 3205
f 3086 3231 3087
f 3087 3231 3088
f 3088 3231 3232
f 3088 3232 3233
f 3088 3233 3089
f 3089 3233 3234
f 3089 3234 3090
f 3090 3234 3235
f 3082 3227 3083
f 3083 3227 3228
f 3083 3228 3229
f 3083 3229 3230
f 3083 3230 3084
f 3084 3230 3085
f 3085 3230 3086
f 3086 3230 3231
f 3077 3222 3223
f 3077 3223 3079
f 3079 3223 3224
f 3079 3224 3080
f 3080 3224 3225
f 3080 3225 3226
f 3080 3226 3227
f 3080 3227 3082
f 3071 3074 3073
f 3074 3076 3075
f 3074 3219 3076
f 3076 3219 3220
f 3076 3220 3221
f 3076 3221 3077
f 3077 3079 3078
f 3077 3221 3222
f 3103 3249 3250
f 3103 3250 3104
f 3104 3250 3106
f 3105 3107 3251
f 3105 3251 3125
f 3106 3250 3107
f 3107 3250 3252
f 3107 3252 3251
f 3099 3245 3246
f 3099 3246 3247
f 3099 3247 3100
f 3100 3247 3101
f 3101 3247 3102
f 3102 3247 3248
f 3102 3248 3103
f 3103 3248 3249
f 3094 3240 3096
f 3095 3237 3241
f 3095 3241 3242
f 3095 3242 3238
f 3097 3243 3098
f 3098 3243 3244
f 3098 3244 3245
f 3098 3245 3099
f 3090 3235 3091
f 3091 3235 3236
f 3091 3236 3093
f 3093 3236 3237
f 3093 3237 3095
f 3094 3095 3238
f 3094 3238 3239
f 3094 3239 3240
f 3120 3264 3121
f 3121 3265 3123
f 3121 3264 3266
f 3121 3266 3267
f 3121 3267 3268
f 3121 3268 3269
f 3121 3269 3270
f 3121 3270 3271
f 3114 3258 3262
f 3114 3262 3263
f 3114 3263 3264
f 3114 3264 3116
f 3114 3116 3115
f 3116 3119 3117
f 3116 3264 3119
f 3119 3264 3120
f 3112 3257 3258
f 3112 3258 3118
f 3112 3118 3113
f 3112 3255 3259
f 3112 3259 3260
f 3112 3260 3261
f 3112 3261 3256
f 3114 3118 3258
f 3108 3128 3109
f 3109 3128 3253
f 3109 3253 3254
f 3109 3254 3255
f 3109 3255 3110
f 3110 3255 3112
f 3110 3112 3111
f 3112 3256 3257
f 3136 3280 3140
f 3137 3284 3144
f 3137 3139 3285
f 3137 3285 3286
f 3137 3286 3284
f 3138 3141 3139
f 3139 3141 3285
f 3140 3280 3287
f 3132 3277 3133
f 3133 3277 3134
f 3134 3277 3135
f 3135 3280 3136
f 3135 3277 3281
f 3135 3281 3282
f 3135 3282 3283
f 3135 3283 3280
f 3127 3274 3275
f 3127 3275 3128
f 3128 3275 3253
f 3130 3276 3131
f 3131 3277 3132
f 3131 3276 3278
f 3131 3278 3279
f 3131 3279 3277
f 3121 3271 3265
f 3123 3265 3124
f 3124 3265 3213
f 3125 3251 3272
f 3125 3272 3126
f 3126 3272 3273
f 3126 3273 3127
f 3127 3273 3274
f 3153 3298 3154
f 3154 3298 3155
f 3155 3298 3297
f 3155 3297 3156
f 3156 3299 3300
f 3156 3300 3157
f 3156 3297 3299
f 3157 3300 3159
f 3148 3151 3150
f 3148 3150 3149
f 3151 3294 3152
f 3152 3294 3295
f 3152 3295 3153
f 3153 3295 3296
f 3153 3296 3297
f 3153 3297 3298
f 3144 3284 3145
f 3145 3284 3168
f 3146 3183 3292
f 3146 3292 3147
f 3147 3292 3148
f 3148 3292 3293
f 3148 3293 3294
f 3148 3294 3151
f 3140 3287 3288
f 3140 3288 3289
f 3140 3289 3142
f 3141 3143 3290
f 3141 3290 3291
f 3141 3291 3285
f 3142 3289 3290
f 3142 3290 3143
f 3171 3312 3172
f 3172 3312 3313
f 3172 3313 3173
f 3173 3313 3174
f 3174 3314 3315
f 3174 3315 3316
f 3174 3316 3317
f 3174 3317 3177
f 3168 3307 3308
f 3168 3308 3309
f 3168 3309 3305
f 3169 3306 3310
f 3169 3310 3170
f 3170 3310 3171
f 3171 3310 3311
f 3171 3311 3312
f 3164 3303 3165
f 3165 3303 3304
f 3165 3304 3166
f 3166 3304 3190
f 3167 3168 3305
f 3167 3305 3306
f 3167 3306 3169
f 3168 3284 3307
f 3159 3300 3301
f 3159 3301 3160
f 3160 3301 3302
f 3160 3302 3303
f 3160 3303 3164
f 3160 3164 3161
f 3161 3164 3162
f 3162 3164 3163
f 3186 3329 3330
f 3186 3330 3331
f 3186 3331 3187
f 3186 3326 3332
f 3186 3332 3327
f 3188 3211 3210
f 3188 3210 3189
f 3190 3304 3333
f 3184 3323 3324
f 3184 3324 3325
f 3184 3325 3326
f 3184 3326 3185
f 3184 3322 3323
f 3185 3326 3186
f 3186 3327 3328
f 3186 3328 3329
f 3180 3320 3182
f 3180 3182 3181
f 3180 3319 3321
f 3180 3321 3320
f 3182 3320 3322
f 3182 3322 3184
f 3183 3187 3331
f 3183 3331 3292
f 3174 3177 3176
f 3174 3176 3175
f 3174 3313 3314
f 3177 3317 3178
f 3178 3317 3318
f 3178 3318 3319
f 3178 3319 3179
f 3179 3319 3180
f 3199 3346 3347
f 3199 3347 3204
f 3202 3209 3348
f 3202 3348 3349
f 3202 3349 3203
f 3203 3349 3350
f 3204 3347 3351
f 3204 3351 3205
f 3196 3197 3343
f 3196 3343 3198
f 3197 3335 3344
f 3197 3344 3345
f 3197 3345 3343
f 3198 3343 3346
f 3198 3346 3199
f 3199 3204 3200
f 3193 3339 3194
f 3193 3333 3340
f 3193 3340 3336
f 3194 3339 3195
f 3195 3339 3341
f 3195 3341 3342
f 3195 3342 3335
f 3195 3335 3334
f 3190 3333 3191
f 3191 3333 3193
f 3192 3195 3334
f 3192 3334 3335
f 3192 3335 3197
f 3193 3336 3337
f 3193 3337 3338
f 3193 3338 3339
f 3216 3365 3270
f 3216 3270 3366
f 3216 3366 3367
f 3216 3367 3218
f 3218 3367 3368
f 3218 3368 3369
f 3218 3369 3219
f 3219 3369 3370
f 3208 3348 3209
f 3213 3265 3214
f 3214 3265 3364
f 3214 3364 3270
f 3214 3270 3365
f 3214 3365 3216
f 3214 3216 3215
f 3216 3218 3217
f 3207 3357 3358
f 3207 3358 3359
f 3207 3359 3360
f 3207 3360 3361
f 3207 3361 3362
f 3207 3362 3363
f 3207 3363 3348
f 3207 3348 3208
f 3205 3351 3206
f 3206 3351 3352
f 3206 3352 3353
f 3206 3353 3207
f 3207 3353 3354
f 3207 3354 3355
f 3207 3355 3356
f 3207 3356 3357
f 3232 3381 3382
f 3232 3382 3233
f 3233 3382 3383
f 3233 3383 3234
f 3234 3383 3236
f 3234 3236 3235
f 3236 3383 3384
f 3236 3384 3237
f 3228 3377 3378
f 3228 3378 3229
f 3229 3379 3230
f 3229 3378 3380
f 3229 3380 3379
f 3230 3379 3231
f 3231 3379 3381
f 3231 3381 3232
f 3225 3372 3373
f 3225 3373 3374
f 3225 3374 3375
f 3225 3375 3226
f 3226 3375 3376
f 3226 3376 3227
f 3227 3376 3228
f 3228 3376 3377
f 3219 3370 3371
f 3219 3371 3220
f 3220 3371 3221
f 3221 3371 3222
f 3222 3371 3225
f 3222 3225 3223
f 3223 3225 3224
f 3225 3371 3372
f 3249 3399 3400
f 3249 3400 3401
f 3249 3401 3250
f 3250 3401 3400
f 3250 3400 3402
f 3250 3402 3252
f 3251 3252 3403
f 3251 3403 3272
f 3246 3394 3247
f 3247 3394 3395
f 3247 3395 3248
f 3248 3395 3396
f 3248 3396 3397
f 3248 3397 3398
f 3248 3398 3399
f 3248 3399 3249
f 3241 3389 3242
f 3242 3389 3390
f 3242 3390 3391
f 3242 3391 3388
f 3244 3392 3393
f 3244 3393 3245
f 3245 3393 3246
f 3246 3393 3394
f 3237 3384 3385
f 3237 3385 3386
f 3237 3386 3387
f 3237 3387 3241
f 3238 3242 3239
f 3239 3242 3388
f 3241 3387 3386
f 3241 3386 3389
f 3265 3271 3270
f 3265 3270 3364
f 3266 3410 3414
f 3266 3414 3415
f 3266 3415 3416
f 3266 3416 3267
f 3267 3416 3417
f 3267 3417 3268
f 3259 3411 3260
f 3259 3407 3412
f 3259 3412 3411
f 3260 3411 3261
f 3261 3411 3413
f 3261 3413 3408
f 3263 3410 3266
f 3263 3266 3264
f 3255 3407 3259
f 3256 3261 3257
f 3257 3261 3408
f 3257 3408 3409
f 3257 3409 3410
f 3257 3410 3258
f 3258 3410 3263
f 3258 3263 3262
f 3252 3402 3404
f 3252 3404 3405
f 3252 3405 3403
f 3253 3275 3274
f 3253 3274 3254
f 3254 3274 3406
f 3254 3406 3255
f 3255 3406 3407
f 3278 3432 3279
f 3279 3432 3431
f 3280 3283 3433
f 3280 3433 3434
f 3280 3434 3287
f 3281 3431 3435
f 3281 3435 3436
f 3281 3436 3437
f 3274 3427 3428
f 3274 3428 3429
f 3274 3429 3430
f 3274 3430 3406
f 3274 3426 3405
f 3274 3405 3427
f 3277 3279 3431
f 3277 3431 3281
f 3268 3424 3425
f 3268 3425 3418
f 3269 3419 3270
f 3270 3419 3418
f 3270 3418 3366
f 3272 3403 3426
f 3272 3426 3274
f 3272 3274 3273
f 3268 3418 3419
f 3268 3419 3269
f 3268 3417 3416
f 3268 3416 3420
f 3268 3420 3421
f 3268 3421 3422
f 3268 3422 3423
f 3268 3423 3424
f 3293 3329 3294
f 3294 3329 3295
f 3295 3329 3449
f 3295 3449 3296
f 3296 3449 3297
f 3297 3449 3450
f 3297 3450 3451
f 3297 3451 3452
f 3288 3446 3289
f 3289 3446 3447
f 3289 3447 3290
f 3290 3447 3448
f 3290 3448 3291
f 3291 3448 3442
f 3292 3331 3329
f 3292 3329 3293
f 3285 3291 3442
f 3285 3442 3286
f 3286 3442 3443
f 3286 3443 3307
f 3287 3434 3444
f 3287 3444 3445
f 3287 3445 3288
f 3288 3445 3446
f 3281 3437 3282
f 3282 3437 3438
f 3282 3438 3439
f 3282 3439 3440
f 3282 3440 3283
f 3283 3440 3441
f 3283 3441 3433
f 3284 3286 3307
f 3311 3461 3462
f 3312 3462 3313
f 3313 3462 3314
f 3314 3462 3463
f 3314 3463 3464
f 3314 3464 3315
f 3315 3464 3465
f 3315 3465 3466
f 3306 3311 3310
f 3307 3443 3459
f 3307 3459 3308
f 3308 3459 3309
f 3309 3459 3460
f 3309 3460 3461
f 3309 3461 3311
f 3311 3462 3312
f 3302 3456 3457
f 3302 3457 3458
f 3302 3458 3303
f 3303 3458 3304
f 3304 3458 3340
f 3304 3340 3333
f 3305 3309 3306
f 3306 3309 3311
f 3297 3452 3453
f 3297 3453 3299
f 3299 3453 3300
f 3300 3453 3454
f 3300 3454 3301
f 3301 3454 3455
f 3301 3455 3302
f 3302 3455 3456
f 3325 3480 3481
f 3325 3481 3479
f 3326 3479 3482
f 3326 3482 3332
f 3327 3483 3484
f 3327 3484 3449
f 3327 3449 3328
f 3327 3332 3485
f 3324 3473 3474
f 3324 3474 3475
f 3324 3475 3476
f 3324 3476 3477
f 3324 3477 3478
f 3324 3478 3325
f 3325 3479 3326
f 3325 3478 3480
f 3320 3469 3470
f 3320 3470 3322
f 3321 3468 3471
f 3321 3471 3469
f 3322 3470 3323
f 3323 3470 3472
f 3323 3472 3473
f 3323 3473 3324
f 3315 3466 3467
f 3315 3467 3316
f 3316 3467 3317
f 3317 3467 3318
f 3318 3467 3468
f 3318 3468 3319
f 3319 3468 3321
f 3320 3321 3469
f 3343 3496 3346
f 3344 3489 3497
f 3344 3497 3345
f 3345 3497 3498
f 3345 3498 3496
f 3346 3496 3498
f 3346 3498 3499
f 3346 3499 3500
f 3337 3493 3490
f 3338 3490 3339
f 3339 3490 3341
f 3341 3490 3494
f 3341 3494 3495
f 3341 3495 3342
f 3342 3495 3487
f 3343 3345 3496
f 3335 3489 3344
f 3336 3340 3458
f 3336 3458 3457
f 3336 3457 3337
f 3337 3490 3338
f 3337 3457 3491
f 3337 3491 3492
f 3337 3492 3493
f 3327 3485 3483
f 3328 3449 3329
f 3329 3331 3330
f 3332 3482 3486
f 3332 3486 3485
f 3335 3342 3487
f 3335 3487 3488
f 3335 3488 3489
f 3359 3511 3360
f 3360 3511 3361
f 3361 3511 3362
f 3362 3511 3512
f 3362 3512 3513
f 3362 3513 3363
f 3366 3368 3367
f 3366 3418 3514
f 3356 3506 3507
f 3356 3507 3508
f 3356 3508 3358
f 3356 3358 3357
f 3358 3508 3509
f 3358 3509 3359
f 3359 3509 3510
f 3359 3510 3511
f 3353 3502 3503
f 3353 3503 3504
f 3353 3504 3355
f 3353 3355 3354
f 3353 3500 3502
f 3355 3504 3505
f 3355 3505 3506
f 3355 3506 3356
f 3346 3500 3347
f 3347 3500 3351
f 3348 3363 3513
f 3348 3513 3501
f 3348 3501 3350
f 3348 3350 3349
f 3351 3500 3352
f 3352 3500 3353
f 3378 3527 3528
f 3378 3528 3529
f 3378 3529 3380
f 3379 3380 3529
f 3379 3529 3381
f 3381 3529 3530
f 3381 3530 3382
f 3382 3530 3531
f 3374 3523 3524
f 3374 3524 3375
f 3375 3524 3525
f 3375 3525 3376
f 3376 3525 3377
f 3377 3525 3526
f 3377 3526 3527
f 3377 3527 3378
f 3369 3517 3521
f 3369 3521 3370
f 3370 3521 3371
f 3371 3521 3372
f 3372 3521 3522
f 3372 3522 3373
f 3373 3522 3374
f 3374 3522 3523
f 3366 3514 3515
f 3366 3515 3516
f 3366 3516 3368
f 3368 3517 3369
f 3368 3516 3518
f 3368 3518 3519
f 3368 3519 3520
f 3368 3520 3517
f 3395 3545 3546
f 3395 3546 3397
f 3395 3397 3396
f 3397 3546 3547
f 3397 3547 3548
f 3397 3548 3398
f 3398 3548 3549
f 3398 3549 3550
f 3390 3540 3538
f 3392 3541 3542
f 3392 3542 3543
f 3392 3543 3544
f 3392 3544 3393
f 3393 3544 3394
f 3394 3544 3545
f 3394 3545 3395
f 3386 3535 3536
f 3386 3536 3440
f 3386 3440 3389
f 3389 3440 3537
f 3389 3537 3390
f 3390 3538 3391
f 3390 3537 3539
f 3390 3539 3540
f 3382 3531 3532
f 3382 3532 3383
f 3383 3532 3533
f 3383 3533 3384
f 3384 3533 3534
f 3384 3534 3385
f 3385 3534 3535
f 3385 3535 3386
f 3411 3412 3413
f 3412 3559 3561
f 3412 3561 3562
f 3412 3562 3413
f 3413 3562 3563
f 3413 3563 3564
f 3413 3564 3560
f 3415 3560 3565
f 3407 3557 3558
f 3407 3558 3559
f 3407 3559 3412
f 3408 3413 3560
f 3408 3560 3409
f 3409 3560 3415
f 3409 3415 3414
f 3409 3414 3410
f 3403 3405 3426
f 3404 3553 3554
f 3404 3554 3405
f 3405 3554 3555
f 3405 3555 3427
f 3406 3430 3556
f 3406 3556 3557
f 3406 3557 3407
f 3398 3550 3551
f 3398 3551 3400
f 3398 3400 3399
f 3400 3551 3550
f 3400 3550 3552
f 3400 3552 3402
f 3402 3552 3553
f 3402 3553 3404
f 3430 3557 3556
f 3431 3432 3435
f 3433 3441 3536
f 3433 3536 3576
f 3433 3576 3577
f 3433 3577 3578
f 3433 3578 3434
f 3434 3578 3444
f 3427 3555 3428
f 3428 3555 3572
f 3428 3572 3573
f 3428 3573 3574
f 3428 3574 3429
f 3429 3574 3575
f 3429 3575 3557
f 3429 3557 3430
f 3423 3568 3424
f 3423 3567 3569
f 3423 3569 3570
f 3423 3570 3571
f 3423 3571 3568
f 3424 3568 3477
f 3424 3477 3425
f 3425 3477 3566
f 3415 3565 3421
f 3415 3421 3416
f 3416 3421 3420
f 3418 3425 3566
f 3418 3566 3514
f 3421 3565 3422
f 3422 3565 3567
f 3422 3567 3423
f 3448 3587 3589
f 3448 3589 3588
f 3449 3484 3450
f 3450 3484 3483
f 3450 3483 3451
f 3451 3483 3590
f 3451 3590 3591
f 3451 3591 3592
f 3444 3578 3445
f 3445 3578 3585
f 3445 3585 3586
f 3445 3586 3587
f 3445 3587 3446
f 3446 3587 3447
f 3447 3587 3448
f 3448 3588 3582
f 3438 3537 3439
f 3439 3537 3440
f 3440 3536 3441
f 3442 3448 3582
f 3442 3582 3583
f 3442 3583 3443
f 3443 3583 3584
f 3443 3584 3459
f 3435 3579 3436
f 3436 3579 3437
f 3437 3579 3580
f 3437 3580 3581
f 3437 3581 3438
f 3438 3581 3540
f 3438 3540 3539
f 3438 3539 3537
f 3465 3603 3466
f 3466 3604 3467
f 3466 3603 3605
f 3466 3605 3604
f 3467 3604 3606
f 3467 3606 3468
f 3468 3606 3471
f 3469 3472 3470
f 3461 3599 3462
f 3462 3599 3600
f 3462 3600 3463
f 3463 3600 3464
f 3464 3600 3601
f 3464 3601 3465
f 3465 3601 3602
f 3465 3602 3603
f 3456 3594 3457
f 3457 3594 3491
f 3459 3584 3460
f 3460 3584 3596
f 3460 3596 3597
f 3460 3597 3461
f 3461 3597 3598
f 3461 3598 3599
f 3451 3592 3452
f 3452 3592 3453
f 3453 3592 3593
f 3453 3593 3454
f 3454 3593 3455
f 3455 3594 3456
f 3455 3593 3595
f 3455 3595 3594
f 3481 3570 3486
f 3483 3485 3486
f 3483 3486 3613
f 3483 3613 3590
f 3486 3570 3569
f 3486 3569 3614
f 3486 3614 3615
f 3486 3615 3613
f 3476 3612 3477
f 3477 3568 3571
f 3477 3571 3480
f 3477 3480 3478
f 3479 3481 3482
f 3480 3571 3481
f 3481 3486 3482
f 3481 3571 3570
f 3474 3610 3475
f 3475 3611 3515
f 3475 3515 3514
f 3475 3514 3566
f 3475 3566 3477
f 3475 3477 3612
f 3475 3612 3476
f 3475 3610 3611
f 3469 3471 3607
f 3469 3607 3472
f 3471 3606 3608
f 3471 3608 3607
f 3472 3607 3609
f 3472 3609 3473
f 3473 3609 3474
f 3474 3609 3610
f 3502 3627 3503
f 3502 3626 3627
f 3503 3627 3628
f 3503 3628 3629
f 3503 3629 3630
f 3503 3630 3631
f 3503 3631 3504
f 3504 3631 3505
f 3493 3625 3494
f 3494 3625 3495
f 3495 3625 3616
f 3497 3619 3498
f 3498 3619 3499
f 3499 3626 3500
f 3499 3619 3626
f 3500 3626 3502
f 3490 3493 3494
f 3491 3594 3492
f 3492 3621 3622
f 3492 3622 3623
f 3492 3623 3493
f 3492 3594 3621
f 3493 3623 3624
f 3493 3624 3625
f 3487 3495 3616
f 3487 3616 3617
f 3487 3617 3488
f 3488 3617 3618
f 3488 3618 3489
f 3489 3619 3497
f 3489 3618 3620
f 3489 3620 3619
f 3512 3643 3644
f 3512 3644 3645
f 3512 3645 3513
f 3513 3645 3644
f 3515 3611 3516
f 3516 3611 3518
f 3517 3520 3646
f 3517 3646 3647
f 3510 3713 3638
f 3510 3638 3511
f 3511 3638 3639
f 3511 3639 3640
f 3511 3640 3641
f 3511 3641 3512
f 3512 3641 3642
f 3512 3642 3643
f 3507 3547 3634
f 3507 3634 3508
f 3508 3634 3509
f 3509 3634 3635
f 3509 3635 3636
f 3509 3636 3637
f 3509 3637 3510
f 3510 3637 3713
f 3505 3630 3632
f 3505 3632 3549
f 3505 3549 3633
f 3505 3633 3506
f 3505 3631 3630
f 3506 3633 3507
f 3507 3633 3548
f 3507 3548 3547
f 3529 3658 3659
f 3529 3659 3530
f 3530 3659 3531
f 3531 3660 3532
f 3531 3659 3661
f 3531 3661 3660
f 3532 3660 3534
f 3532 3534 3533
f 3526 3653 3654
f 3526 3654 3655
f 3526 3655 3527
f 3527 3655 3528
f 3528 3655 3656
f 3528 3656 3657
f 3528 3657 3529
f 3529 3657 3658
f 3522 3649 3650
f 3522 3650 3523
f 3523 3650 3651
f 3523 3651 3524
f 3524 3651 3525
f 3525 3651 3652
f 3525 3652 3526
f 3526 3652 3653
f 3517 3647 3521
f 3518 3611 3606
f 3518 3606 3519
f 3519 3648 3646
f 3519 3646 3520
f 3519 3606 3648
f 3521 3647 3649
f 3521 3649 3522
f 3554 3667 3555
f 3555 3667 3572
f 3557 3575 3668
f 3557 3668 3558
f 3558 3668 3669
f 3558 3669 3670
f 3558 3670 3671
f 3558 3671 3559
f 3549 3630 3550
f 3550 3664 3552
f 3550 3630 3665
f 3550 3665 3664
f 3552 3664 3553
f 3553 3664 3666
f 3553 3666 3554
f 3554 3666 3667
f 3543 3635 3663
f 3543 3663 3545
f 3543 3545 3544
f 3545 3663 3546
f 3546 3663 3547
f 3547 3663 3634
f 3548 3633 3549
f 3549 3632 3630
f 3534 3660 3577
f 3534 3577 3662
f 3534 3662 3576
f 3534 3576 3535
f 3535 3576 3536
f 3541 3636 3542
f 3542 3636 3635
f 3542 3635 3543
f 3574 3684 3668
f 3574 3668 3575
f 3576 3662 3577
f 3577 3660 3661
f 3577 3661 3685
f 3577 3685 3586
f 3577 3586 3585
f 3577 3585 3578
f 3572 3667 3679
f 3572 3679 3680
f 3572 3680 3573
f 3573 3680 3681
f 3573 3681 3574
f 3574 3681 3682
f 3574 3682 3683
f 3574 3683 3684
f 3563 3675 3676
f 3563 3676 3564
f 3564 3677 3565
f 3564 3676 3677
f 3565 3677 3678
f 3565 3678 3567
f 3567 3678 3569
f 3569 3678 3614
f 3559 3671 3672
f 3559 3672 3561
f 3560 3564 3565
f 3561 3672 3673
f 3561 3673 3674
f 3561 3674 3562
f 3562 3674 3563
f 3563 3674 3675
f 3596 3696 3597
f 3597 3696 3598
f 3598 3600 3599
f 3598 3696 3697
f 3598 3697 3698
f 3598 3698 3600
f 3600 3698 3601
f 3601 3698 3699
f 3591 3693 3593
f 3591 3593 3592
f 3593 3693 3595
f 3594 3595 3621
f 3595 3693 3621
f 3596 3687 3694
f 3596 3694 3695
f 3596 3695 3696
f 3588 3589 3689
f 3588 3689 3686
f 3589 3688 3689
f 3590 3613 3690
f 3590 3690 3691
f 3590 3691 3591
f 3591 3691 3692
f 3591 3692 3693
f 3582 3588 3686
f 3582 3686 3583
f 3583 3686 3687
f 3583 3687 3584
f 3584 3687 3596
f 3586 3685 3587
f 3587 3685 3688
f 3587 3688 3589
f 3618 3704 3680
f 3618 3680 3679
f 3618 3679 3705
f 3618 3705 3620
f 3619 3620 3626
f 3620 3705 3665
f 3620 3665 3628
f 3620 3628 3627
f 3615 3702 3703
f 3615 3703 3690
f 3616 3625 3683
f 3616 3683 3682
f 3616 3682 3617
f 3617 3682 3681
f 3617 3681 3704
f 3617 3704 3618
f 3606 3701 3608
f 3607 3608 3701
f 3607 3701 3609
f 3609 3701 3610
f 3610 3701 3611
f 3613 3615 3690
f 3614 3678 3702
f 3614 3702 3615
f 3601 3699 3602
f 3602 3699 3700
f 3602 3700 3603
f 3603 3700 3605
f 3604 3605 3606
f 3605 3700 3648
f 3605 3648 3606
f 3606 3611 3701
f 3647 3716 3649
f 3648 3700 3715
f 3649 3716 3650
f 3650 3716 3717
f 3650 3717 3718
f 3650 3718 3651
f 3651 3718 3719
f 3651 3719 3653
f 3634 3663 3635
f 3636 3712 3637
f 3637 3712 3713
f 3640 3714 3641
f 3641 3714 3642
f 3646 3648 3715
f 3646 3715 3716
f 3646 3716 3647
f 3623 3709 3708
f 3623 3708 3710
f 3623 3710 3711
f 3623 3711 3624
f 3624 3711 3683
f 3624 3683 3625
f 3628 3665 3629
f 3629 3665 3630
f 3620 3627 3626
f 3621 3693 3622
f 3622 3692 3706
f 3622 3706 3707
f 3622 3707 3708
f 3622 3708 3709
f 3622 3709 3623
f 3622 3693 3692
f 3670 3684 3683
f 3670 3683 3711
f 3670 3711 3710
f 3670 3710 3672
f 3672 3710 3708
f 3672 3708 3673
f 3673 3708 3707
f 3673 3707 3724
f 3659 3685 3661
f 3664 3665 3705
f 3664 3705 3666
f 3666 3705 3667
f 3667 3705 3679
f 3668 3684 3669
f 3669 3684 3670
f 3670 3672 3671
f 3655 3686 3722
f 3655 3722 3723
f 3655 3723 3656
f 3656 3723 3657
f 3657 3723 3689
f 3657 3689 3658
f 3658 3689 3685
f 3658 3685 3659
f 3651 3653 3652
f 3653 3719 3697
f 3653 3697 3695
f 3653 3695 3654
f 3654 3695 3720
f 3654 3720 3655
f 3655 3720 3721
f 3655 3721 3686
f 3699 3719 3717
f 3699 3717 3700
f 3700 3717 3716
f 3700 3716 3715
f 3706 3725 3724
f 3706 3724 3707
f 3717 3719 3718
f 3722 3726 3723
f 3690 3703 3725
f 3690 3725 3691
f 3691 3725 3706
f 3691 3706 3692
f 3694 3720 3695
f 3695 3697 3696
f 3697 3719 3698
f 3698 3719 3699
f 3680 3704 3681
f 3685 3689 3688
f 3686 3689 3726
f 3686 3726 3722
f 3686 3721 3687
f 3687 3721 3720
f 3687 3720 3694
f 3689 3723 3726
f 3673 3724 3674
f 3674 3724 3675
f 3675 3724 3725
f 3675 3725 3703
f 3675 3703 3676
f 3676 3703 3702
f 3676 3702 3677
f 3677 3702 3678
f 1 310 368
f 1 368 437
f 1 437 512
f 1 512 583
f 1 583 586
f 1 586 662
f 1 662 746
f 1 746 849
f 1 55 83
f 1 83 108
f 1 108 136
f 1 136 172
f 1 172 209
f 1 209 256
f 1 256 255
f 1 255 310
f 1 2 3
f 1 3 4
f 1 4 5
f 1 5 6
f 1 6 13
f 1 13 22
f 1 22 35
f 1 35 55

