# https://github.com/mikedh/trimesh
v 0.00460433 -0.03791865 0.00188560 0.43529412 0.89019608 0.96078431
v 0.00460433 -0.03791135 0.00083344 0.43529412 0.89019608 0.96078431
v 0.00561640 -0.03780919 0.00188560 0.43529412 0.89019608 0.96078431
v 0.00460433 -0.03791865 0.00209317 0.43529412 0.89019608 0.96078431
v 0.00460433 -0.03790771 0.00062587 0.43529412 0.89019608 0.96078431
v 0.00558002 -0.03780189 0.00062587 0.43529412 0.89019608 0.96078431
v 0.00624481 -0.03771432 0.00188560 0.43529412 0.89019608 0.96078431
v 0.00623489 -0.03771067 0.00313818 0.43529412 0.89019608 0.96078431
v 0.00560648 -0.03779824 0.00313818 0.43529412 0.89019608 0.96078431
v 0.00460433 -0.03791135 0.00313818 0.43529412 0.89019608 0.96078431
v 0.00460433 -0.03787487 -0.00041198 0.43529412 0.89019608 0.96078431
v 0.00460433 -0.03786757 -0.00062671 0.43529412 0.89019608 0.96078431
v 0.00541795 -0.03777635 -0.00062671 0.43529412 0.89019608 0.96078431
v 0.00620843 -0.03770702 0.00062587 0.43529412 0.89019608 0.96078431
v 0.00691621 -0.03760121 0.00313818 0.43529412 0.89019608 0.96078431
v 0.00691621 -0.03757202 0.00439791 0.43529412 0.89019608 0.96078431
v 0.00613897 -0.03769608 0.00439791 0.43529412 0.89019608 0.96078431
v 0.00551056 -0.03778365 0.00439791 0.43529412 0.89019608 0.96078431
v 0.00460433 -0.03788946 0.00439791 0.43529412 0.89019608 0.96078431
v 0.00460433 -0.03790771 0.00336722 0.43529412 0.89019608 0.96078431
v 0.00460433 -0.03780189 -0.00185065 0.43529412 0.89019608 0.96078431
v 0.00604636 -0.03768148 -0.00062671 0.43529412 0.89019608 0.96078431
v 0.00500784 -0.03771797 -0.00247336 0.43529412 0.89019608 0.96078431
v 0.00563624 -0.03765959 -0.00198664 0.43529412 0.89019608 0.96078431
v 0.00691621 -0.03756107 0.00062587 0.43529412 0.89019608 0.96078431
v 0.00691621 -0.03758661 0.00188560 0.43529412 0.89019608 0.96078431
v 0.00691621 -0.03750999 -0.00062671 0.43529412 0.89019608 0.96078431
v 0.00817303 -0.03732025 0.00313818 0.43529412 0.89019608 0.96078431
v 0.00817303 -0.03731296 0.00188560 0.43529412 0.89019608 0.96078431
v 0.00817303 -0.03726917 0.00439791 0.43529412 0.89019608 0.96078431
v 0.00817303 -0.03719255 0.00565764 0.43529412 0.89019608 0.96078431
v 0.00691621 -0.03749175 0.00565764 0.43529412 0.89019608 0.96078431
v 0.00594714 -0.03766689 0.00565764 0.43529412 0.89019608 0.96078431
v 0.00531873 -0.03776175 0.00565764 0.43529412 0.89019608 0.96078431
v 0.00460433 -0.03784568 0.00565764 0.43529412 0.89019608 0.96078431
v 0.00460433 -0.03778729 -0.00207254 0.43529412 0.89019608 0.96078431
v 0.00691621 -0.03743336 -0.00187928 0.43529412 0.89019608 0.96078431
v 0.00460433 -0.03770337 -0.00313901 0.43529412 0.89019608 0.96078431
v 0.00475316 -0.03768513 -0.00313901 0.43529412 0.89019608 0.96078431
v 0.00565940 -0.03756107 -0.00313901 0.43529412 0.89019608 0.96078431
v 0.00691621 -0.03733120 -0.00313901 0.43529412 0.89019608 0.96078431
v 0.00817303 -0.03728376 0.00062587 0.43529412 0.89019608 0.96078431
v 0.00817303 -0.03723268 -0.00062671 0.43529412 0.89019608 0.96078431
v 0.00943316 -0.03695903 0.00313818 0.43529412 0.89019608 0.96078431
v 0.01053453 -0.03660144 0.00439791 0.43529412 0.89019608 0.96078431
v 0.01044854 -0.03657590 0.00565764 0.43529412 0.89019608 0.96078431
v 0.00943316 -0.03696632 0.00188560 0.43529412 0.89019608 0.96078431
v 0.01034270 -0.03655036 0.00691021 0.43529412 0.89019608 0.96078431
v 0.00943316 -0.03679848 0.00691021 0.43529412 0.89019608 0.96078431
v 0.00817303 -0.03711227 0.00691021 0.43529412 0.89019608 0.96078431
v 0.00691621 -0.03739688 0.00691021 0.43529412 0.89019608 0.96078431
v 0.00560317 -0.03763405 0.00693884 0.43529412 0.89019608 0.96078431
v 0.00514344 -0.03773621 0.00653802 0.43529412 0.89019608 0.96078431
v 0.00460433 -0.03783473 0.00589384 0.43529412 0.89019608 0.96078431
v 0.00817303 -0.03714876 -0.00187928 0.43529412 0.89019608 0.96078431
v 0.00460433 -0.03765959 -0.00354699 0.43529412 0.89019608 0.96078431
v 0.00460433 -0.03757202 -0.00433433 0.43529412 0.89019608 0.96078431
v 0.00565940 -0.03741877 -0.00439875 0.43529412 0.89019608 0.96078431
v 0.00691621 -0.03719255 -0.00439875 0.43529412 0.89019608 0.96078431
v 0.00817303 -0.03703565 -0.00313901 0.43529412 0.89019608 0.96078431
v 0.00817303 -0.03690429 -0.00439875 0.43529412 0.89019608 0.96078431
v 0.00943316 -0.03693713 0.00062587 0.43529412 0.89019608 0.96078431
v 0.00943316 -0.03689699 -0.00062671 0.43529412 0.89019608 0.96078431
v 0.00943316 -0.03682037 -0.00187928 0.43529412 0.89019608 0.96078431
v 0.01057091 -0.03661969 0.00313818 0.43529412 0.89019608 0.96078431
v 0.01116294 -0.03641536 0.00439791 0.43529412 0.89019608 0.96078431
v 0.01107694 -0.03638982 0.00565764 0.43529412 0.89019608 0.96078431
v 0.01118940 -0.03642266 0.00188560 0.43529412 0.89019608 0.96078431
v 0.01119932 -0.03642630 0.00313818 0.43529412 0.89019608 0.96078431
v 0.01115632 -0.03641536 0.00062587 0.43529412 0.89019608 0.96078431
v 0.01097111 -0.03635333 0.00691021 0.43529412 0.89019608 0.96078431
v 0.01080904 -0.03630590 0.00816995 0.43529412 0.89019608 0.96078431
v 0.01018063 -0.03649928 0.00816995 0.43529412 0.89019608 0.96078431
v 0.00943316 -0.03669996 0.00816995 0.43529412 0.89019608 0.96078431
v 0.00817303 -0.03700281 0.00816995 0.43529412 0.89019608 0.96078431
v 0.00691621 -0.03702105 0.01068225 0.43529412 0.89019608 0.96078431
v 0.00565940 -0.03725093 0.01068225 0.43529412 0.89019608 0.96078431
v 0.00491523 -0.03770702 0.00737546 0.43529412 0.89019608 0.96078431
v 0.00460433 -0.03777635 0.00685295 0.43529412 0.89019608 0.96078431
v 0.00943316 -0.03671091 -0.00313901 0.43529412 0.89019608 0.96078431
v 0.00460433 -0.03740418 -0.00565132 0.43529412 0.89019608 0.96078431
v 0.00565940 -0.03725822 -0.00565132 0.43529412 0.89019608 0.96078431
v 0.00691621 -0.03703200 -0.00565132 0.43529412 0.89019608 0.96078431
v 0.00817303 -0.03674740 -0.00565132 0.43529412 0.89019608 0.96078431
v 0.01010126 -0.03647374 -0.00386193 0.43529412 0.89019608 0.96078431
v 0.00904619 -0.03652847 -0.00565132 0.43529412 0.89019608 0.96078431
v 0.01110010 -0.03639711 -0.00062671 0.43529412 0.89019608 0.96078431
v 0.01035593 -0.03655036 -0.00187928 0.43529412 0.89019608 0.96078431
v 0.01020048 -0.03650293 -0.00313901 0.43529412 0.89019608 0.96078431
v 0.01194680 -0.03615265 0.00439791 0.43529412 0.89019608 0.96078431
v 0.01194680 -0.03609791 0.00565764 0.43529412 0.89019608 0.96078431
v 0.01194680 -0.03602859 0.00691021 0.43529412 0.89019608 0.96078431
v 0.01194680 -0.03617089 0.00188560 0.43529412 0.89019608 0.96078431
v 0.01194680 -0.03615629 0.00062587 0.43529412 0.89019608 0.96078431
v 0.01194680 -0.03617454 0.00313818 0.43529412 0.89019608 0.96078431
v 0.01194680 -0.03593372 0.00816995 0.43529412 0.89019608 0.96078431
v 0.01194680 -0.03580966 0.00942968 0.43529412 0.89019608 0.96078431
v 0.01056760 -0.03625116 0.00931516 0.43529412 0.89019608 0.96078431
v 0.01006818 -0.03646279 0.00881413 0.43529412 0.89019608 0.96078431
v 0.00886759 -0.03648104 0.01144811 0.43529412 0.89019608 0.96078431
v 0.00817303 -0.03674010 0.01068225 0.43529412 0.89019608 0.96078431
v 0.00817303 -0.03687145 0.00942968 0.43529412 0.89019608 0.96078431
v 0.00691621 -0.03687875 0.01194199 0.43529412 0.89019608 0.96078431
v 0.00565940 -0.03711957 0.01194199 0.43529412 0.89019608 0.96078431
v 0.00460433 -0.03729836 0.01194199 0.43529412 0.89019608 0.96078431
v 0.00460433 -0.03768148 0.00800532 0.43529412 0.89019608 0.96078431
v 0.00460433 -0.03772162 0.00759018 0.43529412 0.89019608 0.96078431
v 0.00460433 -0.03776175 0.00707484 0.43529412 0.89019608 0.96078431
v 0.00460433 -0.03742242 0.01068225 0.43529412 0.89019608 0.96078431
v 0.00460433 -0.03726187 -0.00671064 0.43529412 0.89019608 0.96078431
v 0.00565940 -0.03707943 -0.00691105 0.43529412 0.89019608 0.96078431
v 0.00820280 -0.03657590 -0.00686095 0.43529412 0.89019608 0.96078431
v 0.00691621 -0.03684956 -0.00691105 0.43529412 0.89019608 0.96078431
v 0.00780260 -0.03652117 -0.00788448 0.43529412 0.89019608 0.96078431
v 0.00863938 -0.03642266 -0.00724030 0.43529412 0.89019608 0.96078431
v 0.00886098 -0.03647739 -0.00640286 0.43529412 0.89019608 0.96078431
v 0.01058745 -0.03626576 -0.00432717 0.43529412 0.89019608 0.96078431
v 0.01194680 -0.03582061 -0.00439875 0.43529412 0.89019608 0.96078431
v 0.01194680 -0.03595926 -0.00313901 0.43529412 0.89019608 0.96078431
v 0.01082889 -0.03631319 -0.00313901 0.43529412 0.89019608 0.96078431
v 0.00967460 -0.03636062 -0.00565132 0.43529412 0.89019608 0.96078431
v 0.01068998 -0.03606143 -0.00565132 0.43529412 0.89019608 0.96078431
v 0.01098434 -0.03636062 -0.00187928 0.43529412 0.89019608 0.96078431
v 0.01194680 -0.03605048 -0.00187928 0.43529412 0.89019608 0.96078431
v 0.01194680 -0.03611616 -0.00062671 0.43529412 0.89019608 0.96078431
v 0.01320361 -0.03569290 0.00439791 0.43529412 0.89019608 0.96078431
v 0.01320361 -0.03572574 0.00313818 0.43529412 0.89019608 0.96078431
v 0.01320361 -0.03563817 0.00565764 0.43529412 0.89019608 0.96078431
v 0.01320361 -0.03556884 0.00691021 0.43529412 0.89019608 0.96078431
v 0.01332599 -0.03542654 0.00827731 0.43529412 0.89019608 0.96078431
v 0.01320361 -0.03572574 0.00188560 0.43529412 0.89019608 0.96078431
v 0.01320361 -0.03570750 0.00062587 0.43529412 0.89019608 0.96078431
v 0.01382541 -0.03520396 0.00876402 0.43529412 0.89019608 0.96078431
v 0.01310770 -0.03540100 0.00942968 0.43529412 0.89019608 0.96078431
v 0.01291918 -0.03533167 0.01068225 0.43529412 0.89019608 0.96078431
v 0.01194680 -0.03566736 0.01068225 0.43529412 0.89019608 0.96078431
v 0.01068998 -0.03590453 0.01194199 0.43529412 0.89019608 0.96078431
v 0.00820280 -0.03658685 0.01189904 0.43529412 0.89019608 0.96078431
v 0.01068998 -0.03574398 0.01320172 0.43529412 0.89019608 0.96078431
v 0.00943316 -0.03609427 0.01320172 0.43529412 0.89019608 0.96078431
v 0.00864269 -0.03642266 0.01228555 0.43529412 0.89019608 0.96078431
v 0.00776291 -0.03651752 0.01320172 0.43529412 0.89019608 0.96078431
v 0.00757770 -0.03647009 0.01387453 0.43529412 0.89019608 0.96078431
v 0.00565940 -0.03695173 0.01320172 0.43529412 0.89019608 0.96078431
v 0.00460433 -0.03714146 0.01320172 0.43529412 0.89019608 0.96078431
v 0.00460433 -0.03723268 -0.00691105 0.43529412 0.89019608 0.96078431
v 0.00460433 -0.03706484 -0.00797037 0.43529412 0.89019608 0.96078431
v 0.00565940 -0.03687875 -0.00817078 0.43529412 0.89019608 0.96078431
v 0.00700221 -0.03662334 -0.00824952 0.43529412 0.89019608 0.96078431
v 0.00747848 -0.03644820 -0.00872192 0.43529412 0.89019608 0.96078431
v 0.00820280 -0.03636428 -0.00824952 0.43529412 0.89019608 0.96078431
v 0.00934055 -0.03628400 -0.00686095 0.43529412 0.89019608 0.96078431
v 0.00943316 -0.03604683 -0.00817078 0.43529412 0.89019608 0.96078431
v 0.01308124 -0.03540465 -0.00439875 0.43529412 0.89019608 0.96078431
v 0.01194680 -0.03564547 -0.00565132 0.43529412 0.89019608 0.96078431
v 0.01285964 -0.03531343 -0.00565132 0.43529412 0.89019608 0.96078431
v 0.01331607 -0.03544114 -0.00320343 0.43529412 0.89019608 0.96078431
v 0.01320361 -0.03558344 -0.00187928 0.43529412 0.89019608 0.96078431
v 0.01068998 -0.03587534 -0.00691105 0.43529412 0.89019608 0.96078431
v 0.01320361 -0.03565641 -0.00062671 0.43529412 0.89019608 0.96078431
v 0.01410654 -0.03532437 0.00439791 0.43529412 0.89019608 0.96078431
v 0.01405362 -0.03529883 0.00565764 0.43529412 0.89019608 0.96078431
v 0.01415946 -0.03534627 0.00313818 0.43529412 0.89019608 0.96078431
v 0.01418261 -0.03534992 0.00188560 0.43529412 0.89019608 0.96078431
v 0.01397424 -0.03526235 0.00691021 0.43529412 0.89019608 0.96078431
v 0.01389486 -0.03522951 0.00792659 0.43529412 0.89019608 0.96078431
v 0.01414954 -0.03533532 0.00062587 0.43529412 0.89019608 0.96078431
v 0.01437444 -0.03501058 0.00827731 0.43529412 0.89019608 0.96078431
v 0.01446043 -0.03487193 0.00942968 0.43529412 0.89019608 0.96078431
v 0.01373611 -0.03516748 0.00942968 0.43529412 0.89019608 0.96078431
v 0.01354759 -0.03509815 0.01068225 0.43529412 0.89019608 0.96078431
v 0.01317385 -0.03505801 0.01206366 0.43529412 0.89019608 0.96078431
v 0.01273727 -0.03526235 0.01173442 0.43529412 0.89019608 0.96078431
v 0.01207248 -0.03544843 0.01206366 0.43529412 0.89019608 0.96078431
v 0.01181781 -0.03537911 0.01320172 0.43529412 0.89019608 0.96078431
v 0.01068998 -0.03555060 0.01445429 0.43529412 0.89019608 0.96078431
v 0.00943316 -0.03591183 0.01445429 0.43529412 0.89019608 0.96078431
v 0.00817303 -0.03601035 0.01571402 0.43529412 0.89019608 0.96078431
v 0.00725357 -0.03640076 0.01471197 0.43529412 0.89019608 0.96078431
v 0.00641349 -0.03648833 0.01523447 0.43529412 0.89019608 0.96078431
v 0.00686660 -0.03653577 0.01436124 0.43529412 0.89019608 0.96078431
v 0.00565940 -0.03676199 0.01445429 0.43529412 0.89019608 0.96078431
v 0.00460433 -0.03694078 0.01445429 0.43529412 0.89019608 0.96078431
v 0.00460433 -0.03703200 -0.00817078 0.43529412 0.89019608 0.96078431
v 0.00460433 -0.03681672 -0.00943767 0.43529412 0.89019608 0.96078431
v 0.00573216 -0.03661969 -0.00950209 0.43529412 0.89019608 0.96078431
v 0.00663839 -0.03652847 -0.00912990 0.43529412 0.89019608 0.96078431
v 0.00817303 -0.03614170 -0.00942336 0.43529412 0.89019608 0.96078431
v 0.00619851 -0.03644455 -0.00996733 0.43529412 0.89019608 0.96078431
v 0.00691621 -0.03615994 -0.01068309 0.43529412 0.89019608 0.96078431
v 0.00817303 -0.03588629 -0.01068309 0.43529412 0.89019608 0.96078431
v 0.00943316 -0.03581696 -0.00942336 0.43529412 0.89019608 0.96078431
v 0.01077266 -0.03540830 -0.00947346 0.43529412 0.89019608 0.96078431
v 0.01068998 -0.03566371 -0.00817078 0.43529412 0.89019608 0.96078431
v 0.01370965 -0.03515653 -0.00439875 0.43529412 0.89019608 0.96078431
v 0.01381218 -0.03519667 -0.00366867 0.43529412 0.89019608 0.96078431
v 0.01348805 -0.03507261 -0.00565132 0.43529412 0.89019608 0.96078431
v 0.01203940 -0.03541924 -0.00695400 0.43529412 0.89019608 0.96078431
v 0.01252229 -0.03518572 -0.00739777 0.43529412 0.89019608 0.96078431
v 0.01314077 -0.03501423 -0.00695400 0.43529412 0.89019608 0.96078431
v 0.01389486 -0.03523315 -0.00283124 0.43529412 0.89019608 0.96078431
v 0.01407016 -0.03530613 -0.00062671 0.43529412 0.89019608 0.96078431
v 0.01169874 -0.03533532 -0.00817078 0.43529412 0.89019608 0.96078431
v 0.01468203 -0.03502883 0.00565764 0.43529412 0.89019608 0.96078431
v 0.01460265 -0.03499963 0.00691021 0.43529412 0.89019608 0.96078431
v 0.01478787 -0.03507261 0.00313818 0.43529412 0.89019608 0.96078431
v 0.01481102 -0.03508721 0.00188560 0.43529412 0.89019608 0.96078431
v 0.01477795 -0.03506896 0.00062587 0.43529412 0.89019608 0.96078431
v 0.01571725 -0.03442313 0.00816995 0.43529412 0.89019608 0.96078431
v 0.01571725 -0.03431731 0.00942968 0.43529412 0.89019608 0.96078431
v 0.01578671 -0.03416041 0.01058205 0.43529412 0.89019608 0.96078431
v 0.01446043 -0.03473327 0.01068225 0.43529412 0.89019608 0.96078431
v 0.01446043 -0.03457638 0.01194199 0.43529412 0.89019608 0.96078431
v 0.01320361 -0.03489017 0.01320172 0.43529412 0.89019608 0.96078431
v 0.01257520 -0.03520396 0.01257185 0.43529412 0.89019608 0.96078431
v 0.01244952 -0.03516018 0.01320172 0.43529412 0.89019608 0.96078431
v 0.01215847 -0.03506531 0.01445429 0.43529412 0.89019608 0.96078431
v 0.01153006 -0.03527329 0.01445429 0.43529412 0.89019608 0.96078431
v 0.01135146 -0.03521491 0.01514858 0.43529412 0.89019608 0.96078431
v 0.01068667 -0.03533897 0.01562813 0.43529412 0.89019608 0.96078431
v 0.00943316 -0.03569290 0.01571402 0.43529412 0.89019608 0.96078431
v 0.00686660 -0.03631319 0.01567824 0.43529412 0.89019608 0.96078431
v 0.00817303 -0.03576952 0.01697376 0.43529412 0.89019608 0.96078431
v 0.00691621 -0.03606143 0.01697376 0.43529412 0.89019608 0.96078431
v 0.00599014 -0.03641536 0.01607190 0.43529412 0.89019608 0.96078431
v 0.00560648 -0.03655401 0.01567824 0.43529412 0.89019608 0.96078431
v 0.00460433 -0.03690429 0.01466186 0.43529412 0.89019608 0.96078431
v 0.00460433 -0.03657590 -0.01064730 0.43529412 0.89019608 0.96078431
v 0.00535842 -0.03652482 -0.01033953 0.43529412 0.89019608 0.96078431
v 0.00943316 -0.03556884 -0.01068309 0.43529412 0.89019608 0.96078431
v 0.00573216 -0.03637522 -0.01073319 0.43529412 0.89019608 0.96078431
v 0.00691621 -0.03587899 -0.01194282 0.43529412 0.89019608 0.96078431
v 0.00817303 -0.03560533 -0.01194282 0.43529412 0.89019608 0.96078431
v 0.00896020 -0.03524410 -0.01271584 0.43529412 0.89019608 0.96078431
v 0.00940009 -0.03532073 -0.01187841 0.43529412 0.89019608 0.96078431
v 0.01037246 -0.03530248 -0.01068309 0.43529412 0.89019608 0.96078431
v 0.01124893 -0.03518207 -0.00993155 0.43529412 0.89019608 0.96078431
v 0.01446043 -0.03484639 -0.00439875 0.43529412 0.89019608 0.96078431
v 0.01446043 -0.03468219 -0.00565132 0.43529412 0.89019608 0.96078431
v 0.01437444 -0.03499963 -0.00320343 0.43529412 0.89019608 0.96078431
v 0.01571725 -0.03430637 -0.00439875 0.43529412 0.89019608 0.96078431
v 0.01446043 -0.03449975 -0.00691105 0.43529412 0.89019608 0.96078431
v 0.01232715 -0.03512004 -0.00817078 0.43529412 0.89019608 0.96078431
v 0.01320361 -0.03478800 -0.00817078 0.43529412 0.89019608 0.96078431
v 0.01460265 -0.03499599 -0.00187928 0.43529412 0.89019608 0.96078431
v 0.01469857 -0.03503612 -0.00062671 0.43529412 0.89019608 0.96078431
v 0.01571725 -0.03455813 0.00565764 0.43529412 0.89019608 0.96078431
v 0.01571725 -0.03450340 0.00691021 0.43529412 0.89019608 0.96078431
v 0.01571725 -0.03464205 0.00313818 0.43529412 0.89019608 0.96078431
v 0.01571725 -0.03466760 0.00188560 0.43529412 0.89019608 0.96078431
v 0.01571725 -0.03464205 0.00062587 0.43529412 0.89019608 0.96078431
v 0.01571725 -0.03458367 -0.00062671 0.43529412 0.89019608 0.96078431
v 0.01652757 -0.03403636 0.00816995 0.43529412 0.89019608 0.96078431
v 0.01642504 -0.03398528 0.00942968 0.43529412 0.89019608 0.96078431
v 0.01635558 -0.03395244 0.01009533 0.43529412 0.89019608 0.96078431
v 0.01625305 -0.03390135 0.01093277 0.43529412 0.89019608 0.96078431
v 0.01612076 -0.03384297 0.01194199 0.43529412 0.89019608 0.96078431
v 0.01548904 -0.03413123 0.01194199 0.43529412 0.89019608 0.96078431
v 0.01529721 -0.03403636 0.01320172 0.43529412 0.89019608 0.96078431
v 0.01446043 -0.03439394 0.01320172 0.43529412 0.89019608 0.96078431
v 0.01320361 -0.03468219 0.01445429 0.43529412 0.89019608 0.96078431
v 0.01320361 -0.03444137 0.01571402 0.43529412 0.89019608 0.96078431
v 0.01184096 -0.03495585 0.01562813 0.43529412 0.89019608 0.96078431
v 0.01110340 -0.03513829 0.01598601 0.43529412 0.89019608 0.96078431
v 0.01026663 -0.03526599 0.01661588 0.43529412 0.89019608 0.96078431
v 0.00949269 -0.03540830 0.01700954 0.43529412 0.89019608 0.96078431
v 0.00880806 -0.03520761 0.01886336 0.43529412 0.89019608 0.96078431
v 0.00817303 -0.03550316 0.01822633 0.43529412 0.89019608 0.96078431
v 0.00560648 -0.03630954 0.01689502 0.43529412 0.89019608 0.96078431
v 0.00691621 -0.03579507 0.01822633 0.43529412 0.89019608 0.96078431
v 0.00515336 -0.03648104 0.01642262 0.43529412 0.89019608 0.96078431
v 0.00460433 -0.03666347 0.01590012 0.43529412 0.89019608 0.96078431
v 0.00460433 -0.03651022 -0.01095508 0.43529412 0.89019608 0.96078431
v 0.00480939 -0.03643360 -0.01117696 0.43529412 0.89019608 0.96078431
v 0.00979697 -0.03513464 -0.01225776 0.43529412 0.89019608 0.96078431
v 0.01012441 -0.03522586 -0.01142032 0.43529412 0.89019608 0.96078431
v 0.00565940 -0.03611616 -0.01194282 0.43529412 0.89019608 0.96078431
v 0.00565940 -0.03580966 -0.01319540 0.43529412 0.89019608 0.96078431
v 0.00691621 -0.03556884 -0.01319540 0.43529412 0.89019608 0.96078431
v 0.00766700 -0.03523315 -0.01392547 0.43529412 0.89019608 0.96078431
v 0.00812011 -0.03532437 -0.01315961 0.43529412 0.89019608 0.96078431
v 0.00850377 -0.03513099 -0.01356043 0.43529412 0.89019608 0.96078431
v 0.00940009 -0.03500328 -0.01315961 0.43529412 0.89019608 0.96078431
v 0.01190711 -0.03502883 -0.00947346 0.43529412 0.89019608 0.96078431
v 0.01060068 -0.03496315 -0.01187841 0.43529412 0.89019608 0.96078431
v 0.01194680 -0.03448880 -0.01194282 0.43529412 0.89019608 0.96078431
v 0.01194680 -0.03476976 -0.01068309 0.43529412 0.89019608 0.96078431
v 0.01331937 -0.03423704 -0.01079045 0.43529412 0.89019608 0.96078431
v 0.01578009 -0.03414217 -0.00555111 0.43529412 0.89019608 0.96078431
v 0.01543612 -0.03409474 -0.00691105 0.43529412 0.89019608 0.96078431
v 0.01623652 -0.03390135 -0.00590184 0.43529412 0.89019608 0.96078431
v 0.01571725 -0.03442313 -0.00313901 0.43529412 0.89019608 0.96078431
v 0.01643496 -0.03398892 -0.00439875 0.43529412 0.89019608 0.96078431
v 0.01635558 -0.03395244 -0.00506440 0.43529412 0.89019608 0.96078431
v 0.01457619 -0.03422609 -0.00827099 0.43529412 0.89019608 0.96078431
v 0.01524098 -0.03401447 -0.00792743 0.43529412 0.89019608 0.96078431
v 0.01320361 -0.03455448 -0.00942336 0.43529412 0.89019608 0.96078431
v 0.01429837 -0.03413123 -0.00942336 0.43529412 0.89019608 0.96078431
v 0.01492678 -0.03388311 -0.00942336 0.43529412 0.89019608 0.96078431
v 0.01507561 -0.03394149 -0.00876486 0.43529412 0.89019608 0.96078431
v 0.01571725 -0.03451070 -0.00187928 0.43529412 0.89019608 0.96078431
v 0.01665325 -0.03410569 0.00565764 0.43529412 0.89019608 0.96078431
v 0.01660033 -0.03407649 0.00691021 0.43529412 0.89019608 0.96078431
v 0.01673924 -0.03414582 0.00313818 0.43529412 0.89019608 0.96078431
v 0.01676570 -0.03415677 0.00188560 0.43529412 0.89019608 0.96078431
v 0.01674917 -0.03414582 0.00062587 0.43529412 0.89019608 0.96078431
v 0.01670617 -0.03412393 -0.00062671 0.43529412 0.89019608 0.96078431
v 0.01664002 -0.03409109 -0.00187928 0.43529412 0.89019608 0.96078431
v 0.01715598 -0.03372256 0.00816995 0.43529412 0.89019608 0.96078431
v 0.01705345 -0.03367148 0.00942968 0.43529412 0.89019608 0.96078431
v 0.01697738 -0.03340877 0.01194199 0.43529412 0.89019608 0.96078431
v 0.01697738 -0.03325187 0.01320172 0.43529412 0.89019608 0.96078431
v 0.01592562 -0.03375905 0.01320172 0.43529412 0.89019608 0.96078431
v 0.01515830 -0.03397798 0.01397473 0.43529412 0.89019608 0.96078431
v 0.01451004 -0.03416041 0.01441850 0.43529412 0.89019608 0.96078431
v 0.01412969 -0.03407285 0.01571402 0.43529412 0.89019608 0.96078431
v 0.01394117 -0.03399257 0.01652999 0.43529412 0.89019608 0.96078431
v 0.01194680 -0.03463111 0.01697376 0.43529412 0.89019608 0.96078431
v 0.01068667 -0.03505071 0.01700954 0.43529412 0.89019608 0.96078431
v 0.01068998 -0.03476246 0.01822633 0.43529412 0.89019608 0.96078431
v 0.00931078 -0.03491571 0.01936438 0.43529412 0.89019608 0.96078431
v 0.00817303 -0.03510910 0.01975805 0.43529412 0.89019608 0.96078431
v 0.00817303 -0.03528424 0.01912819 0.43529412 0.89019608 0.96078431
v 0.00565940 -0.03600305 0.01822633 0.43529412 0.89019608 0.96078431
v 0.00699229 -0.03542654 0.01957195 0.43529412 0.89019608 0.96078431
v 0.00565940 -0.03567466 0.01948606 0.43529412 0.89019608 0.96078431
v 0.00460433 -0.03651752 0.01658725 0.43529412 0.89019608 0.96078431
v 0.00460433 -0.03637887 -0.01152768 0.43529412 0.89019608 0.96078431
v 0.01079251 -0.03421150 -0.01455534 0.43529412 0.89019608 0.96078431
v 0.01127870 -0.03393419 -0.01504205 0.43529412 0.89019608 0.96078431
v 0.01068998 -0.03461286 -0.01319540 0.43529412 0.89019608 0.96078431
v 0.00460433 -0.03601764 -0.01299499 0.43529412 0.89019608 0.96078431
v 0.00460433 -0.03596656 -0.01319540 0.43529412 0.89019608 0.96078431
v 0.00460433 -0.03568925 -0.01425472 0.43529412 0.89019608 0.96078431
v 0.00460433 -0.03563087 -0.01447660 0.43529412 0.89019608 0.96078431
v 0.00577516 -0.03542289 -0.01457681 0.43529412 0.89019608 0.96078431
v 0.00627458 -0.03520032 -0.01507784 0.43529412 0.89019608 0.96078431
v 0.00691621 -0.03530978 -0.01421177 0.43529412 0.89019608 0.96078431
v 0.00691621 -0.03513099 -0.01484164 0.43529412 0.89019608 0.96078431
v 0.00691621 -0.03487922 -0.01571486 0.43529412 0.89019608 0.96078431
v 0.00817303 -0.03459097 -0.01571486 0.43529412 0.89019608 0.96078431
v 0.00812011 -0.03498869 -0.01439071 0.43529412 0.89019608 0.96078431
v 0.00870883 -0.03392689 -0.01752573 0.43529412 0.89019608 0.96078431
v 0.00943316 -0.03463111 -0.01445513 0.43529412 0.89019608 0.96078431
v 0.01044192 -0.03406190 -0.01545719 0.43529412 0.89019608 0.96078431
v 0.01198979 -0.03416771 -0.01320256 0.43529412 0.89019608 0.96078431
v 0.01271081 -0.03400352 -0.01279457 0.43529412 0.89019608 0.96078431
v 0.01297871 -0.03410933 -0.01194282 0.43529412 0.89019608 0.96078431
v 0.01381549 -0.03394149 -0.01128433 0.43529412 0.89019608 0.96078431
v 0.01405031 -0.03402906 -0.01044689 0.43529412 0.89019608 0.96078431
v 0.01606453 -0.03382473 -0.00691105 0.43529412 0.89019608 0.96078431
v 0.01697738 -0.03340512 -0.00691105 0.43529412 0.89019608 0.96078431
v 0.01685500 -0.03365688 -0.00555111 0.43529412 0.89019608 0.96078431
v 0.01655072 -0.03404730 -0.00313901 0.43529412 0.89019608 0.96078431
v 0.01706337 -0.03368608 -0.00439875 0.43529412 0.89019608 0.96078431
v 0.01571725 -0.03353648 -0.00942336 0.43529412 0.89019608 0.96078431
v 0.01446705 -0.03378824 -0.01079045 0.43529412 0.89019608 0.96078431
v 0.01571725 -0.03328471 -0.01068309 0.43529412 0.89019608 0.96078431
v 0.01768516 -0.03273010 -0.00900106 0.43529412 0.89019608 0.96078431
v 0.01736765 -0.03382473 0.00313818 0.43529412 0.89019608 0.96078431
v 0.01823419 -0.03328106 0.00565764 0.43529412 0.89019608 0.96078431
v 0.01722874 -0.03375175 0.00691021 0.43529412 0.89019608 0.96078431
v 0.01739411 -0.03383932 0.00188560 0.43529412 0.89019608 0.96078431
v 0.01737757 -0.03383203 0.00062587 0.43529412 0.89019608 0.96078431
v 0.01733789 -0.03381378 -0.00062671 0.43529412 0.89019608 0.96078431
v 0.01726843 -0.03377729 -0.00187928 0.43529412 0.89019608 0.96078431
v 0.01823419 -0.03322633 0.00691021 0.43529412 0.89019608 0.96078431
v 0.01823419 -0.03315700 0.00816995 0.43529412 0.89019608 0.96078431
v 0.01834003 -0.03298916 0.00945115 0.43529412 0.89019608 0.96078431
v 0.01811513 -0.03296362 0.01068225 0.43529412 0.89019608 0.96078431
v 0.01782077 -0.03281037 0.01320172 0.43529412 0.89019608 0.96078431
v 0.01769509 -0.03273740 0.01413936 0.43529412 0.89019608 0.96078431
v 0.01756940 -0.03267172 0.01497679 0.43529412 0.89019608 0.96078431
v 0.01707991 -0.03298916 0.01451871 0.43529412 0.89019608 0.96078431
v 0.01563457 -0.03368243 0.01441850 0.43529412 0.89019608 0.96078431
v 0.01571725 -0.03339417 0.01571402 0.43529412 0.89019608 0.96078431
v 0.01475810 -0.03380648 0.01571402 0.43529412 0.89019608 0.96078431
v 0.01571725 -0.03314241 0.01697376 0.43529412 0.89019608 0.96078431
v 0.01440090 -0.03370432 0.01695944 0.43529412 0.89019608 0.96078431
v 0.01446043 -0.03339782 0.01822633 0.43529412 0.89019608 0.96078431
v 0.01340537 -0.03379919 0.01822633 0.43529412 0.89019608 0.96078431
v 0.01258182 -0.03394879 0.01886336 0.43529412 0.89019608 0.96078431
v 0.01194680 -0.03432826 0.01822633 0.43529412 0.89019608 0.96078431
v 0.01226100 -0.03384662 0.01970079 0.43529412 0.89019608 0.96078431
v 0.01068998 -0.03443772 0.01948606 0.43529412 0.89019608 0.96078431
v 0.01062714 -0.03409839 0.02068138 0.43529412 0.89019608 0.96078431
v 0.00943316 -0.03445597 0.02074580 0.43529412 0.89019608 0.96078431
v 0.00746194 -0.03518572 0.02005151 0.43529412 0.89019608 0.96078431
v 0.00817303 -0.03479530 0.02074580 0.43529412 0.89019608 0.96078431
v 0.00460433 -0.03607602 0.01842674 0.43529412 0.89019608 0.96078431
v 0.00460433 -0.03612710 0.01822633 0.43529412 0.89019608 0.96078431
v 0.00460433 -0.03632414 0.01742468 0.43529412 0.89019608 0.96078431
v 0.00460433 -0.03637522 0.01720996 0.43529412 0.89019608 0.96078431
v 0.00662516 -0.03527694 0.02033066 0.43529412 0.89019608 0.96078431
v 0.00460433 -0.03573669 0.01965784 0.43529412 0.89019608 0.96078431
v 0.00460433 -0.03578777 0.01948606 0.43529412 0.89019608 0.96078431
v 0.00565940 -0.03534992 0.02056686 0.43529412 0.89019608 0.96078431
v 0.01198979 -0.03381013 -0.01455534 0.43529412 0.89019608 0.96078431
v 0.01159952 -0.03404730 -0.01420462 0.43529412 0.89019608 0.96078431
v 0.01068998 -0.03352553 -0.01696744 0.43529412 0.89019608 0.96078431
v 0.01194680 -0.03312417 -0.01696744 0.43529412 0.89019608 0.96078431
v 0.01260166 -0.03270090 -0.01763309 0.43529412 0.89019608 0.96078431
v 0.01194680 -0.03350364 -0.01571486 0.43529412 0.89019608 0.96078431
v 0.01330284 -0.03298916 -0.01580075 0.43529412 0.89019608 0.96078431
v 0.00460433 -0.03518937 -0.01608706 0.43529412 0.89019608 0.96078431
v 0.00467048 -0.03515653 -0.01617295 0.43529412 0.89019608 0.96078431
v 0.00543449 -0.03526964 -0.01532835 0.43529412 0.89019608 0.96078431
v 0.00577516 -0.03509815 -0.01573633 0.43529412 0.89019608 0.96078431
v 0.00691621 -0.03449610 -0.01696744 0.43529412 0.89019608 0.96078431
v 0.00786875 -0.03402176 -0.01781203 0.43529412 0.89019608 0.96078431
v 0.00824249 -0.03378824 -0.01823433 0.43529412 0.89019608 0.96078431
v 0.00817303 -0.03336133 -0.01948690 0.43529412 0.89019608 0.96078431
v 0.00952577 -0.03298186 -0.01958711 0.43529412 0.89019608 0.96078431
v 0.00943316 -0.03348539 -0.01822717 0.43529412 0.89019608 0.96078431
v 0.01068998 -0.03312417 -0.01822717 0.43529412 0.89019608 0.96078431
v 0.00952577 -0.03384297 -0.01705333 0.43529412 0.89019608 0.96078431
v 0.00952577 -0.03421150 -0.01580791 0.43529412 0.89019608 0.96078431
v 0.01000865 -0.03393419 -0.01629462 0.43529412 0.89019608 0.96078431
v 0.01243960 -0.03389770 -0.01363201 0.43529412 0.89019608 0.96078431
v 0.01320361 -0.03339417 -0.01445513 0.43529412 0.89019608 0.96078431
v 0.01448689 -0.03290159 -0.01441218 0.43529412 0.89019608 0.96078431
v 0.01446043 -0.03351823 -0.01194282 0.43529412 0.89019608 0.96078431
v 0.01446043 -0.03321173 -0.01319540 0.43529412 0.89019608 0.96078431
v 0.01801921 -0.03290159 -0.00691105 0.43529412 0.89019608 0.96078431
v 0.01782077 -0.03279942 -0.00817078 0.43529412 0.89019608 0.96078431
v 0.01831688 -0.03294173 -0.00559406 0.43529412 0.89019608 0.96078431
v 0.01717913 -0.03373351 -0.00313901 0.43529412 0.89019608 0.96078431
v 0.01823419 -0.03310592 -0.00439875 0.43529412 0.89019608 0.96078431
v 0.01750987 -0.03264618 -0.00983850 0.43529412 0.89019608 0.96078431
v 0.01704353 -0.03293808 -0.00942336 0.43529412 0.89019608 0.96078431
v 0.01539974 -0.03282861 -0.01319540 0.43529412 0.89019608 0.96078431
v 0.01579001 -0.03295632 -0.01196430 0.43529412 0.89019608 0.96078431
v 0.01647796 -0.03274834 -0.01155631 0.43529412 0.89019608 0.96078431
v 0.01668632 -0.03284686 -0.01068309 0.43529412 0.89019608 0.96078431
v 0.01815812 -0.03240900 -0.00942336 0.43529412 0.89019608 0.96078431
v 0.01844918 -0.03248198 -0.00817078 0.43529412 0.89019608 0.96078431
v 0.01823419 -0.03335769 0.00313818 0.43529412 0.89019608 0.96078431
v 0.01910074 -0.03282496 0.00565764 0.43529412 0.89019608 0.96078431
v 0.01823419 -0.03338323 0.00188560 0.43529412 0.89019608 0.96078431
v 0.01823419 -0.03338688 0.00062587 0.43529412 0.89019608 0.96078431
v 0.01919996 -0.03287240 0.00062587 0.43529412 0.89019608 0.96078431
v 0.01982837 -0.03253306 0.00062587 0.43529412 0.89019608 0.96078431
v 0.01823419 -0.03335404 -0.00062671 0.43529412 0.89019608 0.96078431
v 0.01918342 -0.03286145 -0.00062671 0.43529412 0.89019608 0.96078431
v 0.01823419 -0.03328471 -0.00187928 0.43529412 0.89019608 0.96078431
v 0.01823419 -0.03320079 -0.00313901 0.43529412 0.89019608 0.96078431
v 0.01904782 -0.03278848 -0.00313901 0.43529412 0.89019608 0.96078431
v 0.01904451 -0.03279212 0.00691021 0.43529412 0.89019608 0.96078431
v 0.01960016 -0.03240171 0.00816995 0.43529412 0.89019608 0.96078431
v 0.01890891 -0.03271550 0.00905033 0.43529412 0.89019608 0.96078431
v 0.01883284 -0.03267172 0.00988776 0.43529412 0.89019608 0.96078431
v 0.01874354 -0.03262793 0.01068225 0.43529412 0.89019608 0.96078431
v 0.01860132 -0.03255131 0.01194199 0.43529412 0.89019608 0.96078431
v 0.01844918 -0.03246738 0.01320172 0.43529412 0.89019608 0.96078431
v 0.01816143 -0.03242725 0.01451871 0.43529412 0.89019608 0.96078431
v 0.01949101 -0.03206967 0.01194199 0.43529412 0.89019608 0.96078431
v 0.01823419 -0.03217913 0.01571402 0.43529412 0.89019608 0.96078431
v 0.01743380 -0.03260969 0.01571402 0.43529412 0.89019608 0.96078431
v 0.01680208 -0.03290524 0.01571402 0.43529412 0.89019608 0.96078431
v 0.01653418 -0.03277388 0.01697376 0.43529412 0.89019608 0.96078431
v 0.01637212 -0.03270090 0.01765373 0.43529412 0.89019608 0.96078431
v 0.01573048 -0.03287970 0.01813328 0.43529412 0.89019608 0.96078431
v 0.01531705 -0.03279212 0.01926418 0.43529412 0.89019608 0.96078431
v 0.01508223 -0.03268631 0.02010161 0.43529412 0.89019608 0.96078431
v 0.01458281 -0.03301105 0.01960058 0.43529412 0.89019608 0.96078431
v 0.01308124 -0.03364594 0.01936438 0.43529412 0.89019608 0.96078431
v 0.01142422 -0.03398163 0.02021614 0.43529412 0.89019608 0.96078431
v 0.01320361 -0.03320809 0.02074580 0.43529412 0.89019608 0.96078431
v 0.01188396 -0.03368608 0.02068138 0.43529412 0.89019608 0.96078431
v 0.01016741 -0.03398528 0.02146871 0.43529412 0.89019608 0.96078431
v 0.00943316 -0.03409109 0.02174786 0.43529412 0.89019608 0.96078431
v 0.00699229 -0.03506166 0.02074580 0.43529412 0.89019608 0.96078431
v 0.00828879 -0.03426258 0.02212005 0.43529412 0.89019608 0.96078431
v 0.00691621 -0.03463111 0.02199837 0.43529412 0.89019608 0.96078431
v 0.00565940 -0.03514558 0.02119672 0.43529412 0.89019608 0.96078431
v 0.00460433 -0.03538276 0.02081021 0.43529412 0.89019608 0.96078431
v 0.00488215 -0.03519302 0.02133272 0.43529412 0.89019608 0.96078431
v 0.01136138 -0.03270456 -0.01889998 0.43529412 0.89019608 0.96078431
v 0.01220147 -0.03256225 -0.01847053 0.43529412 0.89019608 0.96078431
v 0.01309447 -0.03235427 -0.01811981 0.43529412 0.89019608 0.96078431
v 0.01350459 -0.03256590 -0.01696744 0.43529412 0.89019608 0.96078431
v 0.01378572 -0.03267172 -0.01628031 0.43529412 0.89019608 0.96078431
v 0.01287287 -0.03280307 -0.01696744 0.43529412 0.89019608 0.96078431
v 0.01408339 -0.03279212 -0.01544287 0.43529412 0.89019608 0.96078431
v 0.00460433 -0.03512369 -0.01630178 0.43529412 0.89019608 0.96078431
v 0.00460433 -0.03493031 -0.01688155 0.43529412 0.89019608 0.96078431
v 0.00565940 -0.03473692 -0.01696744 0.43529412 0.89019608 0.96078431
v 0.00681699 -0.03409109 -0.01823433 0.43529412 0.89019608 0.96078431
v 0.00717089 -0.03387581 -0.01864947 0.43529412 0.89019608 0.96078431
v 0.00681699 -0.03368972 -0.01937238 0.43529412 0.89019608 0.96078431
v 0.00691621 -0.03314241 -0.02073947 0.43529412 0.89019608 0.96078431
v 0.00810027 -0.03288334 -0.02076095 0.43529412 0.89019608 0.96078431
v 0.00916856 -0.03279578 -0.02036012 0.43529412 0.89019608 0.96078431
v 0.01000534 -0.03267536 -0.02007382 0.43529412 0.89019608 0.96078431
v 0.01068998 -0.03280307 -0.01917197 0.43529412 0.89019608 0.96078431
v 0.01492016 -0.03261698 -0.01480585 0.43529412 0.89019608 0.96078431
v 0.01517483 -0.03272645 -0.01396842 0.43529412 0.89019608 0.96078431
v 0.01865093 -0.03258050 -0.00691105 0.43529412 0.89019608 0.96078431
v 0.01879315 -0.03265347 -0.00597341 0.43529412 0.89019608 0.96078431
v 0.01888576 -0.03270456 -0.00513598 0.43529412 0.89019608 0.96078431
v 0.01895521 -0.03273740 -0.00439875 0.43529412 0.89019608 0.96078431
v 0.01731473 -0.03255496 -0.01068309 0.43529412 0.89019608 0.96078431
v 0.01823419 -0.03210616 -0.01068309 0.43529412 0.89019608 0.96078431
v 0.01602815 -0.03254766 -0.01319540 0.43529412 0.89019608 0.96078431
v 0.01625636 -0.03264982 -0.01240091 0.43529412 0.89019608 0.96078431
v 0.01692776 -0.03244184 -0.01196430 0.43529412 0.89019608 0.96078431
v 0.01954393 -0.03169020 -0.00934463 0.43529412 0.89019608 0.96078431
v 0.01949101 -0.03193466 -0.00817078 0.43529412 0.89019608 0.96078431
v 0.01918673 -0.03160992 -0.01068309 0.43529412 0.89019608 0.96078431
v 0.01912720 -0.03283956 0.00439791 0.43529412 0.89019608 0.96078431
v 0.02074783 -0.03201129 0.00062587 0.43529412 0.89019608 0.96078431
v 0.02074783 -0.03197845 0.00188560 0.43529412 0.89019608 0.96078431
v 0.02147216 -0.03149316 0.00439791 0.43529412 0.89019608 0.96078431
v 0.01972915 -0.03246009 0.00565764 0.43529412 0.89019608 0.96078431
v 0.01967292 -0.03243819 0.00691021 0.43529412 0.89019608 0.96078431
v 0.01981183 -0.03252212 -0.00062671 0.43529412 0.89019608 0.96078431
v 0.02074783 -0.03199669 -0.00062671 0.43529412 0.89019608 0.96078431
v 0.01912058 -0.03282861 -0.00187928 0.43529412 0.89019608 0.96078431
v 0.01974899 -0.03249293 -0.00187928 0.43529412 0.89019608 0.96078431
v 0.01967623 -0.03246009 -0.00313901 0.43529412 0.89019608 0.96078431
v 0.02137293 -0.03143113 0.00736830 0.43529412 0.89019608 0.96078431
v 0.02068830 -0.03177412 0.00816995 0.43529412 0.89019608 0.96078431
v 0.01939179 -0.03240536 0.00945115 0.43529412 0.89019608 0.96078431
v 0.01949101 -0.03221562 0.01068225 0.43529412 0.89019608 0.96078431
v 0.01949101 -0.03189453 0.01320172 0.43529412 0.89019608 0.96078431
v 0.02021203 -0.03148951 0.01320172 0.43529412 0.89019608 0.96078431
v 0.02012273 -0.03143478 0.01383874 0.43529412 0.89019608 0.96078431
v 0.01953401 -0.03168290 0.01433977 0.43529412 0.89019608 0.96078431
v 0.02034764 -0.03157708 0.01194199 0.43529412 0.89019608 0.96078431
v 0.01918012 -0.03163182 0.01571402 0.43529412 0.89019608 0.96078431
v 0.01900482 -0.03152235 0.01675903 0.43529412 0.89019608 0.96078431
v 0.01885930 -0.03143113 0.01759646 0.43529412 0.89019608 0.96078431
v 0.01835988 -0.03181790 0.01709544 0.43529412 0.89019608 0.96078431
v 0.01716259 -0.03247468 0.01697376 0.43529412 0.89019608 0.96078431
v 0.01686492 -0.03233603 0.01813328 0.43529412 0.89019608 0.96078431
v 0.01615383 -0.03260239 0.01849116 0.43529412 0.89019608 0.96078431
v 0.01573048 -0.03250752 0.01960058 0.43529412 0.89019608 0.96078431
v 0.01708652 -0.03182520 0.01958627 0.43529412 0.89019608 0.96078431
v 0.01673594 -0.03163911 0.02074580 0.43529412 0.89019608 0.96078431
v 0.01571725 -0.03215359 0.02074580 0.43529412 0.89019608 0.96078431
v 0.01573048 -0.03170479 0.02197690 0.43529412 0.89019608 0.96078431
v 0.01482094 -0.03257685 0.02074580 0.43529412 0.89019608 0.96078431
v 0.01389817 -0.03271550 0.02144724 0.43529412 0.89019608 0.96078431
v 0.01419253 -0.03282861 0.02074580 0.43529412 0.89019608 0.96078431
v 0.01313747 -0.03283956 0.02191964 0.43529412 0.89019608 0.96078431
v 0.01267112 -0.03272645 0.02271413 0.43529412 0.89019608 0.96078431
v 0.01194680 -0.03321538 0.02199837 0.43529412 0.89019608 0.96078431
v 0.01182773 -0.03281037 0.02318653 0.43529412 0.89019608 0.96078431
v 0.01132831 -0.03269361 0.02389513 0.43529412 0.89019608 0.96078431
v 0.01068998 -0.03313511 0.02325810 0.43529412 0.89019608 0.96078431
v 0.00943316 -0.03385027 0.02237772 0.43529412 0.89019608 0.96078431
v 0.00878490 -0.03394149 0.02261392 0.43529412 0.89019608 0.96078431
v 0.00794482 -0.03405460 0.02289307 0.43529412 0.89019608 0.96078431
v 0.00719404 -0.03387946 0.02373050 0.43529412 0.89019608 0.96078431
v 0.00683353 -0.03413123 0.02328673 0.43529412 0.89019608 0.96078431
v 0.00565940 -0.03485368 0.02199837 0.43529412 0.89019608 0.96078431
v 0.00460433 -0.03520396 0.02136850 0.43529412 0.89019608 0.96078431
v 0.00460433 -0.03500328 0.02192680 0.43529412 0.89019608 0.96078431
v 0.00460433 -0.03508721 0.02169775 0.43529412 0.89019608 0.96078431
v 0.01068998 -0.03257685 -0.01980183 0.43529412 0.89019608 0.96078431
v 0.01202948 -0.03175952 -0.02083252 0.43529412 0.89019608 0.96078431
v 0.01184757 -0.03236522 -0.01938670 0.43529412 0.89019608 0.96078431
v 0.01330945 -0.03177412 -0.01958711 0.43529412 0.89019608 0.96078431
v 0.01453650 -0.03174128 -0.01829159 0.43529412 0.89019608 0.96078431
v 0.01416607 -0.03156979 -0.01923639 0.43529412 0.89019608 0.96078431
v 0.01446043 -0.03218643 -0.01696744 0.43529412 0.89019608 0.96078431
v 0.01448689 -0.03252212 -0.01580075 0.43529412 0.89019608 0.96078431
v 0.00460433 -0.03446691 -0.01822717 0.43529412 0.89019608 0.96078431
v 0.00565940 -0.03431002 -0.01822717 0.43529412 0.89019608 0.96078431
v 0.00633411 -0.03395608 -0.01887851 0.43529412 0.89019608 0.96078431
v 0.00565940 -0.03401811 -0.01905029 0.43529412 0.89019608 0.96078431
v 0.00565940 -0.03378824 -0.01968016 0.43529412 0.89019608 0.96078431
v 0.00565940 -0.03336133 -0.02073947 0.43529412 0.89019608 0.96078431
v 0.00691621 -0.03251847 -0.02222109 0.43529412 0.89019608 0.96078431
v 0.00763392 -0.03271185 -0.02141944 0.43529412 0.89019608 0.96078431
v 0.00847070 -0.03261334 -0.02119756 0.43529412 0.89019608 0.96078431
v 0.01068998 -0.03221562 -0.02073947 0.43529412 0.89019608 0.96078431
v 0.00943316 -0.03202953 -0.02199921 0.43529412 0.89019608 0.96078431
v 0.01573048 -0.03165371 -0.01692449 0.43529412 0.89019608 0.96078431
v 0.01571725 -0.03200399 -0.01571486 0.43529412 0.89019608 0.96078431
v 0.01564449 -0.03239806 -0.01441218 0.43529412 0.89019608 0.96078431
v 0.01949101 -0.03213900 -0.00691105 0.43529412 0.89019608 0.96078431
v 0.02044355 -0.03161722 -0.00691105 0.43529412 0.89019608 0.96078431
v 0.02060561 -0.03170114 -0.00565132 0.43529412 0.89019608 0.96078431
v 0.01937856 -0.03237981 -0.00559406 0.43529412 0.89019608 0.96078431
v 0.02133655 -0.03140924 -0.00472799 0.43529412 0.89019608 0.96078431
v 0.01958362 -0.03240536 -0.00439875 0.43529412 0.89019608 0.96078431
v 0.01832350 -0.03175588 -0.01199293 0.43529412 0.89019608 0.96078431
v 0.01899490 -0.03150411 -0.01161357 0.43529412 0.89019608 0.96078431
v 0.01697738 -0.03210616 -0.01319540 0.43529412 0.89019608 0.96078431
v 0.02014588 -0.03144573 -0.00887223 0.43529412 0.89019608 0.96078431
v 0.02025834 -0.03151505 -0.00817078 0.43529412 0.89019608 0.96078431
v 0.02000036 -0.03136545 -0.00970966 0.43529412 0.89019608 0.96078431
v 0.01981514 -0.03126329 -0.01068309 0.43529412 0.89019608 0.96078431
v 0.02154492 -0.03153695 -0.00062671 0.43529412 0.89019608 0.96078431
v 0.02155484 -0.03154060 0.00062587 0.43529412 0.89019608 0.96078431
v 0.02215679 -0.03114653 0.00188560 0.43529412 0.89019608 0.96078431
v 0.02314571 -0.03051894 0.00188560 0.43529412 0.89019608 0.96078431
v 0.02074783 -0.03194561 -0.00187928 0.43529412 0.89019608 0.96078431
v 0.02150854 -0.03151505 -0.00187928 0.43529412 0.89019608 0.96078431
v 0.02074783 -0.03187264 -0.00313901 0.43529412 0.89019608 0.96078431
v 0.02501771 -0.02882591 0.00691021 0.43529412 0.89019608 0.96078431
v 0.02131671 -0.03139465 0.00816995 0.43529412 0.89019608 0.96078431
v 0.02372782 -0.03007014 0.00313818 0.43529412 0.89019608 0.96078431
v 0.02366167 -0.03001906 0.00439791 0.43529412 0.89019608 0.96078431
v 0.02463405 -0.02931484 0.00444801 0.43529412 0.89019608 0.96078431
v 0.02056923 -0.03171574 0.00942968 0.43529412 0.89019608 0.96078431
v 0.02084044 -0.03106990 0.01320172 0.43529412 0.89019608 0.96078431
v 0.02097604 -0.03116477 0.01194199 0.43529412 0.89019608 0.96078431
v 0.02062546 -0.03099328 0.01433977 0.43529412 0.89019608 0.96078431
v 0.02055269 -0.03047151 0.01697376 0.43529412 0.89019608 0.96078431
v 0.01980853 -0.03123410 0.01571402 0.43529412 0.89019608 0.96078431
v 0.01945133 -0.03116842 0.01709544 0.43529412 0.89019608 0.96078431
v 0.02033441 -0.03032556 0.01822633 0.43529412 0.89019608 0.96078431
v 0.01949101 -0.03086922 0.01822633 0.43529412 0.89019608 0.96078431
v 0.01954393 -0.03049705 0.01945743 0.43529412 0.89019608 0.96078431
v 0.01870385 -0.03134721 0.01822633 0.43529412 0.89019608 0.96078431
v 0.01807544 -0.03168655 0.01822633 0.43529412 0.89019608 0.96078431
v 0.01823419 -0.03121586 0.01958627 0.43529412 0.89019608 0.96078431
v 0.01757933 -0.03142019 0.02006583 0.43529412 0.89019608 0.96078431
v 0.01781415 -0.03154424 0.01922839 0.43529412 0.89019608 0.96078431
v 0.01736434 -0.03131072 0.02074580 0.43529412 0.89019608 0.96078431
v 0.01647465 -0.03149681 0.02154029 0.43529412 0.89019608 0.96078431
v 0.01615714 -0.03133627 0.02237772 0.43529412 0.89019608 0.96078431
v 0.01532036 -0.03154789 0.02289307 0.43529412 0.89019608 0.96078431
v 0.01437444 -0.03235063 0.02191964 0.43529412 0.89019608 0.96078431
v 0.01351120 -0.03256955 0.02229183 0.43529412 0.89019608 0.96078431
v 0.01313747 -0.03235792 0.02318653 0.43529412 0.89019608 0.96078431
v 0.01216509 -0.03255131 0.02355872 0.43529412 0.89019608 0.96078431
v 0.01068998 -0.03279212 0.02410270 0.43529412 0.89019608 0.96078431
v 0.00943316 -0.03350729 0.02325810 0.43529412 0.89019608 0.96078431
v 0.01182773 -0.03229225 0.02439616 0.43529412 0.89019608 0.96078431
v 0.01068998 -0.03249293 0.02473256 0.43529412 0.89019608 0.96078431
v 0.00828879 -0.03379919 0.02328673 0.43529412 0.89019608 0.96078431
v 0.00635726 -0.03395973 0.02390944 0.43529412 0.89019608 0.96078431
v 0.00817303 -0.03329201 0.02451784 0.43529412 0.89019608 0.96078431
v 0.00683353 -0.03363134 0.02440331 0.43529412 0.89019608 0.96078431
v 0.00565940 -0.03435015 0.02325810 0.43529412 0.89019608 0.96078431
v 0.00460433 -0.03448151 0.02325810 0.43529412 0.89019608 0.96078431
v 0.01166567 -0.03154789 -0.02162701 0.43529412 0.89019608 0.96078431
v 0.01250575 -0.03140924 -0.02131208 0.43529412 0.89019608 0.96078431
v 0.01295887 -0.03157344 -0.02047465 0.43529412 0.89019608 0.96078431
v 0.01379564 -0.03142019 -0.02008098 0.43529412 0.89019608 0.96078431
v 0.01500616 -0.03139829 -0.01874967 0.43529412 0.89019608 0.96078431
v 0.01532036 -0.03153695 -0.01791224 0.43529412 0.89019608 0.96078431
v 0.00460433 -0.03414217 -0.01911471 0.43529412 0.89019608 0.96078431
v 0.00460433 -0.03409474 -0.01924354 0.43529412 0.89019608 0.96078431
v 0.00460433 -0.03385392 -0.01987341 0.43529412 0.89019608 0.96078431
v 0.00460433 -0.03356567 -0.02057485 0.43529412 0.89019608 0.96078431
v 0.00491853 -0.03267901 -0.02260760 0.43529412 0.89019608 0.96078431
v 0.00565940 -0.03262793 -0.02247876 0.43529412 0.89019608 0.96078431
v 0.00691621 -0.03204778 -0.02325894 0.43529412 0.89019608 0.96078431
v 0.00822926 -0.03173033 -0.02335199 0.43529412 0.89019608 0.96078431
v 0.00810027 -0.03239806 -0.02190616 0.43529412 0.89019608 0.96078431
v 0.01066683 -0.03167560 -0.02202784 0.43529412 0.89019608 0.96078431
v 0.00868899 -0.03140559 -0.02383155 0.43529412 0.89019608 0.96078431
v 0.00943316 -0.03131437 -0.02361682 0.43529412 0.89019608 0.96078431
v 0.01023355 -0.03148222 -0.02274360 0.43529412 0.89019608 0.96078431
v 0.01616044 -0.03134356 -0.01731100 0.43529412 0.89019608 0.96078431
v 0.01642504 -0.03147127 -0.01647357 0.43529412 0.89019608 0.96078431
v 0.02107196 -0.03124505 -0.00691105 0.43529412 0.89019608 0.96078431
v 0.02123733 -0.03134721 -0.00565132 0.43529412 0.89019608 0.96078431
v 0.02294396 -0.03039123 -0.00439875 0.43529412 0.89019608 0.96078431
v 0.02304649 -0.03045326 -0.00313901 0.43529412 0.89019608 0.96078431
v 0.02207411 -0.03108085 -0.00313901 0.43529412 0.89019608 0.96078431
v 0.02144900 -0.03147492 -0.00313901 0.43529412 0.89019608 0.96078431
v 0.02085036 -0.03171209 -0.00434864 0.43529412 0.89019608 0.96078431
v 0.01880307 -0.03140194 -0.01245101 0.43529412 0.89019608 0.96078431
v 0.01944471 -0.03116112 -0.01199293 0.43529412 0.89019608 0.96078431
v 0.01797291 -0.03161722 -0.01319540 0.43529412 0.89019608 0.96078431
v 0.01704022 -0.03172668 -0.01447660 0.43529412 0.89019608 0.96078431
v 0.01750326 -0.03138370 -0.01490606 0.43529412 0.89019608 0.96078431
v 0.02063869 -0.03105896 -0.00934463 0.43529412 0.89019608 0.96078431
v 0.02089005 -0.03113558 -0.00817078 0.43529412 0.89019608 0.96078431
v 0.02074783 -0.03071597 -0.01068309 0.43529412 0.89019608 0.96078431
v 0.02077429 -0.03042772 -0.01182830 0.43529412 0.89019608 0.96078431
v 0.02217333 -0.03115018 -0.00062671 0.43529412 0.89019608 0.96078431
v 0.02218325 -0.03116112 0.00062587 0.43529412 0.89019608 0.96078431
v 0.02316886 -0.03053353 0.00062587 0.43529412 0.89019608 0.96078431
v 0.02377412 -0.03009933 0.00188560 0.43529412 0.89019608 0.96078431
v 0.02213695 -0.03112464 -0.00187928 0.43529412 0.89019608 0.96078431
v 0.02577511 -0.02822751 0.00691021 0.43529412 0.89019608 0.96078431
v 0.02636383 -0.02762911 0.00842762 0.43529412 0.89019608 0.96078431
v 0.02493172 -0.02876023 0.00816995 0.43529412 0.89019608 0.96078431
v 0.02430330 -0.02921998 0.00816995 0.43529412 0.89019608 0.96078431
v 0.02272567 -0.03024528 0.00942968 0.43529412 0.89019608 0.96078431
v 0.02517977 -0.02894632 0.00406866 0.43529412 0.89019608 0.96078431
v 0.02266283 -0.03020150 0.01020985 0.43529412 0.89019608 0.96078431
v 0.02451829 -0.02949728 0.00313818 0.43529412 0.89019608 0.96078431
v 0.02172021 -0.03044231 0.01320172 0.43529412 0.89019608 0.96078431
v 0.02156476 -0.03032191 0.01445429 0.43529412 0.89019608 0.96078431
v 0.02144900 -0.03023069 0.01532036 0.43529412 0.89019608 0.96078431
v 0.02185582 -0.03053353 0.01194199 0.43529412 0.89019608 0.96078431
v 0.02083713 -0.03055178 0.01572834 0.43529412 0.89019608 0.96078431
v 0.02118110 -0.03004095 0.01697376 0.43529412 0.89019608 0.96078431
v 0.02262314 -0.02890983 0.01756783 0.43529412 0.89019608 0.96078431
v 0.02096281 -0.02989135 0.01822633 0.43529412 0.89019608 0.96078431
v 0.02018888 -0.03021974 0.01901366 0.43529412 0.89019608 0.96078431
v 0.02000036 -0.03009933 0.01985110 0.43529412 0.89019608 0.96078431
v 0.01912720 -0.03033650 0.02074580 0.43529412 0.89019608 0.96078431
v 0.01823419 -0.03084368 0.02074580 0.43529412 0.89019608 0.96078431
v 0.01822097 -0.03042042 0.02192680 0.43529412 0.89019608 0.96078431
v 0.01692446 -0.03109545 0.02197690 0.43529412 0.89019608 0.96078431
v 0.01779431 -0.03028177 0.02287159 0.43529412 0.89019608 0.96078431
v 0.01701707 -0.03052259 0.02327957 0.43529412 0.89019608 0.96078431
v 0.01573048 -0.03117207 0.02329389 0.43529412 0.89019608 0.96078431
v 0.01494332 -0.03136545 0.02373050 0.43529412 0.89019608 0.96078431
v 0.01449681 -0.03175588 0.02329389 0.43529412 0.89019608 0.96078431
v 0.01410323 -0.03155519 0.02415280 0.43529412 0.89019608 0.96078431
v 0.01322015 -0.03173033 0.02454647 0.43529412 0.89019608 0.96078431
v 0.00983005 -0.03262428 0.02500455 0.43529412 0.89019608 0.96078431
v 0.00941993 -0.03294902 0.02456078 0.43529412 0.89019608 0.96078431
v 0.01281334 -0.03152235 0.02531232 0.43529412 0.89019608 0.96078431
v 0.01194680 -0.03166466 0.02558431 0.43529412 0.89019608 0.96078431
v 0.00565940 -0.03401447 0.02403112 0.43529412 0.89019608 0.96078431
v 0.00565940 -0.03371162 0.02466099 0.43529412 0.89019608 0.96078431
v 0.00899327 -0.03274469 0.02524075 0.43529412 0.89019608 0.96078431
v 0.00817303 -0.03284321 0.02542685 0.43529412 0.89019608 0.96078431
v 0.00691621 -0.03297456 0.02565589 0.43529412 0.89019608 0.96078431
v 0.00460433 -0.03443043 0.02337978 0.43529412 0.89019608 0.96078431
v 0.01107033 -0.03135816 -0.02246445 0.43529412 0.89019608 0.96078431
v 0.01066683 -0.03115383 -0.02320168 0.43529412 0.89019608 0.96078431
v 0.01194680 -0.03072327 -0.02325894 0.43529412 0.89019608 0.96078431
v 0.01330945 -0.03130343 -0.02083252 0.43529412 0.89019608 0.96078431
v 0.01262151 -0.03019055 -0.02392459 0.43529412 0.89019608 0.96078431
v 0.01320361 -0.03084003 -0.02199921 0.43529412 0.89019608 0.96078431
v 0.01571725 -0.03080354 -0.01948690 0.43529412 0.89019608 0.96078431
v 0.01453650 -0.03128518 -0.01958711 0.43529412 0.89019608 0.96078431
v 0.01440751 -0.03038029 -0.02194911 0.43529412 0.89019608 0.96078431
v 0.01446043 -0.03086557 -0.02073947 0.43529412 0.89019608 0.96078431
v 0.01573048 -0.03122315 -0.01829159 0.43529412 0.89019608 0.96078431
v 0.00460433 -0.03349634 -0.02073947 0.43529412 0.89019608 0.96078431
v 0.00460433 -0.03285415 -0.02226404 0.43529412 0.89019608 0.96078431
v 0.00460433 -0.03252577 -0.02299411 0.43529412 0.89019608 0.96078431
v 0.00460433 -0.03167560 -0.02473340 0.43529412 0.89019608 0.96078431
v 0.00499461 -0.03142749 -0.02513422 0.43529412 0.89019608 0.96078431
v 0.00565940 -0.03225941 -0.02325894 0.43529412 0.89019608 0.96078431
v 0.00691621 -0.03159168 -0.02420374 0.43529412 0.89019608 0.96078431
v 0.00784891 -0.03149681 -0.02402480 0.43529412 0.89019608 0.96078431
v 0.00822926 -0.03119396 -0.02446857 0.43529412 0.89019608 0.96078431
v 0.00822595 -0.03049705 -0.02586430 0.43529412 0.89019608 0.96078431
v 0.00867907 -0.03014676 -0.02634385 0.43529412 0.89019608 0.96078431
v 0.00943316 -0.03088017 -0.02451152 0.43529412 0.89019608 0.96078431
v 0.01117617 -0.03013582 -0.02506265 0.43529412 0.89019608 0.96078431
v 0.01072967 -0.03048610 -0.02459025 0.43529412 0.89019608 0.96078431
v 0.01689800 -0.03109909 -0.01692449 0.43529412 0.89019608 0.96078431
v 0.01707329 -0.03056637 -0.01831306 0.43529412 0.89019608 0.96078431
v 0.01727174 -0.03126694 -0.01571486 0.43529412 0.89019608 0.96078431
v 0.02186574 -0.03050799 -0.00817078 0.43529412 0.89019608 0.96078431
v 0.02200134 -0.03084003 -0.00565132 0.43529412 0.89019608 0.96078431
v 0.02280174 -0.03029637 -0.00565132 0.43529412 0.89019608 0.96078431
v 0.02357237 -0.02994608 -0.00439875 0.43529412 0.89019608 0.96078431
v 0.02367490 -0.03002271 -0.00313901 0.43529412 0.89019608 0.96078431
v 0.02310271 -0.03049340 -0.00187928 0.43529412 0.89019608 0.96078431
v 0.01860132 -0.03129978 -0.01319540 0.43529412 0.89019608 0.96078431
v 0.01953070 -0.03045691 -0.01441218 0.43529412 0.89019608 0.96078431
v 0.01949101 -0.03082179 -0.01319540 0.43529412 0.89019608 0.96078431
v 0.02035756 -0.03032191 -0.01319540 0.43529412 0.89019608 0.96078431
v 0.01823419 -0.03077071 -0.01571486 0.43529412 0.89019608 0.96078431
v 0.01818458 -0.03115748 -0.01447660 0.43529412 0.89019608 0.96078431
v 0.02149531 -0.03025623 -0.01068309 0.43529412 0.89019608 0.96078431
v 0.02169375 -0.03038393 -0.00942336 0.43529412 0.89019608 0.96078431
v 0.02138616 -0.03018325 -0.01134159 0.43529412 0.89019608 0.96078431
v 0.02314571 -0.03052259 -0.00062671 0.43529412 0.89019608 0.96078431
v 0.02379727 -0.03011028 0.00062587 0.43529412 0.89019608 0.96078431
v 0.02451829 -0.02953742 0.00188560 0.43529412 0.89019608 0.96078431
v 0.02521615 -0.02897551 0.00313818 0.43529412 0.89019608 0.96078431
v 0.02768349 -0.02642502 0.00895728 0.43529412 0.89019608 0.96078431
v 0.02762064 -0.02636664 0.00979471 0.43529412 0.89019608 0.96078431
v 0.02713445 -0.02683733 0.00939389 0.43529412 0.89019608 0.96078431
v 0.02628114 -0.02755979 0.00942968 0.43529412 0.89019608 0.96078431
v 0.02565273 -0.02806332 0.00942968 0.43529412 0.89019608 0.96078431
v 0.02483911 -0.02869090 0.00942968 0.43529412 0.89019608 0.96078431
v 0.02640682 -0.02766560 0.00759018 0.43529412 0.89019608 0.96078431
v 0.02706831 -0.02716572 0.00691021 0.43529412 0.89019608 0.96078431
v 0.02780917 -0.02653813 0.00691021 0.43529412 0.89019608 0.96078431
v 0.02773640 -0.02647245 0.00816995 0.43529412 0.89019608 0.96078431
v 0.02649281 -0.02773857 0.00565764 0.43529412 0.89019608 0.96078431
v 0.02643990 -0.02769114 0.00691021 0.43529412 0.89019608 0.96078431
v 0.02409163 -0.02906673 0.01068225 0.43529412 0.89019608 0.96078431
v 0.02257683 -0.03013582 0.01105445 0.43529412 0.89019608 0.96078431
v 0.02444222 -0.02856320 0.01203503 0.43529412 0.89019608 0.96078431
v 0.02524261 -0.02773493 0.01320172 0.43529412 0.89019608 0.96078431
v 0.02273228 -0.02899740 0.01673040 0.43529412 0.89019608 0.96078431
v 0.02472004 -0.02859239 0.01068225 0.43529412 0.89019608 0.96078431
v 0.02382373 -0.02760722 0.01863431 0.43529412 0.89019608 0.96078431
v 0.02250076 -0.02882226 0.01822633 0.43529412 0.89019608 0.96078431
v 0.02187235 -0.02926011 0.01822633 0.43529412 0.89019608 0.96078431
v 0.02587102 -0.02723504 0.01320172 0.43529412 0.89019608 0.96078431
v 0.02490856 -0.02746857 0.01571402 0.43529412 0.89019608 0.96078431
v 0.02565604 -0.02683733 0.01571402 0.43529412 0.89019608 0.96078431
v 0.02471673 -0.02729707 0.01697376 0.43529412 0.89019608 0.96078431
v 0.02162761 -0.02909957 0.01948606 0.43529412 0.89019608 0.96078431
v 0.02066184 -0.02977094 0.01945743 0.43529412 0.89019608 0.96078431
v 0.02146224 -0.02897916 0.02030918 0.43529412 0.89019608 0.96078431
v 0.02126379 -0.02884050 0.02114662 0.43529412 0.89019608 0.96078431
v 0.01975561 -0.02994973 0.02074580 0.43529412 0.89019608 0.96078431
v 0.01891883 -0.03020879 0.02146155 0.43529412 0.89019608 0.96078431
v 0.01863109 -0.03004460 0.02229899 0.43529412 0.89019608 0.96078431
v 0.01946786 -0.02917619 0.02319368 0.43529412 0.89019608 0.96078431
v 0.01822097 -0.02985851 0.02327957 0.43529412 0.89019608 0.96078431
v 0.01746357 -0.03009568 0.02370903 0.43529412 0.89019608 0.96078431
v 0.01662348 -0.03032556 0.02419574 0.43529412 0.89019608 0.96078431
v 0.01577678 -0.03056273 0.02457510 0.43529412 0.89019608 0.96078431
v 0.01449681 -0.03118302 0.02454647 0.43529412 0.89019608 0.96078431
v 0.01365012 -0.03136181 0.02499023 0.43529412 0.89019608 0.96078431
v 0.01130846 -0.03143113 0.02639312 0.43529412 0.89019608 0.96078431
v 0.01322015 -0.03112829 0.02574894 0.43529412 0.89019608 0.96078431
v 0.01194680 -0.03132532 0.02620702 0.43529412 0.89019608 0.96078431
v 0.00460433 -0.03408014 0.02416711 0.43529412 0.89019608 0.96078431
v 0.00460433 -0.03403271 0.02426732 0.43529412 0.89019608 0.96078431
v 0.00460433 -0.03377364 0.02478982 0.43529412 0.89019608 0.96078431
v 0.00625142 -0.03268631 0.02639312 0.43529412 0.89019608 0.96078431
v 0.00576193 -0.03303295 0.02589209 0.43529412 0.89019608 0.96078431
v 0.00941993 -0.03235792 0.02570599 0.43529412 0.89019608 0.96078431
v 0.00817303 -0.03248928 0.02604956 0.43529412 0.89019608 0.96078431
v 0.00691621 -0.03262428 0.02628575 0.43529412 0.89019608 0.96078431
v 0.01194680 -0.03030731 -0.02416795 0.43529412 0.89019608 0.96078431
v 0.01395109 -0.03022339 -0.02273644 0.43529412 0.89019608 0.96078431
v 0.01194680 -0.03000811 -0.02479782 0.43529412 0.89019608 0.96078431
v 0.01310439 -0.02976364 -0.02441131 0.43529412 0.89019608 0.96078431
v 0.01345828 -0.03002636 -0.02357387 0.43529412 0.89019608 0.96078431
v 0.01566433 -0.03036204 -0.02066074 0.43529412 0.89019608 0.96078431
v 0.01641181 -0.03020879 -0.02019550 0.43529412 0.89019608 0.96078431
v 0.01667309 -0.03034745 -0.01948690 0.43529412 0.89019608 0.96078431
v 0.01478787 -0.03004460 -0.02233561 0.43529412 0.89019608 0.96078431
v 0.01520791 -0.03023069 -0.02149818 0.43529412 0.89019608 0.96078431
v 0.00460433 -0.03122680 -0.02558515 0.43529412 0.89019608 0.96078431
v 0.00565940 -0.03137640 -0.02503402 0.43529412 0.89019608 0.96078431
v 0.00565940 -0.03169385 -0.02440415 0.43529412 0.89019608 0.96078431
v 0.00565940 -0.03099328 -0.02577125 0.43529412 0.89019608 0.96078431
v 0.00691621 -0.03079990 -0.02577125 0.43529412 0.89019608 0.96078431
v 0.00691621 -0.03127789 -0.02483361 0.43529412 0.89019608 0.96078431
v 0.00783898 -0.03024163 -0.02650848 0.43529412 0.89019608 0.96078431
v 0.00943316 -0.03004825 -0.02615775 0.43529412 0.89019608 0.96078431
v 0.00943316 -0.03036934 -0.02552789 0.43529412 0.89019608 0.96078431
v 0.00943316 -0.02955201 -0.02703098 0.43529412 0.89019608 0.96078431
v 0.01033939 -0.03024893 -0.02529169 0.43529412 0.89019608 0.96078431
v 0.01072967 -0.02990595 -0.02573546 0.43529412 0.89019608 0.96078431
v 0.01206255 -0.02937687 -0.02589293 0.43529412 0.89019608 0.96078431
v 0.01824412 -0.03041313 -0.01688870 0.43529412 0.89019608 0.96078431
v 0.01783400 -0.03030001 -0.01794802 0.43529412 0.89019608 0.96078431
v 0.01755617 -0.03015041 -0.01878546 0.43529412 0.89019608 0.96078431
v 0.02249415 -0.03008109 -0.00817078 0.43529412 0.89019608 0.96078431
v 0.02232216 -0.02996068 -0.00942336 0.43529412 0.89019608 0.96078431
v 0.02343015 -0.02984392 -0.00565132 0.43529412 0.89019608 0.96078431
v 0.02438599 -0.02931849 -0.00439875 0.43529412 0.89019608 0.96078431
v 0.02426362 -0.02921633 -0.00565132 0.43529412 0.89019608 0.96078431
v 0.02460759 -0.02930025 -0.00302449 0.43529412 0.89019608 0.96078431
v 0.02515000 -0.02892078 -0.00253062 0.43529412 0.89019608 0.96078431
v 0.02451829 -0.02945350 -0.00187928 0.43529412 0.89019608 0.96078431
v 0.02373112 -0.03006284 -0.00187928 0.43529412 0.89019608 0.96078431
v 0.01909743 -0.03030731 -0.01571486 0.43529412 0.89019608 0.96078431
v 0.01997390 -0.03008838 -0.01480585 0.43529412 0.89019608 0.96078431
v 0.02018557 -0.03021609 -0.01396842 0.43529412 0.89019608 0.96078431
v 0.02120756 -0.03006649 -0.01217902 0.43529412 0.89019608 0.96078431
v 0.02212372 -0.02981838 -0.01068309 0.43529412 0.89019608 0.96078431
v 0.02166729 -0.02911416 -0.01445513 0.43529412 0.89019608 0.96078431
v 0.02204765 -0.02923457 -0.01312382 0.43529412 0.89019608 0.96078431
v 0.02249746 -0.02882591 -0.01349602 0.43529412 0.89019608 0.96078431
v 0.02266283 -0.02894267 -0.01265142 0.43529412 0.89019608 0.96078431
v 0.02278520 -0.02903389 -0.01194282 0.43529412 0.89019608 0.96078431
v 0.02377412 -0.03009203 -0.00062671 0.43529412 0.89019608 0.96078431
v 0.02451829 -0.02955201 0.00062587 0.43529412 0.89019608 0.96078431
v 0.02522608 -0.02898646 0.00188560 0.43529412 0.89019608 0.96078431
v 0.02584456 -0.02843914 0.00313818 0.43529412 0.89019608 0.96078431
v 0.02712123 -0.02720586 0.00565764 0.43529412 0.89019608 0.96078431
v 0.02585448 -0.02846103 0.00188560 0.43529412 0.89019608 0.96078431
v 0.02660196 -0.02783344 0.00188560 0.43529412 0.89019608 0.96078431
v 0.02836481 -0.02584121 0.00816995 0.43529412 0.89019608 0.96078431
v 0.02893038 -0.02515889 0.00887855 0.43529412 0.89019608 0.96078431
v 0.02816637 -0.02566972 0.01068225 0.43529412 0.89019608 0.96078431
v 0.02754788 -0.02629731 0.01068225 0.43529412 0.89019608 0.96078431
v 0.02679710 -0.02672422 0.01194199 0.43529412 0.89019608 0.96078431
v 0.02601324 -0.02735545 0.01194199 0.43529412 0.89019608 0.96078431
v 0.02551382 -0.02796480 0.01068225 0.43529412 0.89019608 0.96078431
v 0.02843758 -0.02590324 0.00691021 0.43529412 0.89019608 0.96078431
v 0.02784886 -0.02657827 0.00565764 0.43529412 0.89019608 0.96078431
v 0.02538483 -0.02785169 0.01194199 0.43529412 0.89019608 0.96078431
v 0.02440253 -0.02685557 0.01948606 0.43529412 0.89019608 0.96078431
v 0.02367159 -0.02748316 0.01948606 0.43529412 0.89019608 0.96078431
v 0.02544437 -0.02666949 0.01697376 0.43529412 0.89019608 0.96078431
v 0.02303987 -0.02799764 0.01948606 0.43529412 0.89019608 0.96078431
v 0.02225601 -0.02862523 0.01948606 0.43529412 0.89019608 0.96078431
v 0.02663503 -0.02660746 0.01320172 0.43529412 0.89019608 0.96078431
v 0.02639029 -0.02638853 0.01503406 0.43529412 0.89019608 0.96078431
v 0.02265621 -0.02768019 0.02142576 0.43529412 0.89019608 0.96078431
v 0.02246107 -0.02753060 0.02227036 0.43529412 0.89019608 0.96078431
v 0.02202780 -0.02798669 0.02191248 0.43529412 0.89019608 0.96078431
v 0.02156476 -0.02780060 0.02325810 0.43529412 0.89019608 0.96078431
v 0.02102566 -0.02867996 0.02199837 0.43529412 0.89019608 0.96078431
v 0.02039725 -0.02909592 0.02199837 0.43529412 0.89019608 0.96078431
v 0.02018557 -0.02896091 0.02272844 0.43529412 0.89019608 0.96078431
v 0.01987137 -0.02876388 0.02356588 0.43529412 0.89019608 0.96078431
v 0.01903128 -0.02901930 0.02407407 0.43529412 0.89019608 0.96078431
v 0.01701707 -0.02991689 0.02457510 0.43529412 0.89019608 0.96078431
v 0.01623652 -0.03012122 0.02503318 0.43529412 0.89019608 0.96078431
v 0.01539974 -0.03032191 0.02542685 0.43529412 0.89019608 0.96078431
v 0.01449681 -0.03054448 0.02581336 0.43529412 0.89019608 0.96078431
v 0.01409992 -0.03030001 0.02660069 0.43529412 0.89019608 0.96078431
v 0.01194680 -0.03081814 0.02703014 0.43529412 0.89019608 0.96078431
v 0.01080904 -0.03119031 0.02702298 0.43529412 0.89019608 0.96078431
v 0.01046838 -0.03154789 0.02660069 0.43529412 0.89019608 0.96078431
v 0.01309778 -0.03042407 0.02702298 0.43529412 0.89019608 0.96078431
v 0.00460433 -0.03367148 0.02497592 0.43529412 0.89019608 0.96078431
v 0.00541134 -0.03273374 0.02647185 0.43529412 0.89019608 0.96078431
v 0.00460433 -0.03315335 0.02591356 0.43529412 0.89019608 0.96078431
v 0.00691621 -0.03214264 0.02703014 0.43529412 0.89019608 0.96078431
v 0.00691621 -0.03158073 0.02786042 0.43529412 0.89019608 0.96078431
v 0.00565940 -0.03167925 0.02798926 0.43529412 0.89019608 0.96078431
v 0.00576193 -0.03237981 0.02694425 0.43529412 0.89019608 0.96078431
v 0.00460433 -0.03238346 0.02715182 0.43529412 0.89019608 0.96078431
v 0.00460433 -0.03322268 0.02579188 0.43529412 0.89019608 0.96078431
v 0.00943316 -0.03169749 0.02682257 0.43529412 0.89019608 0.96078431
v 0.00820280 -0.03181060 0.02712319 0.43529412 0.89019608 0.96078431
v 0.00780591 -0.03149316 0.02774590 0.43529412 0.89019608 0.96078431
v 0.01440751 -0.02980378 -0.02319452 0.43529412 0.89019608 0.96078431
v 0.01320361 -0.02914335 -0.02552789 0.43529412 0.89019608 0.96078431
v 0.01397093 -0.02898281 -0.02524874 0.43529412 0.89019608 0.96078431
v 0.01730150 -0.03001906 -0.01948690 0.43529412 0.89019608 0.96078431
v 0.01604469 -0.03003365 -0.02103294 0.43529412 0.89019608 0.96078431
v 0.01695422 -0.02917619 -0.02195626 0.43529412 0.89019608 0.96078431
v 0.01688808 -0.02976729 -0.02066074 0.43529412 0.89019608 0.96078431
v 0.01569079 -0.02919079 -0.02324463 0.43529412 0.89019608 0.96078431
v 0.01651765 -0.02900835 -0.02280801 0.43529412 0.89019608 0.96078431
v 0.01566433 -0.02981473 -0.02194911 0.43529412 0.89019608 0.96078431
v 0.00460433 -0.03116112 -0.02569967 0.43529412 0.89019608 0.96078431
v 0.00565940 -0.03042042 -0.02678046 0.43529412 0.89019608 0.96078431
v 0.00691621 -0.03032556 -0.02663731 0.43529412 0.89019608 0.96078431
v 0.00817303 -0.02918349 -0.02804735 0.43529412 0.89019608 0.96078431
v 0.00822595 -0.02986946 -0.02696656 0.43529412 0.89019608 0.96078431
v 0.01062383 -0.02919808 -0.02705245 0.43529412 0.89019608 0.96078431
v 0.00943316 -0.02904848 -0.02783979 0.43529412 0.89019608 0.96078431
v 0.01016079 -0.02895362 -0.02771095 0.43529412 0.89019608 0.96078431
v 0.01172189 -0.02906673 -0.02664447 0.43529412 0.89019608 0.96078431
v 0.01255867 -0.02890983 -0.02639395 0.43529412 0.89019608 0.96078431
v 0.01867077 -0.03006649 -0.01725374 0.43529412 0.89019608 0.96078431
v 0.01890560 -0.03019785 -0.01641630 0.43529412 0.89019608 0.96078431
v 0.01824412 -0.02994244 -0.01831306 0.43529412 0.89019608 0.96078431
v 0.01835657 -0.02939512 -0.01960858 0.43529412 0.89019608 0.96078431
v 0.02331769 -0.02924917 -0.00930168 0.43529412 0.89019608 0.96078431
v 0.02388988 -0.02891713 -0.00880065 0.43529412 0.89019608 0.96078431
v 0.02325816 -0.02950823 -0.00817078 0.43529412 0.89019608 0.96078431
v 0.02299026 -0.02919079 -0.01068309 0.43529412 0.89019608 0.96078431
v 0.02501440 -0.02880767 -0.00439875 0.43529412 0.89019608 0.96078431
v 0.02489203 -0.02870915 -0.00565132 0.43529412 0.89019608 0.96078431
v 0.02515993 -0.02767290 -0.01011049 0.43529412 0.89019608 0.96078431
v 0.02537822 -0.02785534 -0.00817078 0.43529412 0.89019608 0.96078431
v 0.02587433 -0.02808521 -0.00434148 0.43529412 0.89019608 0.96078431
v 0.02564942 -0.02843549 -0.00302449 0.43529412 0.89019608 0.96078431
v 0.02646966 -0.02772033 -0.00313901 0.43529412 0.89019608 0.96078431
v 0.02652589 -0.02777141 -0.00187928 0.43529412 0.89019608 0.96078431
v 0.02579826 -0.02839900 -0.00187928 0.43529412 0.89019608 0.96078431
v 0.02584125 -0.02843184 -0.00062671 0.43529412 0.89019608 0.96078431
v 0.02520954 -0.02897186 -0.00062671 0.43529412 0.89019608 0.96078431
v 0.02451829 -0.02951553 -0.00062671 0.43529412 0.89019608 0.96078431
v 0.01972584 -0.02994608 -0.01571486 0.43529412 0.89019608 0.96078431
v 0.02081398 -0.02927836 -0.01572202 0.43529412 0.89019608 0.96078431
v 0.02148539 -0.02899010 -0.01530688 0.43529412 0.89019608 0.96078431
v 0.02098597 -0.02992419 -0.01319540 0.43529412 0.89019608 0.96078431
v 0.02229570 -0.02869090 -0.01445513 0.43529412 0.89019608 0.96078431
v 0.02329785 -0.02799399 -0.01436924 0.43529412 0.89019608 0.96078431
v 0.02391303 -0.02768019 -0.01388968 0.43529412 0.89019608 0.96078431
v 0.02403541 -0.02777506 -0.01319540 0.43529412 0.89019608 0.96078431
v 0.02341361 -0.02856320 -0.01194282 0.43529412 0.89019608 0.96078431
v 0.02522938 -0.02898646 0.00062587 0.43529412 0.89019608 0.96078431
v 0.02657881 -0.02781155 0.00313818 0.43529412 0.89019608 0.96078431
v 0.02723037 -0.02725694 0.00188560 0.43529412 0.89019608 0.96078431
v 0.02720722 -0.02724599 0.00313818 0.43529412 0.89019608 0.96078431
v 0.02585779 -0.02845373 0.00062587 0.43529412 0.89019608 0.96078431
v 0.02659204 -0.02782614 0.00062587 0.43529412 0.89019608 0.96078431
v 0.02897999 -0.02520998 0.00816995 0.43529412 0.89019608 0.96078431
v 0.02955879 -0.02451671 0.00816995 0.43529412 0.89019608 0.96078431
v 0.02932396 -0.02460793 0.00935095 0.43529412 0.89019608 0.96078431
v 0.02879478 -0.02500564 0.01068225 0.43529412 0.89019608 0.96078431
v 0.02805722 -0.02555296 0.01194199 0.43529412 0.89019608 0.96078431
v 0.02742551 -0.02618055 0.01194199 0.43529412 0.89019608 0.96078431
v 0.02903622 -0.02527565 0.00691021 0.43529412 0.89019608 0.96078431
v 0.02848057 -0.02593973 0.00565764 0.43529412 0.89019608 0.96078431
v 0.02788193 -0.02661475 0.00313818 0.43529412 0.89019608 0.96078431
v 0.02849380 -0.02596892 0.00439791 0.43529412 0.89019608 0.96078431
v 0.02503094 -0.02629366 0.01948606 0.43529412 0.89019608 0.96078431
v 0.02418424 -0.02665489 0.02074580 0.43529412 0.89019608 0.96078431
v 0.02342353 -0.02728248 0.02074580 0.43529412 0.89019608 0.96078431
v 0.02628445 -0.02629001 0.01571402 0.43529412 0.89019608 0.96078431
v 0.02279512 -0.02778966 0.02074580 0.43529412 0.89019608 0.96078431
v 0.02690955 -0.02566242 0.01571402 0.43529412 0.89019608 0.96078431
v 0.02726344 -0.02602000 0.01320172 0.43529412 0.89019608 0.96078431
v 0.02790508 -0.02539241 0.01320172 0.43529412 0.89019608 0.96078431
v 0.02776286 -0.02525011 0.01418230 0.43529412 0.89019608 0.96078431
v 0.02400564 -0.02650529 0.02164765 0.43529412 0.89019608 0.96078431
v 0.02324162 -0.02701977 0.02195543 0.43529412 0.89019608 0.96078431
v 0.02382704 -0.02634474 0.02248508 0.43529412 0.89019608 0.96078431
v 0.02298365 -0.02669867 0.02325810 0.43529412 0.89019608 0.96078431
v 0.02219317 -0.02732626 0.02325810 0.43529412 0.89019608 0.96078431
v 0.02138286 -0.02766560 0.02389513 0.43529412 0.89019608 0.96078431
v 0.02067507 -0.02785534 0.02439616 0.43529412 0.89019608 0.96078431
v 0.02020542 -0.02771303 0.02524075 0.43529412 0.89019608 0.96078431
v 0.01822758 -0.02925646 0.02450352 0.43529412 0.89019608 0.96078431
v 0.01780423 -0.02904119 0.02535527 0.43529412 0.89019608 0.96078431
v 0.01698068 -0.02928565 0.02577757 0.43529412 0.89019608 0.96078431
v 0.01656395 -0.02904119 0.02660784 0.43529412 0.89019608 0.96078431
v 0.01577678 -0.02992054 0.02581336 0.43529412 0.89019608 0.96078431
v 0.01493670 -0.03009933 0.02626428 0.43529412 0.89019608 0.96078431
v 0.01449681 -0.02984392 0.02702298 0.43529412 0.89019608 0.96078431
v 0.01344836 -0.03003365 0.02744528 0.43529412 0.89019608 0.96078431
v 0.01260828 -0.03018690 0.02767432 0.43529412 0.89019608 0.96078431
v 0.01194680 -0.03029637 0.02783895 0.43529412 0.89019608 0.96078431
v 0.01068998 -0.03050070 0.02811093 0.43529412 0.89019608 0.96078431
v 0.00943316 -0.03130343 0.02745244 0.43529412 0.89019608 0.96078431
v 0.00460433 -0.03273010 0.02662216 0.43529412 0.89019608 0.96078431
v 0.00460433 -0.03278118 0.02654343 0.43529412 0.89019608 0.96078431
v 0.00691621 -0.03110274 0.02849029 0.43529412 0.89019608 0.96078431
v 0.00565940 -0.03120126 0.02861912 0.43529412 0.89019608 0.96078431
v 0.00460433 -0.03127059 0.02871217 0.43529412 0.89019608 0.96078431
v 0.00460433 -0.03174493 0.02808230 0.43529412 0.89019608 0.96078431
v 0.00460433 -0.03227400 0.02731644 0.43529412 0.89019608 0.96078431
v 0.00864269 -0.03139465 0.02760275 0.43529412 0.89019608 0.96078431
v 0.00948608 -0.03061746 0.02839008 0.43529412 0.89019608 0.96078431
v 0.00993919 -0.03014676 0.02887680 0.43529412 0.89019608 0.96078431
v 0.00910242 -0.03024528 0.02899847 0.43529412 0.89019608 0.96078431
v 0.00820280 -0.03104801 0.02821114 0.43529412 0.89019608 0.96078431
v 0.00817303 -0.03035110 0.02912015 0.43529412 0.89019608 0.96078431
v 0.01441744 -0.02916524 -0.02448288 0.43529412 0.89019608 0.96078431
v 0.01480771 -0.02877847 -0.02487655 0.43529412 0.89019608 0.96078431
v 0.01320361 -0.02876753 -0.02615775 0.43529412 0.89019608 0.96078431
v 0.01446043 -0.02785169 -0.02670889 0.43529412 0.89019608 0.96078431
v 0.01515168 -0.02769114 -0.02645122 0.43529412 0.89019608 0.96078431
v 0.01799606 -0.02914335 -0.02073947 0.43529412 0.89019608 0.96078431
v 0.01735442 -0.02877847 -0.02234277 0.43529412 0.89019608 0.96078431
v 0.01771493 -0.02897916 -0.02150534 0.43529412 0.89019608 0.96078431
v 0.01609099 -0.02879307 -0.02365261 0.43529412 0.89019608 0.96078431
v 0.01695422 -0.02856320 -0.02324463 0.43529412 0.89019608 0.96078431
v 0.00460433 -0.03047515 -0.02687351 0.43529412 0.89019608 0.96078431
v 0.00460433 -0.03013582 -0.02740317 0.43529412 0.89019608 0.96078431
v 0.00460433 -0.02965053 -0.02814756 0.43529412 0.89019608 0.96078431
v 0.00565940 -0.03000811 -0.02741033 0.43529412 0.89019608 0.96078431
v 0.00691621 -0.02991689 -0.02726718 0.43529412 0.89019608 0.96078431
v 0.00691621 -0.02928930 -0.02819766 0.43529412 0.89019608 0.96078431
v 0.00691621 -0.02885145 -0.02882753 0.43529412 0.89019608 0.96078431
v 0.00817303 -0.02873469 -0.02867722 0.43529412 0.89019608 0.96078431
v 0.01099757 -0.02880402 -0.02748190 0.43529412 0.89019608 0.96078431
v 0.00943316 -0.02858874 -0.02846965 0.43529412 0.89019608 0.96078431
v 0.01068998 -0.02778601 -0.02907089 0.43529412 0.89019608 0.96078431
v 0.01135808 -0.02767655 -0.02893489 0.43529412 0.89019608 0.96078431
v 0.01184427 -0.02794656 -0.02829071 0.43529412 0.89019608 0.96078431
v 0.01206255 -0.02868725 -0.02705245 0.43529412 0.89019608 0.96078431
v 0.01291256 -0.02781520 -0.02787557 0.43529412 0.89019608 0.96078431
v 0.01374934 -0.02762181 -0.02759643 0.43529412 0.89019608 0.96078431
v 0.01939179 -0.02976000 -0.01688870 0.43529412 0.89019608 0.96078431
v 0.01952409 -0.02923822 -0.01819854 0.43529412 0.89019608 0.96078431
v 0.01912720 -0.02908497 -0.01926502 0.43529412 0.89019608 0.96078431
v 0.01885599 -0.02891348 -0.02010245 0.43529412 0.89019608 0.96078431
v 0.02377743 -0.02883321 -0.00963809 0.43529412 0.89019608 0.96078431
v 0.02424377 -0.02793196 -0.01194282 0.43529412 0.89019608 0.96078431
v 0.02457451 -0.02800858 -0.01059004 0.43529412 0.89019608 0.96078431
v 0.02636052 -0.02762181 -0.00472084 0.43529412 0.89019608 0.96078431
v 0.02563950 -0.02808156 -0.00565132 0.43529412 0.89019608 0.96078431
v 0.02551051 -0.02796845 -0.00691105 0.43529412 0.89019608 0.96078431
v 0.02503094 -0.02756708 -0.01094792 0.43529412 0.89019608 0.96078431
v 0.02560312 -0.02680814 -0.01194282 0.43529412 0.89019608 0.96078431
v 0.02575526 -0.02701247 -0.01061152 0.43529412 0.89019608 0.96078431
v 0.02645974 -0.02645785 -0.01026795 0.43529412 0.89019608 0.96078431
v 0.02656227 -0.02655272 -0.00942336 0.43529412 0.89019608 0.96078431
v 0.02586441 -0.02718396 -0.00942336 0.43529412 0.89019608 0.96078431
v 0.02600663 -0.02731532 -0.00817078 0.43529412 0.89019608 0.96078431
v 0.02613892 -0.02743208 -0.00691105 0.43529412 0.89019608 0.96078431
v 0.02642005 -0.02767290 -0.00388340 0.43529412 0.89019608 0.96078431
v 0.02691616 -0.02718031 -0.00434148 0.43529412 0.89019608 0.96078431
v 0.02709807 -0.02715842 -0.00313901 0.43529412 0.89019608 0.96078431
v 0.02719068 -0.02722045 -0.00062671 0.43529412 0.89019608 0.96078431
v 0.02656227 -0.02780060 -0.00062671 0.43529412 0.89019608 0.96078431
v 0.02779263 -0.02653083 -0.00313901 0.43529412 0.89019608 0.96078431
v 0.02042701 -0.02911052 -0.01696744 0.43529412 0.89019608 0.96078431
v 0.02127702 -0.02885510 -0.01614432 0.43529412 0.89019608 0.96078431
v 0.02207080 -0.02804872 -0.01697459 0.43529412 0.89019608 0.96078431
v 0.02194181 -0.02854495 -0.01572202 0.43529412 0.89019608 0.96078431
v 0.02291419 -0.02787358 -0.01571486 0.43529412 0.89019608 0.96078431
v 0.02354260 -0.02739559 -0.01571486 0.43529412 0.89019608 0.96078431
v 0.02433638 -0.02676800 -0.01571486 0.43529412 0.89019608 0.96078431
v 0.02525584 -0.02650164 -0.01412588 0.43529412 0.89019608 0.96078431
v 0.02466381 -0.02726423 -0.01319540 0.43529412 0.89019608 0.96078431
v 0.02487218 -0.02743573 -0.01194282 0.43529412 0.89019608 0.96078431
v 0.02788524 -0.02662570 0.00188560 0.43529412 0.89019608 0.96078431
v 0.02722045 -0.02724234 0.00062587 0.43529412 0.89019608 0.96078431
v 0.02976054 -0.02441089 0.00696747 0.43529412 0.89019608 0.96078431
v 0.03020374 -0.02392196 0.00658812 0.43529412 0.89019608 0.96078431
v 0.03016405 -0.02387452 0.00742556 0.43529412 0.89019608 0.96078431
v 0.03012436 -0.02381979 0.00816995 0.43529412 0.89019608 0.96078431
v 0.03004498 -0.02371763 0.00942968 0.43529412 0.89019608 0.96078431
v 0.02932066 -0.02437806 0.01068225 0.43529412 0.89019608 0.96078431
v 0.02868563 -0.02487794 0.01194199 0.43529412 0.89019608 0.96078431
v 0.02909906 -0.02534133 0.00439791 0.43529412 0.89019608 0.96078431
v 0.02969770 -0.02459698 0.00565764 0.43529412 0.89019608 0.96078431
v 0.03024012 -0.02396574 0.00565764 0.43529412 0.89019608 0.96078431
v 0.02851034 -0.02597987 0.00313818 0.43529412 0.89019608 0.96078431
v 0.02641674 -0.02516254 0.01889914 0.43529412 0.89019608 0.96078431
v 0.02481265 -0.02609298 0.02074580 0.43529412 0.89019608 0.96078431
v 0.02607277 -0.02609663 0.01697376 0.43529412 0.89019608 0.96078431
v 0.02671772 -0.02546904 0.01697376 0.43529412 0.89019608 0.96078431
v 0.02764049 -0.02512605 0.01501974 0.43529412 0.89019608 0.96078431
v 0.02853349 -0.02471009 0.01320172 0.43529412 0.89019608 0.96078431
v 0.02455798 -0.02581567 0.02209858 0.43529412 0.89019608 0.96078431
v 0.02510701 -0.02510781 0.02254235 0.43529412 0.89019608 0.96078431
v 0.02430000 -0.02553107 0.02325810 0.43529412 0.89019608 0.96078431
v 0.02361205 -0.02615866 0.02325810 0.43529412 0.89019608 0.96078431
v 0.02274551 -0.02650529 0.02406691 0.43529412 0.89019608 0.96078431
v 0.02192858 -0.02697963 0.02440331 0.43529412 0.89019608 0.96078431
v 0.02163753 -0.02661475 0.02549842 0.43529412 0.89019608 0.96078431
v 0.02104550 -0.02745397 0.02473256 0.43529412 0.89019608 0.96078431
v 0.02076106 -0.02704531 0.02578472 0.43529412 0.89019608 0.96078431
v 0.01980522 -0.02747586 0.02607819 0.43529412 0.89019608 0.96078431
v 0.01896844 -0.02772033 0.02650048 0.43529412 0.89019608 0.96078431
v 0.01740403 -0.02880037 0.02619271 0.43529412 0.89019608 0.96078431
v 0.01698068 -0.02854495 0.02703014 0.43529412 0.89019608 0.96078431
v 0.01609760 -0.02878577 0.02745244 0.43529412 0.89019608 0.96078431
v 0.01569410 -0.02924917 0.02703014 0.43529412 0.89019608 0.96078431
v 0.01525752 -0.02900105 0.02777453 0.43529412 0.89019608 0.96078431
v 0.01446043 -0.02919079 0.02802504 0.43529412 0.89019608 0.96078431
v 0.01374603 -0.02888064 0.02886964 0.43529412 0.89019608 0.96078431
v 0.01317715 -0.02954472 0.02827556 0.43529412 0.89019608 0.96078431
v 0.01194680 -0.02985486 0.02846166 0.43529412 0.89019608 0.96078431
v 0.01068998 -0.03004460 0.02874080 0.43529412 0.89019608 0.96078431
v 0.00691621 -0.03047151 0.02926330 0.43529412 0.89019608 0.96078431
v 0.00460433 -0.03117207 0.02883385 0.43529412 0.89019608 0.96078431
v 0.00565940 -0.03057002 0.02937067 0.43529412 0.89019608 0.96078431
v 0.01063375 -0.02933674 0.02961402 0.43529412 0.89019608 0.96078431
v 0.01017733 -0.02894997 0.03020810 0.43529412 0.89019608 0.96078431
v 0.00817303 -0.02978919 0.02975002 0.43529412 0.89019608 0.96078431
v 0.01775462 -0.02774952 -0.02403196 0.43529412 0.89019608 0.96078431
v 0.01446043 -0.02744667 -0.02733875 0.43529412 0.89019608 0.96078431
v 0.01627951 -0.02636664 -0.02761074 0.43529412 0.89019608 0.96078431
v 0.01697738 -0.02658556 -0.02669457 0.43529412 0.89019608 0.96078431
v 0.01762894 -0.02641772 -0.02642259 0.43529412 0.89019608 0.96078431
v 0.01862447 -0.02877847 -0.02073947 0.43529412 0.89019608 0.96078431
v 0.01819781 -0.02790642 -0.02318021 0.43529412 0.89019608 0.96078431
v 0.01817466 -0.02850117 -0.02195626 0.43529412 0.89019608 0.96078431
v 0.00460433 -0.02908862 -0.02898499 0.43529412 0.89019608 0.96078431
v 0.00460433 -0.02903024 -0.02907089 0.43529412 0.89019608 0.96078431
v 0.00535842 -0.02897551 -0.02899215 0.43529412 0.89019608 0.96078431
v 0.00460433 -0.02865077 -0.02956476 0.43529412 0.89019608 0.96078431
v 0.00460433 -0.02855955 -0.02967928 0.43529412 0.89019608 0.96078431
v 0.00565940 -0.02782979 -0.03037356 0.43529412 0.89019608 0.96078431
v 0.00703197 -0.02815454 -0.02966496 0.43529412 0.89019608 0.96078431
v 0.00752809 -0.02765830 -0.03016599 0.43529412 0.89019608 0.96078431
v 0.00817303 -0.02810710 -0.02945739 0.43529412 0.89019608 0.96078431
v 0.00943316 -0.02795750 -0.02927846 0.43529412 0.89019608 0.96078431
v 0.00943316 -0.02742843 -0.02990832 0.43529412 0.89019608 0.96078431
v 0.01068998 -0.02724964 -0.02969359 0.43529412 0.89019608 0.96078431
v 0.01152345 -0.02648705 -0.03026620 0.43529412 0.89019608 0.96078431
v 0.01219816 -0.02751235 -0.02872017 0.43529412 0.89019608 0.96078431
v 0.01186080 -0.02700152 -0.02950750 0.43529412 0.89019608 0.96078431
v 0.01327969 -0.02734816 -0.02829071 0.43529412 0.89019608 0.96078431
v 0.01398086 -0.02648705 -0.02901362 0.43529412 0.89019608 0.96078431
v 0.01442405 -0.02678625 -0.02829787 0.43529412 0.89019608 0.96078431
v 0.02021203 -0.02897551 -0.01775477 0.43529412 0.89019608 0.96078431
v 0.01996728 -0.02882226 -0.01859220 0.43529412 0.89019608 0.96078431
v 0.01952409 -0.02870185 -0.01960858 0.43529412 0.89019608 0.96078431
v 0.01959024 -0.02814724 -0.02083252 0.43529412 0.89019608 0.96078431
v 0.02036086 -0.02781885 -0.02046749 0.43529412 0.89019608 0.96078431
v 0.02766364 -0.02640677 -0.00503577 0.43529412 0.89019608 0.96078431
v 0.02771656 -0.02645785 -0.00439875 0.43529412 0.89019608 0.96078431
v 0.02627122 -0.02754519 -0.00565132 0.43529412 0.89019608 0.96078431
v 0.02541129 -0.02663665 -0.01319540 0.43529412 0.89019608 0.96078431
v 0.02623153 -0.02624258 -0.01194282 0.43529412 0.89019608 0.96078431
v 0.02634729 -0.02635204 -0.01111255 0.43529412 0.89019608 0.96078431
v 0.02771325 -0.02519903 -0.01026795 0.43529412 0.89019608 0.96078431
v 0.02719068 -0.02593243 -0.00942336 0.43529412 0.89019608 0.96078431
v 0.02703523 -0.02577554 -0.01069025 0.43529412 0.89019608 0.96078431
v 0.02733290 -0.02607473 -0.00817078 0.43529412 0.89019608 0.96078431
v 0.02670449 -0.02668773 -0.00817078 0.43529412 0.89019608 0.96078431
v 0.02683679 -0.02680449 -0.00691105 0.43529412 0.89019608 0.96078431
v 0.02782240 -0.02656002 -0.00187928 0.43529412 0.89019608 0.96078431
v 0.02784555 -0.02658921 -0.00062671 0.43529412 0.89019608 0.96078431
v 0.02842104 -0.02585216 -0.00313901 0.43529412 0.89019608 0.96078431
v 0.02904614 -0.02528295 -0.00187928 0.43529412 0.89019608 0.96078431
v 0.02845081 -0.02591419 -0.00187928 0.43529412 0.89019608 0.96078431
v 0.02105542 -0.02872009 -0.01696744 0.43529412 0.89019608 0.96078431
v 0.02273228 -0.02773493 -0.01655946 0.43529412 0.89019608 0.96078431
v 0.02253384 -0.02759262 -0.01740405 0.43529412 0.89019608 0.96078431
v 0.02319532 -0.02723869 -0.01697459 0.43529412 0.89019608 0.96078431
v 0.02407840 -0.02655637 -0.01696744 0.43529412 0.89019608 0.96078431
v 0.02496479 -0.02624623 -0.01571486 0.43529412 0.89019608 0.96078431
v 0.02565604 -0.02561864 -0.01571486 0.43529412 0.89019608 0.96078431
v 0.02640021 -0.02514065 -0.01507068 0.43529412 0.89019608 0.96078431
v 0.02603970 -0.02606379 -0.01319540 0.43529412 0.89019608 0.96078431
v 0.02786870 -0.02661475 0.00062587 0.43529412 0.89019608 0.96078431
v 0.02851365 -0.02597622 0.00188560 0.43529412 0.89019608 0.96078431
v 0.03129188 -0.02244056 0.00691021 0.43529412 0.89019608 0.96078431
v 0.03058078 -0.02337829 0.00696747 0.43529412 0.89019608 0.96078431
v 0.03077261 -0.02325788 0.00565764 0.43529412 0.89019608 0.96078431
v 0.03122904 -0.02235663 0.00816995 0.43529412 0.89019608 0.96078431
v 0.03060063 -0.02319220 0.00816995 0.43529412 0.89019608 0.96078431
v 0.03051794 -0.02309004 0.00942968 0.43529412 0.89019608 0.96078431
v 0.03042533 -0.02296598 0.01068225 0.43529412 0.89019608 0.96078431
v 0.02994907 -0.02359357 0.01068225 0.43529412 0.89019608 0.96078431
v 0.02920159 -0.02424670 0.01194199 0.43529412 0.89019608 0.96078431
v 0.02906929 -0.02407885 0.01320172 0.43529412 0.89019608 0.96078431
v 0.02910567 -0.02535228 0.00313818 0.43529412 0.89019608 0.96078431
v 0.02972747 -0.02462617 0.00439791 0.43529412 0.89019608 0.96078431
v 0.03026327 -0.02399493 0.00439791 0.43529412 0.89019608 0.96078431
v 0.03082884 -0.02325788 0.00439791 0.43529412 0.89019608 0.96078431
v 0.03137125 -0.02255002 0.00439791 0.43529412 0.89019608 0.96078431
v 0.02753134 -0.02374317 0.01948606 0.43529412 0.89019608 0.96078431
v 0.02668795 -0.02418467 0.02074580 0.43529412 0.89019608 0.96078431
v 0.02527899 -0.02528660 0.02170491 0.43529412 0.89019608 0.96078431
v 0.02545429 -0.02546539 0.02074580 0.43529412 0.89019608 0.96078431
v 0.02753796 -0.02501294 0.01571402 0.43529412 0.89019608 0.96078431
v 0.02734613 -0.02479766 0.01697376 0.43529412 0.89019608 0.96078431
v 0.02897668 -0.02395845 0.01402484 0.43529412 0.89019608 0.96078431
v 0.02651597 -0.02400588 0.02163333 0.43529412 0.89019608 0.96078431
v 0.02633737 -0.02381614 0.02247077 0.43529412 0.89019608 0.96078431
v 0.02553367 -0.02430508 0.02325810 0.43529412 0.89019608 0.96078431
v 0.02530876 -0.02406061 0.02421722 0.43529412 0.89019608 0.96078431
v 0.02492841 -0.02493267 0.02325810 0.43529412 0.89019608 0.96078431
v 0.02405525 -0.02529755 0.02415280 0.43529412 0.89019608 0.96078431
v 0.02247761 -0.02626812 0.02490434 0.43529412 0.89019608 0.96078431
v 0.02203442 -0.02605284 0.02586346 0.43529412 0.89019608 0.96078431
v 0.02131671 -0.02635934 0.02633586 0.43529412 0.89019608 0.96078431
v 0.02047993 -0.02663665 0.02675100 0.43529412 0.89019608 0.96078431
v 0.01950424 -0.02704166 0.02704446 0.43529412 0.89019608 0.96078431
v 0.01852194 -0.02745032 0.02733792 0.43529412 0.89019608 0.96078431
v 0.01768516 -0.02770939 0.02772443 0.43529412 0.89019608 0.96078431
v 0.01815482 -0.02790642 0.02696572 0.43529412 0.89019608 0.96078431
v 0.01697738 -0.02791007 0.02798926 0.43529412 0.89019608 0.96078431
v 0.01576686 -0.02831508 0.02831850 0.43529412 0.89019608 0.96078431
v 0.01543943 -0.02784439 0.02914162 0.43529412 0.89019608 0.96078431
v 0.01446043 -0.02871280 0.02865491 0.43529412 0.89019608 0.96078431
v 0.01436452 -0.02801223 0.02955676 0.43529412 0.89019608 0.96078431
v 0.01471841 -0.02749046 0.02997906 0.43529412 0.89019608 0.96078431
v 0.01388163 -0.02768019 0.03019379 0.43529412 0.89019608 0.96078431
v 0.01327969 -0.02852671 0.02951382 0.43529412 0.89019608 0.96078431
v 0.01290925 -0.02905213 0.02907721 0.43529412 0.89019608 0.96078431
v 0.01194680 -0.02922363 0.02928478 0.43529412 0.89019608 0.96078431
v 0.00691621 -0.02990960 0.02988601 0.43529412 0.89019608 0.96078431
v 0.00565940 -0.03000811 0.03000053 0.43529412 0.89019608 0.96078431
v 0.00460433 -0.03064300 0.02943508 0.43529412 0.89019608 0.96078431
v 0.01101741 -0.02882956 0.03007926 0.43529412 0.89019608 0.96078431
v 0.01194680 -0.02805967 0.03058030 0.43529412 0.89019608 0.96078431
v 0.01094134 -0.02755979 0.03133900 0.43529412 0.89019608 0.96078431
v 0.01010456 -0.02766925 0.03143920 0.43529412 0.89019608 0.96078431
v 0.00943316 -0.02838076 0.03091670 0.43529412 0.89019608 0.96078431
v 0.00943316 -0.02903024 0.03028683 0.43529412 0.89019608 0.96078431
v 0.00817303 -0.02916160 0.03042283 0.43529412 0.89019608 0.96078431
v 0.01859140 -0.02749046 -0.02355240 0.43529412 0.89019608 0.96078431
v 0.01893206 -0.02770209 -0.02271496 0.43529412 0.89019608 0.96078431
v 0.01889568 -0.02642502 -0.02518433 0.43529412 0.89019608 0.96078431
v 0.01497639 -0.02508227 -0.03010158 0.43529412 0.89019608 0.96078431
v 0.01724858 -0.02494361 -0.02864859 0.43529412 0.89019608 0.96078431
v 0.01697738 -0.02615136 -0.02732444 0.43529412 0.89019608 0.96078431
v 0.01777446 -0.02526471 -0.02781116 0.43529412 0.89019608 0.96078431
v 0.01812174 -0.02570986 -0.02693077 0.43529412 0.89019608 0.96078431
v 0.01908751 -0.02531579 -0.02660868 0.43529412 0.89019608 0.96078431
v 0.01846902 -0.02615501 -0.02602176 0.43529412 0.89019608 0.96078431
v 0.01919335 -0.02786993 -0.02199921 0.43529412 0.89019608 0.96078431
v 0.00460433 -0.02791736 -0.03046661 0.43529412 0.89019608 0.96078431
v 0.00565940 -0.02728248 -0.03100343 0.43529412 0.89019608 0.96078431
v 0.00817303 -0.02758533 -0.03008010 0.43529412 0.89019608 0.96078431
v 0.00703197 -0.02725694 -0.03073144 0.43529412 0.89019608 0.96078431
v 0.00691621 -0.02653083 -0.03156888 0.43529412 0.89019608 0.96078431
v 0.00852031 -0.02634474 -0.03136847 0.43529412 0.89019608 0.96078431
v 0.00943316 -0.02679719 -0.03060976 0.43529412 0.89019608 0.96078431
v 0.01068998 -0.02662205 -0.03040935 0.43529412 0.89019608 0.96078431
v 0.01236353 -0.02631190 -0.03007295 0.43529412 0.89019608 0.96078431
v 0.01068998 -0.02602730 -0.03103922 0.43529412 0.89019608 0.96078431
v 0.01158959 -0.02524646 -0.03153309 0.43529412 0.89019608 0.96078431
v 0.01242637 -0.02508957 -0.03136847 0.43529412 0.89019608 0.96078431
v 0.01320361 -0.02666949 -0.02922835 0.43529412 0.89019608 0.96078431
v 0.01413961 -0.02529390 -0.03033778 0.43529412 0.89019608 0.96078431
v 0.02067838 -0.02851941 -0.01819854 0.43529412 0.89019608 0.96078431
v 0.02076768 -0.02797939 -0.01942964 0.43529412 0.89019608 0.96078431
v 0.02007643 -0.02763276 -0.02131208 0.43529412 0.89019608 0.96078431
v 0.02076768 -0.02738099 -0.02083252 0.43529412 0.89019608 0.96078431
v 0.02119764 -0.02753789 -0.01981615 0.43529412 0.89019608 0.96078431
v 0.02746520 -0.02620974 -0.00691105 0.43529412 0.89019608 0.96078431
v 0.02795469 -0.02544714 -0.00817078 0.43529412 0.89019608 0.96078431
v 0.02808038 -0.02557850 -0.00691105 0.43529412 0.89019608 0.96078431
v 0.02870879 -0.02491443 -0.00691105 0.43529412 0.89019608 0.96078431
v 0.02882124 -0.02503848 -0.00565132 0.43529412 0.89019608 0.96078431
v 0.02889069 -0.02511146 -0.00476378 0.43529412 0.89019608 0.96078431
v 0.02669126 -0.02543255 -0.01319540 0.43529412 0.89019608 0.96078431
v 0.02686655 -0.02561134 -0.01194282 0.43529412 0.89019608 0.96078431
v 0.02760741 -0.02509321 -0.01110539 0.43529412 0.89019608 0.96078431
v 0.02827882 -0.02450576 -0.01063299 0.43529412 0.89019608 0.96078431
v 0.02894361 -0.02391831 -0.01016059 0.43529412 0.89019608 0.96078431
v 0.02781247 -0.02530120 -0.00942336 0.43529412 0.89019608 0.96078431
v 0.02898661 -0.02522092 -0.00313901 0.43529412 0.89019608 0.96078431
v 0.02967455 -0.02456049 -0.00187928 0.43529412 0.89019608 0.96078431
v 0.02970101 -0.02460428 -0.00062671 0.43529412 0.89019608 0.96078431
v 0.02907260 -0.02531214 -0.00062671 0.43529412 0.89019608 0.96078431
v 0.02847396 -0.02593973 -0.00062671 0.43529412 0.89019608 0.96078431
v 0.02167060 -0.02786263 -0.01822717 0.43529412 0.89019608 0.96078431
v 0.02230232 -0.02743573 -0.01822717 0.43529412 0.89019608 0.96078431
v 0.02328462 -0.02674246 -0.01814128 0.43529412 0.89019608 0.96078431
v 0.02391964 -0.02642866 -0.01766888 0.43529412 0.89019608 0.96078431
v 0.02471012 -0.02602365 -0.01696744 0.43529412 0.89019608 0.96078431
v 0.02628445 -0.02502389 -0.01571486 0.43529412 0.89019608 0.96078431
v 0.02540468 -0.02539241 -0.01696744 0.43529412 0.89019608 0.96078431
v 0.02688309 -0.02439630 -0.01571486 0.43529412 0.89019608 0.96078431
v 0.02777940 -0.02402047 -0.01416883 0.43529412 0.89019608 0.96078431
v 0.02653581 -0.02527565 -0.01423324 0.43529412 0.89019608 0.96078431
v 0.02849711 -0.02596162 0.00062587 0.43529412 0.89019608 0.96078431
v 0.02909906 -0.02534498 0.00188560 0.43529412 0.89019608 0.96078431
v 0.02908914 -0.02533403 0.00062587 0.43529412 0.89019608 0.96078431
v 0.03133487 -0.02249894 0.00565764 0.43529412 0.89019608 0.96078431
v 0.03183760 -0.02192243 0.00439791 0.43529412 0.89019608 0.96078431
v 0.03178799 -0.02187135 0.00565764 0.43529412 0.89019608 0.96078431
v 0.03173507 -0.02180932 0.00691021 0.43529412 0.89019608 0.96078431
v 0.03167885 -0.02172540 0.00816995 0.43529412 0.89019608 0.96078431
v 0.03159947 -0.02160864 0.00942968 0.43529412 0.89019608 0.96078431
v 0.03114635 -0.02223622 0.00942968 0.43529412 0.89019608 0.96078431
v 0.03105374 -0.02211217 0.01068225 0.43529412 0.89019608 0.96078431
v 0.03145394 -0.02140066 0.01143380 0.43529412 0.89019608 0.96078431
v 0.03101075 -0.02189324 0.01188473 0.43529412 0.89019608 0.96078431
v 0.03031288 -0.02281273 0.01194199 0.43529412 0.89019608 0.96078431
v 0.02983000 -0.02344397 0.01194199 0.43529412 0.89019608 0.96078431
v 0.02977377 -0.02317396 0.01323035 0.43529412 0.89019608 0.96078431
v 0.03014090 -0.02258651 0.01366696 0.43529412 0.89019608 0.96078431
v 0.02973409 -0.02462617 0.00313818 0.43529412 0.89019608 0.96078431
v 0.02972747 -0.02462617 0.00188560 0.43529412 0.89019608 0.96078431
v 0.03138779 -0.02257191 0.00313818 0.43529412 0.89019608 0.96078431
v 0.03026658 -0.02399858 0.00188560 0.43529412 0.89019608 0.96078431
v 0.03086522 -0.02325788 0.00188560 0.43529412 0.89019608 0.96078431
v 0.03140102 -0.02259016 0.00188560 0.43529412 0.89019608 0.96078431
v 0.03186406 -0.02194432 0.00313818 0.43529412 0.89019608 0.96078431
v 0.02807045 -0.02311558 0.01948606 0.43529412 0.89019608 0.96078431
v 0.02785878 -0.02286746 0.02074580 0.43529412 0.89019608 0.96078431
v 0.02731636 -0.02349505 0.02074580 0.43529412 0.89019608 0.96078431
v 0.02763718 -0.02386358 0.01878462 0.43529412 0.89019608 0.96078431
v 0.02853680 -0.02345492 0.01697376 0.43529412 0.89019608 0.96078431
v 0.02790839 -0.02417007 0.01697376 0.43529412 0.89019608 0.96078431
v 0.03005160 -0.02246245 0.01445429 0.43529412 0.89019608 0.96078431
v 0.02925782 -0.02304260 0.01571402 0.43529412 0.89019608 0.96078431
v 0.02907591 -0.02282733 0.01697376 0.43529412 0.89019608 0.96078431
v 0.02872532 -0.02367019 0.01571402 0.43529412 0.89019608 0.96078431
v 0.02771325 -0.02269597 0.02151166 0.43529412 0.89019608 0.96078431
v 0.02703192 -0.02325423 0.02199121 0.43529412 0.89019608 0.96078431
v 0.02754788 -0.02249529 0.02234909 0.43529412 0.89019608 0.96078431
v 0.02672434 -0.02299517 0.02325810 0.43529412 0.89019608 0.96078431
v 0.02616207 -0.02362641 0.02325810 0.43529412 0.89019608 0.96078431
v 0.02509378 -0.02383804 0.02505465 0.43529412 0.89019608 0.96078431
v 0.02652589 -0.02277259 0.02412417 0.43529412 0.89019608 0.96078431
v 0.02379066 -0.02505673 0.02499023 0.43529412 0.89019608 0.96078431
v 0.02288442 -0.02537052 0.02577041 0.43529412 0.89019608 0.96078431
v 0.02264960 -0.02516254 0.02642175 0.43529412 0.89019608 0.96078431
v 0.02192858 -0.02542160 0.02691562 0.43529412 0.89019608 0.96078431
v 0.02146224 -0.02521362 0.02775306 0.43529412 0.89019608 0.96078431
v 0.02083713 -0.02613676 0.02710888 0.43529412 0.89019608 0.96078431
v 0.02004005 -0.02635204 0.02758843 0.43529412 0.89019608 0.96078431
v 0.01919996 -0.02661110 0.02794631 0.43529412 0.89019608 0.96078431
v 0.01869393 -0.02630096 0.02879090 0.43529412 0.89019608 0.96078431
v 0.01697738 -0.02742478 0.02861196 0.43529412 0.89019608 0.96078431
v 0.01627951 -0.02762181 0.02886964 0.43529412 0.89019608 0.96078431
v 0.01580324 -0.02730072 0.02955676 0.43529412 0.89019608 0.96078431
v 0.01639527 -0.02642866 0.03020095 0.43529412 0.89019608 0.96078431
v 0.01571725 -0.02660746 0.03037988 0.43529412 0.89019608 0.96078431
v 0.01429506 -0.02695409 0.03073060 0.43529412 0.89019608 0.96078431
v 0.01387502 -0.02642137 0.03144636 0.43529412 0.89019608 0.96078431
v 0.01320361 -0.02782614 0.03034410 0.43529412 0.89019608 0.96078431
v 0.01194680 -0.02868725 0.02991464 0.43529412 0.89019608 0.96078431
v 0.00691621 -0.02928201 0.03052303 0.43529412 0.89019608 0.96078431
v 0.00565940 -0.02937687 0.03060893 0.43529412 0.89019608 0.96078431
v 0.00460433 -0.02996798 0.03016516 0.43529412 0.89019608 0.96078431
v 0.00460433 -0.03007014 0.03006495 0.43529412 0.89019608 0.96078431
v 0.01320361 -0.02718761 0.03097396 0.43529412 0.89019608 0.96078431
v 0.01194680 -0.02741018 0.03120300 0.43529412 0.89019608 0.96078431
v 0.01194680 -0.02678259 0.03173266 0.43529412 0.89019608 0.96078431
v 0.01058745 -0.02709639 0.03178992 0.43529412 0.89019608 0.96078431
v 0.00943316 -0.02774952 0.03151078 0.43529412 0.89019608 0.96078431
v 0.00817303 -0.02850847 0.03104554 0.43529412 0.89019608 0.96078431
v 0.02040717 -0.02660381 -0.02297980 0.43529412 0.89019608 0.96078431
v 0.01982176 -0.02747221 -0.02199921 0.43529412 0.89019608 0.96078431
v 0.01941164 -0.02572445 -0.02569251 0.43529412 0.89019608 0.96078431
v 0.02031456 -0.02529390 -0.02536327 0.43529412 0.89019608 0.96078431
v 0.01978868 -0.02616960 -0.02451152 0.43529412 0.89019608 0.96078431
v 0.01453981 -0.02456049 -0.03084596 0.43529412 0.89019608 0.96078431
v 0.01494001 -0.02380155 -0.03135415 0.43529412 0.89019608 0.96078431
v 0.01571725 -0.02421751 -0.03048808 0.43529412 0.89019608 0.96078431
v 0.01648126 -0.02397304 -0.03025189 0.43529412 0.89019608 0.96078431
v 0.01731804 -0.02370303 -0.02999421 0.43529412 0.89019608 0.96078431
v 0.01790015 -0.02410440 -0.02915678 0.43529412 0.89019608 0.96078431
v 0.01825735 -0.02453860 -0.02830503 0.43529412 0.89019608 0.96078431
v 0.01992759 -0.02499835 -0.02620070 0.43529412 0.89019608 0.96078431
v 0.01920988 -0.02413724 -0.02796862 0.43529412 0.89019608 0.96078431
v 0.02004666 -0.02383439 -0.02758927 0.43529412 0.89019608 0.96078431
v 0.00460433 -0.02734816 -0.03109648 0.43529412 0.89019608 0.96078431
v 0.00565940 -0.02665124 -0.03169056 0.43529412 0.89019608 0.96078431
v 0.00691621 -0.02591784 -0.03219874 0.43529412 0.89019608 0.96078431
v 0.00770007 -0.02519173 -0.03272840 0.43529412 0.89019608 0.96078431
v 0.00943316 -0.02558945 -0.03186950 0.43529412 0.89019608 0.96078431
v 0.00943316 -0.02622069 -0.03123963 0.43529412 0.89019608 0.96078431
v 0.01320361 -0.02613311 -0.02985822 0.43529412 0.89019608 0.96078431
v 0.01320361 -0.02550188 -0.03056682 0.43529412 0.89019608 0.96078431
v 0.01068998 -0.02539606 -0.03168340 0.43529412 0.89019608 0.96078431
v 0.01068998 -0.02476483 -0.03231327 0.43529412 0.89019608 0.96078431
v 0.01154329 -0.02398399 -0.03277135 0.43529412 0.89019608 0.96078431
v 0.01320361 -0.02489983 -0.03119668 0.43529412 0.89019608 0.96078431
v 0.01238007 -0.02379425 -0.03261388 0.43529412 0.89019608 0.96078431
v 0.02145231 -0.02770939 -0.01897871 0.43529412 0.89019608 0.96078431
v 0.02079414 -0.02681908 -0.02200637 0.43529412 0.89019608 0.96078431
v 0.02151846 -0.02650529 -0.02159123 0.43529412 0.89019608 0.96078431
v 0.02178967 -0.02670232 -0.02073947 0.43529412 0.89019608 0.96078431
v 0.02262644 -0.02639947 -0.02010245 0.43529412 0.89019608 0.96078431
v 0.02203772 -0.02706720 -0.01954416 0.43529412 0.89019608 0.96078431
v 0.02858310 -0.02477942 -0.00817078 0.43529412 0.89019608 0.96078431
v 0.02914206 -0.02414818 -0.00817078 0.43529412 0.89019608 0.96078431
v 0.02925782 -0.02428684 -0.00691105 0.43529412 0.89019608 0.96078431
v 0.02935704 -0.02441089 -0.00565132 0.43529412 0.89019608 0.96078431
v 0.03007475 -0.02376506 -0.00439875 0.43529412 0.89019608 0.96078431
v 0.03014090 -0.02384533 -0.00342532 0.43529412 0.89019608 0.96078431
v 0.02731967 -0.02480131 -0.01319540 0.43529412 0.89019608 0.96078431
v 0.02749496 -0.02497645 -0.01194282 0.43529412 0.89019608 0.96078431
v 0.02884108 -0.02380520 -0.01099802 0.43529412 0.89019608 0.96078431
v 0.02792162 -0.02417372 -0.01319540 0.43529412 0.89019608 0.96078431
v 0.02809030 -0.02434522 -0.01194282 0.43529412 0.89019608 0.96078431
v 0.02931735 -0.02333451 -0.01062583 0.43529412 0.89019608 0.96078431
v 0.03020705 -0.02267408 -0.00894380 0.43529412 0.89019608 0.96078431
v 0.02901968 -0.02400588 -0.00942336 0.43529412 0.89019608 0.96078431
v 0.02844088 -0.02463347 -0.00942336 0.43529412 0.89019608 0.96078431
v 0.02970762 -0.02439630 -0.00306028 0.43529412 0.89019608 0.96078431
v 0.03018389 -0.02389642 -0.00258788 0.43529412 0.89019608 0.96078431
v 0.03021366 -0.02393291 -0.00187928 0.43529412 0.89019608 0.96078431
v 0.03024673 -0.02397304 -0.00062671 0.43529412 0.89019608 0.96078431
v 0.03026327 -0.02399493 0.00062587 0.43529412 0.89019608 0.96078431
v 0.02971755 -0.02462252 0.00062587 0.43529412 0.89019608 0.96078431
v 0.02288112 -0.02659286 -0.01926502 0.43529412 0.89019608 0.96078431
v 0.02372120 -0.02626812 -0.01850631 0.43529412 0.89019608 0.96078431
v 0.02447860 -0.02574635 -0.01814844 0.43529412 0.89019608 0.96078431
v 0.02522608 -0.02522822 -0.01778340 0.43529412 0.89019608 0.96078431
v 0.02603308 -0.02476483 -0.01696744 0.43529412 0.89019608 0.96078431
v 0.02663834 -0.02413724 -0.01696744 0.43529412 0.89019608 0.96078431
v 0.02751150 -0.02372128 -0.01571486 0.43529412 0.89019608 0.96078431
v 0.02804399 -0.02309004 -0.01571486 0.43529412 0.89019608 0.96078431
v 0.02830197 -0.02327248 -0.01449092 0.43529412 0.89019608 0.96078431
v 0.02896676 -0.02269232 -0.01396842 0.43529412 0.89019608 0.96078431
v 0.02855003 -0.02345127 -0.01319540 0.43529412 0.89019608 0.96078431
v 0.03246601 -0.02103578 0.00439791 0.43529412 0.89019608 0.96078431
v 0.03249247 -0.02109781 0.00313818 0.43529412 0.89019608 0.96078431
v 0.03274053 -0.02018561 0.00816995 0.43529412 0.89019608 0.96078431
v 0.03230726 -0.02081685 0.00816995 0.43529412 0.89019608 0.96078431
v 0.03265784 -0.02006520 0.00972314 0.43529412 0.89019608 0.96078431
v 0.03203605 -0.02074388 0.01068225 0.43529412 0.89019608 0.96078431
v 0.03151017 -0.02148093 0.01068225 0.43529412 0.89019608 0.96078431
v 0.03258838 -0.01995939 0.01068225 0.43529412 0.89019608 0.96078431
v 0.03138118 -0.02130214 0.01227123 0.43529412 0.89019608 0.96078431
v 0.03022689 -0.02269597 0.01282952 0.43529412 0.89019608 0.96078431
v 0.03051794 -0.02183121 0.01445429 0.43529412 0.89019608 0.96078431
v 0.03059401 -0.02210122 0.01323035 0.43529412 0.89019608 0.96078431
v 0.03128857 -0.02117443 0.01320172 0.43529412 0.89019608 0.96078431
v 0.03085530 -0.02325788 0.00062587 0.43529412 0.89019608 0.96078431
v 0.03139441 -0.02258286 0.00062587 0.43529412 0.89019608 0.96078431
v 0.03187398 -0.02195527 0.00062587 0.43529412 0.89019608 0.96078431
v 0.03250570 -0.02112335 0.00188560 0.43529412 0.89019608 0.96078431
v 0.02896346 -0.02268502 0.01774677 0.43529412 0.89019608 0.96078431
v 0.02883777 -0.02252813 0.01858421 0.43529412 0.89019608 0.96078431
v 0.02869886 -0.02235299 0.01948606 0.43529412 0.89019608 0.96078431
v 0.02855995 -0.02196622 0.02083169 0.43529412 0.89019608 0.96078431
v 0.02889400 -0.02134227 0.02130409 0.43529412 0.89019608 0.96078431
v 0.03035257 -0.02161229 0.01571402 0.43529412 0.89019608 0.96078431
v 0.02988623 -0.02223987 0.01571402 0.43529412 0.89019608 0.96078431
v 0.02977047 -0.02192608 0.01698807 0.43529412 0.89019608 0.96078431
v 0.03012767 -0.02130944 0.01741037 0.43529412 0.89019608 0.96078431
v 0.03001521 -0.02115254 0.01822633 0.43529412 0.89019608 0.96078431
v 0.02931735 -0.02206473 0.01819054 0.43529412 0.89019608 0.96078431
v 0.02806715 -0.02204649 0.02195543 0.43529412 0.89019608 0.96078431
v 0.02875509 -0.02114889 0.02199837 0.43529412 0.89019608 0.96078431
v 0.02785547 -0.02161593 0.02325810 0.43529412 0.89019608 0.96078431
v 0.02735274 -0.02224717 0.02325810 0.43529412 0.89019608 0.96078431
v 0.02630429 -0.02251718 0.02496160 0.43529412 0.89019608 0.96078431
v 0.02543113 -0.02295503 0.02577041 0.43529412 0.89019608 0.96078431
v 0.02520292 -0.02269597 0.02648617 0.43529412 0.89019608 0.96078431
v 0.02483249 -0.02358627 0.02577041 0.43529412 0.89019608 0.96078431
v 0.02394280 -0.02393655 0.02646469 0.43529412 0.89019608 0.96078431
v 0.02769341 -0.02141525 0.02395954 0.43529412 0.89019608 0.96078431
v 0.02700877 -0.02196622 0.02446057 0.43529412 0.89019608 0.96078431
v 0.02312256 -0.02438900 0.02686552 0.43529412 0.89019608 0.96078431
v 0.02275874 -0.02400588 0.02780316 0.43529412 0.89019608 0.96078431
v 0.02229570 -0.02484510 0.02725918 0.43529412 0.89019608 0.96078431
v 0.02191535 -0.02444008 0.02819683 0.43529412 0.89019608 0.96078431
v 0.02153500 -0.02403507 0.02907005 0.43529412 0.89019608 0.96078431
v 0.02101904 -0.02487064 0.02859049 0.43529412 0.89019608 0.96078431
v 0.02018226 -0.02519173 0.02896268 0.43529412 0.89019608 0.96078431
v 0.02065853 -0.02543255 0.02821830 0.43529412 0.89019608 0.96078431
v 0.01956708 -0.02608568 0.02833282 0.43529412 0.89019608 0.96078431
v 0.01949101 -0.02541796 0.02921320 0.43529412 0.89019608 0.96078431
v 0.01831027 -0.02582662 0.02959255 0.43529412 0.89019608 0.96078431
v 0.01723205 -0.02618785 0.02992896 0.43529412 0.89019608 0.96078431
v 0.01785384 -0.02654178 0.02908436 0.43529412 0.89019608 0.96078431
v 0.01792330 -0.02534863 0.03037988 0.43529412 0.89019608 0.96078431
v 0.01680870 -0.02567702 0.03070913 0.43529412 0.89019608 0.96078431
v 0.01638204 -0.02516619 0.03144636 0.43529412 0.89019608 0.96078431
v 0.01571725 -0.02596892 0.03100975 0.43529412 0.89019608 0.96078431
v 0.01471180 -0.02622433 0.03126027 0.43529412 0.89019608 0.96078431
v 0.01571725 -0.02534133 0.03159667 0.43529412 0.89019608 0.96078431
v 0.01436121 -0.02579378 0.03176845 0.43529412 0.89019608 0.96078431
v 0.01446043 -0.02484145 0.03246989 0.43529412 0.89019608 0.96078431
v 0.01317385 -0.02568796 0.03224085 0.43529412 0.89019608 0.96078431
v 0.01320361 -0.02655637 0.03156088 0.43529412 0.89019608 0.96078431
v 0.00691621 -0.02860333 0.03115290 0.43529412 0.89019608 0.96078431
v 0.00460433 -0.02943890 0.03066619 0.43529412 0.89019608 0.96078431
v 0.00565940 -0.02869455 0.03123879 0.43529412 0.89019608 0.96078431
v 0.01273396 -0.02521362 0.03273472 0.43529412 0.89019608 0.96078431
v 0.01194680 -0.02595432 0.03236253 0.43529412 0.89019608 0.96078431
v 0.01068998 -0.02612947 0.03249852 0.43529412 0.89019608 0.96078431
v 0.00943316 -0.02703071 0.03206191 0.43529412 0.89019608 0.96078431
v 0.00817303 -0.02788088 0.03161098 0.43529412 0.89019608 0.96078431
v 0.02079414 -0.02611122 -0.02334483 0.43529412 0.89019608 0.96078431
v 0.02124395 -0.02630461 -0.02242866 0.43529412 0.89019608 0.96078431
v 0.02073791 -0.02550552 -0.02446857 0.43529412 0.89019608 0.96078431
v 0.02167060 -0.02413359 -0.02547063 0.43529412 0.89019608 0.96078431
v 0.02115134 -0.02497280 -0.02485508 0.43529412 0.89019608 0.96078431
v 0.02080406 -0.02456414 -0.02583567 0.43529412 0.89019608 0.96078431
v 0.01410323 -0.02403507 -0.03156172 0.43529412 0.89019608 0.96078431
v 0.01728166 -0.02243691 -0.03123963 0.43529412 0.89019608 0.96078431
v 0.01320361 -0.02357168 -0.03241347 0.43529412 0.89019608 0.96078431
v 0.01398747 -0.02272151 -0.03276419 0.43529412 0.89019608 0.96078431
v 0.01482756 -0.02246975 -0.03255662 0.43529412 0.89019608 0.96078431
v 0.01636220 -0.02138241 -0.03269262 0.43529412 0.89019608 0.96078431
v 0.01682193 -0.02191148 -0.03197686 0.43529412 0.89019608 0.96078431
v 0.01793322 -0.02286381 -0.03040219 0.43529412 0.89019608 0.96078431
v 0.01877000 -0.02256826 -0.03010873 0.43529412 0.89019608 0.96078431
v 0.01949101 -0.02289300 -0.02919972 0.43529412 0.89019608 0.96078431
v 0.02014588 -0.02265218 -0.02894205 0.43529412 0.89019608 0.96078431
v 0.01873692 -0.02379425 -0.02880606 0.43529412 0.89019608 0.96078431
v 0.02129025 -0.02381979 -0.02630807 0.43529412 0.89019608 0.96078431
v 0.02141924 -0.02266678 -0.02770379 0.43529412 0.89019608 0.96078431
v 0.01957370 -0.02356073 -0.02834797 0.43529412 0.89019608 0.96078431
v 0.02063869 -0.02288571 -0.02819051 0.43529412 0.89019608 0.96078431
v 0.00460433 -0.02672057 -0.03175498 0.43529412 0.89019608 0.96078431
v 0.00565940 -0.02603095 -0.03232042 0.43529412 0.89019608 0.96078431
v 0.00691621 -0.02528660 -0.03281430 0.43529412 0.89019608 0.96078431
v 0.00943316 -0.02432332 -0.03308628 0.43529412 0.89019608 0.96078431
v 0.00943316 -0.02495091 -0.03249936 0.43529412 0.89019608 0.96078431
v 0.00817303 -0.02376141 -0.03385214 0.43529412 0.89019608 0.96078431
v 0.00943316 -0.02359357 -0.03371615 0.43529412 0.89019608 0.96078431
v 0.01068998 -0.02413724 -0.03291450 0.43529412 0.89019608 0.96078431
v 0.01078589 -0.02322869 -0.03361594 0.43529412 0.89019608 0.96078431
v 0.01126547 -0.02260475 -0.03393088 0.43529412 0.89019608 0.96078431
v 0.01195672 -0.02332721 -0.03312923 0.43529412 0.89019608 0.96078431
v 0.01320361 -0.02427224 -0.03178361 0.43529412 0.89019608 0.96078431
v 0.01320361 -0.02294044 -0.03292882 0.43529412 0.89019608 0.96078431
v 0.02241808 -0.02624988 -0.02073947 0.43529412 0.89019608 0.96078431
v 0.02328462 -0.02611852 -0.01960858 0.43529412 0.89019608 0.96078431
v 0.02329454 -0.02557850 -0.02071800 0.43529412 0.89019608 0.96078431
v 0.02977047 -0.02338924 -0.00817078 0.43529412 0.89019608 0.96078431
v 0.02988623 -0.02353154 -0.00691105 0.43529412 0.89019608 0.96078431
v 0.02998545 -0.02365560 -0.00565132 0.43529412 0.89019608 0.96078431
v 0.03058078 -0.02313747 -0.00439875 0.43529412 0.89019608 0.96078431
v 0.03128857 -0.02243691 -0.00313901 0.43529412 0.89019608 0.96078431
v 0.03056755 -0.02336005 -0.00306028 0.43529412 0.89019608 0.96078431
v 0.02871871 -0.02365925 -0.01194282 0.43529412 0.89019608 0.96078431
v 0.02925120 -0.02303166 -0.01194282 0.43529412 0.89019608 0.96078431
v 0.03002844 -0.02243691 -0.01068309 0.43529412 0.89019608 0.96078431
v 0.03049810 -0.02180932 -0.01068309 0.43529412 0.89019608 0.96078431
v 0.03055432 -0.02208298 -0.00938757 0.43529412 0.89019608 0.96078431
v 0.03137125 -0.02128754 -0.00817078 0.43529412 0.89019608 0.96078431
v 0.03143079 -0.02137146 -0.00753376 0.43529412 0.89019608 0.96078431
v 0.03027650 -0.02276165 -0.00817078 0.43529412 0.89019608 0.96078431
v 0.03074615 -0.02325788 -0.00187928 0.43529412 0.89019608 0.96078431
v 0.03137125 -0.02255367 -0.00062671 0.43529412 0.89019608 0.96078431
v 0.03081561 -0.02325788 -0.00062671 0.43529412 0.89019608 0.96078431
v 0.02398249 -0.02523552 -0.02028855 0.43529412 0.89019608 0.96078431
v 0.02419416 -0.02542525 -0.01948690 0.43529412 0.89019608 0.96078431
v 0.02503755 -0.02504213 -0.01862084 0.43529412 0.89019608 0.96078431
v 0.02575857 -0.02449846 -0.01818422 0.43529412 0.89019608 0.96078431
v 0.02628776 -0.02376141 -0.01859220 0.43529412 0.89019608 0.96078431
v 0.02726675 -0.02344762 -0.01696744 0.43529412 0.89019608 0.96078431
v 0.02781247 -0.02281638 -0.01696744 0.43529412 0.89019608 0.96078431
v 0.02867240 -0.02232015 -0.01571486 0.43529412 0.89019608 0.96078431
v 0.03012105 -0.02129849 -0.01363201 0.43529412 0.89019608 0.96078431
v 0.02976716 -0.02192608 -0.01320971 0.43529412 0.89019608 0.96078431
v 0.02987961 -0.02224352 -0.01194282 0.43529412 0.89019608 0.96078431
v 0.02907591 -0.02282368 -0.01319540 0.43529412 0.89019608 0.96078431
v 0.02915859 -0.02168891 -0.01571486 0.43529412 0.89019608 0.96078431
v 0.02930412 -0.02205379 -0.01441934 0.43529412 0.89019608 0.96078431
v 0.03292243 -0.02046657 0.00313818 0.43529412 0.89019608 0.96078431
v 0.03287613 -0.02040819 0.00439791 0.43529412 0.89019608 0.96078431
v 0.03294228 -0.02049211 0.00188560 0.43529412 0.89019608 0.96078431
v 0.03319033 -0.01948870 0.00816995 0.43529412 0.89019608 0.96078431
v 0.03300181 -0.01958357 0.00935095 0.43529412 0.89019608 0.96078431
v 0.03370298 -0.01843785 0.00942968 0.43529412 0.89019608 0.96078431
v 0.03298528 -0.01933180 0.01068225 0.43529412 0.89019608 0.96078431
v 0.03288605 -0.01916761 0.01194199 0.43529412 0.89019608 0.96078431
v 0.03247924 -0.01979155 0.01194199 0.43529412 0.89019608 0.96078431
v 0.03177807 -0.02082780 0.01188473 0.43529412 0.89019608 0.96078431
v 0.03172846 -0.02054684 0.01320172 0.43529412 0.89019608 0.96078431
v 0.03114635 -0.02097375 0.01445429 0.43529412 0.89019608 0.96078431
v 0.03158954 -0.02034251 0.01445429 0.43529412 0.89019608 0.96078431
v 0.03185414 -0.02192243 -0.00062671 0.43529412 0.89019608 0.96078431
v 0.03250239 -0.02111240 0.00062587 0.43529412 0.89019608 0.96078431
v 0.02919497 -0.02172540 0.01948606 0.43529412 0.89019608 0.96078431
v 0.02903622 -0.02152471 0.02046665 0.43529412 0.89019608 0.96078431
v 0.03050141 -0.01932450 0.02074580 0.43529412 0.89019608 0.96078431
v 0.03031950 -0.01906544 0.02173354 0.43529412 0.89019608 0.96078431
v 0.02919497 -0.02052130 0.02199837 0.43529412 0.89019608 0.96078431
v 0.02989284 -0.02073293 0.01960774 0.43529412 0.89019608 0.96078431
v 0.03017066 -0.02011264 0.02010161 0.43529412 0.89019608 0.96078431
v 0.03104051 -0.02066725 0.01571402 0.43529412 0.89019608 0.96078431
v 0.03058740 -0.02083145 0.01698807 0.43529412 0.89019608 0.96078431
v 0.03127534 -0.01989006 0.01697376 0.43529412 0.89019608 0.96078431
v 0.03046833 -0.02052495 0.01822633 0.43529412 0.89019608 0.96078431
v 0.02902299 -0.02026589 0.02286444 0.43529412 0.89019608 0.96078431
v 0.02852026 -0.02071104 0.02327242 0.43529412 0.89019608 0.96078431
v 0.02749496 -0.02114159 0.02479698 0.43529412 0.89019608 0.96078431
v 0.02665488 -0.02167796 0.02554137 0.43529412 0.89019608 0.96078431
v 0.02611908 -0.02205744 0.02588493 0.43529412 0.89019608 0.96078431
v 0.02638698 -0.02135322 0.02637880 0.43529412 0.89019608 0.96078431
v 0.02549067 -0.02195527 0.02695141 0.43529412 0.89019608 0.96078431
v 0.02525915 -0.02150647 0.02779600 0.43529412 0.89019608 0.96078431
v 0.02487549 -0.02234569 0.02732360 0.43529412 0.89019608 0.96078431
v 0.02403871 -0.02277624 0.02783179 0.43529412 0.89019608 0.96078431
v 0.02440914 -0.02315571 0.02689415 0.43529412 0.89019608 0.96078431
v 0.02359552 -0.02361546 0.02730213 0.43529412 0.89019608 0.96078431
v 0.02883447 -0.01999588 0.02370187 0.43529412 0.89019608 0.96078431
v 0.02321186 -0.02321410 0.02823261 0.43529412 0.89019608 0.96078431
v 0.02237177 -0.02365195 0.02864060 0.43529412 0.89019608 0.96078431
v 0.02282820 -0.02281273 0.02910584 0.43529412 0.89019608 0.96078431
v 0.02195173 -0.02321410 0.02950666 0.43529412 0.89019608 0.96078431
v 0.02153169 -0.02277624 0.03030115 0.43529412 0.89019608 0.96078431
v 0.02103558 -0.02361546 0.02990748 0.43529412 0.89019608 0.96078431
v 0.02060892 -0.02441089 0.02943508 0.43529412 0.89019608 0.96078431
v 0.02019549 -0.02394750 0.03022242 0.43529412 0.89019608 0.96078431
v 0.01949101 -0.02482685 0.02984307 0.43529412 0.89019608 0.96078431
v 0.01876338 -0.02507862 0.03010074 0.43529412 0.89019608 0.96078431
v 0.01832350 -0.02457509 0.03086660 0.43529412 0.89019608 0.96078431
v 0.01722213 -0.02491077 0.03121732 0.43529412 0.89019608 0.96078431
v 0.01788361 -0.02407156 0.03157520 0.43529412 0.89019608 0.96078431
v 0.01687154 -0.02450211 0.03173982 0.43529412 0.89019608 0.96078431
v 0.01616706 -0.02378330 0.03262020 0.43529412 0.89019608 0.96078431
v 0.01573710 -0.02446562 0.03227664 0.43529412 0.89019608 0.96078431
v 0.01532698 -0.02401318 0.03277051 0.43529412 0.89019608 0.96078431
v 0.01357074 -0.02503118 0.03261305 0.43529412 0.89019608 0.96078431
v 0.00460433 -0.02932944 0.03076639 0.43529412 0.89019608 0.96078431
v 0.00460433 -0.02865077 0.03137478 0.43529412 0.89019608 0.96078431
v 0.00460433 -0.02875293 0.03128890 0.43529412 0.89019608 0.96078431
v 0.00691621 -0.02797575 0.03168256 0.43529412 0.89019608 0.96078431
v 0.00565940 -0.02806696 0.03174698 0.43529412 0.89019608 0.96078431
v 0.01446043 -0.02421021 0.03289935 0.43529412 0.89019608 0.96078431
v 0.01317385 -0.02457509 0.03301387 0.43529412 0.89019608 0.96078431
v 0.01194680 -0.02451671 0.03330733 0.43529412 0.89019608 0.96078431
v 0.01194680 -0.02532309 0.03280630 0.43529412 0.89019608 0.96078431
v 0.01068998 -0.02549823 0.03291366 0.43529412 0.89019608 0.96078431
v 0.00943316 -0.02628636 0.03261305 0.43529412 0.89019608 0.96078431
v 0.00817965 -0.02692855 0.03231959 0.43529412 0.89019608 0.96078431
v 0.00691621 -0.02713653 0.03231243 0.43529412 0.89019608 0.96078431
v 0.02261322 -0.02512970 -0.02260044 0.43529412 0.89019608 0.96078431
v 0.02290096 -0.02536322 -0.02176301 0.43529412 0.89019608 0.96078431
v 0.02146885 -0.02521727 -0.02401048 0.43529412 0.89019608 0.96078431
v 0.02174336 -0.02543985 -0.02325894 0.43529412 0.89019608 0.96078431
v 0.02251069 -0.02377966 -0.02498392 0.43529412 0.89019608 0.96078431
v 0.02198811 -0.02450941 -0.02449720 0.43529412 0.89019608 0.96078431
v 0.02237177 -0.02493997 -0.02325894 0.43529412 0.89019608 0.96078431
v 0.01790676 -0.02160134 -0.03162614 0.43529412 0.89019608 0.96078431
v 0.01373280 -0.02131308 -0.03390940 0.43529412 0.89019608 0.96078431
v 0.01442736 -0.02203189 -0.03308628 0.43529412 0.89019608 0.96078431
v 0.01571725 -0.02157580 -0.03285008 0.43529412 0.89019608 0.96078431
v 0.01446043 -0.02108321 -0.03375194 0.43529412 0.89019608 0.96078431
v 0.01566764 -0.02067455 -0.03348711 0.43529412 0.89019608 0.96078431
v 0.01685831 -0.02068550 -0.03290734 0.43529412 0.89019608 0.96078431
v 0.01773478 -0.02022940 -0.03276419 0.43529412 0.89019608 0.96078431
v 0.01720228 -0.02106497 -0.03246357 0.43529412 0.89019608 0.96078431
v 0.01834003 -0.02208298 -0.03087459 0.43529412 0.89019608 0.96078431
v 0.01949101 -0.02167067 -0.03045946 0.43529412 0.89019608 0.96078431
v 0.02016573 -0.02141525 -0.03021610 0.43529412 0.89019608 0.96078431
v 0.01949101 -0.02229825 -0.02982959 0.43529412 0.89019608 0.96078431
v 0.02098597 -0.02228366 -0.02854123 0.43529412 0.89019608 0.96078431
v 0.02057585 -0.02184945 -0.02938582 0.43529412 0.89019608 0.96078431
v 0.02144900 -0.02144444 -0.02898499 0.43529412 0.89019608 0.96078431
v 0.02266944 -0.02141525 -0.02770379 0.43529412 0.89019608 0.96078431
v 0.02233539 -0.02233839 -0.02703098 0.43529412 0.89019608 0.96078431
v 0.02261652 -0.02261570 -0.02638680 0.43529412 0.89019608 0.96078431
v 0.00460433 -0.02619514 -0.03228463 0.43529412 0.89019608 0.96078431
v 0.00460433 -0.02609298 -0.03238484 0.43529412 0.89019608 0.96078431
v 0.00565940 -0.02539971 -0.03292166 0.43529412 0.89019608 0.96078431
v 0.00565940 -0.02466631 -0.03355152 0.43529412 0.89019608 0.96078431
v 0.00696252 -0.02442914 -0.03353005 0.43529412 0.89019608 0.96078431
v 0.00741233 -0.02385628 -0.03392372 0.43529412 0.89019608 0.96078431
v 0.00943316 -0.02296598 -0.03417423 0.43529412 0.89019608 0.96078431
v 0.01042869 -0.02279084 -0.03405971 0.43529412 0.89019608 0.96078431
v 0.01194680 -0.02242961 -0.03380204 0.43529412 0.89019608 0.96078431
v 0.01078589 -0.02211217 -0.03437465 0.43529412 0.89019608 0.96078431
v 0.01194680 -0.02179837 -0.03421002 0.43529412 0.89019608 0.96078431
v 0.01289272 -0.02154661 -0.03405971 0.43529412 0.89019608 0.96078431
v 0.01326976 -0.02198081 -0.03360878 0.43529412 0.89019608 0.96078431
v 0.02373774 -0.02500929 -0.02112598 0.43529412 0.89019608 0.96078431
v 0.03038564 -0.02290395 -0.00691105 0.43529412 0.89019608 0.96078431
v 0.03048487 -0.02302801 -0.00565132 0.43529412 0.89019608 0.96078431
v 0.03120919 -0.02233109 -0.00439875 0.43529412 0.89019608 0.96078431
v 0.03166562 -0.02170350 -0.00439875 0.43529412 0.89019608 0.96078431
v 0.03174169 -0.02180932 -0.00313901 0.43529412 0.89019608 0.96078431
v 0.03180122 -0.02187500 -0.00187928 0.43529412 0.89019608 0.96078431
v 0.03133487 -0.02250259 -0.00187928 0.43529412 0.89019608 0.96078431
v 0.03034926 -0.02161229 -0.01194282 0.43529412 0.89019608 0.96078431
v 0.03112651 -0.02091902 -0.01068309 0.43529412 0.89019608 0.96078431
v 0.03125219 -0.02111605 -0.00942336 0.43529412 0.89019608 0.96078431
v 0.03180122 -0.02065996 -0.00817078 0.43529412 0.89019608 0.96078431
v 0.03168546 -0.02048481 -0.00942336 0.43529412 0.89019608 0.96078431
v 0.03184752 -0.02086793 -0.00703273 0.43529412 0.89019608 0.96078431
v 0.03214850 -0.02074388 -0.00565132 0.43529412 0.89019608 0.96078431
v 0.03149694 -0.02146268 -0.00669632 0.43529412 0.89019608 0.96078431
v 0.03109674 -0.02192973 -0.00703273 0.43529412 0.89019608 0.96078431
v 0.02413793 -0.02412994 -0.02199921 0.43529412 0.89019608 0.96078431
v 0.02501440 -0.02375047 -0.02111883 0.43529412 0.89019608 0.96078431
v 0.02482257 -0.02481956 -0.01948690 0.43529412 0.89019608 0.96078431
v 0.02543444 -0.02418832 -0.01948690 0.43529412 0.89019608 0.96078431
v 0.02750819 -0.02245150 -0.01848484 0.43529412 0.89019608 0.96078431
v 0.02698893 -0.02320680 -0.01811981 0.43529412 0.89019608 0.96078431
v 0.02606285 -0.02352059 -0.01948690 0.43529412 0.89019608 0.96078431
v 0.02663834 -0.02288936 -0.01948690 0.43529412 0.89019608 0.96078431
v 0.02768018 -0.02265218 -0.01764741 0.43529412 0.89019608 0.96078431
v 0.02849711 -0.02195162 -0.01699607 0.43529412 0.89019608 0.96078431
v 0.02901307 -0.02149917 -0.01658809 0.43529412 0.89019608 0.96078431
v 0.03056425 -0.02082415 -0.01320971 0.43529412 0.89019608 0.96078431
v 0.03023681 -0.02145539 -0.01279457 0.43529412 0.89019608 0.96078431
v 0.02999206 -0.02111605 -0.01445513 0.43529412 0.89019608 0.96078431
v 0.03027981 -0.02026954 -0.01542856 0.43529412 0.89019608 0.96078431
v 0.03042864 -0.02048846 -0.01445513 0.43529412 0.89019608 0.96078431
v 0.03352769 -0.01948870 0.00313818 0.43529412 0.89019608 0.96078431
v 0.03390143 -0.01878449 0.00439791 0.43529412 0.89019608 0.96078431
v 0.03345824 -0.01948870 0.00439791 0.43529412 0.89019608 0.96078431
v 0.03293236 -0.02048481 0.00062587 0.43529412 0.89019608 0.96078431
v 0.03355084 -0.01948870 0.00188560 0.43529412 0.89019608 0.96078431
v 0.03381213 -0.01864218 0.00691021 0.43529412 0.89019608 0.96078431
v 0.03376913 -0.01856556 0.00816995 0.43529412 0.89019608 0.96078431
v 0.03406019 -0.01781026 0.00942968 0.43529412 0.89019608 0.96078431
v 0.03367653 -0.01815690 0.01076099 0.43529412 0.89019608 0.96078431
v 0.03413956 -0.01793797 0.00816995 0.43529412 0.89019608 0.96078431
v 0.03345162 -0.01823352 0.01194199 0.43529412 0.89019608 0.96078431
v 0.03323333 -0.01823352 0.01320172 0.43529412 0.89019608 0.96078431
v 0.03276699 -0.01898152 0.01320172 0.43529412 0.89019608 0.96078431
v 0.03235687 -0.01960911 0.01320172 0.43529412 0.89019608 0.96078431
v 0.03270084 -0.01887935 0.01387453 0.43529412 0.89019608 0.96078431
v 0.03148702 -0.02019656 0.01529888 0.43529412 0.89019608 0.96078431
v 0.03226095 -0.01937194 0.01436124 0.43529412 0.89019608 0.96078431
v 0.03248255 -0.02107227 -0.00062671 0.43529412 0.89019608 0.96078431
v 0.03117943 -0.01823717 0.02084600 0.43529412 0.89019608 0.96078431
v 0.03144402 -0.01887935 0.01889199 0.43529412 0.89019608 0.96078431
v 0.03130180 -0.01865678 0.01972942 0.43529412 0.89019608 0.96078431
v 0.03064693 -0.01833569 0.02209142 0.43529412 0.89019608 0.96078431
v 0.03015082 -0.01882462 0.02257098 0.43529412 0.89019608 0.96078431
v 0.03141756 -0.01758039 0.02133272 0.43529412 0.89019608 0.96078431
v 0.03030627 -0.02030602 0.01926418 0.43529412 0.89019608 0.96078431
v 0.03170200 -0.01926612 0.01697376 0.43529412 0.89019608 0.96078431
v 0.03153663 -0.01901801 0.01822633 0.43529412 0.89019608 0.96078431
v 0.03109674 -0.01964560 0.01822633 0.43529412 0.89019608 0.96078431
v 0.02868563 -0.01953978 0.02463235 0.43529412 0.89019608 0.96078431
v 0.02778271 -0.02030238 0.02537674 0.43529412 0.89019608 0.96078431
v 0.02755780 -0.01997398 0.02622134 0.43529412 0.89019608 0.96078431
v 0.02710799 -0.02082780 0.02587777 0.43529412 0.89019608 0.96078431
v 0.02665488 -0.02043373 0.02703014 0.43529412 0.89019608 0.96078431
v 0.02616207 -0.02106497 0.02703014 0.43529412 0.89019608 0.96078431
v 0.02642336 -0.02014183 0.02768148 0.43529412 0.89019608 0.96078431
v 0.02567588 -0.02061617 0.02816104 0.43529412 0.89019608 0.96078431
v 0.02525253 -0.02025129 0.02904142 0.43529412 0.89019608 0.96078431
v 0.02489864 -0.02109051 0.02863344 0.43529412 0.89019608 0.96078431
v 0.02446868 -0.02195162 0.02823261 0.43529412 0.89019608 0.96078431
v 0.02366828 -0.02240042 0.02866923 0.43529412 0.89019608 0.96078431
v 0.02911229 -0.01916031 0.02428879 0.43529412 0.89019608 0.96078431
v 0.02405856 -0.02156120 0.02908436 0.43529412 0.89019608 0.96078431
v 0.02322178 -0.02196622 0.02951382 0.43529412 0.89019608 0.96078431
v 0.02236847 -0.02237123 0.02994327 0.43529412 0.89019608 0.96078431
v 0.02277859 -0.02153201 0.03030115 0.43529412 0.89019608 0.96078431
v 0.02189551 -0.02189324 0.03072345 0.43529412 0.89019608 0.96078431
v 0.02142585 -0.02141890 0.03146068 0.43529412 0.89019608 0.96078431
v 0.02074783 -0.02232744 0.03118869 0.43529412 0.89019608 0.96078431
v 0.02066845 -0.02322139 0.03051588 0.43529412 0.89019608 0.96078431
v 0.01872039 -0.02378695 0.03135331 0.43529412 0.89019608 0.96078431
v 0.01949101 -0.02419562 0.03046577 0.43529412 0.89019608 0.96078431
v 0.01818458 -0.02322504 0.03203328 0.43529412 0.89019608 0.96078431
v 0.01697738 -0.02351694 0.03242695 0.43529412 0.89019608 0.96078431
v 0.01764548 -0.02265948 0.03270609 0.43529412 0.89019608 0.96078431
v 0.01697738 -0.02288936 0.03284209 0.43529412 0.89019608 0.96078431
v 0.01573710 -0.02331991 0.03304966 0.43529412 0.89019608 0.96078431
v 0.01436121 -0.02314477 0.03355784 0.43529412 0.89019608 0.96078431
v 0.00460433 -0.02812170 0.03177561 0.43529412 0.89019608 0.96078431
v 0.00565940 -0.02721680 0.03237685 0.43529412 0.89019608 0.96078431
v 0.00460433 -0.02798669 0.03187582 0.43529412 0.89019608 0.96078431
v 0.01320361 -0.02340748 0.03368668 0.43529412 0.89019608 0.96078431
v 0.01068998 -0.02451671 0.03349343 0.43529412 0.89019608 0.96078431
v 0.00943316 -0.02565877 0.03301387 0.43529412 0.89019608 0.96078431
v 0.01194680 -0.02362276 0.03381552 0.43529412 0.89019608 0.96078431
v 0.00859969 -0.02636664 0.03266315 0.43529412 0.89019608 0.96078431
v 0.00776291 -0.02643961 0.03271325 0.43529412 0.89019608 0.96078431
v 0.00691621 -0.02650894 0.03275620 0.43529412 0.89019608 0.96078431
v 0.02329454 -0.02482685 -0.02211373 0.43529412 0.89019608 0.96078431
v 0.02280835 -0.02404967 -0.02414648 0.43529412 0.89019608 0.96078431
v 0.02324162 -0.02425035 -0.02317305 0.43529412 0.89019608 0.96078431
v 0.02295388 -0.02294409 -0.02554220 0.43529412 0.89019608 0.96078431
v 0.02379066 -0.02253178 -0.02500539 0.43529412 0.89019608 0.96078431
v 0.02330116 -0.02329802 -0.02457593 0.43529412 0.89019608 0.96078431
v 0.02011612 -0.02011264 -0.03142573 0.43529412 0.89019608 0.96078431
v 0.01874684 -0.02127295 -0.03134699 0.43529412 0.89019608 0.96078431
v 0.01521122 -0.02020751 -0.03400245 0.43529412 0.89019608 0.96078431
v 0.01326976 -0.02083510 -0.03435317 0.43529412 0.89019608 0.96078431
v 0.01446043 -0.02045562 -0.03414560 0.43529412 0.89019608 0.96078431
v 0.01605130 -0.01987182 -0.03380204 0.43529412 0.89019608 0.96078431
v 0.01697738 -0.01946680 -0.03360163 0.43529412 0.89019608 0.96078431
v 0.01818458 -0.01945951 -0.03299323 0.43529412 0.89019608 0.96078431
v 0.01904120 -0.01902165 -0.03279282 0.43529412 0.89019608 0.96078431
v 0.02100581 -0.02099929 -0.02982959 0.43529412 0.89019608 0.96078431
v 0.01961670 -0.02080955 -0.03115374 0.43529412 0.89019608 0.96078431
v 0.02065192 -0.02064536 -0.03047377 0.43529412 0.89019608 0.96078431
v 0.02266613 -0.02015642 -0.02894921 0.43529412 0.89019608 0.96078431
v 0.02228578 -0.02099199 -0.02854123 0.43529412 0.89019608 0.96078431
v 0.02141924 -0.02016007 -0.03020894 0.43529412 0.89019608 0.96078431
v 0.02389649 -0.02012723 -0.02766800 0.43529412 0.89019608 0.96078431
v 0.02358229 -0.02104308 -0.02703098 0.43529412 0.89019608 0.96078431
v 0.02386011 -0.02133863 -0.02636532 0.43529412 0.89019608 0.96078431
v 0.02340699 -0.02215595 -0.02595734 0.43529412 0.89019608 0.96078431
v 0.00460433 -0.02546539 -0.03297892 0.43529412 0.89019608 0.96078431
v 0.00460433 -0.02472104 -0.03360878 0.43529412 0.89019608 0.96078431
v 0.00565940 -0.02403872 -0.03405971 0.43529412 0.89019608 0.96078431
v 0.00657224 -0.02395480 -0.03399529 0.43529412 0.89019608 0.96078431
v 0.00817303 -0.02313382 -0.03428160 0.43529412 0.89019608 0.96078431
v 0.00936370 -0.02189324 -0.03485420 0.43529412 0.89019608 0.96078431
v 0.00973744 -0.02127660 -0.03514766 0.43529412 0.89019608 0.96078431
v 0.01068998 -0.02106497 -0.03503314 0.43529412 0.89019608 0.96078431
v 0.01194018 -0.02068185 -0.03487567 0.43529412 0.89019608 0.96078431
v 0.02392957 -0.02392926 -0.02269349 0.43529412 0.89019608 0.96078431
v 0.03111328 -0.02219974 -0.00565132 0.43529412 0.89019608 0.96078431
v 0.03157632 -0.02156850 -0.00565132 0.43529412 0.89019608 0.96078431
v 0.03237010 -0.02065631 -0.00448464 0.43529412 0.89019608 0.96078431
v 0.03237010 -0.02089348 -0.00313901 0.43529412 0.89019608 0.96078431
v 0.03242963 -0.02099199 -0.00187928 0.43529412 0.89019608 0.96078431
v 0.03102728 -0.02064901 -0.01189988 0.43529412 0.89019608 0.96078431
v 0.03146386 -0.02016372 -0.01144895 0.43529412 0.89019608 0.96078431
v 0.03154985 -0.02029143 -0.01068309 0.43529412 0.89019608 0.96078431
v 0.03243294 -0.01970033 -0.00817078 0.43529412 0.89019608 0.96078431
v 0.03253216 -0.01986452 -0.00691105 0.43529412 0.89019608 0.96078431
v 0.03237010 -0.01941207 -0.00945199 0.43529412 0.89019608 0.96078431
v 0.03263138 -0.02002142 -0.00565132 0.43529412 0.89019608 0.96078431
v 0.03268099 -0.02010534 -0.00495704 0.43529412 0.89019608 0.96078431
v 0.02476634 -0.02348046 -0.02199921 0.43529412 0.89019608 0.96078431
v 0.02623814 -0.02244785 -0.02104725 0.43529412 0.89019608 0.96078431
v 0.02573211 -0.02321774 -0.02066790 0.43529412 0.89019608 0.96078431
v 0.02522938 -0.02397669 -0.02028139 0.43529412 0.89019608 0.96078431
v 0.02534514 -0.02285287 -0.02199921 0.43529412 0.89019608 0.96078431
v 0.02799438 -0.02202095 -0.01813412 0.43529412 0.89019608 0.96078431
v 0.02733621 -0.02202095 -0.01959426 0.43529412 0.89019608 0.96078431
v 0.02784886 -0.02161229 -0.01924354 0.43529412 0.89019608 0.96078431
v 0.02645313 -0.02268502 -0.02020982 0.43529412 0.89019608 0.96078431
v 0.02885100 -0.02128389 -0.01742552 0.43529412 0.89019608 0.96078431
v 0.02935042 -0.02081685 -0.01699607 0.43529412 0.89019608 0.96078431
v 0.03015082 -0.02007615 -0.01626600 0.43529412 0.89019608 0.96078431
v 0.02984984 -0.02071104 -0.01579360 0.43529412 0.89019608 0.96078431
v 0.03124557 -0.01981709 -0.01319540 0.43529412 0.89019608 0.96078431
v 0.03136464 -0.02001047 -0.01228639 0.43529412 0.89019608 0.96078431
v 0.03392458 -0.01882097 0.00313818 0.43529412 0.89019608 0.96078431
v 0.03427186 -0.01815690 0.00439791 0.43529412 0.89019608 0.96078431
v 0.03423879 -0.01808757 0.00565764 0.43529412 0.89019608 0.96078431
v 0.03419579 -0.01801459 0.00691021 0.43529412 0.89019608 0.96078431
v 0.03290590 -0.02044468 -0.00062671 0.43529412 0.89019608 0.96078431
v 0.03348800 -0.01948870 -0.00062671 0.43529412 0.89019608 0.96078431
v 0.03353431 -0.01948870 0.00062587 0.43529412 0.89019608 0.96078431
v 0.03393120 -0.01883192 0.00188560 0.43529412 0.89019608 0.96078431
v 0.03428840 -0.01819338 0.00313818 0.43529412 0.89019608 0.96078431
v 0.03528062 -0.01523423 0.01068225 0.43529412 0.89019608 0.96078431
v 0.03494327 -0.01586547 0.01068225 0.43529412 0.89019608 0.96078431
v 0.03426855 -0.01709145 0.01076099 0.43529412 0.89019608 0.96078431
v 0.03393451 -0.01758404 0.01123339 0.43529412 0.89019608 0.96078431
v 0.03465883 -0.01697469 0.00816995 0.43529412 0.89019608 0.96078431
v 0.03388489 -0.01749282 0.01194199 0.43529412 0.89019608 0.96078431
v 0.03478120 -0.01697469 0.00691021 0.43529412 0.89019608 0.96078431
v 0.03378236 -0.01730308 0.01320172 0.43529412 0.89019608 0.96078431
v 0.03296543 -0.01827731 0.01436124 0.43529412 0.89019608 0.96078431
v 0.03260161 -0.01872611 0.01471197 0.43529412 0.89019608 0.96078431
v 0.03180453 -0.01956897 0.01571402 0.43529412 0.89019608 0.96078431
v 0.03285629 -0.02036440 -0.00187928 0.43529412 0.89019608 0.96078431
v 0.03156309 -0.01781756 0.02049528 0.43529412 0.89019608 0.96078431
v 0.03239656 -0.01694186 0.01952185 0.43529412 0.89019608 0.96078431
v 0.03167554 -0.01823717 0.01937870 0.43529412 0.89019608 0.96078431
v 0.03238002 -0.01817879 0.01700954 0.43529412 0.89019608 0.96078431
v 0.03276368 -0.01772634 0.01661588 0.43529412 0.89019608 0.96078431
v 0.03201951 -0.01823352 0.01822633 0.43529412 0.89019608 0.96078431
v 0.03254539 -0.01735417 0.01822633 0.43529412 0.89019608 0.96078431
v 0.03128526 -0.01733957 0.02199837 0.43529412 0.89019608 0.96078431
v 0.03038564 -0.01794527 0.02325810 0.43529412 0.89019608 0.96078431
v 0.02998876 -0.01857286 0.02325810 0.43529412 0.89019608 0.96078431
v 0.03250570 -0.01599682 0.02074580 0.43529412 0.89019608 0.96078431
v 0.03163254 -0.01671198 0.02199837 0.43529412 0.89019608 0.96078431
v 0.03264461 -0.01625953 0.01997278 0.43529412 0.89019608 0.96078431
v 0.03248255 -0.01853272 0.01571402 0.43529412 0.89019608 0.96078431
v 0.03287944 -0.01790513 0.01571402 0.43529412 0.89019608 0.96078431
v 0.02890723 -0.01885016 0.02512623 0.43529412 0.89019608 0.96078431
v 0.02873194 -0.01856556 0.02577041 0.43529412 0.89019608 0.96078431
v 0.02784224 -0.01913842 0.02668658 0.43529412 0.89019608 0.96078431
v 0.02730313 -0.01952883 0.02707309 0.43529412 0.89019608 0.96078431
v 0.02756773 -0.01872246 0.02752401 0.43529412 0.89019608 0.96078431
v 0.02666480 -0.01948870 0.02798926 0.43529412 0.89019608 0.96078431
v 0.02616869 -0.01948870 0.02861912 0.43529412 0.89019608 0.96078431
v 0.02548075 -0.01938653 0.02949235 0.43529412 0.89019608 0.96078431
v 0.02484903 -0.01974046 0.02987885 0.43529412 0.89019608 0.96078431
v 0.02445545 -0.02067090 0.02947803 0.43529412 0.89019608 0.96078431
v 0.02640021 -0.01886111 0.02891258 0.43529412 0.89019608 0.96078431
v 0.02401225 -0.02024764 0.03027968 0.43529412 0.89019608 0.96078431
v 0.02361536 -0.02108686 0.02992180 0.43529412 0.89019608 0.96078431
v 0.02226263 -0.02097375 0.03114574 0.43529412 0.89019608 0.96078431
v 0.02264960 -0.02013453 0.03144636 0.43529412 0.89019608 0.96078431
v 0.02240485 -0.01862759 0.03254863 0.43529412 0.89019608 0.96078431
v 0.02115464 -0.01990101 0.03256294 0.43529412 0.89019608 0.96078431
v 0.02074122 -0.02072928 0.03229811 0.43529412 0.89019608 0.96078431
v 0.01986806 -0.02113794 0.03254147 0.43529412 0.89019608 0.96078431
v 0.01903128 -0.02151377 0.03277767 0.43529412 0.89019608 0.96078431
v 0.02074783 -0.02169986 0.03166109 0.43529412 0.89019608 0.96078431
v 0.01924296 -0.02294774 0.03165393 0.43529412 0.89019608 0.96078431
v 0.01848556 -0.02235299 0.03249852 0.43529412 0.89019608 0.96078431
v 0.01813166 -0.02196257 0.03291366 0.43529412 0.89019608 0.96078431
v 0.01697738 -0.02200270 0.03335027 0.43529412 0.89019608 0.96078431
v 0.01582309 -0.02201730 0.03374394 0.43529412 0.89019608 0.96078431
v 0.01471180 -0.02244785 0.03385131 0.43529412 0.89019608 0.96078431
v 0.01387502 -0.02264854 0.03395151 0.43529412 0.89019608 0.96078431
v 0.00460433 -0.02714018 0.03247705 0.43529412 0.89019608 0.96078431
v 0.00460433 -0.02724234 0.03240548 0.43529412 0.89019608 0.96078431
v 0.00565940 -0.02658556 0.03280630 0.43529412 0.89019608 0.96078431
v 0.01320361 -0.02277989 0.03401593 0.43529412 0.89019608 0.96078431
v 0.01068998 -0.02376871 0.03389425 0.43529412 0.89019608 0.96078431
v 0.00936370 -0.02439995 0.03368668 0.43529412 0.89019608 0.96078431
v 0.00817965 -0.02587770 0.03300671 0.43529412 0.89019608 0.96078431
v 0.01194680 -0.02299152 0.03410898 0.43529412 0.89019608 0.96078431
v 0.00691621 -0.02577554 0.03316418 0.43529412 0.89019608 0.96078431
v 0.02364844 -0.02365560 -0.02353093 0.43529412 0.89019608 0.96078431
v 0.02418424 -0.02169256 -0.02552789 0.43529412 0.89019608 0.96078431
v 0.02502102 -0.02122187 -0.02494813 0.43529412 0.89019608 0.96078431
v 0.02454475 -0.02202825 -0.02455446 0.43529412 0.89019608 0.96078431
v 0.02406848 -0.02281638 -0.02416795 0.43529412 0.89019608 0.96078431
v 0.01987798 -0.01857651 -0.03252799 0.43529412 0.89019608 0.96078431
v 0.02043694 -0.01928072 -0.03169056 0.43529412 0.89019608 0.96078431
v 0.02161438 -0.01789783 -0.03161182 0.43529412 0.89019608 0.96078431
v 0.02211049 -0.01836488 -0.03089607 0.43529412 0.89019608 0.96078431
v 0.02260991 -0.01883192 -0.03015168 0.43529412 0.89019608 0.96078431
v 0.01656064 -0.01903625 -0.03403824 0.43529412 0.89019608 0.96078431
v 0.01739742 -0.01868597 -0.03385214 0.43529412 0.89019608 0.96078431
v 0.01435459 -0.01937559 -0.03477547 0.43529412 0.89019608 0.96078431
v 0.01470187 -0.01855461 -0.03506177 0.43529412 0.89019608 0.96078431
v 0.01566764 -0.01946680 -0.03420286 0.43529412 0.89019608 0.96078431
v 0.01235361 -0.01998128 -0.03513335 0.43529412 0.89019608 0.96078431
v 0.01320361 -0.01971857 -0.03499735 0.43529412 0.89019608 0.96078431
v 0.01825735 -0.01825541 -0.03364457 0.43529412 0.89019608 0.96078431
v 0.01869062 -0.01741620 -0.03385214 0.43529412 0.89019608 0.96078431
v 0.01947117 -0.01818609 -0.03299323 0.43529412 0.89019608 0.96078431
v 0.02233208 -0.01948870 -0.02986538 0.43529412 0.89019608 0.96078431
v 0.02414124 -0.02041184 -0.02703098 0.43529412 0.89019608 0.96078431
v 0.02384027 -0.01880273 -0.02886332 0.43529412 0.89019608 0.96078431
v 0.02533522 -0.01786864 -0.02788273 0.43529412 0.89019608 0.96078431
v 0.02503424 -0.01870786 -0.02751769 0.43529412 0.89019608 0.96078431
v 0.02536499 -0.01916396 -0.02668026 0.43529412 0.89019608 0.96078431
v 0.02505740 -0.01999953 -0.02627944 0.43529412 0.89019608 0.96078431
v 0.02462082 -0.02086064 -0.02590008 0.43529412 0.89019608 0.96078431
v 0.00460433 -0.02408980 -0.03408834 0.43529412 0.89019608 0.96078431
v 0.00460433 -0.02338194 -0.03453927 0.43529412 0.89019608 0.96078431
v 0.00460433 -0.02325788 -0.03461800 0.43529412 0.89019608 0.96078431
v 0.00565940 -0.02325788 -0.03455359 0.43529412 0.89019608 0.96078431
v 0.00696252 -0.02336370 -0.03431023 0.43529412 0.89019608 0.96078431
v 0.00817303 -0.02211582 -0.03491146 0.43529412 0.89019608 0.96078431
v 0.00889736 -0.02140066 -0.03521924 0.43529412 0.89019608 0.96078431
v 0.00936370 -0.02081320 -0.03544828 0.43529412 0.89019608 0.96078431
v 0.01068998 -0.02043738 -0.03536955 0.43529412 0.89019608 0.96078431
v 0.01151683 -0.02022210 -0.03526218 0.43529412 0.89019608 0.96078431
v 0.02515662 -0.02264489 -0.02265055 0.43529412 0.89019608 0.96078431
v 0.02441907 -0.02315207 -0.02308716 0.43529412 0.89019608 0.96078431
v 0.03279014 -0.02026589 -0.00313901 0.43529412 0.89019608 0.96078431
v 0.03175161 -0.01955073 -0.01189988 0.43529412 0.89019608 0.96078431
v 0.03206250 -0.01948870 -0.01068309 0.43529412 0.89019608 0.96078431
v 0.03274053 -0.01894868 -0.00905117 0.43529412 0.89019608 0.96078431
v 0.03281660 -0.01907639 -0.00817078 0.43529412 0.89019608 0.96078431
v 0.03291913 -0.01924058 -0.00691105 0.43529412 0.89019608 0.96078431
v 0.03302166 -0.01939383 -0.00565132 0.43529412 0.89019608 0.96078431
v 0.03257515 -0.01866408 -0.01068309 0.43529412 0.89019608 0.96078431
v 0.03374267 -0.01850353 -0.00439875 0.43529412 0.89019608 0.96078431
v 0.03305142 -0.01960546 -0.00448464 0.43529412 0.89019608 0.96078431
v 0.03328294 -0.01948870 -0.00313901 0.43529412 0.89019608 0.96078431
v 0.02679379 -0.02201730 -0.02067506 0.43529412 0.89019608 0.96078431
v 0.02660527 -0.02160864 -0.02172722 0.43529412 0.89019608 0.96078431
v 0.02869225 -0.02106132 -0.01822717 0.43529412 0.89019608 0.96078431
v 0.02764380 -0.02135322 -0.02008098 0.43529412 0.89019608 0.96078431
v 0.02748504 -0.02114524 -0.02073947 0.43529412 0.89019608 0.96078431
v 0.02795469 -0.02051400 -0.02073947 0.43529412 0.89019608 0.96078431
v 0.02832182 -0.02078036 -0.01954416 0.43529412 0.89019608 0.96078431
v 0.02898330 -0.02021116 -0.01900734 0.43529412 0.89019608 0.96078431
v 0.02914206 -0.02043373 -0.01822717 0.43529412 0.89019608 0.96078431
v 0.03001521 -0.01986817 -0.01696744 0.43529412 0.89019608 0.96078431
v 0.03025665 -0.01898882 -0.01780487 0.43529412 0.89019608 0.96078431
v 0.03040880 -0.01924058 -0.01696744 0.43529412 0.89019608 0.96078431
v 0.03125219 -0.01854367 -0.01571486 0.43529412 0.89019608 0.96078431
v 0.03137787 -0.01876624 -0.01491321 0.43529412 0.89019608 0.96078431
v 0.03150686 -0.01898882 -0.01406862 0.43529412 0.89019608 0.96078431
v 0.03110005 -0.01943762 -0.01447660 0.43529412 0.89019608 0.96078431
v 0.03163585 -0.01919315 -0.01319540 0.43529412 0.89019608 0.96078431
v 0.03490027 -0.01703672 0.00439791 0.43529412 0.89019608 0.96078431
v 0.03492673 -0.01686523 0.00565048 0.43529412 0.89019608 0.96078431
v 0.03340201 -0.01948870 -0.00187928 0.43529412 0.89019608 0.96078431
v 0.03386505 -0.01871881 -0.00187928 0.43529412 0.89019608 0.96078431
v 0.03426525 -0.01815325 -0.00062671 0.43529412 0.89019608 0.96078431
v 0.03428509 -0.01818973 0.00062587 0.43529412 0.89019608 0.96078431
v 0.03429170 -0.01820433 0.00188560 0.43529412 0.89019608 0.96078431
v 0.03491681 -0.01706591 0.00313818 0.43529412 0.89019608 0.96078431
v 0.03535008 -0.01536923 0.00942968 0.43529412 0.89019608 0.96078431
v 0.03564444 -0.01446069 0.01068225 0.43529412 0.89019608 0.96078431
v 0.03522770 -0.01513571 0.01146959 0.43529412 0.89019608 0.96078431
v 0.03515825 -0.01625224 0.00691021 0.43529412 0.89019608 0.96078431
v 0.03509541 -0.01612453 0.00816995 0.43529412 0.89019608 0.96078431
v 0.03422556 -0.01686158 0.01194199 0.43529412 0.89019608 0.96078431
v 0.03412303 -0.01667549 0.01320172 0.43529412 0.89019608 0.96078431
v 0.03519132 -0.01632156 0.00606562 0.43529412 0.89019608 0.96078431
v 0.03402711 -0.01649671 0.01421809 0.43529412 0.89019608 0.96078431
v 0.03370960 -0.01693821 0.01456166 0.43529412 0.89019608 0.96078431
v 0.03277360 -0.01650035 0.01913534 0.43529412 0.89019608 0.96078431
v 0.03304150 -0.01706226 0.01700954 0.43529412 0.89019608 0.96078431
v 0.03265123 -0.01753660 0.01745331 0.43529412 0.89019608 0.96078431
v 0.03342186 -0.01697469 0.01571402 0.43529412 0.89019608 0.96078431
v 0.03290590 -0.01672658 0.01822633 0.43529412 0.89019608 0.96078431
v 0.03148040 -0.01643832 0.02273560 0.43529412 0.89019608 0.96078431
v 0.03101736 -0.01690537 0.02319368 0.43529412 0.89019608 0.96078431
v 0.03022027 -0.01767526 0.02397386 0.43529412 0.89019608 0.96078431
v 0.02956210 -0.01826271 0.02455362 0.43529412 0.89019608 0.96078431
v 0.03283313 -0.01536923 0.02074580 0.43529412 0.89019608 0.96078431
v 0.03271076 -0.01513206 0.02142576 0.43529412 0.89019608 0.96078431
v 0.03225764 -0.01561735 0.02190532 0.43529412 0.89019608 0.96078431
v 0.03301835 -0.01579249 0.01952185 0.43529412 0.89019608 0.96078431
v 0.03001191 -0.01732498 0.02481129 0.43529412 0.89019608 0.96078431
v 0.02912883 -0.01793797 0.02577041 0.43529412 0.89019608 0.96078431
v 0.02894361 -0.01764242 0.02643606 0.43529412 0.89019608 0.96078431
v 0.02866910 -0.01720457 0.02728066 0.43529412 0.89019608 0.96078431
v 0.02893038 -0.01636535 0.02767432 0.43529412 0.89019608 0.96078431
v 0.02782901 -0.01788324 0.02791052 0.43529412 0.89019608 0.96078431
v 0.02754127 -0.01741620 0.02875511 0.43529412 0.89019608 0.96078431
v 0.02713445 -0.01837217 0.02841155 0.43529412 0.89019608 0.96078431
v 0.02611908 -0.01835758 0.02961402 0.43529412 0.89019608 0.96078431
v 0.02517646 -0.01890490 0.03020095 0.43529412 0.89019608 0.96078431
v 0.02670118 -0.01802189 0.02924899 0.43529412 0.89019608 0.96078431
v 0.02446537 -0.01938653 0.03048725 0.43529412 0.89019608 0.96078431
v 0.02385019 -0.01881732 0.03140342 0.43529412 0.89019608 0.96078431
v 0.02355914 -0.01948870 0.03117437 0.43529412 0.89019608 0.96078431
v 0.02293073 -0.01948870 0.03164677 0.43529412 0.89019608 0.96078431
v 0.02332100 -0.01830285 0.03210486 0.43529412 0.89019608 0.96078431
v 0.02279182 -0.01778837 0.03279199 0.43529412 0.89019608 0.96078431
v 0.02156476 -0.01906544 0.03279914 0.43529412 0.89019608 0.96078431
v 0.02074122 -0.01948505 0.03302103 0.43529412 0.89019608 0.96078431
v 0.02031787 -0.02029873 0.03279914 0.43529412 0.89019608 0.96078431
v 0.01946455 -0.02072928 0.03299240 0.43529412 0.89019608 0.96078431
v 0.01949101 -0.01947410 0.03364374 0.43529412 0.89019608 0.96078431
v 0.01818789 -0.02068185 0.03359363 0.43529412 0.89019608 0.96078431
v 0.01955716 -0.02205744 0.03209770 0.43529412 0.89019608 0.96078431
v 0.01697738 -0.02111970 0.03382267 0.43529412 0.89019608 0.96078431
v 0.01631259 -0.02134957 0.03393720 0.43529412 0.89019608 0.96078431
v 0.01547581 -0.02160864 0.03405887 0.43529412 0.89019608 0.96078431
v 0.01436121 -0.02201730 0.03413045 0.43529412 0.89019608 0.96078431
v 0.01320361 -0.02200270 0.03434518 0.43529412 0.89019608 0.96078431
v 0.00460433 -0.02661110 0.03282062 0.43529412 0.89019608 0.96078431
v 0.00565940 -0.02577554 0.03323575 0.43529412 0.89019608 0.96078431
v 0.00890066 -0.02390007 0.03395151 0.43529412 0.89019608 0.96078431
v 0.00817303 -0.02456779 0.03369384 0.43529412 0.89019608 0.96078431
v 0.01068998 -0.02314112 0.03415908 0.43529412 0.89019608 0.96078431
v 0.01194680 -0.02200270 0.03449549 0.43529412 0.89019608 0.96078431
v 0.02534845 -0.02038630 -0.02544200 0.43529412 0.89019608 0.96078431
v 0.02643990 -0.02016372 -0.02394607 0.43529412 0.89019608 0.96078431
v 0.02664827 -0.02043008 -0.02325894 0.43529412 0.89019608 0.96078431
v 0.02636383 -0.02132768 -0.02256466 0.43529412 0.89019608 0.96078431
v 0.02527238 -0.02152107 -0.02410353 0.43529412 0.89019608 0.96078431
v 0.02490856 -0.02236028 -0.02348798 0.43529412 0.89019608 0.96078431
v 0.02021203 -0.01773729 -0.03275703 0.43529412 0.89019608 0.96078431
v 0.02112157 -0.01697469 -0.03250652 0.43529412 0.89019608 0.96078431
v 0.02245446 -0.01733227 -0.03127542 0.43529412 0.89019608 0.96078431
v 0.02291419 -0.01799270 -0.03043798 0.43529412 0.89019608 0.96078431
v 0.02375427 -0.01738336 -0.03003716 0.43529412 0.89019608 0.96078431
v 0.02414455 -0.01796351 -0.02919972 0.43529412 0.89019608 0.96078431
v 0.01566764 -0.01817514 -0.03485420 0.43529412 0.89019608 0.96078431
v 0.01697738 -0.01825541 -0.03425297 0.43529412 0.89019608 0.96078431
v 0.01785384 -0.01785040 -0.03406687 0.43529412 0.89019608 0.96078431
v 0.01386179 -0.01888300 -0.03521208 0.43529412 0.89019608 0.96078431
v 0.01521452 -0.01771904 -0.03524787 0.43529412 0.89019608 0.96078431
v 0.01320361 -0.01909098 -0.03531229 0.43529412 0.89019608 0.96078431
v 0.01904120 -0.01657698 -0.03405255 0.43529412 0.89019608 0.96078431
v 0.01947448 -0.01698929 -0.03359447 0.43529412 0.89019608 0.96078431
v 0.01825735 -0.01698929 -0.03427444 0.43529412 0.89019608 0.96078431
v 0.02644320 -0.01641278 -0.02771095 0.43529412 0.89019608 0.96078431
v 0.02617200 -0.01725200 -0.02736739 0.43529412 0.89019608 0.96078431
v 0.02649612 -0.01774458 -0.02652995 0.43529412 0.89019608 0.96078431
v 0.02576849 -0.01822622 -0.02702382 0.43529412 0.89019608 0.96078431
v 0.02498133 -0.01733957 -0.02872017 0.43529412 0.89019608 0.96078431
v 0.02620507 -0.01858380 -0.02610765 0.43529412 0.89019608 0.96078431
v 0.02577511 -0.01948870 -0.02577840 0.43529412 0.89019608 0.96078431
v 0.00460433 -0.02257191 -0.03501883 0.43529412 0.89019608 0.96078431
v 0.00565940 -0.02238218 -0.03506893 0.43529412 0.89019608 0.96078431
v 0.00691621 -0.02225447 -0.03499735 0.43529412 0.89019608 0.96078431
v 0.00817303 -0.02148823 -0.03526218 0.43529412 0.89019608 0.96078431
v 0.00817303 -0.02074388 -0.03564154 0.43529412 0.89019608 0.96078431
v 0.00943316 -0.01948870 -0.03599941 0.43529412 0.89019608 0.96078431
v 0.01068998 -0.01948870 -0.03577753 0.43529412 0.89019608 0.96078431
v 0.01194018 -0.01953248 -0.03545544 0.43529412 0.89019608 0.96078431
v 0.03243294 -0.01840136 -0.01194282 0.43529412 0.89019608 0.96078431
v 0.03301835 -0.01832474 -0.00945199 0.43529412 0.89019608 0.96078431
v 0.03331271 -0.01823352 -0.00817078 0.43529412 0.89019608 0.96078431
v 0.03293236 -0.01803284 -0.01068309 0.43529412 0.89019608 0.96078431
v 0.03402050 -0.01774094 -0.00543659 0.43529412 0.89019608 0.96078431
v 0.03409657 -0.01787594 -0.00439875 0.43529412 0.89019608 0.96078431
v 0.03381213 -0.01862759 -0.00313901 0.43529412 0.89019608 0.96078431
v 0.02706831 -0.02078766 -0.02205647 0.43529412 0.89019608 0.96078431
v 0.02775956 -0.02025129 -0.02155544 0.43529412 0.89019608 0.96078431
v 0.02879478 -0.01993020 -0.01984478 0.43529412 0.89019608 0.96078431
v 0.02925120 -0.01950329 -0.01945111 0.43529412 0.89019608 0.96078431
v 0.03009459 -0.01872611 -0.01864231 0.43529412 0.89019608 0.96078431
v 0.02980354 -0.01943762 -0.01822717 0.43529412 0.89019608 0.96078431
v 0.03051463 -0.01827731 -0.01822717 0.43529412 0.89019608 0.96078431
v 0.03105374 -0.01816054 -0.01693165 0.43529412 0.89019608 0.96078431
v 0.03160608 -0.01791608 -0.01571486 0.43529412 0.89019608 0.96078431
v 0.03148371 -0.01769350 -0.01648072 0.43529412 0.89019608 0.96078431
v 0.03177476 -0.01830285 -0.01447660 0.43529412 0.89019608 0.96078431
v 0.03228741 -0.01811311 -0.01308803 0.43529412 0.89019608 0.96078431
v 0.03523432 -0.01640913 0.00439791 0.43529412 0.89019608 0.96078431
v 0.03521448 -0.01636900 0.00522819 0.43529412 0.89019608 0.96078431
v 0.03422556 -0.01809122 -0.00187928 0.43529412 0.89019608 0.96078431
v 0.03494988 -0.01686158 -0.00061955 0.43529412 0.89019608 0.96078431
v 0.03491350 -0.01703307 0.00062587 0.43529412 0.89019608 0.96078431
v 0.03492011 -0.01706591 0.00188560 0.43529412 0.89019608 0.96078431
v 0.03525086 -0.01643832 0.00313818 0.43529412 0.89019608 0.96078431
v 0.03577674 -0.01446069 0.00942968 0.43529412 0.89019608 0.96078431
v 0.03545592 -0.01562465 0.00691021 0.43529412 0.89019608 0.96078431
v 0.03543607 -0.01453366 0.01190620 0.43529412 0.89019608 0.96078431
v 0.03626292 -0.01329308 0.00942968 0.43529412 0.89019608 0.96078431
v 0.03621993 -0.01307780 0.01056057 0.43529412 0.89019608 0.96078431
v 0.03597187 -0.01320551 0.01194199 0.43529412 0.89019608 0.96078431
v 0.03516486 -0.01500071 0.01230702 0.43529412 0.89019608 0.96078431
v 0.03490027 -0.01562100 0.01190620 0.43529412 0.89019608 0.96078431
v 0.03462906 -0.01571952 0.01320172 0.43529412 0.89019608 0.96078431
v 0.03544599 -0.01582898 0.00565048 0.43529412 0.89019608 0.96078431
v 0.03394112 -0.01633616 0.01505553 0.43529412 0.89019608 0.96078431
v 0.03343839 -0.01571952 0.01822633 0.43529412 0.89019608 0.96078431
v 0.03386174 -0.01617926 0.01571402 0.43529412 0.89019608 0.96078431
v 0.03375260 -0.01571587 0.01709544 0.43529412 0.89019608 0.96078431
v 0.03253877 -0.01478178 0.02226320 0.43529412 0.89019608 0.96078431
v 0.03167223 -0.01568668 0.02319368 0.43529412 0.89019608 0.96078431
v 0.03129518 -0.01608439 0.02357303 0.43529412 0.89019608 0.96078431
v 0.03042203 -0.01693456 0.02443910 0.43529412 0.89019608 0.96078431
v 0.03325979 -0.01446069 0.02074580 0.43529412 0.89019608 0.96078431
v 0.03367983 -0.01441690 0.01947891 0.43529412 0.89019608 0.96078431
v 0.03286621 -0.01440231 0.02190532 0.43529412 0.89019608 0.96078431
v 0.03394442 -0.01508828 0.01759646 0.43529412 0.89019608 0.96078431
v 0.03385182 -0.01487665 0.01822633 0.43529412 0.89019608 0.96078431
v 0.03025665 -0.01648941 0.02529801 0.43529412 0.89019608 0.96078431
v 0.02975393 -0.01693456 0.02574178 0.43529412 0.89019608 0.96078431
v 0.03002844 -0.01607345 0.02613544 0.43529412 0.89019608 0.96078431
v 0.02910237 -0.01686158 0.02692994 0.43529412 0.89019608 0.96078431
v 0.03025335 -0.01523423 0.02652911 0.43529412 0.89019608 0.96078431
v 0.02998876 -0.01474529 0.02736655 0.43529412 0.89019608 0.96078431
v 0.03021366 -0.01390972 0.02771727 0.43529412 0.89019608 0.96078431
v 0.02910237 -0.01571952 0.02793199 0.43529412 0.89019608 0.96078431
v 0.02866579 -0.01571952 0.02856186 0.43529412 0.89019608 0.96078431
v 0.02779594 -0.01657698 0.02908436 0.43529412 0.89019608 0.96078431
v 0.02707161 -0.01702943 0.02958539 0.43529412 0.89019608 0.96078431
v 0.02631752 -0.01748187 0.03008642 0.43529412 0.89019608 0.96078431
v 0.02542121 -0.01823352 0.03043714 0.43529412 0.89019608 0.96078431
v 0.02503094 -0.01743809 0.03133184 0.43529412 0.89019608 0.96078431
v 0.02457451 -0.01833204 0.03111711 0.43529412 0.89019608 0.96078431
v 0.02419416 -0.01797811 0.03166825 0.43529412 0.89019608 0.96078431
v 0.02362859 -0.01727389 0.03250568 0.43529412 0.89019608 0.96078431
v 0.02323170 -0.01690172 0.03296377 0.43529412 0.89019608 0.96078431
v 0.02242469 -0.01607710 0.03383699 0.43529412 0.89019608 0.96078431
v 0.02200465 -0.01699294 0.03363658 0.43529412 0.89019608 0.96078431
v 0.02199142 -0.01821893 0.03302103 0.43529412 0.89019608 0.96078431
v 0.02394941 -0.01643468 0.03273472 0.43529412 0.89019608 0.96078431
v 0.02076106 -0.01824447 0.03365805 0.43529412 0.89019608 0.96078431
v 0.01991436 -0.01867137 0.03385846 0.43529412 0.89019608 0.96078431
v 0.01857486 -0.01988641 0.03383699 0.43529412 0.89019608 0.96078431
v 0.01773808 -0.02021845 0.03399446 0.43529412 0.89019608 0.96078431
v 0.01697738 -0.02049211 0.03410898 0.43529412 0.89019608 0.96078431
v 0.01582309 -0.02085699 0.03427360 0.43529412 0.89019608 0.96078431
v 0.01446043 -0.02074388 0.03461716 0.43529412 0.89019608 0.96078431
v 0.01320361 -0.02074388 0.03477463 0.43529412 0.89019608 0.96078431
v 0.00460433 -0.02577554 0.03325723 0.43529412 0.89019608 0.96078431
v 0.00691621 -0.02462252 0.03372247 0.43529412 0.89019608 0.96078431
v 0.00565940 -0.02463712 0.03375110 0.43529412 0.89019608 0.96078431
v 0.00460433 -0.02559310 0.03334312 0.43529412 0.89019608 0.96078431
v 0.00936370 -0.02335640 0.03413761 0.43529412 0.89019608 0.96078431
v 0.00817303 -0.02394020 0.03396583 0.43529412 0.89019608 0.96078431
v 0.01068998 -0.02200270 0.03456706 0.43529412 0.89019608 0.96078431
v 0.01194680 -0.02074388 0.03485336 0.43529412 0.89019608 0.96078431
v 0.02648620 -0.01897787 -0.02527022 0.43529412 0.89019608 0.96078431
v 0.02618522 -0.01981344 -0.02478350 0.43529412 0.89019608 0.96078431
v 0.02729982 -0.01950329 -0.02329473 0.43529412 0.89019608 0.96078431
v 0.02753134 -0.01993020 -0.02239288 0.43529412 0.89019608 0.96078431
v 0.02136301 -0.01632886 -0.03267830 0.43529412 0.89019608 0.96078431
v 0.02020211 -0.01520139 -0.03399529 0.43529412 0.89019608 0.96078431
v 0.02049316 -0.01697469 -0.03294313 0.43529412 0.89019608 0.96078431
v 0.02323501 -0.01693821 -0.03078155 0.43529412 0.89019608 0.96078431
v 0.02271574 -0.01649306 -0.03150446 0.43529412 0.89019608 0.96078431
v 0.02510370 -0.01501895 -0.03013021 0.43529412 0.89019608 0.96078431
v 0.02488872 -0.01571952 -0.02990832 0.43529412 0.89019608 0.96078431
v 0.02548405 -0.01571952 -0.02927846 0.43529412 0.89019608 0.96078431
v 0.02524592 -0.01650400 -0.02902078 0.43529412 0.89019608 0.96078431
v 0.01693769 -0.01693091 -0.03488999 0.43529412 0.89019608 0.96078431
v 0.01605130 -0.01732133 -0.03508324 0.43529412 0.89019608 0.96078431
v 0.01320361 -0.01823352 -0.03565585 0.43529412 0.89019608 0.96078431
v 0.01435459 -0.01817514 -0.03534807 0.43529412 0.89019608 0.96078431
v 0.01446043 -0.01697469 -0.03574890 0.43529412 0.89019608 0.96078431
v 0.01566764 -0.01693091 -0.03538386 0.43529412 0.89019608 0.96078431
v 0.01649449 -0.01648211 -0.03525503 0.43529412 0.89019608 0.96078431
v 0.01816805 -0.01567208 -0.03486136 0.43529412 0.89019608 0.96078431
v 0.01947448 -0.01565749 -0.03419571 0.43529412 0.89019608 0.96078431
v 0.01733127 -0.01605885 -0.03509756 0.43529412 0.89019608 0.96078431
v 0.02668465 -0.01689077 -0.02698088 0.43529412 0.89019608 0.96078431
v 0.02611246 -0.01571952 -0.02857701 0.43529412 0.89019608 0.96078431
v 0.02633406 -0.01494962 -0.02883469 0.43529412 0.89019608 0.96078431
v 0.02663503 -0.01571952 -0.02794715 0.43529412 0.89019608 0.96078431
v 0.02751150 -0.01476719 -0.02745328 0.43529412 0.89019608 0.96078431
v 0.02780917 -0.01535829 -0.02661584 0.43529412 0.89019608 0.96078431
v 0.02757434 -0.01619751 -0.02627228 0.43529412 0.89019608 0.96078431
v 0.02737920 -0.01704767 -0.02582135 0.43529412 0.89019608 0.96078431
v 0.02760411 -0.01751106 -0.02504833 0.43529412 0.89019608 0.96078431
v 0.02672764 -0.01819338 -0.02572114 0.43529412 0.89019608 0.96078431
v 0.00460433 -0.02243326 -0.03509756 0.43529412 0.89019608 0.96078431
v 0.00565940 -0.02175094 -0.03539818 0.43529412 0.89019608 0.96078431
v 0.00691621 -0.02162688 -0.03533376 0.43529412 0.89019608 0.96078431
v 0.00691621 -0.02074388 -0.03577037 0.43529412 0.89019608 0.96078431
v 0.00817303 -0.01948870 -0.03614256 0.43529412 0.89019608 0.96078431
v 0.01194680 -0.01823352 -0.03595647 0.43529412 0.89019608 0.96078431
v 0.00943316 -0.01823352 -0.03631435 0.43529412 0.89019608 0.96078431
v 0.01068998 -0.01823352 -0.03617119 0.43529412 0.89019608 0.96078431
v 0.03278352 -0.01777378 -0.01194282 0.43529412 0.89019608 0.96078431
v 0.03381544 -0.01734322 -0.00817078 0.43529412 0.89019608 0.96078431
v 0.03348800 -0.01697469 -0.01068309 0.43529412 0.89019608 0.96078431
v 0.03374267 -0.01695280 -0.00954504 0.43529412 0.89019608 0.96078431
v 0.03455299 -0.01697469 -0.00439875 0.43529412 0.89019608 0.96078431
v 0.03422886 -0.01689442 -0.00691105 0.43529412 0.89019608 0.96078431
v 0.03469190 -0.01697469 -0.00313901 0.43529412 0.89019608 0.96078431
v 0.03416602 -0.01800000 -0.00313901 0.43529412 0.89019608 0.96078431
v 0.02861949 -0.01950329 -0.02080389 0.43529412 0.89019608 0.96078431
v 0.02803407 -0.01950329 -0.02198489 0.43529412 0.89019608 0.96078431
v 0.02906929 -0.01909463 -0.02042454 0.43529412 0.89019608 0.96078431
v 0.02995568 -0.01827731 -0.01958711 0.43529412 0.89019608 0.96078431
v 0.03034265 -0.01788689 -0.01923639 0.43529412 0.89019608 0.96078431
v 0.03119927 -0.01698564 -0.01829874 0.43529412 0.89019608 0.96078431
v 0.03133157 -0.01740890 -0.01731816 0.43529412 0.89019608 0.96078431
v 0.03246932 -0.01697469 -0.01452671 0.43529412 0.89019608 0.96078431
v 0.03258508 -0.01739430 -0.01343160 0.43529412 0.89019608 0.96078431
v 0.03154985 -0.01657333 -0.01791939 0.43529412 0.89019608 0.96078431
v 0.03168877 -0.01698564 -0.01693165 0.43529412 0.89019608 0.96078431
v 0.03209558 -0.01697469 -0.01571486 0.43529412 0.89019608 0.96078431
v 0.03269422 -0.01761688 -0.01259416 0.43529412 0.89019608 0.96078431
v 0.03558821 -0.01571952 0.00313818 0.43529412 0.89019608 0.96078431
v 0.03555514 -0.01571952 0.00439791 0.43529412 0.89019608 0.96078431
v 0.03480766 -0.01697469 -0.00187928 0.43529412 0.89019608 0.96078431
v 0.03521448 -0.01636900 -0.00019725 0.43529412 0.89019608 0.96078431
v 0.03523432 -0.01640549 0.00062587 0.43529412 0.89019608 0.96078431
v 0.03519463 -0.01632521 -0.00103469 0.43529412 0.89019608 0.96078431
v 0.03525086 -0.01643832 0.00188560 0.43529412 0.89019608 0.96078431
v 0.03559152 -0.01571952 0.00188560 0.43529412 0.89019608 0.96078431
v 0.03588257 -0.01446069 0.00816995 0.43529412 0.89019608 0.96078431
v 0.03631254 -0.01344998 0.00816995 0.43529412 0.89019608 0.96078431
v 0.03597849 -0.01446069 0.00691021 0.43529412 0.89019608 0.96078431
v 0.03536000 -0.01419068 0.01320172 0.43529412 0.89019608 0.96078431
v 0.03649445 -0.01266549 0.00942968 0.43529412 0.89019608 0.96078431
v 0.03646137 -0.01257427 0.01005954 0.43529412 0.89019608 0.96078431
v 0.03655728 -0.01282239 0.00816995 0.43529412 0.89019608 0.96078431
v 0.03640845 -0.01241373 0.01089698 0.43529412 0.89019608 0.96078431
v 0.03632907 -0.01216196 0.01194199 0.43529412 0.89019608 0.96078431
v 0.03623316 -0.01183722 0.01310867 0.43529412 0.89019608 0.96078431
v 0.03574697 -0.01320551 0.01320172 0.43529412 0.89019608 0.96078431
v 0.03508218 -0.01481827 0.01320172 0.43529412 0.89019608 0.96078431
v 0.03429501 -0.01583628 0.01456166 0.43529412 0.89019608 0.96078431
v 0.03605456 -0.01446069 0.00565764 0.43529412 0.89019608 0.96078431
v 0.03417925 -0.01555167 0.01571402 0.43529412 0.89019608 0.96078431
v 0.03405026 -0.01529626 0.01675903 0.43529412 0.89019608 0.96078431
v 0.03274383 -0.01394256 0.02274992 0.43529412 0.89019608 0.96078431
v 0.03231718 -0.01440231 0.02320084 0.43529412 0.89019608 0.96078431
v 0.03151347 -0.01524518 0.02405975 0.43529412 0.89019608 0.96078431
v 0.03107690 -0.01568668 0.02449636 0.43529412 0.89019608 0.96078431
v 0.03376913 -0.01323470 0.02081021 0.43529412 0.89019608 0.96078431
v 0.03336894 -0.01320551 0.02199837 0.43529412 0.89019608 0.96078431
v 0.03388158 -0.01367255 0.01988689 0.43529412 0.89019608 0.96078431
v 0.03413295 -0.01424541 0.01822633 0.43529412 0.89019608 0.96078431
v 0.03400727 -0.01396810 0.01904945 0.43529412 0.89019608 0.96078431
v 0.03467867 -0.01446069 0.01571402 0.43529412 0.89019608 0.96078431
v 0.03429170 -0.01458475 0.01709544 0.43529412 0.89019608 0.96078431
v 0.03131503 -0.01485476 0.02489719 0.43529412 0.89019608 0.96078431
v 0.03045179 -0.01567938 0.02574178 0.43529412 0.89019608 0.96078431
v 0.03107690 -0.01444609 0.02574894 0.43529412 0.89019608 0.96078431
v 0.03130180 -0.01354120 0.02615692 0.43529412 0.89019608 0.96078431
v 0.03041541 -0.01438042 0.02698004 0.43529412 0.89019608 0.96078431
v 0.03101075 -0.01315443 0.02696572 0.43529412 0.89019608 0.96078431
v 0.03037572 -0.01320551 0.02796778 0.43529412 0.89019608 0.96078431
v 0.02995237 -0.01320551 0.02859765 0.43529412 0.89019608 0.96078431
v 0.02908914 -0.01415419 0.02913447 0.43529412 0.89019608 0.96078431
v 0.02953895 -0.01444974 0.02828272 0.43529412 0.89019608 0.96078431
v 0.02886423 -0.01499341 0.02884101 0.43529412 0.89019608 0.96078431
v 0.02855003 -0.01453002 0.02954961 0.43529412 0.89019608 0.96078431
v 0.02744204 -0.01596398 0.02992896 0.43529412 0.89019608 0.96078431
v 0.02660196 -0.01664266 0.03036557 0.43529412 0.89019608 0.96078431
v 0.02614554 -0.01594209 0.03120300 0.43529412 0.89019608 0.96078431
v 0.02530545 -0.01659887 0.03156804 0.43529412 0.89019608 0.96078431
v 0.02449183 -0.01693456 0.03204044 0.43529412 0.89019608 0.96078431
v 0.02319863 -0.01568303 0.03354353 0.43529412 0.89019608 0.96078431
v 0.02364182 -0.01446069 0.03380120 0.43529412 0.89019608 0.96078431
v 0.02273890 -0.01524153 0.03400161 0.43529412 0.89019608 0.96078431
v 0.02158792 -0.01658427 0.03405172 0.43529412 0.89019608 0.96078431
v 0.02119103 -0.01742349 0.03385846 0.43529412 0.89019608 0.96078431
v 0.02481265 -0.01571952 0.03242695 0.43529412 0.89019608 0.96078431
v 0.02505740 -0.01494962 0.03262020 0.43529412 0.89019608 0.96078431
v 0.02418424 -0.01571952 0.03289935 0.43529412 0.89019608 0.96078431
v 0.02035094 -0.01783216 0.03404456 0.43529412 0.89019608 0.96078431
v 0.01907428 -0.01905085 0.03403024 0.43529412 0.89019608 0.96078431
v 0.01818789 -0.01947410 0.03415192 0.43529412 0.89019608 0.96078431
v 0.01697738 -0.01948870 0.03450264 0.43529412 0.89019608 0.96078431
v 0.01571725 -0.01948870 0.03479610 0.43529412 0.89019608 0.96078431
v 0.01446043 -0.01948870 0.03498220 0.43529412 0.89019608 0.96078431
v 0.00691621 -0.02399129 0.03398730 0.43529412 0.89019608 0.96078431
v 0.00460433 -0.02463347 0.03375826 0.43529412 0.89019608 0.96078431
v 0.00817303 -0.02325788 0.03421634 0.43529412 0.89019608 0.96078431
v 0.00943316 -0.02200270 0.03458853 0.43529412 0.89019608 0.96078431
v 0.01320361 -0.01948870 0.03506093 0.43529412 0.89019608 0.96078431
v 0.01068998 -0.02074388 0.03486768 0.43529412 0.89019608 0.96078431
v 0.02737259 -0.01828095 -0.02458309 0.43529412 0.89019608 0.96078431
v 0.02757103 -0.01873340 -0.02373850 0.43529412 0.89019608 0.96078431
v 0.02781909 -0.01909463 -0.02290106 0.43529412 0.89019608 0.96078431
v 0.02107527 -0.01446069 -0.03374478 0.43529412 0.89019608 0.96078431
v 0.02202780 -0.01443515 -0.03307913 0.43529412 0.89019608 0.96078431
v 0.02273890 -0.01400094 -0.03277135 0.43529412 0.89019608 0.96078431
v 0.01949101 -0.01446069 -0.03464663 0.43529412 0.89019608 0.96078431
v 0.02044355 -0.01446069 -0.03413845 0.43529412 0.89019608 0.96078431
v 0.02131009 -0.01371999 -0.03390225 0.43529412 0.89019608 0.96078431
v 0.02405856 -0.01409581 -0.03158319 0.43529412 0.89019608 0.96078431
v 0.02494825 -0.01320551 -0.03125395 0.43529412 0.89019608 0.96078431
v 0.02533191 -0.01417973 -0.03036641 0.43529412 0.89019608 0.96078431
v 0.01320361 -0.01697469 -0.03606383 0.43529412 0.89019608 0.96078431
v 0.01571725 -0.01571952 -0.03577753 0.43529412 0.89019608 0.96078431
v 0.01693769 -0.01567208 -0.03538386 0.43529412 0.89019608 0.96078431
v 0.01770501 -0.01521963 -0.03524787 0.43529412 0.89019608 0.96078431
v 0.01861124 -0.01446069 -0.03508324 0.43529412 0.89019608 0.96078431
v 0.02702200 -0.01443880 -0.02827640 0.43529412 0.89019608 0.96078431
v 0.02638698 -0.01253779 -0.03015884 0.43529412 0.89019608 0.96078431
v 0.02674087 -0.01320551 -0.02933572 0.43529412 0.89019608 0.96078431
v 0.02770664 -0.01393162 -0.02771811 0.43529412 0.89019608 0.96078431
v 0.02884770 -0.01368350 -0.02629375 0.43529412 0.89019608 0.96078431
v 0.02870217 -0.01456285 -0.02583567 0.43529412 0.89019608 0.96078431
v 0.02810022 -0.01575236 -0.02582135 0.43529412 0.89019608 0.96078431
v 0.02784555 -0.01667185 -0.02543484 0.43529412 0.89019608 0.96078431
v 0.02826559 -0.01693091 -0.02446857 0.43529412 0.89019608 0.96078431
v 0.02868563 -0.01718997 -0.02346651 0.43529412 0.89019608 0.96078431
v 0.02892046 -0.01760593 -0.02262907 0.43529412 0.89019608 0.96078431
v 0.02784555 -0.01789419 -0.02421090 0.43529412 0.89019608 0.96078431
v 0.00460433 -0.02190419 -0.03536955 0.43529412 0.89019608 0.96078431
v 0.00460433 -0.02180567 -0.03541965 0.43529412 0.89019608 0.96078431
v 0.00565940 -0.02074388 -0.03586342 0.43529412 0.89019608 0.96078431
v 0.00691621 -0.01948870 -0.03622130 0.43529412 0.89019608 0.96078431
v 0.00817303 -0.01823352 -0.03637876 0.43529412 0.89019608 0.96078431
v 0.01068998 -0.01697469 -0.03637161 0.43529412 0.89019608 0.96078431
v 0.01194680 -0.01697469 -0.03626424 0.43529412 0.89019608 0.96078431
v 0.03318372 -0.01697469 -0.01194282 0.43529412 0.89019608 0.96078431
v 0.03403042 -0.01651860 -0.00920863 0.43529412 0.89019608 0.96078431
v 0.03412633 -0.01671198 -0.00817078 0.43529412 0.89019608 0.96078431
v 0.03387497 -0.01617561 -0.01068309 0.43529412 0.89019608 0.96078431
v 0.03394442 -0.01634346 -0.01004607 0.43529412 0.89019608 0.96078431
v 0.03503257 -0.01598223 -0.00439875 0.43529412 0.89019608 0.96078431
v 0.03510202 -0.01613183 -0.00313901 0.43529412 0.89019608 0.96078431
v 0.03479443 -0.01571952 -0.00691105 0.43529412 0.89019608 0.96078431
v 0.02886423 -0.01877719 -0.02126198 0.43529412 0.89019608 0.96078431
v 0.02868233 -0.01848529 -0.02199921 0.43529412 0.89019608 0.96078431
v 0.02937358 -0.01831015 -0.02080389 0.43529412 0.89019608 0.96078431
v 0.03015743 -0.01757674 -0.02007382 0.43529412 0.89019608 0.96078431
v 0.03063039 -0.01708416 -0.01958711 0.43529412 0.89019608 0.96078431
v 0.03139771 -0.01627413 -0.01875683 0.43529412 0.89019608 0.96078431
v 0.03278683 -0.01655509 -0.01415451 0.43529412 0.89019608 0.96078431
v 0.03266115 -0.01628872 -0.01499195 0.43529412 0.89019608 0.96078431
v 0.03287944 -0.01697469 -0.01308803 0.43529412 0.89019608 0.96078431
v 0.03178799 -0.01579979 -0.01829874 0.43529412 0.89019608 0.96078431
v 0.03235356 -0.01563195 -0.01690302 0.43529412 0.89019608 0.96078431
v 0.03254870 -0.01604061 -0.01571486 0.43529412 0.89019608 0.96078431
v 0.03613394 -0.01446069 0.00313818 0.43529412 0.89019608 0.96078431
v 0.03610417 -0.01446069 0.00439791 0.43529412 0.89019608 0.96078431
v 0.03515825 -0.01624859 -0.00187928 0.43529412 0.89019608 0.96078431
v 0.03555845 -0.01571952 0.00062587 0.43529412 0.89019608 0.96078431
v 0.03544269 -0.01583263 -0.00061955 0.43529412 0.89019608 0.96078431
v 0.03539638 -0.01550424 -0.00313901 0.43529412 0.89019608 0.96078431
v 0.03544930 -0.01561735 -0.00187928 0.43529412 0.89019608 0.96078431
v 0.03613394 -0.01446069 0.00188560 0.43529412 0.89019608 0.96078431
v 0.03635884 -0.01356674 0.00691021 0.43529412 0.89019608 0.96078431
v 0.03527070 -0.01397905 0.01410357 0.43529412 0.89019608 0.96078431
v 0.03686487 -0.01194669 0.00816995 0.43529412 0.89019608 0.96078431
v 0.03674581 -0.01194669 0.00942968 0.43529412 0.89019608 0.96078431
v 0.03659697 -0.01197587 0.01056057 0.43529412 0.89019608 0.96078431
v 0.03660359 -0.01293915 0.00691021 0.43529412 0.89019608 0.96078431
v 0.03653083 -0.01153072 0.01194199 0.43529412 0.89019608 0.96078431
v 0.03647129 -0.01134829 0.01262195 0.43529412 0.89019608 0.96078431
v 0.03640184 -0.01107463 0.01345939 0.43529412 0.89019608 0.96078431
v 0.03594541 -0.01194669 0.01445429 0.43529412 0.89019608 0.96078431
v 0.03545922 -0.01328214 0.01449724 0.43529412 0.89019608 0.96078431
v 0.03497965 -0.01442420 0.01449724 0.43529412 0.89019608 0.96078431
v 0.03638861 -0.01365066 0.00565764 0.43529412 0.89019608 0.96078431
v 0.03290259 -0.01315443 0.02320084 0.43529412 0.89019608 0.96078431
v 0.03255862 -0.01353755 0.02358735 0.43529412 0.89019608 0.96078431
v 0.03170861 -0.01444609 0.02449636 0.43529412 0.89019608 0.96078431
v 0.03391797 -0.01249765 0.02128261 0.43529412 0.89019608 0.96078431
v 0.03405357 -0.01283334 0.02043802 0.43529412 0.89019608 0.96078431
v 0.03380551 -0.01202331 0.02208426 0.43529412 0.89019608 0.96078431
v 0.03336232 -0.01194669 0.02325810 0.43529412 0.89019608 0.96078431
v 0.03418256 -0.01323470 0.01947891 0.43529412 0.89019608 0.96078431
v 0.03455960 -0.01320551 0.01822633 0.43529412 0.89019608 0.96078431
v 0.03517148 -0.01375283 0.01494101 0.43529412 0.89019608 0.96078431
v 0.03507887 -0.01351201 0.01571402 0.43529412 0.89019608 0.96078431
v 0.03493665 -0.01312159 0.01691650 0.43529412 0.89019608 0.96078431
v 0.03152340 -0.01401919 0.02531948 0.43529412 0.89019608 0.96078431
v 0.03148702 -0.01270198 0.02650048 0.43529412 0.89019608 0.96078431
v 0.03168546 -0.01315443 0.02574894 0.43529412 0.89019608 0.96078431
v 0.03127203 -0.01194669 0.02738086 0.43529412 0.89019608 0.96078431
v 0.03062378 -0.01200871 0.02836861 0.43529412 0.89019608 0.96078431
v 0.03012767 -0.01246846 0.02884816 0.43529412 0.89019608 0.96078431
v 0.02927104 -0.01313983 0.02954961 0.43529412 0.89019608 0.96078431
v 0.02875840 -0.01351566 0.02997906 0.43529412 0.89019608 0.96078431
v 0.02768018 -0.01512477 0.03019379 0.43529412 0.89019608 0.96078431
v 0.02723698 -0.01446069 0.03102407 0.43529412 0.89019608 0.96078431
v 0.02641344 -0.01510652 0.03143920 0.43529412 0.89019608 0.96078431
v 0.02387334 -0.01380756 0.03393720 0.43529412 0.89019608 0.96078431
v 0.02301341 -0.01446069 0.03413761 0.43529412 0.89019608 0.96078431
v 0.02200465 -0.01568303 0.03418771 0.43529412 0.89019608 0.96078431
v 0.02074783 -0.01571952 0.03467442 0.43529412 0.89019608 0.96078431
v 0.02076106 -0.01699294 0.03421634 0.43529412 0.89019608 0.96078431
v 0.02531868 -0.01411041 0.03282062 0.43529412 0.89019608 0.96078431
v 0.02575195 -0.01450083 0.03228380 0.43529412 0.89019608 0.96078431
v 0.02615546 -0.01341714 0.03249137 0.43529412 0.89019608 0.96078431
v 0.02458774 -0.01450083 0.03315702 0.43529412 0.89019608 0.96078431
v 0.01949101 -0.01824447 0.03420202 0.43529412 0.89019608 0.96078431
v 0.01823419 -0.01823352 0.03461716 0.43529412 0.89019608 0.96078431
v 0.01686823 -0.01812041 0.03497504 0.43529412 0.89019608 0.96078431
v 0.01721551 -0.01732498 0.03513967 0.43529412 0.89019608 0.96078431
v 0.01637543 -0.01762418 0.03520409 0.43529412 0.89019608 0.96078431
v 0.01571725 -0.01841231 0.03509672 0.43529412 0.89019608 0.96078431
v 0.01446043 -0.01863489 0.03516114 0.43529412 0.89019608 0.96078431
v 0.01571725 -0.01778472 0.03523987 0.43529412 0.89019608 0.96078431
v 0.00565940 -0.02400953 0.03398730 0.43529412 0.89019608 0.96078431
v 0.00691621 -0.02325788 0.03423066 0.43529412 0.89019608 0.96078431
v 0.00460433 -0.02400588 0.03398730 0.43529412 0.89019608 0.96078431
v 0.00817303 -0.02200270 0.03458853 0.43529412 0.89019608 0.96078431
v 0.01320361 -0.01872975 0.03518261 0.43529412 0.89019608 0.96078431
v 0.01194680 -0.01948870 0.03506809 0.43529412 0.89019608 0.96078431
v 0.00943316 -0.02074388 0.03483905 0.43529412 0.89019608 0.96078431
v 0.02825236 -0.01817149 -0.02318736 0.43529412 0.89019608 0.96078431
v 0.02198811 -0.01326389 -0.03363026 0.43529412 0.89019608 0.96078431
v 0.02239823 -0.01220575 -0.03379488 0.43529412 0.89019608 0.96078431
v 0.02265952 -0.01137018 -0.03396666 0.43529412 0.89019608 0.96078431
v 0.02296380 -0.01320551 -0.03295029 0.43529412 0.89019608 0.96078431
v 0.02403871 -0.01158546 -0.03281430 0.43529412 0.89019608 0.96078431
v 0.02380389 -0.01242467 -0.03262104 0.43529412 0.89019608 0.96078431
v 0.02359221 -0.01320551 -0.03243494 0.43529412 0.89019608 0.96078431
v 0.01884938 -0.01381851 -0.03519777 0.43529412 0.89019608 0.96078431
v 0.01952740 -0.01332227 -0.03503314 0.43529412 0.89019608 0.96078431
v 0.02200134 -0.01068786 -0.03461800 0.43529412 0.89019608 0.96078431
v 0.02116457 -0.01068786 -0.03509756 0.43529412 0.89019608 0.96078431
v 0.02431984 -0.01320551 -0.03180508 0.43529412 0.89019608 0.96078431
v 0.02513016 -0.01254873 -0.03141857 0.43529412 0.89019608 0.96078431
v 0.02558658 -0.01320551 -0.03062408 0.43529412 0.89019608 0.96078431
v 0.01446043 -0.01571952 -0.03609246 0.43529412 0.89019608 0.96078431
v 0.01320361 -0.01571952 -0.03631435 0.43529412 0.89019608 0.96078431
v 0.01571725 -0.01446069 -0.03610678 0.43529412 0.89019608 0.96078431
v 0.01697738 -0.01446069 -0.03573458 0.43529412 0.89019608 0.96078431
v 0.01913381 -0.01297929 -0.03533376 0.43529412 0.89019608 0.96078431
v 0.01835326 -0.01332227 -0.03554133 0.43529412 0.89019608 0.96078431
v 0.02619184 -0.01068786 -0.03120384 0.43529412 0.89019608 0.96078431
v 0.02635390 -0.00991432 -0.03137562 0.43529412 0.89019608 0.96078431
v 0.02655896 -0.01170222 -0.03034493 0.43529412 0.89019608 0.96078431
v 0.02775294 -0.01152708 -0.02902794 0.43529412 0.89019608 0.96078431
v 0.02756442 -0.01236265 -0.02879174 0.43529412 0.89019608 0.96078431
v 0.02532860 -0.01170951 -0.03161182 0.43529412 0.89019608 0.96078431
v 0.02556343 -0.01068786 -0.03184802 0.43529412 0.89019608 0.96078431
v 0.02809361 -0.01194669 -0.02834081 0.43529412 0.89019608 0.96078431
v 0.02876170 -0.01194669 -0.02745328 0.43529412 0.89019608 0.96078431
v 0.02903622 -0.01284428 -0.02656574 0.43529412 0.89019608 0.96078431
v 0.02931735 -0.01323835 -0.02583567 0.43529412 0.89019608 0.96078431
v 0.02910237 -0.01421257 -0.02545631 0.43529412 0.89019608 0.96078431
v 0.02889731 -0.01504814 -0.02510559 0.43529412 0.89019608 0.96078431
v 0.02872863 -0.01571952 -0.02480498 0.43529412 0.89019608 0.96078431
v 0.02892046 -0.01635075 -0.02388881 0.43529412 0.89019608 0.96078431
v 0.02998876 -0.01597493 -0.02224256 0.43529412 0.89019608 0.96078431
v 0.02968447 -0.01686888 -0.02189900 0.43529412 0.89019608 0.96078431
v 0.03000198 -0.01729214 -0.02073947 0.43529412 0.89019608 0.96078431
v 0.02907260 -0.01785770 -0.02199921 0.43529412 0.89019608 0.96078431
v 0.02905937 -0.01685064 -0.02313010 0.43529412 0.89019608 0.96078431
v 0.00460433 -0.02074388 -0.03589205 0.43529412 0.89019608 0.96078431
v 0.00565940 -0.01948870 -0.03626424 0.43529412 0.89019608 0.96078431
v 0.00565940 -0.01828460 -0.03642887 0.43529412 0.89019608 0.96078431
v 0.00683353 -0.01813136 -0.03642171 0.43529412 0.89019608 0.96078431
v 0.00943316 -0.01697469 -0.03642171 0.43529412 0.89019608 0.96078431
v 0.01238999 -0.01504814 -0.03645750 0.43529412 0.89019608 0.96078431
v 0.01320361 -0.01475624 -0.03642887 0.43529412 0.89019608 0.96078431
v 0.03375260 -0.01570857 -0.01201440 0.43529412 0.89019608 0.96078431
v 0.03426194 -0.01584357 -0.00954504 0.43529412 0.89019608 0.96078431
v 0.03457945 -0.01571952 -0.00817078 0.43529412 0.89019608 0.96078431
v 0.03402711 -0.01528166 -0.01164221 0.43529412 0.89019608 0.96078431
v 0.03414287 -0.01554802 -0.01068309 0.43529412 0.89019608 0.96078431
v 0.03532362 -0.01535099 -0.00439875 0.43529412 0.89019608 0.96078431
v 0.03499288 -0.01565749 -0.00573721 0.43529412 0.89019608 0.96078431
v 0.03513840 -0.01493503 -0.00691105 0.43529412 0.89019608 0.96078431
v 0.03519463 -0.01506639 -0.00620961 0.43529412 0.89019608 0.96078431
v 0.03034595 -0.01666455 -0.02073947 0.43529412 0.89019608 0.96078431
v 0.03128526 -0.01579979 -0.01960858 0.43529412 0.89019608 0.96078431
v 0.03143079 -0.01508463 -0.02010961 0.43529412 0.89019608 0.96078431
v 0.03158954 -0.01543491 -0.01927217 0.43529412 0.89019608 0.96078431
v 0.03301835 -0.01581074 -0.01452671 0.43529412 0.89019608 0.96078431
v 0.03342847 -0.01571952 -0.01319540 0.43529412 0.89019608 0.96078431
v 0.03283975 -0.01541302 -0.01571486 0.43529412 0.89019608 0.96078431
v 0.03242632 -0.01444609 -0.01822717 0.43529412 0.89019608 0.96078431
v 0.03258838 -0.01485476 -0.01727521 0.43529412 0.89019608 0.96078431
v 0.03642499 -0.01374188 0.00313818 0.43529412 0.89019608 0.96078431
v 0.03641176 -0.01370539 0.00439791 0.43529412 0.89019608 0.96078431
v 0.03609755 -0.01446069 0.00062587 0.43529412 0.89019608 0.96078431
v 0.03594541 -0.01446069 -0.00187928 0.43529412 0.89019608 0.96078431
v 0.03602810 -0.01446069 -0.00062671 0.43529412 0.89019608 0.96078431
v 0.03584619 -0.01446069 -0.00313901 0.43529412 0.89019608 0.96078431
v 0.03642168 -0.01372729 0.00188560 0.43529412 0.89019608 0.96078431
v 0.03695087 -0.01194669 0.00691021 0.43529412 0.89019608 0.96078431
v 0.03723200 -0.01068786 0.00816995 0.43529412 0.89019608 0.96078431
v 0.03712947 -0.01068786 0.00942968 0.43529412 0.89019608 0.96078431
v 0.03697071 -0.01068786 0.01068225 0.43529412 0.89019608 0.96078431
v 0.03663336 -0.01301942 0.00565764 0.43529412 0.89019608 0.96078431
v 0.03701371 -0.01194669 0.00565764 0.43529412 0.89019608 0.96078431
v 0.03676565 -0.01068786 0.01194199 0.43529412 0.89019608 0.96078431
v 0.03631915 -0.01066961 0.01448292 0.43529412 0.89019608 0.96078431
v 0.03687149 -0.00943268 0.01320172 0.43529412 0.89019608 0.96078431
v 0.03643491 -0.00995081 0.01491953 0.43529412 0.89019608 0.96078431
v 0.03606117 -0.01068786 0.01571402 0.43529412 0.89019608 0.96078431
v 0.03566097 -0.01194669 0.01571402 0.43529412 0.89019608 0.96078431
v 0.03533023 -0.01288442 0.01571402 0.43529412 0.89019608 0.96078431
v 0.03274714 -0.01269833 0.02400249 0.43529412 0.89019608 0.96078431
v 0.03232710 -0.01315443 0.02446057 0.43529412 0.89019608 0.96078431
v 0.03424871 -0.01202331 0.02081021 0.43529412 0.89019608 0.96078431
v 0.03408003 -0.01165843 0.02171923 0.43529412 0.89019608 0.96078431
v 0.03468198 -0.01194669 0.01948606 0.43529412 0.89019608 0.96078431
v 0.03391797 -0.01123152 0.02255666 0.43529412 0.89019608 0.96078431
v 0.03376583 -0.01076448 0.02329389 0.43529412 0.89019608 0.96078431
v 0.03323995 -0.01068786 0.02451784 0.43529412 0.89019608 0.96078431
v 0.03285298 -0.01184087 0.02446057 0.43529412 0.89019608 0.96078431
v 0.03501934 -0.01193939 0.01826212 0.43529412 0.89019608 0.96078431
v 0.03512848 -0.01235170 0.01729585 0.43529412 0.89019608 0.96078431
v 0.03523432 -0.01265090 0.01645841 0.43529412 0.89019608 0.96078431
v 0.03254539 -0.01218750 0.02483992 0.43529412 0.89019608 0.96078431
v 0.03226426 -0.01184087 0.02566305 0.43529412 0.89019608 0.96078431
v 0.03163585 -0.01194669 0.02675815 0.43529412 0.89019608 0.96078431
v 0.03140433 -0.01123882 0.02760990 0.43529412 0.89019608 0.96078431
v 0.03030296 -0.01162924 0.02909152 0.43529412 0.89019608 0.96078431
v 0.02980685 -0.01200871 0.02952098 0.43529412 0.89019608 0.96078431
v 0.02896676 -0.01267644 0.03022957 0.43529412 0.89019608 0.96078431
v 0.02824575 -0.01311429 0.03075923 0.43529412 0.89019608 0.96078431
v 0.02786870 -0.01446069 0.03039420 0.43529412 0.89019608 0.96078431
v 0.02750489 -0.01355579 0.03128890 0.43529412 0.89019608 0.96078431
v 0.02660858 -0.01446069 0.03160383 0.43529412 0.89019608 0.96078431
v 0.02493502 -0.01217291 0.03381552 0.43529412 0.89019608 0.96078431
v 0.02515331 -0.01133369 0.03395151 0.43529412 0.89019608 0.96078431
v 0.02409494 -0.01296834 0.03405887 0.43529412 0.89019608 0.96078431
v 0.02337723 -0.01331498 0.03431655 0.43529412 0.89019608 0.96078431
v 0.02575195 -0.01308145 0.03294229 0.43529412 0.89019608 0.96078431
v 0.02640682 -0.01258157 0.03269178 0.43529412 0.89019608 0.96078431
v 0.02200134 -0.01446069 0.03459569 0.43529412 0.89019608 0.96078431
v 0.01949101 -0.01697469 0.03468158 0.43529412 0.89019608 0.96078431
v 0.02076106 -0.01448258 0.03503946 0.43529412 0.89019608 0.96078431
v 0.01950424 -0.01573776 0.03505378 0.43529412 0.89019608 0.96078431
v 0.01864101 -0.01617196 0.03516830 0.43529412 0.89019608 0.96078431
v 0.01822758 -0.01693456 0.03503230 0.43529412 0.89019608 0.96078431
v 0.01780092 -0.01648576 0.03523272 0.43529412 0.89019608 0.96078431
v 0.01686823 -0.01693456 0.03527566 0.43529412 0.89019608 0.96078431
v 0.01446043 -0.01800730 0.03526135 0.43529412 0.89019608 0.96078431
v 0.01697738 -0.01571952 0.03546176 0.43529412 0.89019608 0.96078431
v 0.01571725 -0.01697469 0.03536871 0.43529412 0.89019608 0.96078431
v 0.00460433 -0.02388547 0.03402309 0.43529412 0.89019608 0.96078431
v 0.00691621 -0.02200270 0.03454559 0.43529412 0.89019608 0.96078431
v 0.00460433 -0.02325788 0.03417339 0.43529412 0.89019608 0.96078431
v 0.01194680 -0.01859475 0.03518261 0.43529412 0.89019608 0.96078431
v 0.01320361 -0.01810217 0.03526135 0.43529412 0.89019608 0.96078431
v 0.01068998 -0.01948870 0.03503230 0.43529412 0.89019608 0.96078431
v 0.00817303 -0.02074388 0.03478895 0.43529412 0.89019608 0.96078431
v 0.02285466 -0.01068786 -0.03409550 0.43529412 0.89019608 0.96078431
v 0.02348307 -0.01068786 -0.03364457 0.43529412 0.89019608 0.96078431
v 0.02427685 -0.01068786 -0.03301471 0.43529412 0.89019608 0.96078431
v 0.02490525 -0.01068786 -0.03247789 0.43529412 0.89019608 0.96078431
v 0.02137624 -0.01005662 -0.03520492 0.43529412 0.89019608 0.96078431
v 0.01468534 -0.01342444 -0.03642887 0.43529412 0.89019608 0.96078431
v 0.01434467 -0.01434393 -0.03635013 0.43529412 0.89019608 0.96078431
v 0.01697738 -0.01320551 -0.03602089 0.43529412 0.89019608 0.96078431
v 0.01559818 -0.01308510 -0.03633582 0.43529412 0.89019608 0.96078431
v 0.01697738 -0.01194669 -0.03624993 0.43529412 0.89019608 0.96078431
v 0.01823419 -0.01194669 -0.03592784 0.43529412 0.89019608 0.96078431
v 0.02053616 -0.01068786 -0.03537670 0.43529412 0.89019608 0.96078431
v 0.01952740 -0.01193939 -0.03544828 0.43529412 0.89019608 0.96078431
v 0.02509378 -0.00990702 -0.03264251 0.43529412 0.89019608 0.96078431
v 0.02579164 -0.00949106 -0.03208422 0.43529412 0.89019608 0.96078431
v 0.02648951 -0.00907510 -0.03151878 0.43529412 0.89019608 0.96078431
v 0.02770002 -0.00891820 -0.03022326 0.43529412 0.89019608 0.96078431
v 0.02755119 -0.00975742 -0.03004432 0.43529412 0.89019608 0.96078431
v 0.02675410 -0.01068786 -0.03058113 0.43529412 0.89019608 0.96078431
v 0.02791500 -0.01068786 -0.02922119 0.43529412 0.89019608 0.96078431
v 0.02860956 -0.01079367 -0.02827640 0.43529412 0.89019608 0.96078431
v 0.02890392 -0.01128626 -0.02763937 0.43529412 0.89019608 0.96078431
v 0.02985977 -0.01197587 -0.02573546 0.43529412 0.89019608 0.96078431
v 0.03011774 -0.01241738 -0.02504117 0.43529412 0.89019608 0.96078431
v 0.02919497 -0.01194669 -0.02682341 0.43529412 0.89019608 0.96078431
v 0.02999206 -0.01331498 -0.02457593 0.43529412 0.89019608 0.96078431
v 0.03016405 -0.01380756 -0.02386733 0.43529412 0.89019608 0.96078431
v 0.02940334 -0.01456285 -0.02461888 0.43529412 0.89019608 0.96078431
v 0.02969440 -0.01562100 -0.02315873 0.43529412 0.89019608 0.96078431
v 0.02908252 -0.01571952 -0.02417511 0.43529412 0.89019608 0.96078431
v 0.03019712 -0.01513571 -0.02267202 0.43529412 0.89019608 0.96078431
v 0.03032942 -0.01562100 -0.02189900 0.43529412 0.89019608 0.96078431
v 0.03019051 -0.01637994 -0.02140513 0.43529412 0.89019608 0.96078431
v 0.00460433 -0.01948870 -0.03626424 0.43529412 0.89019608 0.96078431
v 0.00460433 -0.01824082 -0.03640739 0.43529412 0.89019608 0.96078431
v 0.00460433 -0.01803284 -0.03642887 0.43529412 0.89019608 0.96078431
v 0.00499791 -0.01763877 -0.03646466 0.43529412 0.89019608 0.96078431
v 0.00565940 -0.01765701 -0.03646466 0.43529412 0.89019608 0.96078431
v 0.00635726 -0.01764242 -0.03646466 0.43529412 0.89019608 0.96078431
v 0.01196003 -0.01456285 -0.03648613 0.43529412 0.89019608 0.96078431
v 0.01320361 -0.01320551 -0.03650760 0.43529412 0.89019608 0.96078431
v 0.01320361 -0.01412500 -0.03647181 0.43529412 0.89019608 0.96078431
v 0.01384856 -0.01384405 -0.03646466 0.43529412 0.89019608 0.96078431
v 0.03392458 -0.01503355 -0.01247964 0.43529412 0.89019608 0.96078431
v 0.03492673 -0.01435487 -0.00933747 0.43529412 0.89019608 0.96078431
v 0.03502926 -0.01466137 -0.00817078 0.43529412 0.89019608 0.96078431
v 0.03423548 -0.01455556 -0.01201440 0.43529412 0.89019608 0.96078431
v 0.03459599 -0.01446069 -0.01068309 0.43529412 0.89019608 0.96078431
v 0.03570066 -0.01446069 -0.00439875 0.43529412 0.89019608 0.96078431
v 0.03539308 -0.01430379 -0.00691105 0.43529412 0.89019608 0.96078431
v 0.03546253 -0.01457380 -0.00573721 0.43529412 0.89019608 0.96078431
v 0.03183429 -0.01458475 -0.01960858 0.43529412 0.89019608 0.96078431
v 0.03081230 -0.01446069 -0.02199921 0.43529412 0.89019608 0.96078431
v 0.03130180 -0.01458475 -0.02084684 0.43529412 0.89019608 0.96078431
v 0.03141756 -0.01379296 -0.02133355 0.43529412 0.89019608 0.96078431
v 0.03160278 -0.01424906 -0.02049612 0.43529412 0.89019608 0.96078431
v 0.03365999 -0.01438407 -0.01439787 0.43529412 0.89019608 0.96078431
v 0.03382536 -0.01479638 -0.01319540 0.43529412 0.89019608 0.96078431
v 0.03323995 -0.01446069 -0.01571486 0.43529412 0.89019608 0.96078431
v 0.03287613 -0.01444609 -0.01690302 0.43529412 0.89019608 0.96078431
v 0.03261154 -0.01361782 -0.01864231 0.43529412 0.89019608 0.96078431
v 0.03276368 -0.01401554 -0.01780487 0.43529412 0.89019608 0.96078431
v 0.03666974 -0.01311064 0.00313818 0.43529412 0.89019608 0.96078431
v 0.03665320 -0.01307780 0.00439791 0.43529412 0.89019608 0.96078431
v 0.03640184 -0.01366891 0.00062587 0.43529412 0.89019608 0.96078431
v 0.03633238 -0.01345363 -0.00187928 0.43529412 0.89019608 0.96078431
v 0.03636876 -0.01356674 -0.00062671 0.43529412 0.89019608 0.96078431
v 0.03617362 -0.01320551 -0.00439875 0.43529412 0.89019608 0.96078431
v 0.03631915 -0.01316173 -0.00326069 0.43529412 0.89019608 0.96078431
v 0.03665651 -0.01309970 0.00188560 0.43529412 0.89019608 0.96078431
v 0.03737752 -0.01068786 0.00565764 0.43529412 0.89019608 0.96078431
v 0.03751313 -0.00943268 0.00816995 0.43529412 0.89019608 0.96078431
v 0.03741721 -0.00943268 0.00942968 0.43529412 0.89019608 0.96078431
v 0.03727169 -0.00943268 0.01068225 0.43529412 0.89019608 0.96078431
v 0.03708316 -0.00943268 0.01194199 0.43529412 0.89019608 0.96078431
v 0.03705009 -0.01194669 0.00439791 0.43529412 0.89019608 0.96078431
v 0.03637869 -0.00949106 0.01583570 0.43529412 0.89019608 0.96078431
v 0.03693764 -0.00817385 0.01445429 0.43529412 0.89019608 0.96078431
v 0.03646137 -0.00879779 0.01633673 0.43529412 0.89019608 0.96078431
v 0.03653744 -0.00911159 0.01549930 0.43529412 0.89019608 0.96078431
v 0.03663005 -0.00949106 0.01448292 0.43529412 0.89019608 0.96078431
v 0.03614717 -0.00943268 0.01697376 0.43529412 0.89019608 0.96078431
v 0.03577674 -0.01068786 0.01697376 0.43529412 0.89019608 0.96078431
v 0.03536662 -0.01193939 0.01691650 0.43529412 0.89019608 0.96078431
v 0.03473490 -0.01068786 0.02074580 0.43529412 0.89019608 0.96078431
v 0.03424871 -0.01076448 0.02208426 0.43529412 0.89019608 0.96078431
v 0.03516486 -0.01119869 0.01869873 0.43529412 0.89019608 0.96078431
v 0.03506895 -0.01074259 0.01955764 0.43529412 0.89019608 0.96078431
v 0.03405357 -0.01039231 0.02290022 0.43529412 0.89019608 0.96078431
v 0.03388489 -0.00984499 0.02373766 0.43529412 0.89019608 0.96078431
v 0.03367653 -0.00942903 0.02446773 0.43529412 0.89019608 0.96078431
v 0.03281660 -0.01068786 0.02539106 0.43529412 0.89019608 0.96078431
v 0.03270084 -0.01134829 0.02516917 0.43529412 0.89019608 0.96078431
v 0.03249578 -0.01068786 0.02602092 0.43529412 0.89019608 0.96078431
v 0.03185083 -0.01076813 0.02713035 0.43529412 0.89019608 0.96078431
v 0.03154985 -0.01039960 0.02784610 0.43529412 0.89019608 0.96078431
v 0.03115297 -0.01076813 0.02827556 0.43529412 0.89019608 0.96078431
v 0.03047494 -0.01068786 0.02933488 0.43529412 0.89019608 0.96078431
v 0.03000529 -0.01068786 0.02996475 0.43529412 0.89019608 0.96078431
v 0.02912221 -0.01194669 0.03040136 0.43529412 0.89019608 0.96078431
v 0.02853019 -0.01194669 0.03103122 0.43529412 0.89019608 0.96078431
v 0.02773310 -0.01271658 0.03149647 0.43529412 0.89019608 0.96078431
v 0.02695585 -0.01306686 0.03199749 0.43529412 0.89019608 0.96078431
v 0.02565273 -0.01182992 0.03345048 0.43529412 0.89019608 0.96078431
v 0.02526576 -0.01068786 0.03401593 0.43529412 0.89019608 0.96078431
v 0.02451829 -0.00943268 0.03463148 0.43529412 0.89019608 0.96078431
v 0.02451829 -0.01068786 0.03439528 0.43529412 0.89019608 0.96078431
v 0.02451498 -0.01182992 0.03414477 0.43529412 0.89019608 0.96078431
v 0.02654904 -0.01194669 0.03279914 0.43529412 0.89019608 0.96078431
v 0.02682356 -0.01068786 0.03299240 0.43529412 0.89019608 0.96078431
v 0.02589417 -0.01068786 0.03361511 0.43529412 0.89019608 0.96078431
v 0.02611246 -0.00943268 0.03377257 0.43529412 0.89019608 0.96078431
v 0.02325816 -0.01194669 0.03471021 0.43529412 0.89019608 0.96078431
v 0.02192858 -0.01317267 0.03496789 0.43529412 0.89019608 0.96078431
v 0.02717745 -0.01194669 0.03228380 0.43529412 0.89019608 0.96078431
v 0.02745197 -0.01068786 0.03252000 0.43529412 0.89019608 0.96078431
v 0.02118772 -0.01357039 0.03515398 0.43529412 0.89019608 0.96078431
v 0.02034764 -0.01407757 0.03526135 0.43529412 0.89019608 0.96078431
v 0.01993421 -0.01491679 0.03516114 0.43529412 0.89019608 0.96078431
v 0.01909412 -0.01533275 0.03525419 0.43529412 0.89019608 0.96078431
v 0.01822758 -0.01573776 0.03531145 0.43529412 0.89019608 0.96078431
v 0.01446043 -0.01697469 0.03539018 0.43529412 0.89019608 0.96078431
v 0.01697738 -0.01446069 0.03559775 0.43529412 0.89019608 0.96078431
v 0.01571725 -0.01571952 0.03551902 0.43529412 0.89019608 0.96078431
v 0.01949101 -0.01320551 0.03556196 0.43529412 0.89019608 0.96078431
v 0.01949101 -0.01194669 0.03572659 0.43529412 0.89019608 0.96078431
v 0.01823419 -0.01194669 0.03580532 0.43529412 0.89019608 0.96078431
v 0.00565940 -0.02200270 0.03446686 0.43529412 0.89019608 0.96078431
v 0.00460433 -0.02306085 0.03421634 0.43529412 0.89019608 0.96078431
v 0.01320361 -0.01697469 0.03536871 0.43529412 0.89019608 0.96078431
v 0.01194680 -0.01796716 0.03523987 0.43529412 0.89019608 0.96078431
v 0.00691621 -0.02074388 0.03471021 0.43529412 0.89019608 0.96078431
v 0.00943316 -0.01948870 0.03496789 0.43529412 0.89019608 0.96078431
v 0.02198481 -0.00955674 -0.03498304 0.43529412 0.89019608 0.96078431
v 0.02329454 -0.00931592 -0.03423149 0.43529412 0.89019608 0.96078431
v 0.02373774 -0.00965525 -0.03383783 0.43529412 0.89019608 0.96078431
v 0.02236847 -0.00817385 -0.03506893 0.43529412 0.89019608 0.96078431
v 0.01949101 -0.01068786 -0.03574890 0.43529412 0.89019608 0.96078431
v 0.02087351 -0.00955674 -0.03548407 0.43529412 0.89019608 0.96078431
v 0.02155484 -0.00921740 -0.03528366 0.43529412 0.89019608 0.96078431
v 0.01597854 -0.01194669 -0.03641455 0.43529412 0.89019608 0.96078431
v 0.01509546 -0.01258887 -0.03645750 0.43529412 0.89019608 0.96078431
v 0.01626959 -0.01108557 -0.03645750 0.43529412 0.89019608 0.96078431
v 0.01755287 -0.00870293 -0.03645750 0.43529412 0.89019608 0.96078431
v 0.01823419 -0.00943268 -0.03626424 0.43529412 0.89019608 0.96078431
v 0.01823419 -0.01068786 -0.03612109 0.43529412 0.89019608 0.96078431
v 0.01949101 -0.00943268 -0.03595647 0.43529412 0.89019608 0.96078431
v 0.02449514 -0.00936335 -0.03330101 0.43529412 0.89019608 0.96078431
v 0.02522608 -0.00906780 -0.03275703 0.43529412 0.89019608 0.96078431
v 0.02628445 -0.00565985 -0.03257810 0.43529412 0.89019608 0.96078431
v 0.02689963 -0.00565985 -0.03194823 0.43529412 0.89019608 0.96078431
v 0.02752804 -0.00565985 -0.03128258 0.43529412 0.89019608 0.96078431
v 0.02778271 -0.00817385 -0.03031630 0.43529412 0.89019608 0.96078431
v 0.02848388 -0.00815926 -0.02945024 0.43529412 0.89019608 0.96078431
v 0.02887085 -0.00856792 -0.02885616 0.43529412 0.89019608 0.96078431
v 0.02875178 -0.00943268 -0.02869869 0.43529412 0.89019608 0.96078431
v 0.02805722 -0.00937430 -0.02959339 0.43529412 0.89019608 0.96078431
v 0.02905606 -0.01044704 -0.02785410 0.43529412 0.89019608 0.96078431
v 0.03026658 -0.01157816 -0.02529885 0.43529412 0.89019608 0.96078431
v 0.03051463 -0.01197587 -0.02457593 0.43529412 0.89019608 0.96078431
v 0.03118604 -0.01198682 -0.02325178 0.43529412 0.89019608 0.96078431
v 0.03033934 -0.01296834 -0.02420374 0.43529412 0.89019608 0.96078431
v 0.02938350 -0.01079367 -0.02714550 0.43529412 0.89019608 0.96078431
v 0.03061716 -0.01331498 -0.02337346 0.43529412 0.89019608 0.96078431
v 0.03034595 -0.01446069 -0.02295832 0.43529412 0.89019608 0.96078431
v 0.03001521 -0.01446069 -0.02358819 0.43529412 0.89019608 0.96078431
v 0.00460433 -0.01726660 -0.03645034 0.43529412 0.89019608 0.96078431
v 0.00484246 -0.01571952 -0.03647181 0.43529412 0.89019608 0.96078431
v 0.00565940 -0.01571952 -0.03649329 0.43529412 0.89019608 0.96078431
v 0.00691621 -0.01446069 -0.03652907 0.43529412 0.89019608 0.96078431
v 0.00691621 -0.01571952 -0.03651476 0.43529412 0.89019608 0.96078431
v 0.01068998 -0.01320551 -0.03655770 0.43529412 0.89019608 0.96078431
v 0.01194680 -0.01320551 -0.03653623 0.43529412 0.89019608 0.96078431
v 0.01320361 -0.01194669 -0.03655055 0.43529412 0.89019608 0.96078431
v 0.01446043 -0.01194669 -0.03651476 0.43529412 0.89019608 0.96078431
v 0.01535013 -0.01194669 -0.03647897 0.43529412 0.89019608 0.96078431
v 0.03408334 -0.01416514 -0.01319540 0.43529412 0.89019608 0.96078431
v 0.03521778 -0.01386229 -0.00886507 0.43529412 0.89019608 0.96078431
v 0.03513840 -0.01363607 -0.00970250 0.43529412 0.89019608 0.96078431
v 0.03528393 -0.01403013 -0.00817078 0.43529412 0.89019608 0.96078431
v 0.03476136 -0.01320551 -0.01194282 0.43529412 0.89019608 0.96078431
v 0.03505241 -0.01320916 -0.01075467 0.43529412 0.89019608 0.96078431
v 0.03600495 -0.01320551 -0.00565132 0.43529412 0.89019608 0.96078431
v 0.03579989 -0.01320551 -0.00691105 0.43529412 0.89019608 0.96078431
v 0.03243624 -0.01320186 -0.01947259 0.43529412 0.89019608 0.96078431
v 0.03181776 -0.01330768 -0.02084684 0.43529412 0.89019608 0.96078431
v 0.03126211 -0.01330768 -0.02206363 0.43529412 0.89019608 0.96078431
v 0.03157962 -0.01295375 -0.02168428 0.43529412 0.89019608 0.96078431
v 0.03398081 -0.01391337 -0.01393979 0.43529412 0.89019608 0.96078431
v 0.03385843 -0.01357404 -0.01477722 0.43529412 0.89019608 0.96078431
v 0.03290921 -0.01320186 -0.01822717 0.43529412 0.89019608 0.96078431
v 0.03276368 -0.01277860 -0.01904313 0.43529412 0.89019608 0.96078431
v 0.03332263 -0.01320551 -0.01696744 0.43529412 0.89019608 0.96078431
v 0.03372283 -0.01317632 -0.01570055 0.43529412 0.89019608 0.96078431
v 0.03707324 -0.01194669 0.00313818 0.43529412 0.89019608 0.96078431
v 0.03663005 -0.01303767 0.00062587 0.43529412 0.89019608 0.96078431
v 0.03650768 -0.01271293 -0.00292429 0.43529412 0.89019608 0.96078431
v 0.03654736 -0.01282604 -0.00187928 0.43529412 0.89019608 0.96078431
v 0.03659036 -0.01293915 -0.00062671 0.43529412 0.89019608 0.96078431
v 0.03642830 -0.01246116 -0.00439875 0.43529412 0.89019608 0.96078431
v 0.03646137 -0.01257427 -0.00376172 0.43529412 0.89019608 0.96078431
v 0.03705340 -0.01194669 0.00188560 0.43529412 0.89019608 0.96078431
v 0.03741391 -0.01068786 0.00439791 0.43529412 0.89019608 0.96078431
v 0.03764873 -0.00972458 0.00439791 0.43529412 0.89019608 0.96078431
v 0.03762558 -0.00957863 0.00565764 0.43529412 0.89019608 0.96078431
v 0.03770827 -0.00874306 0.00725378 0.43529412 0.89019608 0.96078431
v 0.03768181 -0.00859346 0.00816995 0.43529412 0.89019608 0.96078431
v 0.03764212 -0.00817020 0.00950125 0.43529412 0.89019608 0.96078431
v 0.03750982 -0.00817385 0.01068225 0.43529412 0.89019608 0.96078431
v 0.03775457 -0.00774695 0.00913622 0.43529412 0.89019608 0.96078431
v 0.03733453 -0.00817385 0.01194199 0.43529412 0.89019608 0.96078431
v 0.03714601 -0.00817385 0.01320172 0.43529412 0.89019608 0.96078431
v 0.03715262 -0.00691867 0.01445429 0.43529412 0.89019608 0.96078431
v 0.03692441 -0.00691867 0.01571402 0.43529412 0.89019608 0.96078431
v 0.03665320 -0.00829791 0.01583570 0.43529412 0.89019608 0.96078431
v 0.03654406 -0.00795858 0.01668030 0.43529412 0.89019608 0.96078431
v 0.03638861 -0.00829791 0.01704533 0.43529412 0.89019608 0.96078431
v 0.03611409 -0.00817385 0.01822633 0.43529412 0.89019608 0.96078431
v 0.03582965 -0.00943268 0.01822633 0.43529412 0.89019608 0.96078431
v 0.03542946 -0.01074259 0.01826212 0.43529412 0.89019608 0.96078431
v 0.03506564 -0.00949471 0.02078158 0.43529412 0.89019608 0.96078431
v 0.03466875 -0.00943268 0.02199837 0.43529412 0.89019608 0.96078431
v 0.03530047 -0.01035947 0.01918544 0.43529412 0.89019608 0.96078431
v 0.03517809 -0.00995810 0.02002288 0.43529412 0.89019608 0.96078431
v 0.03417595 -0.00942903 0.02329389 0.43529412 0.89019608 0.96078431
v 0.03400065 -0.00900577 0.02401680 0.43529412 0.89019608 0.96078431
v 0.03382867 -0.00817385 0.02487571 0.43529412 0.89019608 0.96078431
v 0.03299850 -0.00943998 0.02582767 0.43529412 0.89019608 0.96078431
v 0.03263138 -0.00986323 0.02628575 0.43529412 0.89019608 0.96078431
v 0.03237010 -0.00943998 0.02698004 0.43529412 0.89019608 0.96078431
v 0.03170861 -0.00943268 0.02808230 0.43529412 0.89019608 0.96078431
v 0.03130180 -0.00943268 0.02871217 0.43529412 0.89019608 0.96078431
v 0.03063039 -0.00950201 0.02964981 0.43529412 0.89019608 0.96078431
v 0.03014420 -0.00996540 0.03013653 0.43529412 0.89019608 0.96078431
v 0.02937688 -0.01068786 0.03066619 0.43529412 0.89019608 0.96078431
v 0.02878816 -0.01068786 0.03129605 0.43529412 0.89019608 0.96078431
v 0.02790177 -0.01194669 0.03165393 0.43529412 0.89019608 0.96078431
v 0.02628445 -0.00842197 0.03387278 0.43529412 0.89019608 0.96078431
v 0.02548405 -0.00943268 0.03413761 0.43529412 0.89019608 0.96078431
v 0.02582803 -0.00807169 0.03419487 0.43529412 0.89019608 0.96078431
v 0.02439591 -0.00806074 0.03491062 0.43529412 0.89019608 0.96078431
v 0.02355914 -0.00943268 0.03506809 0.43529412 0.89019608 0.96078431
v 0.02320524 -0.01072070 0.03498936 0.43529412 0.89019608 0.96078431
v 0.02761072 -0.00989972 0.03264883 0.43529412 0.89019608 0.96078431
v 0.02712784 -0.00946187 0.03308544 0.43529412 0.89019608 0.96078431
v 0.02254376 -0.01116220 0.03517546 0.43529412 0.89019608 0.96078431
v 0.02231555 -0.01194669 0.03509672 0.43529412 0.89019608 0.96078431
v 0.02815645 -0.01068786 0.03189013 0.43529412 0.89019608 0.96078431
v 0.02146224 -0.01273117 0.03523272 0.43529412 0.89019608 0.96078431
v 0.02076106 -0.01317267 0.03532576 0.43529412 0.89019608 0.96078431
v 0.02074783 -0.01194669 0.03552618 0.43529412 0.89019608 0.96078431
v 0.01446043 -0.01571952 0.03549754 0.43529412 0.89019608 0.96078431
v 0.01823419 -0.01068786 0.03589837 0.43529412 0.89019608 0.96078431
v 0.01823419 -0.00691867 0.03615604 0.43529412 0.89019608 0.96078431
v 0.02074783 -0.01068786 0.03569796 0.43529412 0.89019608 0.96078431
v 0.02074783 -0.00943268 0.03583395 0.43529412 0.89019608 0.96078431
v 0.01949101 -0.01068786 0.03584827 0.43529412 0.89019608 0.96078431
v 0.01949101 -0.00691867 0.03615604 0.43529412 0.89019608 0.96078431
v 0.00460433 -0.02200270 0.03438812 0.43529412 0.89019608 0.96078431
v 0.01823419 -0.00314584 0.03634930 0.43529412 0.89019608 0.96078431
v 0.01122247 -0.01774458 0.03521124 0.43529412 0.89019608 0.96078431
v 0.00565940 -0.02074388 0.03460285 0.43529412 0.89019608 0.96078431
v 0.00460433 -0.02180202 0.03440959 0.43529412 0.89019608 0.96078431
v 0.02325816 -0.00817385 -0.03451780 0.43529412 0.89019608 0.96078431
v 0.02389319 -0.00881969 -0.03395235 0.43529412 0.89019608 0.96078431
v 0.02174006 -0.00817385 -0.03536239 0.43529412 0.89019608 0.96078431
v 0.02253053 -0.00691867 -0.03515482 0.43529412 0.89019608 0.96078431
v 0.02325816 -0.00691867 -0.03473252 0.43529412 0.89019608 0.96078431
v 0.02074783 -0.00817385 -0.03572027 0.43529412 0.89019608 0.96078431
v 0.01706998 -0.00823953 -0.03650760 0.43529412 0.89019608 0.96078431
v 0.01841280 -0.00691867 -0.03639308 0.43529412 0.89019608 0.96078431
v 0.01814820 -0.00823953 -0.03637161 0.43529412 0.89019608 0.96078431
v 0.01767524 -0.00786371 -0.03647181 0.43529412 0.89019608 0.96078431
v 0.01949101 -0.00817385 -0.03607815 0.43529412 0.89019608 0.96078431
v 0.02533853 -0.00817385 -0.03287156 0.43529412 0.89019608 0.96078431
v 0.02461751 -0.00817385 -0.03350142 0.43529412 0.89019608 0.96078431
v 0.02477957 -0.00691867 -0.03363026 0.43529412 0.89019608 0.96078431
v 0.02565604 -0.00565985 -0.03312207 0.43529412 0.89019608 0.96078431
v 0.02576849 -0.00440102 -0.03323659 0.43529412 0.89019608 0.96078431
v 0.02639690 -0.00440102 -0.03268546 0.43529412 0.89019608 0.96078431
v 0.02699554 -0.00440102 -0.03205559 0.43529412 0.89019608 0.96078431
v 0.02893700 -0.00264961 -0.03019463 0.43529412 0.89019608 0.96078431
v 0.02887416 -0.00348883 -0.03011589 0.43529412 0.89019608 0.96078431
v 0.02804069 -0.00565985 -0.03065271 0.43529412 0.89019608 0.96078431
v 0.02791500 -0.00691867 -0.03048093 0.43529412 0.89019608 0.96078431
v 0.02762395 -0.00440102 -0.03138278 0.43529412 0.89019608 0.96078431
v 0.02895353 -0.00772870 -0.02896352 0.43529412 0.89019608 0.96078431
v 0.02929089 -0.00815926 -0.02837660 0.43529412 0.89019608 0.96078431
v 0.02921482 -0.00943268 -0.02807598 0.43529412 0.89019608 0.96078431
v 0.02988953 -0.00949471 -0.02699519 0.43529412 0.89019608 0.96078431
v 0.03002844 -0.01068786 -0.02615775 0.43529412 0.89019608 0.96078431
v 0.03040218 -0.01068786 -0.02552789 0.43529412 0.89019608 0.96078431
v 0.03104713 -0.01060029 -0.02441131 0.43529412 0.89019608 0.96078431
v 0.03132495 -0.01096152 -0.02366692 0.43529412 0.89019608 0.96078431
v 0.03014420 -0.00995445 -0.02634385 0.43529412 0.89019608 0.96078431
v 0.03153001 -0.01159640 -0.02282949 0.43529412 0.89019608 0.96078431
v 0.03138118 -0.01243197 -0.02252171 0.43529412 0.89019608 0.96078431
v 0.00460433 -0.01571952 -0.03645750 0.43529412 0.89019608 0.96078431
v 0.00488546 -0.01492408 -0.03647181 0.43529412 0.89019608 0.96078431
v 0.00562963 -0.01448623 -0.03649329 0.43529412 0.89019608 0.96078431
v 0.01571725 -0.00565985 -0.03658633 0.43529412 0.89019608 0.96078431
v 0.00943316 -0.01320551 -0.03655770 0.43529412 0.89019608 0.96078431
v 0.01571725 -0.00691867 -0.03659349 0.43529412 0.89019608 0.96078431
v 0.01194680 -0.01194669 -0.03656486 0.43529412 0.89019608 0.96078431
v 0.01571725 -0.00817385 -0.03656486 0.43529412 0.89019608 0.96078431
v 0.01697738 -0.00691867 -0.03655055 0.43529412 0.89019608 0.96078431
v 0.03557829 -0.01320551 -0.00817078 0.43529412 0.89019608 0.96078431
v 0.03527731 -0.01279685 -0.01038247 0.43529412 0.89019608 0.96078431
v 0.03535008 -0.01320916 -0.00933747 0.43529412 0.89019608 0.96078431
v 0.03518471 -0.01250130 -0.01121991 0.43529412 0.89019608 0.96078431
v 0.03443062 -0.01320551 -0.01319540 0.43529412 0.89019608 0.96078431
v 0.03634561 -0.01219115 -0.00565132 0.43529412 0.89019608 0.96078431
v 0.03625300 -0.01185547 -0.00684663 0.43529412 0.89019608 0.96078431
v 0.03259500 -0.01227507 -0.01988057 0.43529412 0.89019608 0.96078431
v 0.03174499 -0.01198682 -0.02206363 0.43529412 0.89019608 0.96078431
v 0.03238663 -0.01189195 -0.02066790 0.43529412 0.89019608 0.96078431
v 0.03410318 -0.01317632 -0.01439787 0.43529412 0.89019608 0.96078431
v 0.03400065 -0.01273482 -0.01527109 0.43529412 0.89019608 0.96078431
v 0.03331602 -0.01194669 -0.01822717 0.43529412 0.89019608 0.96078431
v 0.03287944 -0.01189195 -0.01947259 0.43529412 0.89019608 0.96078431
v 0.03387828 -0.01235170 -0.01610853 0.43529412 0.89019608 0.96078431
v 0.03742714 -0.01068786 0.00313818 0.43529412 0.89019608 0.96078431
v 0.03692441 -0.01194669 -0.00062671 0.43529412 0.89019608 0.96078431
v 0.03699717 -0.01194669 0.00062587 0.43529412 0.89019608 0.96078431
v 0.03683511 -0.01194669 -0.00187928 0.43529412 0.89019608 0.96078431
v 0.03666974 -0.01207074 -0.00326069 0.43529412 0.89019608 0.96078431
v 0.03661682 -0.01182992 -0.00439875 0.43529412 0.89019608 0.96078431
v 0.03653413 -0.01156356 -0.00565132 0.43529412 0.89019608 0.96078431
v 0.03735437 -0.01068786 0.00062587 0.43529412 0.89019608 0.96078431
v 0.03740729 -0.01068786 0.00188560 0.43529412 0.89019608 0.96078431
v 0.03765204 -0.00975742 0.00313818 0.43529412 0.89019608 0.96078431
v 0.03779095 -0.00912983 0.00313818 0.43529412 0.89019608 0.96078431
v 0.03778103 -0.00909699 0.00439791 0.43529412 0.89019608 0.96078431
v 0.03774795 -0.00895104 0.00565764 0.43529412 0.89019608 0.96078431
v 0.03779757 -0.00796587 0.00816995 0.43529412 0.89019608 0.96078431
v 0.03795963 -0.00817385 0.00439791 0.43529412 0.89019608 0.96078431
v 0.03771157 -0.00747694 0.00997365 0.43529412 0.89019608 0.96078431
v 0.03767519 -0.00700260 0.01076099 0.43529412 0.89019608 0.96078431
v 0.03797617 -0.00691867 0.00816995 0.43529412 0.89019608 0.96078431
v 0.03734445 -0.00691867 0.01320172 0.43529412 0.89019608 0.96078431
v 0.03750321 -0.00565985 0.01320172 0.43529412 0.89019608 0.96078431
v 0.03730807 -0.00565985 0.01445429 0.43529412 0.89019608 0.96078431
v 0.03709640 -0.00565985 0.01571402 0.43529412 0.89019608 0.96078431
v 0.03684172 -0.00565985 0.01697376 0.43529412 0.89019608 0.96078431
v 0.03663005 -0.00697341 0.01704533 0.43529412 0.89019608 0.96078431
v 0.03644152 -0.00742585 0.01751773 0.43529412 0.89019608 0.96078431
v 0.03633900 -0.00697341 0.01822633 0.43529412 0.89019608 0.96078431
v 0.03601156 -0.00691867 0.01948606 0.43529412 0.89019608 0.96078431
v 0.03576681 -0.00817385 0.01948606 0.43529412 0.89019608 0.96078431
v 0.03543607 -0.00949471 0.01955764 0.43529412 0.89019608 0.96078431
v 0.03515825 -0.00857522 0.02122535 0.43529412 0.89019608 0.96078431
v 0.03528724 -0.00911889 0.02038076 0.43529412 0.89019608 0.96078431
v 0.03499618 -0.00816291 0.02194111 0.43529412 0.89019608 0.96078431
v 0.03450338 -0.00817385 0.02325810 0.43529412 0.89019608 0.96078431
v 0.03409988 -0.00817385 0.02424585 0.43529412 0.89019608 0.96078431
v 0.03391797 -0.00742221 0.02507612 0.43529412 0.89019608 0.96078431
v 0.03337555 -0.00817385 0.02577041 0.43529412 0.89019608 0.96078431
v 0.03275375 -0.00902402 0.02652195 0.43529412 0.89019608 0.96078431
v 0.03251231 -0.00817385 0.02734508 0.43529412 0.89019608 0.96078431
v 0.03140764 -0.00869928 0.02887680 0.43529412 0.89019608 0.96078431
v 0.03027319 -0.00912983 0.03029399 0.43529412 0.89019608 0.96078431
v 0.02959517 -0.00958228 0.03085944 0.43529412 0.89019608 0.96078431
v 0.02891054 -0.01003473 0.03142489 0.43529412 0.89019608 0.96078431
v 0.02641344 -0.00758275 0.03395151 0.43529412 0.89019608 0.96078431
v 0.02691286 -0.00807169 0.03352206 0.43529412 0.89019608 0.96078431
v 0.02577511 -0.00691867 0.03440244 0.43529412 0.89019608 0.96078431
v 0.02461751 -0.00691867 0.03497504 0.43529412 0.89019608 0.96078431
v 0.02389649 -0.00756816 0.03520409 0.43529412 0.89019608 0.96078431
v 0.02375097 -0.00840737 0.03514683 0.43529412 0.89019608 0.96078431
v 0.02293073 -0.00943268 0.03531145 0.43529412 0.89019608 0.96078431
v 0.02274882 -0.01032663 0.03524703 0.43529412 0.89019608 0.96078431
v 0.02848388 -0.00817385 0.03231959 0.43529412 0.89019608 0.96078431
v 0.02773640 -0.00906415 0.03274904 0.43529412 0.89019608 0.96078431
v 0.02904614 -0.00919916 0.03155372 0.43529412 0.89019608 0.96078431
v 0.02207741 -0.01072070 0.03539018 0.43529412 0.89019608 0.96078431
v 0.02200134 -0.00943268 0.03559059 0.43529412 0.89019608 0.96078431
v 0.01949101 -0.00565985 0.03624909 0.43529412 0.89019608 0.96078431
v 0.01949101 -0.00314584 0.03640656 0.43529412 0.89019608 0.96078431
v 0.01878984 -0.00140538 0.03646382 0.43529412 0.89019608 0.96078431
v 0.02200134 -0.00817385 0.03571943 0.43529412 0.89019608 0.96078431
v 0.02200134 -0.00565985 0.03596994 0.43529412 0.89019608 0.96078431
v 0.02200134 -0.00440102 0.03609162 0.43529412 0.89019608 0.96078431
v 0.02074783 -0.00565985 0.03618467 0.43529412 0.89019608 0.96078431
v 0.02074783 -0.00440102 0.03628488 0.43529412 0.89019608 0.96078431
v 0.01831688 -0.00185053 0.03641371 0.43529412 0.89019608 0.96078431
v 0.01858809 -0.00064643 0.03648529 0.43529412 0.89019608 0.96078431
v 0.01794976 -0.00064643 0.03642803 0.43529412 0.89019608 0.96078431
v 0.00460433 -0.02054319 0.03448833 0.43529412 0.89019608 0.96078431
v 0.00460433 -0.02074388 0.03448117 0.43529412 0.89019608 0.96078431
v 0.02415116 -0.00691867 -0.03415276 0.43529412 0.89019608 0.96078431
v 0.02398910 -0.00817385 -0.03402392 0.43529412 0.89019608 0.96078431
v 0.02190212 -0.00691867 -0.03541249 0.43529412 0.89019608 0.96078431
v 0.02260991 -0.00594080 -0.03519061 0.43529412 0.89019608 0.96078431
v 0.02313579 -0.00557593 -0.03492578 0.43529412 0.89019608 0.96078431
v 0.02440584 -0.00440102 -0.03428160 0.43529412 0.89019608 0.96078431
v 0.02428346 -0.00565985 -0.03423865 0.43529412 0.89019608 0.96078431
v 0.02074783 -0.00691867 -0.03580616 0.43529412 0.89019608 0.96078431
v 0.01778439 -0.00691867 -0.03648613 0.43529412 0.89019608 0.96078431
v 0.01848887 -0.00565985 -0.03641455 0.43529412 0.89019608 0.96078431
v 0.01949101 -0.00691867 -0.03616404 0.43529412 0.89019608 0.96078431
v 0.02491518 -0.00565985 -0.03375194 0.43529412 0.89019608 0.96078431
v 0.02503424 -0.00440102 -0.03385930 0.43529412 0.89019608 0.96078431
v 0.02507393 -0.00314584 -0.03389509 0.43529412 0.89019608 0.96078431
v 0.02644651 -0.00291962 -0.03272840 0.43529412 0.89019608 0.96078431
v 0.02770333 -0.00283935 -0.03147583 0.43529412 0.89019608 0.96078431
v 0.02893700 -0.00217527 -0.03019463 0.43529412 0.89019608 0.96078431
v 0.03000529 -0.00188702 -0.02867006 0.43529412 0.89019608 0.96078431
v 0.02996891 -0.00314584 -0.02860564 0.43529412 0.89019608 0.96078431
v 0.02926774 -0.00309841 -0.02963633 0.43529412 0.89019608 0.96078431
v 0.02772648 -0.00188702 -0.03149730 0.43529412 0.89019608 0.96078431
v 0.02925451 -0.00440102 -0.02937866 0.43529412 0.89019608 0.96078431
v 0.02878816 -0.00440102 -0.03000853 0.43529412 0.89019608 0.96078431
v 0.03016736 -0.00621446 -0.02764653 0.43529412 0.89019608 0.96078431
v 0.03010121 -0.00691867 -0.02754632 0.43529412 0.89019608 0.96078431
v 0.02998545 -0.00817385 -0.02736023 0.43529412 0.89019608 0.96078431
v 0.03026658 -0.00911524 -0.02655858 0.43529412 0.89019608 0.96078431
v 0.03145064 -0.01012230 -0.02392459 0.43529412 0.89019608 0.96078431
v 0.03163254 -0.01060029 -0.02325178 0.43529412 0.89019608 0.96078431
v 0.03218488 -0.01068786 -0.02199921 0.43529412 0.89019608 0.96078431
v 0.00460433 -0.01498246 -0.03644318 0.43529412 0.89019608 0.96078431
v 0.00602983 -0.01358498 -0.03647897 0.43529412 0.89019608 0.96078431
v 0.00460433 -0.01464313 -0.03643602 0.43529412 0.89019608 0.96078431
v 0.00460433 -0.01439866 -0.03642887 0.43529412 0.89019608 0.96078431
v 0.01697738 -0.00565985 -0.03655770 0.43529412 0.89019608 0.96078431
v 0.01485071 -0.00465279 -0.03649329 0.43529412 0.89019608 0.96078431
v 0.01571725 -0.00444481 -0.03651476 0.43529412 0.89019608 0.96078431
v 0.01697738 -0.00455792 -0.03650760 0.43529412 0.89019608 0.96078431
v 0.01786046 -0.00565985 -0.03649329 0.43529412 0.89019608 0.96078431
v 0.03598180 -0.01194669 -0.00817078 0.43529412 0.89019608 0.96078431
v 0.03573705 -0.01194669 -0.00942336 0.43529412 0.89019608 0.96078431
v 0.03542284 -0.01202696 -0.01075467 0.43529412 0.89019608 0.96078431
v 0.03483081 -0.01194669 -0.01319540 0.43529412 0.89019608 0.96078431
v 0.03510864 -0.01202696 -0.01205019 0.43529412 0.89019608 0.96078431
v 0.03519794 -0.01129355 -0.01254406 0.43529412 0.89019608 0.96078431
v 0.03530047 -0.01166208 -0.01170662 0.43529412 0.89019608 0.96078431
v 0.03580650 -0.01068786 -0.01068309 0.43529412 0.89019608 0.96078431
v 0.03448684 -0.01194669 -0.01445513 0.43529412 0.89019608 0.96078431
v 0.03647791 -0.01137748 -0.00638139 0.43529412 0.89019608 0.96078431
v 0.03640845 -0.01109287 -0.00721883 0.43529412 0.89019608 0.96078431
v 0.03272730 -0.01143586 -0.02020266 0.43529412 0.89019608 0.96078431
v 0.03257515 -0.01068786 -0.02109735 0.43529412 0.89019608 0.96078431
v 0.03370960 -0.01063313 -0.01815559 0.43529412 0.89019608 0.96078431
v 0.03386835 -0.01101260 -0.01736110 0.43529412 0.89019608 0.96078431
v 0.03400396 -0.01151248 -0.01651651 0.43529412 0.89019608 0.96078431
v 0.03373606 -0.01193574 -0.01695312 0.43529412 0.89019608 0.96078431
v 0.03322672 -0.01068786 -0.01948690 0.43529412 0.89019608 0.96078431
v 0.03412633 -0.01193574 -0.01570055 0.43529412 0.89019608 0.96078431
v 0.03764212 -0.00973553 0.00188560 0.43529412 0.89019608 0.96078431
v 0.03729484 -0.01068786 -0.00062671 0.43529412 0.89019608 0.96078431
v 0.03719892 -0.01068786 -0.00187928 0.43529412 0.89019608 0.96078431
v 0.03707324 -0.01068786 -0.00313901 0.43529412 0.89019608 0.96078431
v 0.03693764 -0.01068786 -0.00439875 0.43529412 0.89019608 0.96078431
v 0.03676565 -0.01068786 -0.00565132 0.43529412 0.89019608 0.96078431
v 0.03761897 -0.00963336 0.00062587 0.43529412 0.89019608 0.96078431
v 0.03779095 -0.00910794 0.00188560 0.43529412 0.89019608 0.96078431
v 0.03797947 -0.00817385 0.00313818 0.43529412 0.89019608 0.96078431
v 0.03804563 -0.00691867 0.00691021 0.43529412 0.89019608 0.96078431
v 0.03813823 -0.00691867 0.00439791 0.43529412 0.89019608 0.96078431
v 0.03782733 -0.00700260 0.00950125 0.43529412 0.89019608 0.96078431
v 0.03800593 -0.00565985 0.00942968 0.43529412 0.89019608 0.96078431
v 0.03783726 -0.00574377 0.01076099 0.43529412 0.89019608 0.96078431
v 0.03776780 -0.00537889 0.01163421 0.43529412 0.89019608 0.96078431
v 0.03819777 -0.00565985 0.00691021 0.43529412 0.89019608 0.96078431
v 0.03812500 -0.00565985 0.00816995 0.43529412 0.89019608 0.96078431
v 0.03770496 -0.00486077 0.01247880 0.43529412 0.89019608 0.96078431
v 0.03743044 -0.00440102 0.01445429 0.43529412 0.89019608 0.96078431
v 0.03722208 -0.00440102 0.01571402 0.43529412 0.89019608 0.96078431
v 0.03697402 -0.00440102 0.01697376 0.43529412 0.89019608 0.96078431
v 0.03646468 -0.00505050 0.01886336 0.43529412 0.89019608 0.96078431
v 0.03655728 -0.00554674 0.01822633 0.43529412 0.89019608 0.96078431
v 0.03641176 -0.00588972 0.01864863 0.43529412 0.89019608 0.96078431
v 0.03651098 -0.00659029 0.01781119 0.43529412 0.89019608 0.96078431
v 0.03626292 -0.00554674 0.01936438 0.43529412 0.89019608 0.96078431
v 0.03584950 -0.00565985 0.02074580 0.43529412 0.89019608 0.96078431
v 0.03563782 -0.00691867 0.02074580 0.43529412 0.89019608 0.96078431
v 0.03537985 -0.00816291 0.02078158 0.43529412 0.89019608 0.96078431
v 0.03524424 -0.00773600 0.02149018 0.43529412 0.89019608 0.96078431
v 0.03511194 -0.00691867 0.02235625 0.43529412 0.89019608 0.96078431
v 0.03478451 -0.00691867 0.02325810 0.43529412 0.89019608 0.96078431
v 0.03422886 -0.00696976 0.02459657 0.43529412 0.89019608 0.96078431
v 0.03401719 -0.00658299 0.02528369 0.43529412 0.89019608 0.96078431
v 0.03368975 -0.00696976 0.02573462 0.43529412 0.89019608 0.96078431
v 0.03286621 -0.00817385 0.02671521 0.43529412 0.89019608 0.96078431
v 0.03297205 -0.00686394 0.02708740 0.43529412 0.89019608 0.96078431
v 0.03262477 -0.00725071 0.02753833 0.43529412 0.89019608 0.96078431
v 0.03183760 -0.00823953 0.02839008 0.43529412 0.89019608 0.96078431
v 0.03229403 -0.00686394 0.02818967 0.43529412 0.89019608 0.96078431
v 0.03150686 -0.00786006 0.02901995 0.43529412 0.89019608 0.96078431
v 0.03108351 -0.00823953 0.02947803 0.43529412 0.89019608 0.96078431
v 0.03038564 -0.00817385 0.03042999 0.43529412 0.89019608 0.96078431
v 0.02981677 -0.00817385 0.03105985 0.43529412 0.89019608 0.96078431
v 0.03161601 -0.00691867 0.02916310 0.43529412 0.89019608 0.96078431
v 0.02712123 -0.00691867 0.03357932 0.43529412 0.89019608 0.96078431
v 0.02649281 -0.00691867 0.03400161 0.43529412 0.89019608 0.96078431
v 0.02785547 -0.00817385 0.03283493 0.43529412 0.89019608 0.96078431
v 0.02801092 -0.00691867 0.03294945 0.43529412 0.89019608 0.96078431
v 0.02577511 -0.00565985 0.03457422 0.43529412 0.89019608 0.96078431
v 0.02479942 -0.00565985 0.03505378 0.43529412 0.89019608 0.96078431
v 0.02398910 -0.00691867 0.03524703 0.43529412 0.89019608 0.96078431
v 0.02330116 -0.00806074 0.03534724 0.43529412 0.89019608 0.96078431
v 0.02325816 -0.00691867 0.03549039 0.43529412 0.89019608 0.96078431
v 0.02918836 -0.00817385 0.03168972 0.43529412 0.89019608 0.96078431
v 0.02863933 -0.00691867 0.03245558 0.43529412 0.89019608 0.96078431
v 0.02325816 -0.00565985 0.03562638 0.43529412 0.89019608 0.96078431
v 0.02074783 -0.00314584 0.03637077 0.43529412 0.89019608 0.96078431
v 0.02044686 -0.00162430 0.03647813 0.43529412 0.89019608 0.96078431
v 0.01949101 -0.00227014 0.03644950 0.43529412 0.89019608 0.96078431
v 0.01949101 -0.00064643 0.03652824 0.43529412 0.89019608 0.96078431
v 0.02325816 -0.00440102 0.03574806 0.43529412 0.89019608 0.96078431
v 0.02325816 -0.00314584 0.03586258 0.43529412 0.89019608 0.96078431
v 0.02200134 -0.00314584 0.03619899 0.43529412 0.89019608 0.96078431
v 0.02128363 -0.00097847 0.03645666 0.43529412 0.89019608 0.96078431
v 0.01697738 -0.00064643 0.03629204 0.43529412 0.89019608 0.96078431
v 0.00460433 -0.01948870 0.03448117 0.43529412 0.89019608 0.96078431
v 0.02211379 -0.00557593 -0.03538386 0.43529412 0.89019608 0.96078431
v 0.02263306 -0.00510159 -0.03520492 0.43529412 0.89019608 0.96078431
v 0.02327470 -0.00440102 -0.03491146 0.43529412 0.89019608 0.96078431
v 0.02444552 -0.00314584 -0.03428875 0.43529412 0.89019608 0.96078431
v 0.02074783 -0.00565985 -0.03584195 0.43529412 0.89019608 0.96078431
v 0.01820774 -0.00439372 -0.03639308 0.43529412 0.89019608 0.96078431
v 0.01949101 -0.00440102 -0.03618551 0.43529412 0.89019608 0.96078431
v 0.01949101 -0.00565985 -0.03619982 0.43529412 0.89019608 0.96078431
v 0.01777446 -0.00480604 -0.03647897 0.43529412 0.89019608 0.96078431
v 0.02504086 -0.00188702 -0.03387362 0.43529412 0.89019608 0.96078431
v 0.02577511 -0.00188702 -0.03330817 0.43529412 0.89019608 0.96078431
v 0.02646636 -0.00188702 -0.03274272 0.43529412 0.89019608 0.96078431
v 0.02709476 -0.00188702 -0.03212717 0.43529412 0.89019608 0.96078431
v 0.02891384 -0.00133605 -0.03016599 0.43529412 0.89019608 0.96078431
v 0.02937358 -0.00064643 -0.02950750 0.43529412 0.89019608 0.96078431
v 0.03000198 -0.00064643 -0.02865575 0.43529412 0.89019608 0.96078431
v 0.02771325 -0.00064643 -0.03146151 0.43529412 0.89019608 0.96078431
v 0.03042203 -0.00188702 -0.02804020 0.43529412 0.89019608 0.96078431
v 0.03038234 -0.00314584 -0.02797578 0.43529412 0.89019608 0.96078431
v 0.02988292 -0.00440102 -0.02846965 0.43529412 0.89019608 0.96078431
v 0.02770002 -0.00064643 -0.03147583 0.43529412 0.89019608 0.96078431
v 0.03079246 -0.00440102 -0.02703098 0.43529412 0.89019608 0.96078431
v 0.03050471 -0.00691867 -0.02691646 0.43529412 0.89019608 0.96078431
v 0.03038564 -0.00817385 -0.02673036 0.43529412 0.89019608 0.96078431
v 0.03091814 -0.00817385 -0.02577125 0.43529412 0.89019608 0.96078431
v 0.03153993 -0.00943268 -0.02408206 0.43529412 0.89019608 0.96078431
v 0.03119596 -0.00943268 -0.02471193 0.43529412 0.89019608 0.96078431
v 0.03194675 -0.00943268 -0.02325894 0.43529412 0.89019608 0.96078431
v 0.03250239 -0.00952390 -0.02200637 0.43529412 0.89019608 0.96078431
v 0.03279014 -0.00916632 -0.02159123 0.43529412 0.89019608 0.96078431
v 0.03267438 -0.01000554 -0.02133355 0.43529412 0.89019608 0.96078431
v 0.00460433 -0.01320186 -0.03632150 0.43529412 0.89019608 0.96078431
v 0.01571725 -0.00381357 -0.03645750 0.43529412 0.89019608 0.96078431
v 0.01446043 -0.00064643 -0.03594931 0.43529412 0.89019608 0.96078431
v 0.01571725 -0.00064643 -0.03609962 0.43529412 0.89019608 0.96078431
v 0.01697738 -0.00393033 -0.03644318 0.43529412 0.89019608 0.96078431
v 0.01823419 -0.00314584 -0.03627856 0.43529412 0.89019608 0.96078431
v 0.03607771 -0.01068786 -0.00942336 0.43529412 0.89019608 0.96078431
v 0.03544930 -0.01080097 -0.01205019 0.43529412 0.89019608 0.96078431
v 0.03512517 -0.01080097 -0.01330276 0.43529412 0.89019608 0.96078431
v 0.03530708 -0.01045434 -0.01295204 0.43529412 0.89019608 0.96078431
v 0.03609755 -0.00943268 -0.01068309 0.43529412 0.89019608 0.96078431
v 0.03579327 -0.00943268 -0.01194282 0.43529412 0.89019608 0.96078431
v 0.03447361 -0.01068786 -0.01571486 0.43529412 0.89019608 0.96078431
v 0.03483743 -0.01068786 -0.01445513 0.43529412 0.89019608 0.96078431
v 0.03657052 -0.01068056 -0.00684663 0.43529412 0.89019608 0.96078431
v 0.03632577 -0.01068056 -0.00818510 0.43529412 0.89019608 0.96078431
v 0.03650768 -0.01025365 -0.00777712 0.43529412 0.89019608 0.96078431
v 0.03283644 -0.01068786 -0.02046749 0.43529412 0.89019608 0.96078431
v 0.03397750 -0.01017338 -0.01769035 0.43529412 0.89019608 0.96078431
v 0.03410318 -0.01063313 -0.01695312 0.43529412 0.89019608 0.96078431
v 0.03386505 -0.00943268 -0.01859936 0.43529412 0.89019608 0.96078431
v 0.03300181 -0.00952390 -0.02084684 0.43529412 0.89019608 0.96078431
v 0.03355084 -0.00943268 -0.01948690 0.43529412 0.89019608 0.96078431
v 0.03777111 -0.00900577 0.00062587 0.43529412 0.89019608 0.96078431
v 0.03748667 -0.00943268 -0.00187928 0.43529412 0.89019608 0.96078431
v 0.03760243 -0.00935241 -0.00060523 0.43529412 0.89019608 0.96078431
v 0.03736430 -0.00943268 -0.00313901 0.43529412 0.89019608 0.96078431
v 0.03722538 -0.00943268 -0.00439875 0.43529412 0.89019608 0.96078431
v 0.03704678 -0.00943268 -0.00565132 0.43529412 0.89019608 0.96078431
v 0.03796955 -0.00817385 0.00188560 0.43529412 0.89019608 0.96078431
v 0.03815146 -0.00691867 0.00313818 0.43529412 0.89019608 0.96078431
v 0.03825399 -0.00565985 0.00439791 0.43529412 0.89019608 0.96078431
v 0.03823745 -0.00565985 0.00565764 0.43529412 0.89019608 0.96078431
v 0.03810846 -0.00440102 0.00942968 0.43529412 0.89019608 0.96078431
v 0.03797617 -0.00440102 0.01068225 0.43529412 0.89019608 0.96078431
v 0.03780749 -0.00442656 0.01201356 0.43529412 0.89019608 0.96078431
v 0.03828045 -0.00440102 0.00691021 0.43529412 0.89019608 0.96078431
v 0.03820769 -0.00440102 0.00816995 0.43529412 0.89019608 0.96078431
v 0.03774134 -0.00402155 0.01270785 0.43529412 0.89019608 0.96078431
v 0.03767188 -0.00314584 0.01352381 0.43529412 0.89019608 0.96078431
v 0.03751974 -0.00314584 0.01445429 0.43529412 0.89019608 0.96078431
v 0.03729484 -0.00314584 0.01571402 0.43529412 0.89019608 0.96078431
v 0.03704347 -0.00314584 0.01697376 0.43529412 0.89019608 0.96078431
v 0.03675904 -0.00314584 0.01822633 0.43529412 0.89019608 0.96078431
v 0.03667966 -0.00440102 0.01822633 0.43529412 0.89019608 0.96078431
v 0.03649445 -0.00440102 0.01897072 0.43529412 0.89019608 0.96078431
v 0.03632246 -0.00440102 0.01960058 0.43529412 0.89019608 0.96078431
v 0.03599503 -0.00440102 0.02074580 0.43529412 0.89019608 0.96078431
v 0.03560806 -0.00440102 0.02199837 0.43529412 0.89019608 0.96078431
v 0.03525086 -0.00531686 0.02275707 0.43529412 0.89019608 0.96078431
v 0.03541292 -0.00570728 0.02209142 0.43529412 0.89019608 0.96078431
v 0.03532362 -0.00691867 0.02172638 0.43529412 0.89019608 0.96078431
v 0.03518471 -0.00615608 0.02256382 0.43529412 0.89019608 0.96078431
v 0.03502926 -0.00570728 0.02320800 0.43529412 0.89019608 0.96078431
v 0.03452322 -0.00565985 0.02451784 0.43529412 0.89019608 0.96078431
v 0.03409988 -0.00565985 0.02544116 0.43529412 0.89019608 0.96078431
v 0.03377244 -0.00565985 0.02606387 0.43529412 0.89019608 0.96078431
v 0.03271737 -0.00641150 0.02770295 0.43529412 0.89019608 0.96078431
v 0.03051133 -0.00691867 0.03058030 0.43529412 0.89019608 0.96078431
v 0.02996560 -0.00691867 0.03121016 0.43529412 0.89019608 0.96078431
v 0.03113974 -0.00691867 0.02979296 0.43529412 0.89019608 0.96078431
v 0.03236348 -0.00565985 0.02842587 0.43529412 0.89019608 0.96078431
v 0.03173507 -0.00565985 0.02932056 0.43529412 0.89019608 0.96078431
v 0.02725683 -0.00565985 0.03367237 0.43529412 0.89019608 0.96078431
v 0.02662842 -0.00565985 0.03409466 0.43529412 0.89019608 0.96078431
v 0.02812337 -0.00565985 0.03304250 0.43529412 0.89019608 0.96078431
v 0.02577511 -0.00440102 0.03471021 0.43529412 0.89019608 0.96078431
v 0.02495156 -0.00440102 0.03511819 0.43529412 0.89019608 0.96078431
v 0.02417101 -0.00565985 0.03531861 0.43529412 0.89019608 0.96078431
v 0.02933719 -0.00691867 0.03182571 0.43529412 0.89019608 0.96078431
v 0.02875178 -0.00565985 0.03254863 0.43529412 0.89019608 0.96078431
v 0.02081729 -0.00198189 0.03643519 0.43529412 0.89019608 0.96078431
v 0.02079744 -0.00064643 0.03649245 0.43529412 0.89019608 0.96078431
v 0.02431984 -0.00440102 0.03537587 0.43529412 0.89019608 0.96078431
v 0.02444552 -0.00314584 0.03543313 0.43529412 0.89019608 0.96078431
v 0.02325816 -0.00188702 0.03594131 0.43529412 0.89019608 0.96078431
v 0.02200134 -0.00188702 0.03627772 0.43529412 0.89019608 0.96078431
v 0.02188889 -0.00064643 0.03634930 0.43529412 0.89019608 0.96078431
v 0.02132663 -0.00064643 0.03645666 0.43529412 0.89019608 0.96078431
v 0.01570071 -0.00064643 0.03602005 0.43529412 0.89019608 0.96078431
v 0.00460433 -0.01823352 0.03435949 0.43529412 0.89019608 0.96078431
v 0.01445051 -0.00064643 0.03565501 0.43529412 0.89019608 0.96078431
v 0.02200134 -0.00440102 -0.03544112 0.43529412 0.89019608 0.96078431
v 0.02264629 -0.00440102 -0.03521208 0.43529412 0.89019608 0.96078431
v 0.02264629 -0.00361654 -0.03521208 0.43529412 0.89019608 0.96078431
v 0.02314240 -0.00317503 -0.03496872 0.43529412 0.89019608 0.96078431
v 0.02440914 -0.00188702 -0.03426012 0.43529412 0.89019608 0.96078431
v 0.02074783 -0.00440102 -0.03585626 0.43529412 0.89019608 0.96078431
v 0.01949101 -0.00314584 -0.03611394 0.43529412 0.89019608 0.96078431
v 0.02074783 -0.00314584 -0.03582047 0.43529412 0.89019608 0.96078431
v 0.02497140 -0.00064643 -0.03383783 0.43529412 0.89019608 0.96078431
v 0.02498133 -0.00064643 -0.03383067 0.43529412 0.89019608 0.96078431
v 0.02588425 -0.00064643 -0.03314354 0.43529412 0.89019608 0.96078431
v 0.02603970 -0.00064643 -0.03302187 0.43529412 0.89019608 0.96078431
v 0.02644320 -0.00091644 -0.03272125 0.43529412 0.89019608 0.96078431
v 0.02888738 -0.00064643 -0.03013736 0.43529412 0.89019608 0.96078431
v 0.02831189 -0.00064643 -0.03078870 0.43529412 0.89019608 0.96078431
v 0.03040218 -0.00064643 -0.02802588 0.43529412 0.89019608 0.96078431
v 0.03098429 -0.00064643 -0.02703098 0.43529412 0.89019608 0.96078431
v 0.03100413 -0.00188702 -0.02703098 0.43529412 0.89019608 0.96078431
v 0.03093799 -0.00314584 -0.02703098 0.43529412 0.89019608 0.96078431
v 0.03130180 -0.00440102 -0.02617207 0.43529412 0.89019608 0.96078431
v 0.02680041 -0.00064643 -0.03234905 0.43529412 0.89019608 0.96078431
v 0.03121581 -0.00565985 -0.02601460 0.43529412 0.89019608 0.96078431
v 0.03118273 -0.00697706 -0.02571399 0.43529412 0.89019608 0.96078431
v 0.03168215 -0.00817385 -0.02433973 0.43529412 0.89019608 0.96078431
v 0.03223780 -0.00817385 -0.02325894 0.43529412 0.89019608 0.96078431
v 0.03261484 -0.00817385 -0.02247161 0.43529412 0.89019608 0.96078431
v 0.03289928 -0.00817385 -0.02184174 0.43529412 0.89019608 0.96078431
v 0.03335240 -0.00817385 -0.02073947 0.43529412 0.89019608 0.96078431
v 0.00460433 -0.01194669 -0.03603520 0.43529412 0.89019608 0.96078431
v 0.01573710 -0.00064643 -0.03609962 0.43529412 0.89019608 0.96078431
v 0.01699391 -0.00064643 -0.03609246 0.43529412 0.89019608 0.96078431
v 0.01322015 -0.00064643 -0.03559143 0.43529412 0.89019608 0.96078431
v 0.01823419 -0.00188702 -0.03614256 0.43529412 0.89019608 0.96078431
v 0.01949101 -0.00064643 -0.03586342 0.43529412 0.89019608 0.96078431
v 0.01949101 -0.00188702 -0.03599226 0.43529412 0.89019608 0.96078431
v 0.03642830 -0.00988878 -0.00861455 0.43529412 0.89019608 0.96078431
v 0.03635222 -0.00945457 -0.00945915 0.43529412 0.89019608 0.96078431
v 0.03519463 -0.01000919 -0.01378948 0.43529412 0.89019608 0.96078431
v 0.03632907 -0.00818115 -0.01064730 0.43529412 0.89019608 0.96078431
v 0.03643160 -0.00860076 -0.00989576 0.43529412 0.89019608 0.96078431
v 0.03602148 -0.00817385 -0.01194282 0.43529412 0.89019608 0.96078431
v 0.03541953 -0.00952755 -0.01330276 0.43529412 0.89019608 0.96078431
v 0.03569405 -0.00817385 -0.01319540 0.43529412 0.89019608 0.96078431
v 0.03477128 -0.00943268 -0.01571486 0.43529412 0.89019608 0.96078431
v 0.03439093 -0.00943268 -0.01696744 0.43529412 0.89019608 0.96078431
v 0.03683842 -0.00943268 -0.00691105 0.43529412 0.89019608 0.96078431
v 0.03660028 -0.00945457 -0.00818510 0.43529412 0.89019608 0.96078431
v 0.03394112 -0.00877225 -0.01883556 0.43529412 0.89019608 0.96078431
v 0.03380551 -0.00827967 -0.01948690 0.43529412 0.89019608 0.96078431
v 0.03773472 -0.00887807 -0.00017578 0.43529412 0.89019608 0.96078431
v 0.03791663 -0.00817385 0.00062587 0.43529412 0.89019608 0.96078431
v 0.03773803 -0.00764843 -0.00265946 0.43529412 0.89019608 0.96078431
v 0.03766196 -0.00847305 -0.00187928 0.43529412 0.89019608 0.96078431
v 0.03760904 -0.00811182 -0.00310323 0.43529412 0.89019608 0.96078431
v 0.03728822 -0.00817385 -0.00565132 0.43529412 0.89019608 0.96078431
v 0.03745360 -0.00817385 -0.00439875 0.43529412 0.89019608 0.96078431
v 0.03812500 -0.00691867 0.00188560 0.43529412 0.89019608 0.96078431
v 0.03823084 -0.00565985 0.00188560 0.43529412 0.89019608 0.96078431
v 0.03825068 -0.00565985 0.00313818 0.43529412 0.89019608 0.96078431
v 0.03832014 -0.00440102 0.00565764 0.43529412 0.89019608 0.96078431
v 0.03833337 -0.00440102 0.00313818 0.43529412 0.89019608 0.96078431
v 0.03828045 -0.00314584 0.00816995 0.43529412 0.89019608 0.96078431
v 0.03817461 -0.00314584 0.00942968 0.43529412 0.89019608 0.96078431
v 0.03804232 -0.00314584 0.01068225 0.43529412 0.89019608 0.96078431
v 0.03789679 -0.00314584 0.01194199 0.43529412 0.89019608 0.96078431
v 0.03834660 -0.00314584 0.00691021 0.43529412 0.89019608 0.96078431
v 0.03776780 -0.00314584 0.01289394 0.43529412 0.89019608 0.96078431
v 0.03769835 -0.00188702 0.01369559 0.43529412 0.89019608 0.96078431
v 0.03780087 -0.00188702 0.01306572 0.43529412 0.89019608 0.96078431
v 0.03757266 -0.00188702 0.01445429 0.43529412 0.89019608 0.96078431
v 0.03734776 -0.00188702 0.01571402 0.43529412 0.89019608 0.96078431
v 0.03708978 -0.00188702 0.01697376 0.43529412 0.89019608 0.96078431
v 0.03680865 -0.00188702 0.01822633 0.43529412 0.89019608 0.96078431
v 0.03656390 -0.00188702 0.01924986 0.43529412 0.89019608 0.96078431
v 0.03653413 -0.00314584 0.01914250 0.43529412 0.89019608 0.96078431
v 0.03636876 -0.00314584 0.01977237 0.43529412 0.89019608 0.96078431
v 0.03609094 -0.00314584 0.02074580 0.43529412 0.89019608 0.96078431
v 0.03570066 -0.00314584 0.02199837 0.43529412 0.89019608 0.96078431
v 0.03530708 -0.00440102 0.02290022 0.43529412 0.89019608 0.96078431
v 0.03507225 -0.00440102 0.02353009 0.43529412 0.89019608 0.96078431
v 0.03466875 -0.00440102 0.02451784 0.43529412 0.89019608 0.96078431
v 0.03417264 -0.00440102 0.02556284 0.43529412 0.89019608 0.96078431
v 0.03383197 -0.00440102 0.02619271 0.43529412 0.89019608 0.96078431
v 0.03323002 -0.00565985 0.02703014 0.43529412 0.89019608 0.96078431
v 0.03277691 -0.00565985 0.02779600 0.43529412 0.89019608 0.96078431
v 0.03062709 -0.00565985 0.03069482 0.43529412 0.89019608 0.96078431
v 0.03125550 -0.00565985 0.02995043 0.43529412 0.89019608 0.96078431
v 0.03007475 -0.00565985 0.03132468 0.43529412 0.89019608 0.96078431
v 0.03283975 -0.00440102 0.02789621 0.43529412 0.89019608 0.96078431
v 0.03242632 -0.00440102 0.02851892 0.43529412 0.89019608 0.96078431
v 0.03179791 -0.00440102 0.02941361 0.43529412 0.89019608 0.96078431
v 0.03132826 -0.00440102 0.03003632 0.43529412 0.89019608 0.96078431
v 0.02736267 -0.00440102 0.03373678 0.43529412 0.89019608 0.96078431
v 0.02673426 -0.00440102 0.03416624 0.43529412 0.89019608 0.96078431
v 0.02820275 -0.00440102 0.03310692 0.43529412 0.89019608 0.96078431
v 0.02888738 -0.00348153 0.03266315 0.43529412 0.89019608 0.96078431
v 0.02577511 -0.00314584 0.03481042 0.43529412 0.89019608 0.96078431
v 0.02507393 -0.00314584 0.03517546 0.43529412 0.89019608 0.96078431
v 0.02944303 -0.00565985 0.03191876 0.43529412 0.89019608 0.96078431
v 0.02513677 -0.00242339 0.03519693 0.43529412 0.89019608 0.96078431
v 0.02463736 -0.00195634 0.03542597 0.43529412 0.89019608 0.96078431
v 0.02325816 -0.00064643 0.03598426 0.43529412 0.89019608 0.96078431
v 0.00460433 -0.01803284 0.03433086 0.43529412 0.89019608 0.96078431
v 0.01353766 -0.00064643 0.03532576 0.43529412 0.89019608 0.96078431
v 0.02211049 -0.00317503 -0.03537670 0.43529412 0.89019608 0.96078431
v 0.02259999 -0.00277732 -0.03519061 0.43529412 0.89019608 0.96078431
v 0.02325816 -0.00188702 -0.03484704 0.43529412 0.89019608 0.96078431
v 0.02434299 -0.00064643 -0.03420286 0.43529412 0.89019608 0.96078431
v 0.02076437 -0.00064643 -0.03561291 0.43529412 0.89019608 0.96078431
v 0.02074783 -0.00188702 -0.03573458 0.43529412 0.89019608 0.96078431
v 0.02189220 -0.00188702 -0.03537670 0.43529412 0.89019608 0.96078431
v 0.02642667 -0.00064643 -0.03270693 0.43529412 0.89019608 0.96078431
v 0.03138779 -0.00064643 -0.02632238 0.43529412 0.89019608 0.96078431
v 0.03174169 -0.00064643 -0.02567820 0.43529412 0.89019608 0.96078431
v 0.03172515 -0.00188702 -0.02568536 0.43529412 0.89019608 0.96078431
v 0.03136133 -0.00314584 -0.02626512 0.43529412 0.89019608 0.96078431
v 0.03163916 -0.00440102 -0.02554220 0.43529412 0.89019608 0.96078431
v 0.03156639 -0.00565985 -0.02538474 0.43529412 0.89019608 0.96078431
v 0.03149032 -0.00659758 -0.02525590 0.43529412 0.89019608 0.96078431
v 0.03175822 -0.00697706 -0.02461888 0.43529412 0.89019608 0.96078431
v 0.03268761 -0.00752072 -0.02262192 0.43529412 0.89019608 0.96078431
v 0.03358061 -0.00691867 -0.02073947 0.43529412 0.89019608 0.96078431
v 0.03388820 -0.00691867 -0.01994499 0.43529412 0.89019608 0.96078431
v 0.00460433 -0.01061853 -0.03551270 0.43529412 0.89019608 0.96078431
v 0.01243960 -0.00064643 -0.03528366 0.43529412 0.89019608 0.96078431
v 0.01823419 -0.00064643 -0.03600657 0.43529412 0.89019608 0.96078431
v 0.03651429 -0.00905321 -0.00905832 0.43529412 0.89019608 0.96078431
v 0.03509541 -0.00952755 -0.01448376 0.43529412 0.89019608 0.96078431
v 0.03516155 -0.00856062 -0.01492037 0.43529412 0.89019608 0.96078431
v 0.03649445 -0.00776519 -0.01021069 0.43529412 0.89019608 0.96078431
v 0.03641838 -0.00691867 -0.01111255 0.43529412 0.89019608 0.96078431
v 0.03678880 -0.00691867 -0.00942336 0.43529412 0.89019608 0.96078431
v 0.03704347 -0.00691867 -0.00817078 0.43529412 0.89019608 0.96078431
v 0.03684503 -0.00817385 -0.00817078 0.43529412 0.89019608 0.96078431
v 0.03589911 -0.00691867 -0.01319540 0.43529412 0.89019608 0.96078431
v 0.03621662 -0.00691867 -0.01194282 0.43529412 0.89019608 0.96078431
v 0.03523432 -0.00772141 -0.01519952 0.43529412 0.89019608 0.96078431
v 0.03556837 -0.00691867 -0.01445513 0.43529412 0.89019608 0.96078431
v 0.03503257 -0.00815561 -0.01565760 0.43529412 0.89019608 0.96078431
v 0.03464891 -0.00817385 -0.01696744 0.43529412 0.89019608 0.96078431
v 0.03419910 -0.00827967 -0.01834169 0.43529412 0.89019608 0.96078431
v 0.03707986 -0.00817385 -0.00691105 0.43529412 0.89019608 0.96078431
v 0.03402381 -0.00793303 -0.01907176 0.43529412 0.89019608 0.96078431
v 0.03777111 -0.00784546 -0.00187928 0.43529412 0.89019608 0.96078431
v 0.03781080 -0.00822494 -0.00060523 0.43529412 0.89019608 0.96078431
v 0.03790671 -0.00691867 -0.00187928 0.43529412 0.89019608 0.96078431
v 0.03799601 -0.00691867 -0.00062671 0.43529412 0.89019608 0.96078431
v 0.03807208 -0.00691867 0.00062587 0.43529412 0.89019608 0.96078431
v 0.03764873 -0.00692597 -0.00445601 0.43529412 0.89019608 0.96078431
v 0.03775788 -0.00651366 -0.00406950 0.43529412 0.89019608 0.96078431
v 0.03779757 -0.00692597 -0.00310323 0.43529412 0.89019608 0.96078431
v 0.03748005 -0.00691867 -0.00565132 0.43529412 0.89019608 0.96078431
v 0.03770496 -0.00615973 -0.00490693 0.43529412 0.89019608 0.96078431
v 0.03819446 -0.00565985 0.00062587 0.43529412 0.89019608 0.96078431
v 0.03829368 -0.00440102 0.00062587 0.43529412 0.89019608 0.96078431
v 0.03832675 -0.00440102 0.00188560 0.43529412 0.89019608 0.96078431
v 0.03836975 -0.00314584 0.00565764 0.43529412 0.89019608 0.96078431
v 0.03837637 -0.00314584 0.00188560 0.43529412 0.89019608 0.96078431
v 0.03837637 -0.00314584 0.00313818 0.43529412 0.89019608 0.96078431
v 0.03832675 -0.00188702 0.00816995 0.43529412 0.89019608 0.96078431
v 0.03822422 -0.00188702 0.00942968 0.43529412 0.89019608 0.96078431
v 0.03810516 -0.00188702 0.01068225 0.43529412 0.89019608 0.96078431
v 0.03796294 -0.00188702 0.01194199 0.43529412 0.89019608 0.96078431
v 0.03837967 -0.00188702 0.00691021 0.43529412 0.89019608 0.96078431
v 0.03771819 -0.00064643 0.01381727 0.43529412 0.89019608 0.96078431
v 0.03779095 -0.00064643 0.01334487 0.43529412 0.89019608 0.96078431
v 0.03763550 -0.00064643 0.01429683 0.43529412 0.89019608 0.96078431
v 0.03762558 -0.00064643 0.01435409 0.43529412 0.89019608 0.96078431
v 0.03737422 -0.00064643 0.01571402 0.43529412 0.89019608 0.96078431
v 0.03710301 -0.00064643 0.01697376 0.43529412 0.89019608 0.96078431
v 0.03681526 -0.00064643 0.01822633 0.43529412 0.89019608 0.96078431
v 0.03681196 -0.00064643 0.01824065 0.43529412 0.89019608 0.96078431
v 0.03656390 -0.00064643 0.01924271 0.43529412 0.89019608 0.96078431
v 0.03640184 -0.00188702 0.01987973 0.43529412 0.89019608 0.96078431
v 0.03615047 -0.00188702 0.02074580 0.43529412 0.89019608 0.96078431
v 0.03574366 -0.00188702 0.02199837 0.43529412 0.89019608 0.96078431
v 0.03535339 -0.00314584 0.02301475 0.43529412 0.89019608 0.96078431
v 0.03510864 -0.00314584 0.02364461 0.43529412 0.89019608 0.96078431
v 0.03474482 -0.00314584 0.02451784 0.43529412 0.89019608 0.96078431
v 0.03421233 -0.00314584 0.02562726 0.43529412 0.89019608 0.96078431
v 0.03386505 -0.00314584 0.02625712 0.43529412 0.89019608 0.96078431
v 0.03335240 -0.00440102 0.02703014 0.43529412 0.89019608 0.96078431
v 0.03069985 -0.00440102 0.03076639 0.43529412 0.89019608 0.96078431
v 0.03013428 -0.00440102 0.03138910 0.43529412 0.89019608 0.96078431
v 0.03286621 -0.00314584 0.02793915 0.43529412 0.89019608 0.96078431
v 0.03246270 -0.00314584 0.02856186 0.43529412 0.89019608 0.96078431
v 0.03389812 -0.00188702 0.02631438 0.43529412 0.89019608 0.96078431
v 0.03347146 -0.00188702 0.02703014 0.43529412 0.89019608 0.96078431
v 0.03183429 -0.00314584 0.02946371 0.43529412 0.89019608 0.96078431
v 0.03137125 -0.00314584 0.03009358 0.43529412 0.89019608 0.96078431
v 0.02744866 -0.00314584 0.03379404 0.43529412 0.89019608 0.96078431
v 0.02682025 -0.00314584 0.03421634 0.43529412 0.89019608 0.96078431
v 0.02839458 -0.00309476 0.03307829 0.43529412 0.89019608 0.96078431
v 0.02893038 -0.00264596 0.03269894 0.43529412 0.89019608 0.96078431
v 0.02566265 -0.00195634 0.03493926 0.43529412 0.89019608 0.96078431
v 0.02516985 -0.00158417 0.03521840 0.43529412 0.89019608 0.96078431
v 0.02451829 -0.00064643 0.03551186 0.43529412 0.89019608 0.96078431
v 0.00460433 -0.01667549 0.03410182 0.43529412 0.89019608 0.96078431
v 0.01291587 -0.00064643 0.03504662 0.43529412 0.89019608 0.96078431
v 0.02252061 -0.00188702 -0.03516198 0.43529412 0.89019608 0.96078431
v 0.02325816 -0.00064643 -0.03473968 0.43529412 0.89019608 0.96078431
v 0.02173013 -0.00064643 -0.03532660 0.43529412 0.89019608 0.96078431
v 0.03241309 -0.00064643 -0.02440415 0.43529412 0.89019608 0.96078431
v 0.03233041 -0.00188702 -0.02451152 0.43529412 0.89019608 0.96078431
v 0.03169208 -0.00314584 -0.02564241 0.43529412 0.89019608 0.96078431
v 0.03201289 -0.00565985 -0.02451152 0.43529412 0.89019608 0.96078431
v 0.03263469 -0.00314584 -0.02378144 0.43529412 0.89019608 0.96078431
v 0.03290259 -0.00440102 -0.02304421 0.43529412 0.89019608 0.96078431
v 0.03247593 -0.00702814 -0.02320168 0.43529412 0.89019608 0.96078431
v 0.03281991 -0.00565985 -0.02289390 0.43529412 0.89019608 0.96078431
v 0.03323333 -0.00565985 -0.02199921 0.43529412 0.89019608 0.96078431
v 0.03297866 -0.00702814 -0.02212089 0.43529412 0.89019608 0.96078431
v 0.03377244 -0.00575836 -0.02068222 0.43529412 0.89019608 0.96078431
v 0.03394112 -0.00624000 -0.02009529 0.43529412 0.89019608 0.96078431
v 0.03410980 -0.00691867 -0.01931512 0.43529412 0.89019608 0.96078431
v 0.00460433 -0.01025365 -0.03534807 0.43529412 0.89019608 0.96078431
v 0.01180788 -0.00064643 -0.03494725 0.43529412 0.89019608 0.96078431
v 0.03655728 -0.00691867 -0.01048268 0.43529412 0.89019608 0.96078431
v 0.03646137 -0.00628014 -0.01130580 0.43529412 0.89019608 0.96078431
v 0.03663666 -0.00578026 -0.01080477 0.43529412 0.89019608 0.96078431
v 0.03695417 -0.00565985 -0.00942336 0.43529412 0.89019608 0.96078431
v 0.03721215 -0.00565985 -0.00817078 0.43529412 0.89019608 0.96078431
v 0.03726838 -0.00691867 -0.00691105 0.43529412 0.89019608 0.96078431
v 0.03607110 -0.00565985 -0.01319540 0.43529412 0.89019608 0.96078431
v 0.03637207 -0.00578026 -0.01194282 0.43529412 0.89019608 0.96078431
v 0.03530378 -0.00691867 -0.01543572 0.43529412 0.89019608 0.96078431
v 0.03537323 -0.00569269 -0.01580075 0.43529412 0.89019608 0.96078431
v 0.03574035 -0.00565985 -0.01445513 0.43529412 0.89019608 0.96078431
v 0.03512848 -0.00691867 -0.01605843 0.43529412 0.89019608 0.96078431
v 0.03486389 -0.00691867 -0.01696744 0.43529412 0.89019608 0.96078431
v 0.03447361 -0.00691867 -0.01822717 0.43529412 0.89019608 0.96078431
v 0.03795632 -0.00565985 -0.00313901 0.43529412 0.89019608 0.96078431
v 0.03806216 -0.00565985 -0.00187928 0.43529412 0.89019608 0.96078431
v 0.03813823 -0.00565985 -0.00062671 0.43529412 0.89019608 0.96078431
v 0.03780749 -0.00570728 -0.00445601 0.43529412 0.89019608 0.96078431
v 0.03743375 -0.00565985 -0.00691105 0.43529412 0.89019608 0.96078431
v 0.03768842 -0.00472576 -0.00607362 0.43529412 0.89019608 0.96078431
v 0.03775126 -0.00532051 -0.00523618 0.43529412 0.89019608 0.96078431
v 0.03824076 -0.00440102 -0.00062671 0.43529412 0.89019608 0.96078431
v 0.03830691 -0.00314584 -0.00062671 0.43529412 0.89019608 0.96078431
v 0.03835321 -0.00314584 0.00062587 0.43529412 0.89019608 0.96078431
v 0.03838629 -0.00188702 0.00565764 0.43529412 0.89019608 0.96078431
v 0.03836644 -0.00188702 0.00062587 0.43529412 0.89019608 0.96078431
v 0.03837967 -0.00188702 0.00188560 0.43529412 0.89019608 0.96078431
v 0.03838960 -0.00188702 0.00313818 0.43529412 0.89019608 0.96078431
v 0.03830691 -0.00064643 0.00816995 0.43529412 0.89019608 0.96078431
v 0.03821430 -0.00064643 0.00944399 0.43529412 0.89019608 0.96078431
v 0.03811177 -0.00064643 0.01068225 0.43529412 0.89019608 0.96078431
v 0.03798278 -0.00064643 0.01194199 0.43529412 0.89019608 0.96078431
v 0.03834660 -0.00064643 0.00691021 0.43529412 0.89019608 0.96078431
v 0.03837637 -0.00064643 0.00441222 0.43529412 0.89019608 0.96078431
v 0.03836314 -0.00064643 0.00567195 0.43529412 0.89019608 0.96078431
v 0.03639522 -0.00064643 0.01988689 0.43529412 0.89019608 0.96078431
v 0.03614717 -0.00064643 0.02074580 0.43529412 0.89019608 0.96078431
v 0.03575027 -0.00064643 0.02199837 0.43529412 0.89019608 0.96078431
v 0.03537323 -0.00064643 0.02313642 0.43529412 0.89019608 0.96078431
v 0.03516155 -0.00064643 0.02376629 0.43529412 0.89019608 0.96078431
v 0.03536662 -0.00188702 0.02308632 0.43529412 0.89019608 0.96078431
v 0.03514171 -0.00188702 0.02371619 0.43529412 0.89019608 0.96078431
v 0.03479443 -0.00188702 0.02451784 0.43529412 0.89019608 0.96078431
v 0.03423217 -0.00188702 0.02568452 0.43529412 0.89019608 0.96078431
v 0.03064362 -0.00320787 0.03092386 0.43529412 0.89019608 0.96078431
v 0.03016736 -0.00366762 0.03142489 0.43529412 0.89019608 0.96078431
v 0.03288936 -0.00188702 0.02796778 0.43529412 0.89019608 0.96078431
v 0.03247263 -0.00188702 0.02859049 0.43529412 0.89019608 0.96078431
v 0.03184422 -0.00188702 0.02949950 0.43529412 0.89019608 0.96078431
v 0.03389812 -0.00064643 0.02633586 0.43529412 0.89019608 0.96078431
v 0.03348139 -0.00064643 0.02703014 0.43529412 0.89019608 0.96078431
v 0.03140102 -0.00188702 0.03012937 0.43529412 0.89019608 0.96078431
v 0.02750489 -0.00188702 0.03383699 0.43529412 0.89019608 0.96078431
v 0.02687648 -0.00188702 0.03424497 0.43529412 0.89019608 0.96078431
v 0.02956541 -0.00188702 0.03209770 0.43529412 0.89019608 0.96078431
v 0.02893700 -0.00188702 0.03270609 0.43529412 0.89019608 0.96078431
v 0.02828874 -0.00188702 0.03322860 0.43529412 0.89019608 0.96078431
v 0.03019712 -0.00282840 0.03145352 0.43529412 0.89019608 0.96078431
v 0.03021035 -0.00188702 0.03146783 0.43529412 0.89019608 0.96078431
v 0.02581810 -0.00064643 0.03487484 0.43529412 0.89019608 0.96078431
v 0.02518969 -0.00064643 0.03522556 0.43529412 0.89019608 0.96078431
v 0.00460433 -0.01613912 0.03399446 0.43529412 0.89019608 0.96078431
v 0.01194680 -0.00064643 0.03453127 0.43529412 0.89019608 0.96078431
v 0.02236847 -0.00064643 -0.03510472 0.43529412 0.89019608 0.96078431
v 0.03282982 -0.00064643 -0.02357387 0.43529412 0.89019608 0.96078431
v 0.03268099 -0.00085077 -0.02386733 0.43529412 0.89019608 0.96078431
v 0.03266776 -0.00188702 -0.02383870 0.43529412 0.89019608 0.96078431
v 0.03250901 -0.00565985 -0.02352377 0.43529412 0.89019608 0.96078431
v 0.03294889 -0.00314584 -0.02315158 0.43529412 0.89019608 0.96078431
v 0.03347808 -0.00314584 -0.02199921 0.43529412 0.89019608 0.96078431
v 0.03338217 -0.00440102 -0.02199921 0.43529412 0.89019608 0.96078431
v 0.03399073 -0.00540079 -0.02023129 0.43529412 0.89019608 0.96078431
v 0.03379890 -0.00440102 -0.02098999 0.43529412 0.89019608 0.96078431
v 0.03416602 -0.00575836 -0.01960142 0.43529412 0.89019608 0.96078431
v 0.03464229 -0.00565985 -0.01822717 0.43529412 0.89019608 0.96078431
v 0.00460433 -0.00976107 -0.03509756 0.43529412 0.89019608 0.96078431
v 0.01073959 -0.00064643 -0.03431739 0.43529412 0.89019608 0.96078431
v 0.03651098 -0.00544092 -0.01152053 0.43529412 0.89019608 0.96078431
v 0.03679542 -0.00440102 -0.01068309 0.43529412 0.89019608 0.96078431
v 0.03706993 -0.00440102 -0.00942336 0.43529412 0.89019608 0.96078431
v 0.03734114 -0.00440102 -0.00817078 0.43529412 0.89019608 0.96078431
v 0.03760574 -0.00434264 -0.00682516 0.43529412 0.89019608 0.96078431
v 0.03586934 -0.00440102 -0.01445513 0.43529412 0.89019608 0.96078431
v 0.03619347 -0.00440102 -0.01319540 0.43529412 0.89019608 0.96078431
v 0.03640845 -0.00440102 -0.01235080 0.43529412 0.89019608 0.96078431
v 0.03518471 -0.00613054 -0.01627315 0.43529412 0.89019608 0.96078431
v 0.03553860 -0.00440102 -0.01571486 0.43529412 0.89019608 0.96078431
v 0.03523762 -0.00529497 -0.01645209 0.43529412 0.89019608 0.96078431
v 0.03505241 -0.00569269 -0.01691018 0.43529412 0.89019608 0.96078431
v 0.03793317 -0.00440102 -0.00439875 0.43529412 0.89019608 0.96078431
v 0.03806546 -0.00440102 -0.00313901 0.43529412 0.89019608 0.96078431
v 0.03817130 -0.00440102 -0.00187928 0.43529412 0.89019608 0.96078431
v 0.03773142 -0.00388654 -0.00635276 0.43529412 0.89019608 0.96078431
v 0.03778434 -0.00434264 -0.00565848 0.43529412 0.89019608 0.96078431
v 0.03823414 -0.00314584 -0.00187928 0.43529412 0.89019608 0.96078431
v 0.03826060 -0.00188702 -0.00187928 0.43529412 0.89019608 0.96078431
v 0.03833006 -0.00188702 -0.00062671 0.43529412 0.89019608 0.96078431
v 0.03837967 -0.00064643 0.00315965 0.43529412 0.89019608 0.96078431
v 0.03834660 -0.00064643 0.00062587 0.43529412 0.89019608 0.96078431
v 0.03836644 -0.00064643 0.00188560 0.43529412 0.89019608 0.96078431
v 0.03837967 -0.00064643 0.00313818 0.43529412 0.89019608 0.96078431
v 0.03481758 -0.00064643 0.02451784 0.43529412 0.89019608 0.96078431
v 0.03481097 -0.00064643 0.02453215 0.43529412 0.89019608 0.96078431
v 0.03422886 -0.00064643 0.02570599 0.43529412 0.89019608 0.96078431
v 0.03289267 -0.00064643 0.02797494 0.43529412 0.89019608 0.96078431
v 0.03247593 -0.00064643 0.02859765 0.43529412 0.89019608 0.96078431
v 0.03184091 -0.00064643 0.02951382 0.43529412 0.89019608 0.96078431
v 0.03140102 -0.00064643 0.03012937 0.43529412 0.89019608 0.96078431
v 0.03080569 -0.00188702 0.03080218 0.43529412 0.89019608 0.96078431
v 0.02748835 -0.00064643 0.03382267 0.43529412 0.89019608 0.96078431
v 0.02747843 -0.00064643 0.03382983 0.43529412 0.89019608 0.96078431
v 0.02685994 -0.00064643 0.03424497 0.43529412 0.89019608 0.96078431
v 0.02893038 -0.00108794 0.03269894 0.43529412 0.89019608 0.96078431
v 0.03019051 -0.00064643 0.03146068 0.43529412 0.89019608 0.96078431
v 0.03079246 -0.00064643 0.03080218 0.43529412 0.89019608 0.96078431
v 0.03019712 -0.00064643 0.03145352 0.43529412 0.89019608 0.96078431
v 0.00460433 -0.01555167 0.03385131 0.43529412 0.89019608 0.96078431
v 0.01111663 -0.00064643 0.03406603 0.43529412 0.89019608 0.96078431
v 0.03293566 -0.00064643 -0.02335915 0.43529412 0.89019608 0.96078431
v 0.03297535 -0.00188702 -0.02320884 0.43529412 0.89019608 0.96078431
v 0.03353761 -0.00188702 -0.02199921 0.43529412 0.89019608 0.96078431
v 0.03387828 -0.00188702 -0.02119756 0.43529412 0.89019608 0.96078431
v 0.03384851 -0.00314584 -0.02111883 0.43529412 0.89019608 0.96078431
v 0.03404365 -0.00440102 -0.02036012 0.43529412 0.89019608 0.96078431
v 0.03435785 -0.00440102 -0.01948690 0.43529412 0.89019608 0.96078431
v 0.03409657 -0.00314584 -0.02048896 0.43529412 0.89019608 0.96078431
v 0.03478782 -0.00440102 -0.01822717 0.43529412 0.89019608 0.96078431
v 0.03510202 -0.00440102 -0.01725374 0.43529412 0.89019608 0.96078431
v 0.00460433 -0.00944727 -0.03492578 0.43529412 0.89019608 0.96078431
v 0.01012110 -0.00064643 -0.03391656 0.43529412 0.89019608 0.96078431
v 0.03655728 -0.00440102 -0.01172094 0.43529412 0.89019608 0.96078431
v 0.03687810 -0.00314584 -0.01068309 0.43529412 0.89019608 0.96078431
v 0.03743375 -0.00314584 -0.00817078 0.43529412 0.89019608 0.96078431
v 0.03657713 -0.00308381 -0.01201440 0.43529412 0.89019608 0.96078431
v 0.03764873 -0.00314584 -0.00711146 0.43529412 0.89019608 0.96078431
v 0.03563782 -0.00314584 -0.01571486 0.43529412 0.89019608 0.96078431
v 0.03596526 -0.00314584 -0.01445513 0.43529412 0.89019608 0.96078431
v 0.03644152 -0.00346329 -0.01248680 0.43529412 0.89019608 0.96078431
v 0.03528724 -0.00440102 -0.01662387 0.43529412 0.89019608 0.96078431
v 0.03533685 -0.00314584 -0.01681713 0.43529412 0.89019608 0.96078431
v 0.03800924 -0.00314584 -0.00439875 0.43529412 0.89019608 0.96078431
v 0.03786372 -0.00314584 -0.00565132 0.43529412 0.89019608 0.96078431
v 0.03813162 -0.00314584 -0.00313901 0.43529412 0.89019608 0.96078431
v 0.03775126 -0.00314584 -0.00648160 0.43529412 0.89019608 0.96078431
v 0.03816138 -0.00188702 -0.00313901 0.43529412 0.89019608 0.96078431
v 0.03823084 -0.00064643 -0.00187928 0.43529412 0.89019608 0.96078431
v 0.03830691 -0.00064643 -0.00062671 0.43529412 0.89019608 0.96078431
v 0.02822259 -0.00064643 0.03324291 0.43529412 0.89019608 0.96078431
v 0.02958194 -0.00064643 0.03204760 0.43529412 0.89019608 0.96078431
v 0.02942319 -0.00064643 0.03219791 0.43529412 0.89019608 0.96078431
v 0.02840120 -0.00064643 0.03309976 0.43529412 0.89019608 0.96078431
v 0.00460433 -0.01543491 0.03382267 0.43529412 0.89019608 0.96078431
v 0.01047499 -0.00064643 0.03367952 0.43529412 0.89019608 0.96078431
v 0.03356738 -0.00064643 -0.02199921 0.43529412 0.89019608 0.96078431
v 0.03357069 -0.00064643 -0.02199205 0.43529412 0.89019608 0.96078431
v 0.03389812 -0.00064643 -0.02122619 0.43529412 0.89019608 0.96078431
v 0.03412964 -0.00188702 -0.02056769 0.43529412 0.89019608 0.96078431
v 0.03446700 -0.00314584 -0.01948690 0.43529412 0.89019608 0.96078431
v 0.03490358 -0.00314584 -0.01822717 0.43529412 0.89019608 0.96078431
v 0.03453646 -0.00188702 -0.01948690 0.43529412 0.89019608 0.96078431
v 0.03516155 -0.00314584 -0.01744699 0.43529412 0.89019608 0.96078431
v 0.00460433 -0.00832710 -0.03424581 0.43529412 0.89019608 0.96078431
v 0.00943316 -0.00064643 -0.03337974 0.43529412 0.89019608 0.96078431
v 0.03646799 -0.00262407 -0.01260132 0.43529412 0.89019608 0.96078431
v 0.03693433 -0.00188702 -0.01068309 0.43529412 0.89019608 0.96078431
v 0.03720554 -0.00188702 -0.00942336 0.43529412 0.89019608 0.96078431
v 0.03747344 -0.00188702 -0.00817078 0.43529412 0.89019608 0.96078431
v 0.03766527 -0.00188702 -0.00718304 0.43529412 0.89019608 0.96078431
v 0.03570728 -0.00188702 -0.01571486 0.43529412 0.89019608 0.96078431
v 0.03603471 -0.00188702 -0.01445513 0.43529412 0.89019608 0.96078431
v 0.03631584 -0.00308381 -0.01308803 0.43529412 0.89019608 0.96078431
v 0.03537654 -0.00188702 -0.01691733 0.43529412 0.89019608 0.96078431
v 0.03803901 -0.00188702 -0.00439875 0.43529412 0.89019608 0.96078431
v 0.03789017 -0.00188702 -0.00565132 0.43529412 0.89019608 0.96078431
v 0.03776118 -0.00188702 -0.00655317 0.43529412 0.89019608 0.96078431
v 0.03801255 -0.00064643 -0.00439875 0.43529412 0.89019608 0.96078431
v 0.03812831 -0.00064643 -0.00313901 0.43529412 0.89019608 0.96078431
v 0.00937032 -0.00064643 0.03299240 0.43529412 0.89019608 0.96078431
v 0.00828218 -0.00064643 0.03229811 0.43529412 0.89019608 0.96078431
v 0.00821603 -0.00064643 0.03225517 0.43529412 0.89019608 0.96078431
v 0.00724696 -0.00064643 0.03162530 0.43529412 0.89019608 0.96078431
v 0.00556679 -0.00064643 0.03052303 0.43529412 0.89019608 0.96078431
v 0.00460433 -0.00064643 0.02987170 0.43529412 0.89019608 0.96078431
v 0.03414287 -0.00064643 -0.02060348 0.43529412 0.89019608 0.96078431
v 0.03496642 -0.00188702 -0.01822717 0.43529412 0.89019608 0.96078431
v 0.03456291 -0.00064643 -0.01948690 0.43529412 0.89019608 0.96078431
v 0.03518801 -0.00188702 -0.01754004 0.43529412 0.89019608 0.96078431
v 0.00869560 -0.00064643 -0.03278567 0.43529412 0.89019608 0.96078431
v 0.00460433 -0.00064643 -0.02904226 0.43529412 0.89019608 0.96078431
v 0.03632907 -0.00188702 -0.01327413 0.43529412 0.89019608 0.96078431
v 0.03648121 -0.00188702 -0.01265142 0.43529412 0.89019608 0.96078431
v 0.03694425 -0.00064643 -0.01066878 0.43529412 0.89019608 0.96078431
v 0.03635222 -0.00064643 -0.01330276 0.43529412 0.89019608 0.96078431
v 0.03746352 -0.00064643 -0.00815647 0.43529412 0.89019608 0.96078431
v 0.03720885 -0.00064643 -0.00940904 0.43529412 0.89019608 0.96078431
v 0.03765535 -0.00064643 -0.00708283 0.43529412 0.89019608 0.96078431
v 0.03574035 -0.00064643 -0.01571486 0.43529412 0.89019608 0.96078431
v 0.03607110 -0.00064643 -0.01445513 0.43529412 0.89019608 0.96078431
v 0.03538977 -0.00064643 -0.01693881 0.43529412 0.89019608 0.96078431
v 0.03786702 -0.00064643 -0.00565132 0.43529412 0.89019608 0.96078431
v 0.03498957 -0.00064643 -0.01822001 0.43529412 0.89019608 0.96078431
v 0.03519794 -0.00064643 -0.01756152 0.43529412 0.89019608 0.96078431
f 1 395 476
f 1 476 557
f 1 557 559
f 1 559 558
f 1 558 639
f 1 639 720
f 1 720 810
f 1 810 811
f 3577 3603 3605
f 3577 3605 3604
f 3578 3604 3579
f 3579 3606 3580
f 3579 3604 3607
f 3579 3607 3606
f 3580 3608 3587
f 3580 3606 3608
f 3581 3609 3610
f 3581 3610 3582
f 3581 3584 3609
f 3582 3610 3602
f 3584 3599 3611
f 3584 3611 3609
f 3585 3586 3612
f 3585 3612 3588
f 3586 3587 3612
f 3587 3608 3612
f 3597 3613 3599
f 3597 3598 3613
f 3599 3614 3611
f 3599 3613 3614
f 3602 3610 3603
f 3603 3610 3605
f 1 811 812
f 1 812 905
f 1 905 913
f 1 913 907
f 1 907 1012
f 1 1012 1011
f 1 1011 912
f 1 912 1017
f 1 1017 1016
f 1 1016 1015
f 1 1015 1125
f 1 1125 1237
f 1 1237 1364
f 1 1364 1363
f 1 1363 1500
f 1 1500 1633
f 1 1633 1635
f 1 1635 1634
f 1 1634 1775
f 1 1775 1777
f 1 1777 1913
f 1 1913 1912
f 1 1912 2049
f 1 2049 2170
f 1 227 272
f 1 2173 2307
f 1 2307 2431
f 1 2431 2562
f 1 2562 2564
f 1 2564 2697
f 1 2697 2827
f 1 2827 2831
f 1 1951 1950
f 1 1950 1949
f 1 1949 1811
f 1 1811 1810
f 1 1810 1673
f 1 1673 1672
f 1 1672 1529
f 1 1529 1386
f 1 1386 1256
f 1 1256 1142
f 1 1142 1141
f 1 1141 1139
f 1 1139 1138
f 1 1138 1036
f 1 1036 1035
f 1 1035 1034
f 1 1034 927
f 1 927 828
f 1 828 735
f 1 735 734
f 1 734 733
f 1 733 732
f 1 732 649
f 1 649 648
f 1 648 647
f 1 647 646
f 1 646 568
f 1 568 486
f 1 486 485
f 1 485 405
f 1 405 335
f 1 335 334
f 1 334 333
f 1 333 332
f 1 332 328
f 1 328 273
f 1 273 228
f 1 228 185
f 1 185 184
f 1 184 147
f 1 147 146
f 1 146 110
f 1 110 81
f 1 81 57
f 1 57 56
f 1 56 38
f 1 38 36
f 1 36 21
f 1 21 12
f 1 12 11
f 1 11 5
f 1 5 2
f 2 5 6
f 2 6 3
f 3 7 8
f 3 8 9
f 3 9 10
f 3 10 4
f 3 6 14
f 3 14 7
f 5 11 6
f 6 11 12
f 6 12 13
f 6 13 22
f 6 22 14
f 7 15 8
f 7 14 15
f 8 15 16
f 8 16 17
f 8 17 18
f 8 18 9
f 9 18 19
f 9 19 20
f 9 20 10
f 12 21 13
f 13 21 23
f 13 23 24
f 13 24 22
f 14 25 26
f 14 26 15
f 14 22 27
f 14 27 25
f 15 28 16
f 15 26 29
f 15 29 28
f 16 30 31
f 16 31 32
f 16 32 33
f 16 33 17
f 16 28 30
f 17 33 34
f 17 34 18
f 18 34 35
f 18 35 19
f 21 36 23
f 22 24 37
f 22 37 27
f 23 36 38
f 23 38 39
f 23 39 40
f 23 40 24
f 24 40 41
f 24 41 37
f 25 42 29
f 25 29 26
f 25 27 43
f 25 43 42
f 27 37 43
f 28 44 45
f 28 45 46
f 28 46 30
f 28 29 47
f 28 47 44
f 29 42 62
f 29 62 47
f 30 46 48
f 30 48 49
f 30 49 31
f 31 49 50
f 31 50 32
f 32 50 51
f 32 51 52
f 32 52 33
f 33 52 53
f 33 53 34
f 34 53 54
f 34 54 35
f 37 55 43
f 37 41 55
f 38 56 39
f 39 56 57
f 39 57 40
f 40 57 58
f 40 58 59
f 40 59 41
f 41 60 55
f 41 59 61
f 41 61 60
f 42 43 63
f 42 63 62
f 43 55 64
f 43 64 63
f 44 65 66
f 44 66 45
f 44 47 65
f 45 66 67
f 45 67 46
f 46 67 48
f 47 68 69
f 47 69 65
f 47 62 70
f 47 70 68
f 48 71 72
f 48 72 73
f 48 73 49
f 48 67 71
f 49 73 74
f 49 74 50
f 50 74 75
f 50 75 51
f 51 75 76
f 51 76 77
f 51 77 52
f 52 78 53
f 52 77 78
f 53 78 79
f 53 79 54
f 55 60 80
f 55 80 64
f 57 81 58
f 58 81 82
f 58 82 83
f 58 83 59
f 59 83 84
f 59 84 61
f 60 85 80
f 60 61 85
f 61 84 86
f 61 86 85
f 62 63 87
f 62 87 70
f 63 64 88
f 63 88 87
f 64 80 85
f 64 85 89
f 64 89 88
f 65 69 66
f 66 90 67
f 66 69 90
f 67 90 91
f 67 91 92
f 67 92 71
f 68 93 69
f 68 70 94
f 68 94 93
f 69 95 90
f 69 93 95
f 70 87 94
f 71 92 96
f 71 96 72
f 72 96 97
f 72 97 98
f 72 98 99
f 72 99 73
f 73 99 74
f 74 99 100
f 74 100 101
f 74 101 102
f 74 102 75
f 75 102 76
f 76 101 103
f 76 103 104
f 76 104 77
f 76 102 101
f 77 104 105
f 77 105 78
f 78 106 107
f 78 107 108
f 78 108 79
f 78 105 109
f 78 109 106
f 81 110 82
f 82 110 111
f 82 111 83
f 83 112 84
f 83 111 113
f 83 113 114
f 83 114 112
f 84 112 115
f 84 115 116
f 84 116 86
f 85 117 118
f 85 118 119
f 85 119 120
f 85 120 89
f 85 86 121
f 85 121 122
f 85 122 117
f 86 116 121
f 87 88 123
f 87 123 124
f 87 124 125
f 87 125 94
f 88 89 120
f 88 120 123
f 90 126 128
f 90 128 91
f 90 95 127
f 90 127 126
f 91 128 129
f 91 129 92
f 92 129 130
f 92 130 96
f 93 131 95
f 93 94 131
f 94 125 132
f 94 132 131
f 95 131 127
f 96 130 133
f 96 133 134
f 96 134 97
f 97 134 135
f 97 135 136
f 97 136 98
f 98 136 137
f 98 137 99
f 99 137 100
f 100 138 101
f 100 137 139
f 100 139 140
f 100 140 141
f 100 141 138
f 101 138 103
f 103 138 142
f 103 142 143
f 103 143 144
f 103 144 104
f 104 144 145
f 104 145 105
f 110 146 111
f 111 146 147
f 111 147 148
f 111 148 149
f 111 149 113
f 112 114 115
f 113 149 114
f 114 149 150
f 114 150 151
f 114 151 115
f 115 152 121
f 115 121 116
f 115 151 153
f 115 153 152
f 117 122 118
f 118 154 119
f 118 122 155
f 118 155 156
f 118 156 154
f 119 154 157
f 119 157 158
f 119 158 124
f 119 124 123
f 119 123 120
f 121 152 122
f 122 152 159
f 122 159 155
f 124 158 160
f 124 160 125
f 125 160 132
f 126 161 162
f 126 162 128
f 126 127 163
f 126 163 161
f 127 131 164
f 127 164 163
f 128 162 165
f 128 165 129
f 129 165 166
f 129 166 133
f 129 133 130
f 131 132 164
f 132 167 164
f 132 160 167
f 133 166 168
f 133 168 169
f 133 169 170
f 133 170 134
f 134 170 171
f 134 171 135
f 135 171 172
f 135 172 173
f 135 173 136
f 136 173 174
f 136 174 139
f 136 139 137
f 138 141 142
f 139 174 175
f 139 175 176
f 139 176 177
f 139 177 140
f 140 177 143
f 140 143 142
f 140 142 141
f 143 177 178
f 143 178 179
f 143 179 180
f 143 180 181
f 143 181 182
f 143 182 144
f 144 182 145
f 145 182 183
f 147 184 148
f 148 184 185
f 148 185 186
f 148 186 187
f 148 187 149
f 149 187 150
f 150 188 151
f 150 187 189
f 150 189 190
f 150 190 191
f 150 191 188
f 151 188 192
f 151 192 153
f 152 153 159
f 153 192 193
f 153 193 194
f 153 194 159
f 154 195 196
f 154 196 157
f 154 156 197
f 154 197 195
f 155 159 198
f 155 198 199
f 155 199 156
f 156 199 200
f 156 200 197
f 157 196 201
f 157 201 158
f 158 201 202
f 158 202 160
f 159 194 203
f 159 203 198
f 160 202 167
f 161 204 162
f 161 163 206
f 161 206 204
f 162 204 205
f 162 205 165
f 163 164 207
f 163 207 206
f 164 167 207
f 165 205 168
f 165 168 166
f 167 202 208
f 167 208 207
f 168 209 210
f 168 210 169
f 168 205 209
f 169 210 211
f 169 211 212
f 169 212 170
f 170 212 171
f 171 212 213
f 171 213 172
f 172 214 173
f 172 213 214
f 173 214 215
f 173 215 174
f 174 215 175
f 175 216 217
f 175 217 218
f 175 218 176
f 175 215 216
f 176 218 219
f 176 219 220
f 176 220 221
f 176 221 177
f 177 221 178
f 178 222 179
f 178 221 223
f 178 223 224
f 178 224 222
f 179 222 180
f 180 222 224
f 180 224 225
f 180 225 226
f 180 226 182
f 180 182 181
f 182 226 227
f 182 227 183
f 185 228 229
f 185 229 186
f 186 229 187
f 187 229 189
f 188 191 230
f 188 230 192
f 189 229 231
f 189 231 190
f 190 231 232
f 190 232 233
f 190 233 191
f 191 233 234
f 191 234 235
f 191 235 230
f 192 230 236
f 192 236 237
f 192 237 193
f 193 237 194
f 194 237 203
f 195 238 196
f 195 197 239
f 195 239 238
f 196 240 201
f 196 238 241
f 196 241 240
f 197 200 242
f 197 242 239
f 198 203 199
f 199 242 200
f 199 203 243
f 199 243 244
f 199 244 242
f 201 245 202
f 201 240 245
f 202 245 246
f 202 246 208
f 203 237 243
f 204 206 247
f 204 247 248
f 204 248 205
f 205 248 209
f 206 249 247
f 206 207 250
f 206 250 249
f 207 208 251
f 207 251 250
f 208 246 252
f 208 252 251
f 209 248 253
f 209 253 254
f 209 254 210
f 210 254 255
f 210 255 211
f 211 255 256
f 211 256 257
f 211 257 258
f 211 258 212
f 212 258 213
f 213 258 259
f 213 259 260
f 213 260 214
f 214 260 261
f 214 261 217
f 214 217 216
f 214 216 215
f 217 261 262
f 217 262 263
f 217 263 219
f 217 219 218
f 219 263 264
f 219 264 220
f 220 264 265
f 220 265 221
f 221 265 266
f 221 266 267
f 221 267 223
f 223 267 268
f 223 268 270
f 223 270 224
f 224 269 225
f 224 270 269
f 225 269 271
f 225 271 226
f 226 271 227
f 227 271 272
f 228 273 274
f 228 274 229
f 229 274 231
f 230 235 275
f 230 275 276
f 230 276 236
f 231 274 277
f 231 277 232
f 232 277 278
f 232 278 279
f 232 279 280
f 232 280 281
f 232 281 233
f 233 281 234
f 234 275 235
f 234 281 280
f 234 280 282
f 234 282 283
f 234 283 275
f 236 276 237
f 237 284 243
f 237 276 285
f 237 285 286
f 237 286 287
f 237 287 288
f 237 288 284
f 238 239 289
f 238 289 241
f 239 242 290
f 239 290 291
f 239 291 289
f 240 241 292
f 240 292 245
f 241 293 292
f 241 289 294
f 241 294 293
f 242 244 295
f 242 295 296
f 242 296 290
f 243 284 297
f 243 297 244
f 244 297 298
f 244 298 299
f 244 299 300
f 244 300 295
f 245 292 301
f 245 301 246
f 246 301 252
f 247 249 302
f 247 302 248
f 248 303 253
f 248 302 303
f 249 304 302
f 249 250 304
f 250 305 304
f 250 251 306
f 250 306 305
f 251 252 307
f 251 307 306
f 252 301 308
f 252 308 307
f 253 303 309
f 253 309 310
f 253 310 254
f 254 310 255
f 255 310 311
f 255 311 256
f 256 311 257
f 257 311 312
f 257 312 313
f 257 313 258
f 258 313 259
f 259 313 314
f 259 314 260
f 260 314 261
f 261 314 315
f 261 315 316
f 261 316 317
f 261 317 262
f 262 317 318
f 262 318 263
f 263 318 264
f 264 318 319
f 264 319 265
f 265 319 267
f 265 267 266
f 267 320 321
f 267 321 322
f 267 322 323
f 267 323 270
f 267 270 268
f 267 319 320
f 269 270 324
f 269 324 271
f 270 323 325
f 270 325 326
f 270 326 324
f 271 327 272
f 271 324 327
f 273 328 274
f 274 328 278
f 274 278 277
f 275 285 276
f 275 283 329
f 275 329 330
f 275 330 331
f 275 331 285
f 278 328 332
f 278 332 333
f 278 333 334
f 278 334 335
f 278 335 336
f 278 336 337
f 278 337 338
f 278 338 279
f 279 338 280
f 280 338 337
f 280 337 339
f 280 339 340
f 280 340 341
f 280 341 342
f 280 342 282
f 282 342 341
f 282 341 343
f 282 343 344
f 282 344 283
f 283 344 345
f 283 345 329
f 284 288 297
f 285 331 286
f 286 331 346
f 286 346 347
f 286 347 348
f 286 348 287
f 287 348 288
f 288 348 349
f 288 349 350
f 288 350 297
f 289 291 294
f 290 351 291
f 290 296 351
f 291 351 352
f 291 352 353
f 291 353 294
f 292 293 354
f 292 354 301
f 293 355 354
f 293 294 355
f 294 353 355
f 295 300 296
f 296 300 351
f 297 350 298
f 298 350 299
f 299 356 300
f 299 350 357
f 299 357 358
f 299 358 356
f 300 356 359
f 300 359 351
f 301 354 308
f 302 304 360
f 302 360 361
f 302 361 362
f 302 362 303
f 303 362 309
f 304 305 363
f 304 363 360
f 305 306 364
f 305 364 363
f 306 307 365
f 306 365 364
f 307 308 365
f 308 366 365
f 308 354 427
f 308 427 366
f 309 362 367
f 309 367 368
f 309 368 310
f 310 369 370
f 310 370 311
f 310 368 369
f 311 370 371
f 311 371 312
f 312 371 372
f 312 372 373
f 312 373 374
f 312 374 313
f 313 374 375
f 313 375 314
f 314 375 376
f 314 376 377
f 314 377 316
f 314 316 315
f 316 377 317
f 317 377 378
f 317 378 379
f 317 379 380
f 317 380 381
f 317 381 318
f 318 381 382
f 318 382 383
f 318 383 320
f 318 320 319
f 320 383 382
f 320 382 384
f 320 384 385
f 320 385 321
f 321 385 386
f 321 386 387
f 321 387 322
f 322 388 325
f 322 325 323
f 322 387 389
f 322 389 388
f 324 390 391
f 324 391 392
f 324 392 393
f 324 393 327
f 324 326 390
f 325 388 394
f 325 394 326
f 326 395 396
f 326 396 390
f 326 394 397
f 326 397 395
f 329 345 330
f 330 398 399
f 330 399 331
f 330 345 400
f 330 400 401
f 330 401 402
f 330 402 403
f 330 403 404
f 330 404 398
f 331 399 346
f 335 405 406
f 335 406 336
f 336 407 337
f 336 406 407
f 337 407 408
f 337 408 340
f 337 340 339
f 340 408 409
f 340 409 343
f 340 343 341
f 343 409 410
f 343 410 411
f 343 411 412
f 343 412 413
f 343 413 414
f 343 414 415
f 343 415 416
f 343 416 417
f 343 417 344
f 344 417 345
f 345 417 418
f 345 418 400
f 346 399 419
f 346 419 347
f 347 419 420
f 347 420 421
f 347 421 348
f 348 421 349
f 349 422 357
f 349 357 350
f 349 421 423
f 349 423 422
f 351 359 352
f 352 424 353
f 352 359 425
f 352 425 424
f 353 426 355
f 353 424 426
f 354 355 428
f 354 428 427
f 355 426 428
f 356 429 430
f 356 430 359
f 356 358 429
f 357 422 431
f 357 431 432
f 357 432 358
f 358 432 433
f 358 433 434
f 358 434 429
f 359 430 429
f 359 429 435
f 359 435 436
f 359 436 425
f 360 437 438
f 360 438 361
f 360 363 437
f 361 438 367
f 361 367 362
f 363 439 437
f 363 364 440
f 363 440 441
f 363 441 442
f 363 442 439
f 364 365 443
f 364 443 444
f 364 444 440
f 365 366 445
f 365 445 443
f 366 427 446
f 366 446 447
f 366 447 445
f 367 448 368
f 367 438 448
f 368 448 449
f 368 449 450
f 368 450 369
f 369 451 452
f 369 452 370
f 369 450 451
f 370 452 453
f 370 453 371
f 371 454 455
f 371 455 372
f 371 453 456
f 371 456 454
f 372 455 373
f 373 455 457
f 373 457 458
f 373 458 374
f 374 458 459
f 374 459 375
f 375 459 376
f 376 459 378
f 376 378 377
f 378 459 460
f 378 460 461
f 378 461 462
f 378 462 379
f 379 462 380
f 380 462 463
f 380 463 464
f 380 464 465
f 380 465 466
f 380 466 381
f 381 466 382
f 382 466 384
f 384 467 385
f 384 466 468
f 384 468 469
f 384 469 467
f 385 467 386
f 386 469 470
f 386 470 387
f 386 467 469
f 387 470 471
f 387 471 389
f 388 389 472
f 388 472 394
f 389 471 473
f 389 473 474
f 389 474 472
f 394 472 474
f 394 474 475
f 394 475 397
f 395 397 476
f 397 475 477
f 397 477 476
f 398 420 419
f 398 419 399
f 398 404 420
f 400 418 416
f 400 416 415
f 400 415 478
f 400 478 401
f 401 478 402
f 402 479 480
f 402 480 481
f 402 481 482
f 402 482 483
f 402 483 403
f 402 478 479
f 403 483 404
f 404 483 482
f 404 482 484
f 404 484 420
f 405 485 406
f 406 485 486
f 406 486 487
f 406 487 408
f 406 408 407
f 408 487 409
f 409 487 488
f 409 488 410
f 410 488 489
f 410 489 412
f 410 412 411
f 412 490 491
f 412 491 492
f 412 492 493
f 412 493 413
f 412 489 490
f 413 493 494
f 413 494 495
f 413 495 414
f 414 495 478
f 414 478 415
f 416 418 417
f 420 484 421
f 421 484 496
f 421 496 497
f 421 497 431
f 421 431 423
f 422 423 431
f 424 425 436
f 424 436 498
f 424 498 499
f 424 499 426
f 426 500 428
f 426 499 500
f 427 428 446
f 428 501 447
f 428 447 446
f 428 500 501
f 429 434 502
f 429 502 503
f 429 503 435
f 431 504 505
f 431 505 432
f 431 497 504
f 432 505 433
f 433 502 434
f 433 505 506
f 433 506 502
f 435 507 508
f 435 508 436
f 435 503 509
f 435 509 507
f 436 508 498
f 437 439 442
f 437 442 510
f 437 510 438
f 438 510 442
f 438 442 511
f 438 511 512
f 438 512 513
f 438 513 514
f 438 514 515
f 438 515 448
f 440 444 441
f 441 444 516
f 441 516 442
f 442 516 517
f 442 517 511
f 443 445 518
f 443 518 444
f 444 518 519
f 444 519 516
f 445 447 518
f 447 520 518
f 447 501 520
f 448 515 449
f 449 515 521
f 449 521 522
f 449 522 523
f 449 523 450
f 450 523 451
f 451 523 524
f 451 524 456
f 451 456 452
f 452 456 453
f 454 525 455
f 454 456 525
f 455 525 526
f 455 526 527
f 455 527 528
f 455 528 457
f 456 529 526
f 456 526 525
f 456 524 529
f 457 530 531
f 457 531 532
f 457 532 533
f 457 533 458
f 457 528 530
f 458 533 534
f 458 534 460
f 458 460 459
f 460 534 461
f 461 535 536
f 461 536 462
f 461 534 535
f 462 536 463
f 463 536 464
f 464 466 465
f 464 536 537
f 464 537 538
f 464 538 539
f 464 539 540
f 464 540 541
f 464 541 542
f 464 542 543
f 464 543 544
f 464 544 468
f 464 468 466
f 468 544 543
f 468 543 545
f 468 545 469
f 469 545 546
f 469 546 547
f 469 547 470
f 470 547 546
f 470 546 548
f 470 548 549
f 470 549 550
f 470 550 551
f 470 551 471
f 471 551 552
f 471 552 473
f 473 552 553
f 473 553 474
f 474 553 554
f 474 554 555
f 474 555 556
f 474 556 475
f 475 556 477
f 476 477 557
f 477 556 558
f 477 558 559
f 477 559 557
f 478 495 560
f 478 560 561
f 478 561 562
f 478 562 479
f 479 562 563
f 479 563 480
f 480 564 481
f 480 563 565
f 480 565 564
f 481 564 482
f 482 564 566
f 482 566 567
f 482 567 484
f 484 567 496
f 486 568 569
f 486 569 487
f 487 569 488
f 488 569 570
f 488 570 490
f 488 490 489
f 490 570 571
f 490 571 572
f 490 572 491
f 491 573 574
f 491 574 575
f 491 575 492
f 491 572 573
f 492 575 576
f 492 576 493
f 493 577 494
f 493 576 578
f 493 578 577
f 494 560 495
f 494 577 560
f 496 567 579
f 496 579 580
f 496 580 581
f 496 581 497
f 497 581 504
f 498 582 499
f 498 508 582
f 499 582 583
f 499 583 584
f 499 584 585
f 499 585 500
f 500 585 584
f 500 584 586
f 500 586 587
f 500 587 501
f 501 587 520
f 502 506 588
f 502 588 503
f 503 589 509
f 503 588 589
f 504 581 590
f 504 590 505
f 505 590 506
f 506 590 588
f 507 591 592
f 507 592 508
f 507 509 593
f 507 593 591
f 508 592 582
f 509 594 593
f 509 589 594
f 511 517 595
f 511 595 596
f 511 596 513
f 511 513 512
f 513 596 597
f 513 597 598
f 513 598 521
f 513 521 514
f 514 521 515
f 516 519 599
f 516 599 517
f 517 599 600
f 517 600 595
f 518 520 519
f 519 520 599
f 520 601 599
f 520 587 601
f 521 602 603
f 521 603 522
f 521 598 604
f 521 604 605
f 521 605 606
f 521 606 602
f 522 603 607
f 522 607 523
f 523 607 524
f 524 607 529
f 526 608 527
f 526 529 609
f 526 609 608
f 527 608 610
f 527 610 611
f 527 611 612
f 527 612 613
f 527 613 531
f 527 531 530
f 527 530 528
f 529 607 603
f 529 603 609
f 531 613 532
f 532 614 615
f 532 615 616
f 532 616 617
f 532 617 618
f 532 618 533
f 532 613 614
f 533 618 534
f 534 618 535
f 535 618 538
f 535 538 536
f 536 538 537
f 538 619 620
f 538 620 539
f 538 618 621
f 538 621 619
f 539 622 623
f 539 623 540
f 539 620 622
f 540 623 541
f 541 624 625
f 541 625 626
f 541 626 542
f 541 623 624
f 542 626 543
f 543 626 627
f 543 627 545
f 545 627 546
f 546 627 628
f 546 628 629
f 546 629 549
f 546 549 548
f 549 630 631
f 549 631 550
f 549 629 632
f 549 632 633
f 549 633 630
f 550 631 551
f 551 631 552
f 552 631 553
f 553 631 634
f 553 634 554
f 554 635 555
f 554 634 636
f 554 636 637
f 554 637 635
f 555 635 638
f 555 638 556
f 556 638 639
f 556 639 558
f 560 577 561
f 561 577 640
f 561 640 641
f 561 641 642
f 561 642 562
f 562 642 563
f 563 642 643
f 563 643 565
f 564 565 644
f 564 644 645
f 564 645 566
f 565 643 644
f 566 645 567
f 567 645 579
f 568 646 572
f 568 572 571
f 568 571 569
f 569 571 570
f 572 646 647
f 572 647 648
f 572 648 573
f 573 648 649
f 573 649 650
f 573 650 651
f 573 651 574
f 574 651 652
f 574 652 653
f 574 653 654
f 574 654 575
f 575 654 576
f 576 654 578
f 577 578 655
f 577 655 640
f 578 654 653
f 578 653 656
f 578 656 657
f 578 657 658
f 578 658 655
f 579 645 659
f 579 659 660
f 579 660 580
f 580 660 581
f 581 660 590
f 582 592 583
f 583 661 662
f 583 662 584
f 583 592 661
f 584 662 586
f 586 663 664
f 586 664 665
f 586 665 666
f 586 666 601
f 586 601 667
f 586 667 587
f 586 662 663
f 587 667 601
f 588 590 668
f 588 668 589
f 589 668 669
f 589 669 594
f 590 670 668
f 590 660 671
f 590 671 672
f 590 672 670
f 591 593 673
f 591 673 592
f 592 674 661
f 592 673 674
f 593 594 675
f 593 675 673
f 594 669 676
f 594 676 675
f 595 600 677
f 595 677 678
f 595 678 596
f 596 678 597
f 597 678 598
f 598 678 679
f 598 679 680
f 598 680 604
f 599 601 600
f 600 681 677
f 600 601 666
f 600 666 681
f 602 682 683
f 602 683 684
f 602 684 685
f 602 685 686
f 602 686 603
f 602 606 687
f 602 687 682
f 603 686 688
f 603 688 609
f 604 680 689
f 604 689 606
f 604 606 605
f 606 689 687
f 608 690 691
f 608 691 692
f 608 692 610
f 608 609 690
f 609 688 693
f 609 693 690
f 610 692 694
f 610 694 611
f 611 613 612
f 611 694 692
f 611 692 695
f 611 695 614
f 611 614 613
f 614 695 696
f 614 696 697
f 614 697 698
f 614 698 615
f 615 698 616
f 616 698 699
f 616 699 700
f 616 700 619
f 616 619 617
f 617 619 621
f 617 621 618
f 619 700 701
f 619 701 620
f 620 701 622
f 622 701 702
f 622 702 623
f 623 702 703
f 623 703 624
f 624 704 705
f 624 705 706
f 624 706 625
f 624 703 704
f 625 706 707
f 625 707 708
f 625 708 626
f 626 708 627
f 627 708 628
f 628 708 709
f 628 709 710
f 628 710 629
f 629 710 632
f 630 633 711
f 630 711 712
f 630 712 631
f 631 712 634
f 632 710 713
f 632 713 633
f 633 713 714
f 633 714 711
f 634 712 636
f 635 715 638
f 635 637 716
f 635 716 715
f 636 712 717
f 636 717 718
f 636 718 637
f 637 718 719
f 637 719 716
f 638 715 720
f 638 720 639
f 640 655 721
f 640 721 722
f 640 722 723
f 640 723 641
f 641 724 642
f 641 723 725
f 641 725 726
f 641 726 724
f 642 724 643
f 643 727 728
f 643 728 644
f 643 724 729
f 643 729 730
f 643 730 727
f 644 731 645
f 644 728 727
f 644 727 731
f 645 731 659
f 649 732 650
f 650 733 734
f 650 734 735
f 650 735 736
f 650 736 737
f 650 737 651
f 650 732 733
f 651 737 652
f 652 737 738
f 652 738 739
f 652 739 653
f 653 739 656
f 655 658 722
f 655 722 721
f 656 739 740
f 656 740 741
f 656 741 742
f 656 742 743
f 656 743 657
f 657 722 658
f 657 743 744
f 657 744 745
f 657 745 722
f 659 746 660
f 659 731 747
f 659 747 746
f 660 746 748
f 660 748 672
f 660 672 671
f 661 674 749
f 661 749 662
f 662 750 663
f 662 749 750
f 663 750 751
f 663 751 752
f 663 752 753
f 663 753 664
f 664 753 852
f 664 852 754
f 664 754 681
f 664 681 665
f 665 681 666
f 668 670 755
f 668 755 756
f 668 756 757
f 668 757 669
f 669 757 758
f 669 758 676
f 670 672 755
f 672 748 759
f 672 759 760
f 672 760 755
f 673 675 761
f 673 761 762
f 673 762 674
f 674 762 749
f 675 676 763
f 675 763 761
f 676 758 763
f 677 681 764
f 677 764 679
f 677 679 678
f 679 764 765
f 679 765 680
f 680 766 767
f 680 767 689
f 680 765 766
f 681 754 764
f 682 687 683
f 683 768 769
f 683 769 770
f 683 770 771
f 683 771 772
f 683 772 773
f 683 773 684
f 683 687 774
f 683 774 775
f 683 775 776
f 683 776 777
f 683 777 768
f 684 773 686
f 684 686 685
f 686 773 688
f 687 689 767
f 687 767 778
f 687 778 779
f 687 779 774
f 688 773 780
f 688 780 781
f 688 781 690
f 688 690 693
f 690 782 783
f 690 783 784
f 690 784 691
f 690 781 780
f 690 780 785
f 690 785 782
f 691 784 696
f 691 696 692
f 692 696 695
f 696 786 787
f 696 787 788
f 696 788 697
f 696 784 789
f 696 789 790
f 696 790 791
f 696 791 792
f 696 792 786
f 697 788 793
f 697 793 698
f 698 793 794
f 698 794 699
f 699 794 795
f 699 795 796
f 699 796 797
f 699 797 700
f 700 797 798
f 700 798 701
f 701 798 702
f 702 799 704
f 702 704 703
f 702 798 799
f 704 799 800
f 704 800 801
f 704 801 802
f 704 802 705
f 705 802 803
f 705 803 706
f 706 803 707
f 707 709 708
f 707 803 804
f 707 804 805
f 707 805 709
f 709 805 806
f 709 806 710
f 710 806 713
f 711 717 712
f 711 714 807
f 711 807 717
f 713 806 808
f 713 808 809
f 713 809 714
f 714 809 807
f 715 810 720
f 715 716 811
f 715 811 810
f 716 812 811
f 716 719 813
f 716 813 814
f 716 814 812
f 717 807 815
f 717 815 816
f 717 816 718
f 718 816 817
f 718 817 719
f 719 817 813
f 722 745 744
f 722 744 818
f 722 818 723
f 723 818 725
f 724 726 819
f 724 819 729
f 725 818 820
f 725 820 821
f 725 821 822
f 725 822 819
f 725 819 726
f 727 730 823
f 727 823 824
f 727 824 825
f 727 825 731
f 729 819 826
f 729 826 827
f 729 827 730
f 730 827 823
f 731 825 747
f 735 828 736
f 736 829 830
f 736 830 737
f 736 828 831
f 736 831 832
f 736 832 829
f 737 830 738
f 738 830 833
f 738 833 739
f 739 833 741
f 739 741 740
f 741 833 832
f 741 832 834
f 741 834 742
f 742 835 836
f 742 836 743
f 742 834 837
f 742 837 835
f 743 836 838
f 743 838 744
f 744 820 818
f 744 838 835
f 744 835 839
f 744 839 840
f 744 840 820
f 746 841 759
f 746 759 748
f 746 747 842
f 746 842 841
f 747 825 843
f 747 843 842
f 749 844 751
f 749 751 750
f 749 762 845
f 749 845 844
f 751 846 752
f 751 844 846
f 752 847 753
f 752 846 848
f 752 848 847
f 753 847 849
f 753 849 850
f 753 850 851
f 753 851 852
f 754 852 863
f 754 863 764
f 755 760 756
f 756 760 759
f 756 759 853
f 756 853 854
f 756 854 855
f 756 855 757
f 757 855 758
f 758 856 763
f 758 855 856
f 759 841 853
f 761 857 845
f 761 845 762
f 761 763 857
f 763 856 858
f 763 858 859
f 763 859 860
f 763 860 861
f 763 861 862
f 763 862 857
f 764 863 765
f 765 863 864
f 765 864 766
f 766 864 865
f 766 865 767
f 767 866 867
f 767 867 778
f 767 865 868
f 767 868 869
f 767 869 866
f 768 777 870
f 768 870 871
f 768 871 769
f 769 872 873
f 769 873 771
f 769 771 770
f 769 871 872
f 771 873 874
f 771 874 875
f 771 875 772
f 772 875 876
f 772 876 785
f 772 785 773
f 773 785 780
f 774 779 775
f 775 779 778
f 775 778 776
f 776 877 870
f 776 870 777
f 776 778 867
f 776 867 878
f 776 878 877
f 782 785 783
f 783 785 879
f 783 879 875
f 783 875 789
f 783 789 784
f 785 876 875
f 785 875 879
f 786 880 881
f 786 881 787
f 786 792 791
f 786 791 882
f 786 882 880
f 787 881 883
f 787 883 884
f 787 884 795
f 787 795 793
f 787 793 788
f 789 885 790
f 789 875 874
f 789 874 885
f 790 885 886
f 790 886 791
f 791 886 882
f 793 795 794
f 795 884 887
f 795 887 796
f 796 887 888
f 796 888 889
f 796 889 890
f 796 890 891
f 796 891 892
f 796 892 797
f 797 892 798
f 798 892 893
f 798 893 799
f 799 893 800
f 800 894 895
f 800 895 801
f 800 893 894
f 801 895 802
f 802 895 896
f 802 896 803
f 803 896 897
f 803 897 804
f 804 897 805
f 805 897 898
f 805 898 806
f 806 898 899
f 806 899 900
f 806 900 808
f 807 809 901
f 807 901 902
f 807 902 903
f 807 903 815
f 808 900 904
f 808 904 809
f 809 904 901
f 812 814 905
f 813 906 907
f 813 907 814
f 813 817 908
f 813 908 909
f 813 909 910
f 813 910 911
f 813 911 912
f 813 912 906
f 814 907 913
f 814 913 905
f 815 903 914
f 815 914 816
f 816 914 915
f 816 915 817
f 817 915 916
f 817 916 908
f 819 822 917
f 819 917 826
f 820 840 918
f 820 918 821
f 821 918 919
f 821 919 822
f 822 919 917
f 823 827 824
f 824 920 825
f 824 827 921
f 824 921 922
f 824 922 923
f 824 923 920
f 825 920 843
f 826 917 924
f 826 924 925
f 826 925 926
f 826 926 827
f 827 926 921
f 828 927 928
f 828 928 831
f 829 833 830
f 829 832 833
f 831 928 929
f 831 929 832
f 832 929 834
f 834 929 930
f 834 930 931
f 834 931 837
f 835 838 836
f 835 837 932
f 835 932 839
f 837 931 933
f 837 933 934
f 837 934 932
f 839 932 935
f 839 935 840
f 840 935 936
f 840 936 918
f 841 842 937
f 841 937 938
f 841 938 853
f 842 843 939
f 842 939 937
f 843 920 940
f 843 940 939
f 844 941 942
f 844 942 943
f 844 943 846
f 844 845 941
f 845 857 944
f 845 944 941
f 846 943 942
f 846 942 848
f 847 945 850
f 847 850 849
f 847 848 946
f 847 946 945
f 848 942 947
f 848 947 948
f 848 948 946
f 850 945 949
f 850 949 950
f 850 950 951
f 850 951 952
f 850 952 953
f 850 953 954
f 850 954 955
f 850 955 851
f 851 955 956
f 851 956 863
f 851 863 852
f 853 938 854
f 854 938 957
f 854 957 958
f 854 958 959
f 854 959 855
f 855 959 960
f 855 960 856
f 856 960 858
f 857 862 944
f 858 959 961
f 858 961 859
f 858 960 959
f 859 961 860
f 860 961 962
f 860 962 963
f 860 963 861
f 861 964 862
f 861 963 964
f 862 964 965
f 862 965 944
f 863 956 864
f 864 956 955
f 864 955 966
f 864 966 865
f 865 966 868
f 866 967 867
f 866 869 967
f 867 967 878
f 868 966 869
f 869 968 969
f 869 969 967
f 869 966 970
f 869 970 971
f 869 971 968
f 870 877 972
f 870 972 871
f 871 972 973
f 871 973 974
f 871 974 975
f 871 975 872
f 872 975 976
f 872 976 873
f 873 976 977
f 873 977 874
f 874 977 885
f 877 978 972
f 877 878 979
f 877 979 978
f 878 967 969
f 878 969 980
f 878 980 981
f 878 981 979
f 880 982 1098
f 880 1098 983
f 880 983 881
f 880 882 982
f 881 983 984
f 881 984 883
f 882 886 985
f 882 985 982
f 883 984 986
f 883 986 884
f 884 986 887
f 885 977 886
f 886 987 985
f 886 977 988
f 886 988 989
f 886 989 990
f 886 990 987
f 887 986 984
f 887 984 991
f 887 991 992
f 887 992 888
f 888 992 993
f 888 993 994
f 888 994 995
f 888 995 890
f 888 890 889
f 890 995 996
f 890 996 893
f 890 893 891
f 891 893 892
f 893 996 894
f 894 996 997
f 894 997 895
f 895 997 998
f 895 998 999
f 895 999 896
f 896 999 897
f 897 1000 1001
f 897 1001 1002
f 897 1002 1003
f 897 1003 1004
f 897 1004 898
f 897 999 1000
f 898 1004 899
f 899 1004 900
f 900 1004 1005
f 900 1005 1006
f 900 1006 904
f 901 904 1007
f 901 1007 1008
f 901 1008 902
f 902 914 903
f 902 1008 1009
f 902 1009 1010
f 902 1010 914
f 904 1006 1007
f 906 912 1011
f 906 1011 1012
f 906 1012 907
f 908 916 909
f 909 916 1013
f 909 1013 1014
f 909 1014 910
f 910 1014 1015
f 910 1015 1016
f 910 1016 1017
f 910 1017 911
f 911 1017 912
f 914 1010 915
f 915 1010 1018
f 915 1018 916
f 916 1018 1019
f 916 1019 1020
f 916 1020 1021
f 916 1021 1022
f 916 1022 1023
f 916 1023 1013
f 917 919 1024
f 917 1024 924
f 918 936 919
f 919 1025 1024
f 919 936 1026
f 919 1026 1027
f 919 1027 1028
f 919 1028 1025
f 920 923 1029
f 920 1029 940
f 921 926 922
f 922 926 925
f 922 925 1030
f 922 1030 1031
f 922 1031 923
f 923 1031 1029
f 924 1032 925
f 924 1024 1032
f 925 1032 1033
f 925 1033 1030
f 927 1034 928
f 928 1034 1035
f 928 1035 1036
f 928 1036 1037
f 928 1037 1038
f 928 1038 929
f 929 1038 930
f 930 933 931
f 930 1038 1039
f 930 1039 1040
f 930 1040 1041
f 930 1041 933
f 932 934 1042
f 932 1042 935
f 933 1041 1043
f 933 1043 934
f 934 1043 1044
f 934 1044 1045
f 934 1045 1046
f 934 1046 1042
f 935 1042 1047
f 935 1047 936
f 936 1047 1048
f 936 1048 1049
f 936 1049 1026
f 937 1050 957
f 937 957 938
f 937 939 1051
f 937 1051 1050
f 939 940 1052
f 939 1052 1051
f 940 1053 1052
f 940 1029 1053
f 941 944 1054
f 941 1054 942
f 942 1054 947
f 944 965 1055
f 944 1055 1056
f 944 1056 1054
f 945 1057 949
f 945 946 1058
f 945 1058 1057
f 946 1059 1058
f 946 948 1059
f 947 1054 1056
f 947 1056 1060
f 947 1060 1061
f 947 1061 1062
f 947 1062 1063
f 947 1063 1064
f 947 1064 1065
f 947 1065 1066
f 947 1066 948
f 948 1066 1067
f 948 1067 1163
f 948 1163 1059
f 949 1057 1068
f 949 1068 951
f 949 951 950
f 951 1068 1069
f 951 1069 1070
f 951 1070 952
f 952 1071 1072
f 952 1072 954
f 952 954 953
f 952 1070 1073
f 952 1073 1071
f 954 1072 971
f 954 971 955
f 955 971 970
f 955 970 966
f 957 1050 1074
f 957 1074 958
f 958 1074 1075
f 958 1075 959
f 959 1075 1076
f 959 1076 1077
f 959 1077 1078
f 959 1078 961
f 961 1078 962
f 962 1078 963
f 963 1078 1079
f 963 1079 1080
f 963 1080 1081
f 963 1081 1082
f 963 1082 964
f 964 1082 1083
f 964 1083 1060
f 964 1060 1055
f 964 1055 965
f 968 1084 980
f 968 980 969
f 968 971 1085
f 968 1085 1084
f 971 1072 1071
f 971 1071 1085
f 972 978 1086
f 972 1086 973
f 973 1086 1087
f 973 1087 1088
f 973 1088 1089
f 973 1089 1090
f 973 1090 974
f 974 1090 1091
f 974 1091 975
f 975 1091 1092
f 975 1092 976
f 976 1092 989
f 976 989 977
f 977 989 988
f 978 979 1093
f 978 1093 1094
f 978 1094 1095
f 978 1095 1087
f 978 1087 1086
f 979 981 1093
f 980 1096 981
f 980 1084 1096
f 981 1096 1093
f 982 1097 1098
f 982 985 1099
f 982 1099 1097
f 983 1098 991
f 983 991 984
f 985 987 1100
f 985 1100 1097
f 985 1097 1099
f 987 990 1101
f 987 1101 1100
f 989 1102 990
f 989 1092 1102
f 990 1102 1101
f 991 1103 993
f 991 993 992
f 991 1098 1103
f 993 1103 1104
f 993 1104 1105
f 993 1105 1106
f 993 1106 994
f 994 1106 1107
f 994 1107 995
f 995 1107 996
f 996 1107 1108
f 996 1108 1109
f 996 1109 1110
f 996 1110 997
f 997 1110 998
f 998 1000 999
f 998 1110 1111
f 998 1111 1112
f 998 1112 1001
f 998 1001 1000
f 1001 1112 1113
f 1001 1113 1114
f 1001 1114 1002
f 1002 1004 1003
f 1002 1114 1113
f 1002 1113 1115
f 1002 1115 1116
f 1002 1116 1117
f 1002 1117 1004
f 1004 1117 1118
f 1004 1118 1005
f 1005 1118 1006
f 1006 1118 1119
f 1006 1119 1120
f 1006 1120 1121
f 1006 1121 1007
f 1007 1121 1122
f 1007 1122 1008
f 1008 1122 1009
f 1009 1122 1123
f 1009 1123 1020
f 1009 1020 1019
f 1009 1019 1010
f 1010 1019 1018
f 1013 1023 1124
f 1013 1124 1014
f 1014 1125 1015
f 1014 1124 1126
f 1014 1126 1125
f 1020 1123 1127
f 1020 1127 1128
f 1020 1128 1021
f 1021 1023 1022
f 1021 1128 1023
f 1023 1129 1124
f 1023 1128 1129
f 1024 1025 1032
f 1025 1028 1130
f 1025 1130 1032
f 1026 1049 1027
f 1027 1049 1028
f 1028 1049 1131
f 1028 1131 1132
f 1028 1132 1133
f 1028 1133 1134
f 1028 1134 1130
f 1029 1031 1135
f 1029 1135 1053
f 1030 1033 1130
f 1030 1130 1031
f 1031 1130 1136
f 1031 1136 1137
f 1031 1137 1135
f 1032 1130 1033
f 1036 1138 1037
f 1037 1138 1139
f 1037 1139 1140
f 1037 1140 1039
f 1037 1039 1038
f 1039 1140 1040
f 1040 1140 1141
f 1040 1141 1142
f 1040 1142 1143
f 1040 1143 1144
f 1040 1144 1145
f 1040 1145 1146
f 1040 1146 1041
f 1041 1146 1147
f 1041 1147 1043
f 1042 1046 1047
f 1043 1147 1044
f 1044 1147 1148
f 1044 1148 1149
f 1044 1149 1150
f 1044 1150 1045
f 1045 1151 1046
f 1045 1150 1152
f 1045 1152 1151
f 1046 1151 1048
f 1046 1048 1047
f 1048 1151 1153
f 1048 1153 1049
f 1049 1153 1154
f 1049 1154 1155
f 1049 1155 1132
f 1049 1132 1131
f 1050 1051 1156
f 1050 1156 1074
f 1051 1052 1157
f 1051 1157 1156
f 1052 1053 1158
f 1052 1158 1157
f 1053 1135 1159
f 1053 1159 1160
f 1053 1160 1158
f 1055 1060 1056
f 1057 1161 1162
f 1057 1162 1069
f 1057 1069 1068
f 1057 1058 1163
f 1057 1163 1161
f 1058 1059 1163
f 1060 1083 1164
f 1060 1164 1061
f 1061 1165 1166
f 1061 1166 1062
f 1061 1164 1165
f 1062 1166 1063
f 1063 1167 1168
f 1063 1168 1064
f 1063 1166 1169
f 1063 1169 1167
f 1064 1168 1170
f 1064 1170 1171
f 1064 1171 1065
f 1065 1171 1066
f 1066 1171 1172
f 1066 1172 1067
f 1067 1172 1161
f 1067 1161 1163
f 1069 1162 1070
f 1070 1162 1073
f 1071 1073 1173
f 1071 1173 1174
f 1071 1174 1085
f 1073 1175 1176
f 1073 1176 1177
f 1073 1177 1173
f 1073 1162 1175
f 1074 1178 1075
f 1074 1156 1178
f 1075 1178 1076
f 1076 1179 1077
f 1076 1178 1180
f 1076 1180 1179
f 1077 1179 1078
f 1078 1179 1079
f 1079 1179 1181
f 1079 1181 1182
f 1079 1182 1080
f 1080 1183 1081
f 1080 1182 1183
f 1081 1183 1184
f 1081 1184 1185
f 1081 1185 1186
f 1081 1186 1164
f 1081 1164 1082
f 1082 1164 1083
f 1084 1085 1187
f 1084 1187 1188
f 1084 1188 1096
f 1085 1174 1187
f 1087 1189 1190
f 1087 1190 1088
f 1087 1095 1191
f 1087 1191 1189
f 1088 1190 1189
f 1088 1189 1192
f 1088 1192 1193
f 1088 1193 1089
f 1089 1193 1090
f 1090 1194 1195
f 1090 1195 1196
f 1090 1196 1091
f 1090 1193 1194
f 1091 1196 1197
f 1091 1197 1092
f 1092 1197 1198
f 1092 1198 1102
f 1093 1096 1199
f 1093 1199 1200
f 1093 1200 1094
f 1094 1200 1095
f 1095 1200 1201
f 1095 1201 1202
f 1095 1202 1203
f 1095 1203 1191
f 1096 1188 1199
f 1097 1204 1205
f 1097 1205 1206
f 1097 1206 1207
f 1097 1207 1098
f 1097 1100 1208
f 1097 1208 1209
f 1097 1209 1204
f 1098 1207 1206
f 1098 1206 1103
f 1100 1101 1208
f 1101 1102 1210
f 1101 1210 1208
f 1102 1198 1210
f 1103 1206 1104
f 1104 1206 1211
f 1104 1211 1212
f 1104 1212 1213
f 1104 1213 1214
f 1104 1214 1215
f 1104 1215 1105
f 1105 1215 1216
f 1105 1216 1106
f 1106 1216 1107
f 1107 1216 1217
f 1107 1217 1108
f 1108 1217 1109
f 1109 1217 1218
f 1109 1218 1219
f 1109 1219 1110
f 1110 1219 1111
f 1111 1219 1112
f 1112 1219 1220
f 1112 1220 1113
f 1113 1220 1221
f 1113 1221 1222
f 1113 1222 1223
f 1113 1223 1224
f 1113 1224 1115
f 1115 1224 1223
f 1115 1223 1116
f 1116 1223 1225
f 1116 1225 1118
f 1116 1118 1117
f 1118 1225 1226
f 1118 1226 1227
f 1118 1227 1228
f 1118 1228 1119
f 1119 1228 1120
f 1120 1228 1227
f 1120 1227 1229
f 1120 1229 1230
f 1120 1230 1231
f 1120 1231 1232
f 1120 1232 1233
f 1120 1233 1121
f 1121 1233 1122
f 1122 1233 1234
f 1122 1234 1123
f 1123 1234 1127
f 1124 1129 1235
f 1124 1235 1236
f 1124 1236 1126
f 1125 1126 1237
f 1126 1236 1237
f 1127 1234 1238
f 1127 1238 1128
f 1128 1238 1239
f 1128 1239 1240
f 1128 1240 1241
f 1128 1241 1242
f 1128 1242 1243
f 1128 1243 1129
f 1129 1243 1244
f 1129 1244 1235
f 1130 1245 1246
f 1130 1246 1136
f 1130 1134 1247
f 1130 1247 1245
f 1132 1155 1154
f 1132 1154 1248
f 1132 1248 1249
f 1132 1249 1250
f 1132 1250 1134
f 1132 1134 1133
f 1134 1250 1251
f 1134 1251 1252
f 1134 1252 1253
f 1134 1253 1254
f 1134 1254 1247
f 1135 1137 1255
f 1135 1255 1159
f 1136 1246 1137
f 1137 1246 1255
f 1139 1141 1140
f 1142 1256 1143
f 1143 1256 1257
f 1143 1257 1145
f 1143 1145 1144
f 1145 1258 1146
f 1145 1257 1259
f 1145 1259 1260
f 1145 1260 1261
f 1145 1261 1258
f 1146 1258 1147
f 1147 1258 1148
f 1148 1258 1261
f 1148 1261 1262
f 1148 1262 1263
f 1148 1263 1149
f 1149 1263 1150
f 1150 1264 1152
f 1150 1263 1265
f 1150 1265 1266
f 1150 1266 1267
f 1150 1267 1264
f 1151 1152 1268
f 1151 1268 1154
f 1151 1154 1153
f 1152 1264 1268
f 1154 1268 1269
f 1154 1269 1248
f 1156 1157 1270
f 1156 1270 1178
f 1157 1158 1271
f 1157 1271 1270
f 1158 1160 1271
f 1159 1272 1160
f 1159 1255 1272
f 1160 1272 1273
f 1160 1273 1274
f 1160 1274 1271
f 1161 1172 1171
f 1161 1171 1275
f 1161 1275 1276
f 1161 1276 1277
f 1161 1277 1278
f 1161 1278 1279
f 1161 1279 1162
f 1162 1279 1280
f 1162 1280 1175
f 1164 1186 1165
f 1165 1186 1281
f 1165 1281 1282
f 1165 1282 1166
f 1166 1282 1283
f 1166 1283 1169
f 1167 1169 1283
f 1167 1283 1284
f 1167 1284 1285
f 1167 1285 1286
f 1167 1286 1168
f 1168 1286 1276
f 1168 1276 1170
f 1170 1276 1275
f 1170 1275 1171
f 1173 1177 1174
f 1174 1177 1291
f 1174 1291 1187
f 1175 1287 1176
f 1175 1280 1287
f 1176 1288 1289
f 1176 1289 1290
f 1176 1290 1177
f 1176 1287 1288
f 1177 1290 1291
f 1178 1270 1292
f 1178 1292 1180
f 1179 1180 1181
f 1180 1292 1293
f 1180 1293 1294
f 1180 1294 1295
f 1180 1295 1181
f 1181 1295 1182
f 1182 1295 1296
f 1182 1296 1183
f 1183 1296 1184
f 1184 1297 1185
f 1184 1296 1298
f 1184 1298 1297
f 1185 1297 1299
f 1185 1299 1300
f 1185 1300 1301
f 1185 1301 1186
f 1186 1301 1281
f 1187 1291 1302
f 1187 1302 1188
f 1188 1303 1199
f 1188 1302 1304
f 1188 1304 1303
f 1189 1191 1305
f 1189 1305 1306
f 1189 1306 1307
f 1189 1307 1308
f 1189 1308 1309
f 1189 1309 1192
f 1191 1203 1306
f 1191 1306 1305
f 1192 1309 1310
f 1192 1310 1311
f 1192 1311 1194
f 1192 1194 1193
f 1194 1311 1312
f 1194 1312 1195
f 1195 1312 1313
f 1195 1313 1314
f 1195 1314 1315
f 1195 1315 1196
f 1196 1315 1316
f 1196 1316 1197
f 1197 1316 1317
f 1197 1317 1198
f 1198 1317 1318
f 1198 1318 1210
f 1199 1319 1200
f 1199 1303 1320
f 1199 1320 1319
f 1200 1319 1201
f 1201 1321 1202
f 1201 1319 1322
f 1201 1322 1323
f 1201 1323 1324
f 1201 1324 1321
f 1202 1321 1203
f 1203 1321 1325
f 1203 1325 1306
f 1204 1326 1327
f 1204 1327 1328
f 1204 1328 1205
f 1204 1209 1208
f 1204 1208 1329
f 1204 1329 1330
f 1204 1330 1334
f 1204 1334 1326
f 1205 1328 1211
f 1205 1211 1206
f 1208 1331 1329
f 1208 1210 1331
f 1210 1318 1332
f 1210 1332 1333
f 1210 1333 1334
f 1210 1334 1335
f 1210 1335 1329
f 1210 1329 1331
f 1211 1328 1336
f 1211 1336 1337
f 1211 1337 1212
f 1212 1337 1338
f 1212 1338 1339
f 1212 1339 1340
f 1212 1340 1213
f 1213 1340 1214
f 1214 1341 1215
f 1214 1340 1342
f 1214 1342 1341
f 1215 1341 1216
f 1216 1341 1343
f 1216 1343 1217
f 1217 1343 1344
f 1217 1344 1218
f 1218 1344 1345
f 1218 1345 1219
f 1219 1345 1346
f 1219 1346 1347
f 1219 1347 1348
f 1219 1348 1349
f 1219 1349 1220
f 1220 1349 1223
f 1220 1223 1221
f 1221 1223 1222
f 1223 1349 1350
f 1223 1350 1351
f 1223 1351 1225
f 1225 1351 1352
f 1225 1352 1353
f 1225 1353 1226
f 1226 1353 1227
f 1227 1354 1230
f 1227 1230 1229
f 1227 1353 1354
f 1230 1354 1355
f 1230 1355 1356
f 1230 1356 1357
f 1230 1357 1231
f 1231 1357 1358
f 1231 1358 1359
f 1231 1359 1232
f 1232 1360 1233
f 1232 1359 1360
f 1233 1360 1234
f 1234 1360 1238
f 1235 1244 1361
f 1235 1361 1236
f 1236 1361 1362
f 1236 1362 1363
f 1236 1363 1364
f 1236 1364 1237
f 1238 1360 1239
f 1239 1360 1359
f 1239 1359 1365
f 1239 1365 1366
f 1239 1366 1240
f 1240 1366 1367
f 1240 1367 1368
f 1240 1368 1241
f 1241 1369 1242
f 1241 1368 1369
f 1242 1369 1370
f 1242 1370 1244
f 1242 1244 1243
f 1244 1370 1361
f 1245 1371 1246
f 1245 1247 1371
f 1246 1372 1272
f 1246 1272 1255
f 1246 1371 1372
f 1247 1254 1373
f 1247 1373 1374
f 1247 1374 1375
f 1247 1375 1371
f 1248 1269 1376
f 1248 1376 1377
f 1248 1377 1378
f 1248 1378 1379
f 1248 1379 1380
f 1248 1380 1381
f 1248 1381 1249
f 1249 1381 1251
f 1249 1251 1250
f 1251 1381 1382
f 1251 1382 1253
f 1251 1253 1252
f 1253 1383 1373
f 1253 1373 1254
f 1253 1382 1384
f 1253 1384 1385
f 1253 1385 1383
f 1256 1386 1257
f 1257 1386 1387
f 1257 1387 1260
f 1257 1260 1259
f 1260 1387 1388
f 1260 1388 1261
f 1261 1388 1389
f 1261 1389 1390
f 1261 1390 1391
f 1261 1391 1262
f 1262 1391 1263
f 1263 1391 1265
f 1264 1392 1268
f 1264 1267 1393
f 1264 1393 1269
f 1264 1269 1392
f 1265 1391 1394
f 1265 1394 1266
f 1266 1394 1395
f 1266 1395 1396
f 1266 1396 1267
f 1267 1397 1393
f 1267 1396 1398
f 1267 1398 1397
f 1268 1392 1269
f 1269 1393 1397
f 1269 1397 1376
f 1270 1271 1292
f 1271 1274 1399
f 1271 1399 1292
f 1272 1372 1400
f 1272 1400 1273
f 1273 1400 1401
f 1273 1401 1402
f 1273 1402 1274
f 1274 1403 1404
f 1274 1404 1293
f 1274 1293 1399
f 1274 1402 1403
f 1276 1286 1419
f 1276 1419 1405
f 1276 1405 1278
f 1276 1278 1277
f 1278 1405 1406
f 1278 1406 1407
f 1278 1407 1279
f 1279 1407 1408
f 1279 1408 1280
f 1280 1408 1409
f 1280 1409 1410
f 1280 1410 1287
f 1281 1301 1411
f 1281 1411 1282
f 1282 1411 1412
f 1282 1412 1283
f 1283 1413 1284
f 1283 1412 1414
f 1283 1414 1415
f 1283 1415 1413
f 1284 1413 1285
f 1285 1413 1416
f 1285 1416 1417
f 1285 1417 1418
f 1285 1418 1405
f 1285 1405 1419
f 1285 1419 1286
f 1287 1410 1420
f 1287 1420 1288
f 1288 1420 1421
f 1288 1421 1422
f 1288 1422 1423
f 1288 1423 1289
f 1289 1423 1424
f 1289 1424 1425
f 1289 1425 1304
f 1289 1304 1290
f 1290 1304 1302
f 1290 1302 1291
f 1292 1399 1293
f 1293 1404 1426
f 1293 1426 1294
f 1294 1426 1427
f 1294 1427 1295
f 1295 1427 1296
f 1296 1427 1428
f 1296 1428 1429
f 1296 1429 1298
f 1297 1298 1430
f 1297 1430 1431
f 1297 1431 1299
f 1298 1429 1430
f 1299 1432 1300
f 1299 1431 1432
f 1300 1432 1433
f 1300 1433 1434
f 1300 1434 1435
f 1300 1435 1436
f 1300 1436 1414
f 1300 1414 1411
f 1300 1411 1301
f 1303 1304 1425
f 1303 1425 1320
f 1306 1437 1307
f 1306 1325 1438
f 1306 1438 1437
f 1307 1437 1308
f 1308 1439 1440
f 1308 1440 1309
f 1308 1437 1439
f 1309 1440 1441
f 1309 1441 1310
f 1310 1441 1442
f 1310 1442 1443
f 1310 1443 1311
f 1311 1443 1312
f 1312 1443 1313
f 1313 1443 1442
f 1313 1442 1444
f 1313 1444 1445
f 1313 1445 1314
f 1314 1445 1315
f 1315 1445 1446
f 1315 1446 1316
f 1316 1446 1318
f 1316 1318 1317
f 1318 1447 1332
f 1318 1446 1448
f 1318 1448 1449
f 1318 1449 1447
f 1319 1320 1424
f 1319 1424 1322
f 1320 1425 1424
f 1321 1324 1325
f 1322 1424 1323
f 1323 1424 1450
f 1323 1450 1324
f 1324 1450 1451
f 1324 1451 1452
f 1324 1452 1453
f 1324 1453 1325
f 1325 1453 1438
f 1326 1334 1454
f 1326 1454 1455
f 1326 1455 1456
f 1326 1456 1327
f 1327 1457 1458
f 1327 1458 1336
f 1327 1336 1328
f 1327 1456 1457
f 1329 1335 1330
f 1330 1335 1334
f 1332 1447 1459
f 1332 1459 1460
f 1332 1460 1333
f 1333 1460 1334
f 1334 1461 1462
f 1334 1462 1463
f 1334 1463 1464
f 1334 1464 1454
f 1334 1460 1461
f 1336 1458 1465
f 1336 1465 1338
f 1336 1338 1337
f 1338 1465 1466
f 1338 1466 1467
f 1338 1467 1468
f 1338 1468 1339
f 1339 1468 1342
f 1339 1342 1340
f 1341 1342 1469
f 1341 1469 1470
f 1341 1470 1471
f 1341 1471 1472
f 1341 1472 1473
f 1341 1473 1345
f 1341 1345 1343
f 1342 1468 1474
f 1342 1474 1475
f 1342 1475 1469
f 1343 1345 1344
f 1345 1473 1476
f 1345 1476 1477
f 1345 1477 1478
f 1345 1478 1347
f 1345 1347 1346
f 1347 1349 1348
f 1347 1478 1477
f 1347 1477 1479
f 1347 1479 1480
f 1347 1480 1481
f 1347 1481 1482
f 1347 1482 1483
f 1347 1483 1349
f 1349 1483 1482
f 1349 1482 1484
f 1349 1484 1351
f 1349 1351 1350
f 1351 1484 1482
f 1351 1482 1485
f 1351 1485 1486
f 1351 1486 1487
f 1351 1487 1488
f 1351 1488 1353
f 1351 1353 1352
f 1353 1488 1487
f 1353 1487 1355
f 1353 1355 1354
f 1355 1489 1490
f 1355 1490 1491
f 1355 1491 1492
f 1355 1492 1356
f 1355 1487 1489
f 1356 1492 1493
f 1356 1493 1357
f 1357 1493 1358
f 1358 1494 1495
f 1358 1495 1496
f 1358 1496 1497
f 1358 1497 1498
f 1358 1498 1365
f 1358 1365 1359
f 1358 1493 1494
f 1361 1370 1499
f 1361 1499 1362
f 1362 1500 1363
f 1362 1499 1501
f 1362 1501 1500
f 1365 1498 1366
f 1366 1498 1367
f 1367 1502 1503
f 1367 1503 1368
f 1367 1498 1502
f 1368 1503 1504
f 1368 1504 1505
f 1368 1505 1369
f 1369 1505 1506
f 1369 1506 1370
f 1370 1506 1499
f 1371 1507 1508
f 1371 1508 1400
f 1371 1400 1372
f 1371 1375 1509
f 1371 1509 1507
f 1373 1383 1374
f 1374 1510 1511
f 1374 1511 1509
f 1374 1509 1375
f 1374 1383 1512
f 1374 1512 1510
f 1376 1397 1513
f 1376 1513 1377
f 1377 1514 1378
f 1377 1513 1515
f 1377 1515 1516
f 1377 1516 1517
f 1377 1517 1518
f 1377 1518 1519
f 1377 1519 1514
f 1378 1514 1379
f 1379 1514 1380
f 1380 1514 1520
f 1380 1520 1521
f 1380 1521 1381
f 1381 1522 1523
f 1381 1523 1524
f 1381 1524 1384
f 1381 1384 1382
f 1381 1521 1522
f 1383 1525 1512
f 1383 1385 1526
f 1383 1526 1525
f 1384 1524 1527
f 1384 1527 1385
f 1385 1527 1523
f 1385 1523 1528
f 1385 1528 1526
f 1386 1529 1387
f 1387 1529 1530
f 1387 1530 1388
f 1388 1530 1531
f 1388 1531 1389
f 1389 1532 1533
f 1389 1533 1390
f 1389 1531 1534
f 1389 1534 1535
f 1389 1535 1532
f 1390 1533 1395
f 1390 1395 1394
f 1390 1394 1391
f 1395 1533 1536
f 1395 1536 1396
f 1396 1536 1537
f 1396 1537 1538
f 1396 1538 1539
f 1396 1539 1398
f 1397 1398 1540
f 1397 1540 1513
f 1398 1539 1541
f 1398 1541 1516
f 1398 1516 1515
f 1398 1515 1513
f 1398 1513 1540
f 1400 1508 1401
f 1401 1508 1542
f 1401 1542 1403
f 1401 1403 1402
f 1403 1543 1426
f 1403 1426 1404
f 1403 1542 1544
f 1403 1544 1543
f 1405 1418 1406
f 1406 1418 1545
f 1406 1545 1546
f 1406 1546 1407
f 1407 1546 1547
f 1407 1547 1408
f 1408 1547 1409
f 1409 1547 1548
f 1409 1548 1410
f 1410 1549 1550
f 1410 1550 1421
f 1410 1421 1420
f 1410 1548 1549
f 1411 1414 1412
f 1413 1415 1414
f 1413 1414 1551
f 1413 1551 1552
f 1413 1552 1416
f 1414 1436 1551
f 1416 1553 1417
f 1416 1552 1553
f 1417 1553 1554
f 1417 1554 1555
f 1417 1555 1556
f 1417 1556 1557
f 1417 1557 1558
f 1417 1558 1546
f 1417 1546 1545
f 1417 1545 1418
f 1421 1550 1559
f 1421 1559 1422
f 1422 1559 1560
f 1422 1560 1561
f 1422 1561 1423
f 1423 1561 1451
f 1423 1451 1450
f 1423 1450 1424
f 1426 1543 1427
f 1427 1543 1562
f 1427 1562 1563
f 1427 1563 1428
f 1428 1563 1564
f 1428 1564 1429
f 1429 1564 1565
f 1429 1565 1430
f 1430 1565 1431
f 1431 1565 1566
f 1431 1566 1567
f 1431 1567 1432
f 1432 1567 1568
f 1432 1568 1433
f 1433 1569 1435
f 1433 1435 1434
f 1433 1568 1569
f 1435 1570 1571
f 1435 1571 1572
f 1435 1572 1573
f 1435 1573 1436
f 1435 1569 1574
f 1435 1574 1575
f 1435 1575 1570
f 1436 1573 1552
f 1436 1552 1551
f 1437 1438 1576
f 1437 1576 1577
f 1437 1577 1439
f 1438 1453 1578
f 1438 1578 1576
f 1439 1579 1441
f 1439 1441 1440
f 1439 1577 1579
f 1441 1579 1580
f 1441 1580 1581
f 1441 1581 1582
f 1441 1582 1444
f 1441 1444 1442
f 1444 1582 1583
f 1444 1583 1584
f 1444 1584 1585
f 1444 1585 1445
f 1445 1585 1584
f 1445 1584 1586
f 1445 1586 1449
f 1445 1449 1448
f 1445 1448 1446
f 1447 1449 1587
f 1447 1587 1459
f 1449 1586 1588
f 1449 1588 1587
f 1451 1561 1560
f 1451 1560 1589
f 1451 1589 1452
f 1452 1589 1590
f 1452 1590 1453
f 1453 1590 1578
f 1454 1464 1455
f 1455 1464 1591
f 1455 1591 1456
f 1456 1591 1592
f 1456 1592 1457
f 1457 1592 1458
f 1458 1593 1594
f 1458 1594 1595
f 1458 1595 1466
f 1458 1466 1465
f 1458 1592 1596
f 1458 1596 1597
f 1458 1597 1593
f 1459 1598 1599
f 1459 1599 1462
f 1459 1462 1460
f 1459 1587 1598
f 1460 1462 1461
f 1462 1599 1600
f 1462 1600 1463
f 1463 1601 1596
f 1463 1596 1592
f 1463 1592 1591
f 1463 1591 1464
f 1463 1600 1601
f 1466 1595 1602
f 1466 1602 1603
f 1466 1603 1467
f 1467 1603 1474
f 1467 1474 1468
f 1469 1475 1604
f 1469 1604 1605
f 1469 1605 1470
f 1470 1606 1471
f 1470 1605 1606
f 1471 1473 1472
f 1471 1606 1605
f 1471 1605 1607
f 1471 1607 1608
f 1471 1608 1609
f 1471 1609 1610
f 1471 1610 1611
f 1471 1611 1612
f 1471 1612 1473
f 1473 1612 1613
f 1473 1613 1476
f 1474 1603 1614
f 1474 1614 1604
f 1474 1604 1475
f 1476 1613 1477
f 1477 1613 1611
f 1477 1611 1615
f 1477 1615 1616
f 1477 1616 1479
f 1479 1616 1480
f 1480 1617 1618
f 1480 1618 1619
f 1480 1619 1620
f 1480 1620 1621
f 1480 1621 1482
f 1480 1482 1481
f 1480 1616 1617
f 1482 1621 1622
f 1482 1622 1623
f 1482 1623 1624
f 1482 1624 1485
f 1485 1624 1486
f 1486 1624 1489
f 1486 1489 1487
f 1489 1624 1625
f 1489 1625 1626
f 1489 1626 1490
f 1490 1626 1491
f 1491 1627 1628
f 1491 1628 1629
f 1491 1629 1630
f 1491 1630 1494
f 1491 1494 1493
f 1491 1493 1492
f 1491 1626 1627
f 1494 1630 1495
f 1495 1630 1496
f 1496 1630 1631
f 1496 1631 1632
f 1496 1632 1497
f 1497 1632 1502
f 1497 1502 1498
f 1499 1506 1501
f 1500 1501 1633
f 1501 1634 1635
f 1501 1635 1633
f 1501 1506 1636
f 1501 1636 1637
f 1501 1637 1634
f 1502 1504 1503
f 1502 1632 1638
f 1502 1638 1639
f 1502 1639 1640
f 1502 1640 1641
f 1502 1641 1504
f 1504 1641 1642
f 1504 1642 1643
f 1504 1643 1505
f 1505 1644 1506
f 1505 1643 1644
f 1506 1644 1645
f 1506 1645 1636
f 1507 1509 1508
f 1508 1646 1647
f 1508 1647 1542
f 1508 1509 1511
f 1508 1511 1648
f 1508 1648 1649
f 1508 1649 1646
f 1510 1650 1511
f 1510 1512 1525
f 1510 1525 1526
f 1510 1526 1650
f 1511 1650 1651
f 1511 1651 1652
f 1511 1652 1648
f 1514 1519 1653
f 1514 1653 1520
f 1516 1541 1654
f 1516 1654 1655
f 1516 1655 1656
f 1516 1656 1518
f 1516 1518 1517
f 1518 1656 1657
f 1518 1657 1658
f 1518 1658 1659
f 1518 1659 1660
f 1518 1660 1661
f 1518 1661 1653
f 1518 1653 1519
f 1520 1653 1662
f 1520 1662 1521
f 1521 1662 1663
f 1521 1663 1664
f 1521 1664 1665
f 1521 1665 1523
f 1521 1523 1522
f 1523 1666 1526
f 1523 1526 1528
f 1523 1527 1524
f 1523 1665 1664
f 1523 1664 1667
f 1523 1667 1666
f 1526 1666 1668
f 1526 1668 1669
f 1526 1669 1670
f 1526 1670 1671
f 1526 1671 1650
f 1529 1672 1530
f 1530 1672 1673
f 1530 1673 1674
f 1530 1674 1531
f 1531 1674 1675
f 1531 1675 1676
f 1531 1676 1534
f 1532 1536 1533
f 1532 1535 1536
f 1534 1676 1677
f 1534 1677 1678
f 1534 1678 1535
f 1535 1678 1679
f 1535 1679 1537
f 1535 1537 1536
f 1537 1679 1538
f 1538 1680 1539
f 1538 1679 1681
f 1538 1681 1682
f 1538 1682 1683
f 1538 1683 1680
f 1539 1680 1541
f 1541 1680 1684
f 1541 1684 1654
f 1542 1647 1544
f 1543 1544 1562
f 1544 1647 1685
f 1544 1685 1562
f 1546 1558 1686
f 1546 1686 1687
f 1546 1687 1547
f 1547 1687 1548
f 1548 1688 1549
f 1548 1687 1688
f 1549 1688 1689
f 1549 1689 1690
f 1549 1690 1691
f 1549 1691 1692
f 1549 1692 1559
f 1549 1559 1550
f 1552 1573 1572
f 1552 1572 1553
f 1553 1572 1554
f 1554 1572 1693
f 1554 1693 1694
f 1554 1694 1695
f 1554 1695 1555
f 1555 1695 1556
f 1556 1696 1557
f 1556 1695 1697
f 1556 1697 1696
f 1557 1696 1698
f 1557 1698 1699
f 1557 1699 1700
f 1557 1700 1701
f 1557 1701 1686
f 1557 1686 1558
f 1559 1692 1560
f 1560 1692 1589
f 1562 1685 1702
f 1562 1702 1703
f 1562 1703 1704
f 1562 1704 1564
f 1562 1564 1563
f 1564 1566 1565
f 1564 1704 1705
f 1564 1705 1566
f 1566 1706 1707
f 1566 1707 1567
f 1566 1705 1708
f 1566 1708 1709
f 1566 1709 1706
f 1567 1707 1706
f 1567 1706 1710
f 1567 1710 1568
f 1568 1710 1711
f 1568 1711 1712
f 1568 1712 1569
f 1569 1712 1574
f 1570 1713 1714
f 1570 1714 1571
f 1570 1575 1715
f 1570 1715 1716
f 1570 1716 1717
f 1570 1717 1713
f 1571 1714 1572
f 1572 1714 1693
f 1574 1715 1575
f 1574 1712 1715
f 1576 1578 1718
f 1576 1718 1719
f 1576 1719 1720
f 1576 1720 1577
f 1577 1720 1579
f 1578 1590 1721
f 1578 1721 1722
f 1578 1722 1718
f 1579 1723 1724
f 1579 1724 1580
f 1579 1720 1719
f 1579 1719 1723
f 1580 1724 1581
f 1581 1725 1726
f 1581 1726 1582
f 1581 1724 1727
f 1581 1727 1725
f 1582 1726 1728
f 1582 1728 1583
f 1583 1728 1729
f 1583 1729 1730
f 1583 1730 1584
f 1584 1730 1731
f 1584 1731 1586
f 1586 1731 1732
f 1586 1732 1588
f 1587 1588 1733
f 1587 1733 1600
f 1587 1600 1598
f 1588 1732 1734
f 1588 1734 1733
f 1589 1692 1691
f 1589 1691 1735
f 1589 1735 1590
f 1590 1735 1721
f 1593 1736 1594
f 1593 1597 1737
f 1593 1737 1738
f 1593 1738 1736
f 1594 1739 1740
f 1594 1740 1595
f 1594 1736 1741
f 1594 1741 1739
f 1595 1740 1602
f 1596 1601 1742
f 1596 1742 1737
f 1596 1737 1597
f 1598 1600 1599
f 1600 1743 1744
f 1600 1744 1745
f 1600 1745 1601
f 1600 1733 1743
f 1601 1745 1737
f 1601 1737 1742
f 1602 1740 1614
f 1602 1614 1603
f 1604 1746 1747
f 1604 1747 1748
f 1604 1748 1749
f 1604 1749 1605
f 1604 1614 1746
f 1605 1749 1607
f 1607 1749 1748
f 1607 1748 1750
f 1607 1750 1751
f 1607 1751 1608
f 1608 1751 1609
f 1609 1611 1610
f 1609 1751 1752
f 1609 1752 1753
f 1609 1753 1754
f 1609 1754 1755
f 1609 1755 1756
f 1609 1756 1611
f 1611 1613 1612
f 1611 1756 1757
f 1611 1757 1615
f 1614 1758 1746
f 1614 1740 1758
f 1615 1757 1616
f 1616 1757 1617
f 1617 1757 1759
f 1617 1759 1760
f 1617 1760 1761
f 1617 1761 1618
f 1618 1761 1619
f 1619 1622 1620
f 1619 1761 1762
f 1619 1762 1763
f 1619 1763 1764
f 1619 1764 1765
f 1619 1765 1766
f 1619 1766 1622
f 1620 1622 1621
f 1622 1766 1767
f 1622 1767 1768
f 1622 1768 1624
f 1622 1624 1623
f 1624 1768 1625
f 1625 1767 1626
f 1625 1768 1767
f 1626 1767 1627
f 1627 1767 1769
f 1627 1769 1770
f 1627 1770 1629
f 1627 1629 1628
f 1629 1771 1772
f 1629 1772 1773
f 1629 1773 1631
f 1629 1631 1630
f 1629 1770 1771
f 1631 1638 1632
f 1631 1773 1774
f 1631 1774 1638
f 1634 1637 1775
f 1636 1645 1637
f 1637 1645 1776
f 1637 1776 1777
f 1637 1777 1775
f 1638 1774 1639
f 1639 1774 1778
f 1639 1778 1640
f 1640 1779 1780
f 1640 1780 1642
f 1640 1642 1641
f 1640 1778 1781
f 1640 1781 1779
f 1642 1780 1643
f 1643 1782 1644
f 1643 1780 1782
f 1644 1782 1783
f 1644 1783 1645
f 1645 1783 1784
f 1645 1784 1776
f 1646 1785 1647
f 1646 1649 1652
f 1646 1652 1786
f 1646 1786 1787
f 1646 1787 1785
f 1647 1785 1685
f 1648 1652 1649
f 1650 1671 1788
f 1650 1788 1789
f 1650 1789 1790
f 1650 1790 1786
f 1650 1786 1651
f 1651 1786 1652
f 1653 1661 1791
f 1653 1791 1792
f 1653 1792 1663
f 1653 1663 1662
f 1654 1793 1657
f 1654 1657 1656
f 1654 1656 1655
f 1654 1684 1680
f 1654 1680 1683
f 1654 1683 1794
f 1654 1794 1795
f 1654 1795 1793
f 1657 1793 1658
f 1658 1793 1659
f 1659 1793 1660
f 1660 1793 1796
f 1660 1796 1797
f 1660 1797 1798
f 1660 1798 1799
f 1660 1799 1791
f 1660 1791 1661
f 1663 1792 1664
f 1664 1800 1668
f 1664 1668 1667
f 1664 1792 1801
f 1664 1801 1791
f 1664 1791 1802
f 1664 1802 1800
f 1666 1667 1668
f 1668 1803 1804
f 1668 1804 1669
f 1668 1800 1805
f 1668 1805 1803
f 1669 1804 1806
f 1669 1806 1807
f 1669 1807 1808
f 1669 1808 1671
f 1669 1671 1670
f 1671 1808 1809
f 1671 1809 1789
f 1671 1789 1788
f 1673 1810 1674
f 1674 1810 1675
f 1675 1811 1812
f 1675 1812 1813
f 1675 1813 1676
f 1675 1810 1811
f 1676 1813 1677
f 1677 1813 1814
f 1677 1814 1678
f 1678 1814 1815
f 1678 1815 1679
f 1679 1815 1816
f 1679 1816 1817
f 1679 1817 1681
f 1681 1817 1682
f 1682 1817 1818
f 1682 1818 1683
f 1683 1818 1794
f 1685 1785 1819
f 1685 1819 1702
f 1686 1701 1820
f 1686 1820 1688
f 1686 1688 1687
f 1688 1820 1700
f 1688 1700 1689
f 1689 1700 1821
f 1689 1821 1699
f 1689 1699 1822
f 1689 1822 1823
f 1689 1823 1690
f 1690 1823 1824
f 1690 1824 1735
f 1690 1735 1691
f 1693 1714 1825
f 1693 1825 1694
f 1694 1825 1826
f 1694 1826 1827
f 1694 1827 1697
f 1694 1697 1695
f 1696 1697 1828
f 1696 1828 1829
f 1696 1829 1698
f 1697 1827 1830
f 1697 1830 1828
f 1698 1829 1831
f 1698 1831 1699
f 1699 1821 1700
f 1699 1831 1832
f 1699 1832 1822
f 1700 1820 1701
f 1702 1819 1833
f 1702 1833 1703
f 1703 1834 1835
f 1703 1835 1708
f 1703 1708 1836
f 1703 1836 1704
f 1703 1833 1837
f 1703 1837 1834
f 1704 1836 1705
f 1705 1836 1708
f 1706 1838 1710
f 1706 1709 1839
f 1706 1839 1840
f 1706 1840 1838
f 1708 1835 1709
f 1709 1835 1841
f 1709 1841 1839
f 1710 1838 1711
f 1711 1838 1712
f 1712 1838 1842
f 1712 1842 1843
f 1712 1843 1844
f 1712 1844 1845
f 1712 1845 1715
f 1713 1717 1846
f 1713 1846 1847
f 1713 1847 1825
f 1713 1825 1714
f 1715 1845 1844
f 1715 1844 1716
f 1716 1846 1717
f 1716 1844 1846
f 1718 1722 1848
f 1718 1848 1719
f 1719 1848 1849
f 1719 1849 1850
f 1719 1850 1851
f 1719 1851 1723
f 1721 1735 1852
f 1721 1852 1853
f 1721 1853 1854
f 1721 1854 1722
f 1722 1854 1855
f 1722 1855 1856
f 1722 1856 1848
f 1723 1851 1724
f 1724 1851 1727
f 1725 1857 1858
f 1725 1858 1859
f 1725 1859 1860
f 1725 1860 1726
f 1725 1727 1861
f 1725 1861 1857
f 1726 1860 1862
f 1726 1862 1728
f 1727 1851 1863
f 1727 1863 1861
f 1728 1862 1864
f 1728 1864 1729
f 1729 1864 1865
f 1729 1865 1732
f 1729 1732 1730
f 1730 1732 1731
f 1732 1865 1866
f 1732 1866 1734
f 1733 1867 1743
f 1733 1734 1867
f 1734 1866 1743
f 1734 1743 1867
f 1735 1824 1868
f 1735 1868 1852
f 1736 1738 1869
f 1736 1869 1741
f 1737 1870 1871
f 1737 1871 1869
f 1737 1869 1738
f 1737 1745 1744
f 1737 1744 1872
f 1737 1872 1873
f 1737 1873 1874
f 1737 1874 1875
f 1737 1875 1870
f 1739 1741 1876
f 1739 1876 1740
f 1740 1876 1877
f 1740 1877 1878
f 1740 1878 1758
f 1741 1879 1880
f 1741 1880 1876
f 1741 1869 1881
f 1741 1881 1879
f 1743 1866 1882
f 1743 1882 1883
f 1743 1883 1872
f 1743 1872 1744
f 1746 1758 1884
f 1746 1884 1747
f 1747 1884 1748
f 1748 1885 1886
f 1748 1886 1887
f 1748 1887 1750
f 1748 1884 1885
f 1750 1887 1752
f 1750 1752 1751
f 1752 1887 1888
f 1752 1888 1889
f 1752 1889 1890
f 1752 1890 1754
f 1752 1754 1753
f 1754 1891 1892
f 1754 1892 1893
f 1754 1893 1759
f 1754 1759 1755
f 1754 1890 1894
f 1754 1894 1891
f 1755 1759 1757
f 1755 1757 1756
f 1758 1878 1884
f 1759 1893 1895
f 1759 1895 1896
f 1759 1896 1760
f 1760 1896 1762
f 1760 1762 1761
f 1762 1895 1897
f 1762 1897 1763
f 1762 1896 1895
f 1763 1897 1764
f 1764 1767 1765
f 1764 1897 1898
f 1764 1898 1899
f 1764 1899 1900
f 1764 1900 1901
f 1764 1901 1902
f 1764 1902 1903
f 1764 1903 1904
f 1764 1904 1905
f 1764 1905 1767
f 1765 1767 1766
f 1767 1905 1906
f 1767 1906 1769
f 1769 1906 1771
f 1769 1771 1770
f 1771 1906 1903
f 1771 1903 1907
f 1771 1907 1772
f 1772 1907 1908
f 1772 1908 1773
f 1773 1908 1909
f 1773 1909 1910
f 1773 1910 1774
f 1774 1910 1911
f 1774 1911 1778
f 1776 1912 1913
f 1776 1913 1777
f 1776 1784 1914
f 1776 1914 1912
f 1778 1911 1915
f 1778 1915 1781
f 1779 1781 1916
f 1779 1916 1780
f 1780 1916 1917
f 1780 1917 1918
f 1780 1918 1784
f 1780 1784 1783
f 1780 1783 1782
f 1781 1915 1919
f 1781 1919 1916
f 1784 1918 1920
f 1784 1920 1914
f 1785 1787 1819
f 1786 1921 1819
f 1786 1819 1787
f 1786 1790 1921
f 1789 1809 1922
f 1789 1922 1923
f 1789 1923 1924
f 1789 1924 1925
f 1789 1925 1921
f 1789 1921 1790
f 1791 1799 1926
f 1791 1926 1927
f 1791 1927 1928
f 1791 1928 1929
f 1791 1929 1930
f 1791 1930 1805
f 1791 1805 1802
f 1791 1801 1792
f 1793 1931 1932
f 1793 1932 1797
f 1793 1797 1796
f 1793 1795 1933
f 1793 1933 1934
f 1793 1934 1935
f 1793 1935 1931
f 1794 1818 1936
f 1794 1936 1937
f 1794 1937 1795
f 1795 1937 1933
f 1797 1932 1798
f 1798 1932 1799
f 1799 1932 1938
f 1799 1938 1939
f 1799 1939 1940
f 1799 1940 1926
f 1800 1802 1805
f 1803 1806 1804
f 1803 1805 1941
f 1803 1941 1930
f 1803 1930 1806
f 1805 1930 1941
f 1806 1942 1808
f 1806 1808 1807
f 1806 1930 1943
f 1806 1943 1944
f 1806 1944 1945
f 1806 1945 2079
f 1806 2079 1946
f 1806 1946 1947
f 1806 1947 1942
f 1808 1948 1922
f 1808 1922 1809
f 1808 1942 1948
f 1811 1949 1812
f 1812 1949 1950
f 1812 1950 1951
f 1812 1951 1952
f 1812 1952 1813
f 1813 1952 1953
f 1813 1953 1814
f 1814 1953 1954
f 1814 1954 1815
f 1815 1954 1955
f 1815 1955 1816
f 1816 1955 1956
f 1816 1956 1957
f 1816 1957 1817
f 1817 1957 1958
f 1817 1958 1818
f 1818 1958 1936
f 1819 1959 1833
f 1819 1921 1925
f 1819 1925 1960
f 1819 1960 1959
f 1822 1832 1961
f 1822 1961 1823
f 1823 1961 1868
f 1823 1868 1824
f 1825 1847 1826
f 1826 1847 1962
f 1826 1962 1963
f 1826 1963 1827
f 1827 1963 1830
f 1828 1830 1964
f 1828 1964 1965
f 1828 1965 1966
f 1828 1966 1829
f 1829 1966 1967
f 1829 1967 1831
f 1830 1963 1968
f 1830 1968 1964
f 1831 1967 1832
f 1832 1967 1969
f 1832 1969 1970
f 1832 1970 1971
f 1832 1971 1961
f 1833 1959 1837
f 1834 1972 1839
f 1834 1839 1841
f 1834 1841 1835
f 1834 1837 1973
f 1834 1973 1972
f 1837 1959 1973
f 1838 1840 1974
f 1838 1974 1842
f 1839 1975 1840
f 1839 1972 1973
f 1839 1973 1976
f 1839 1976 1975
f 1840 1975 1977
f 1840 1977 1978
f 1840 1978 1979
f 1840 1979 1974
f 1842 1974 1980
f 1842 1980 1843
f 1843 1980 1844
f 1844 1980 1981
f 1844 1981 1982
f 1844 1982 1983
f 1844 1983 1984
f 1844 1984 1985
f 1844 1985 1986
f 1844 1986 1987
f 1844 1987 1846
f 1846 1988 1847
f 1846 1987 1986
f 1846 1986 1988
f 1847 1988 1962
f 1848 1856 1849
f 1849 1989 1990
f 1849 1990 1850
f 1849 1856 1989
f 1850 1990 1863
f 1850 1863 1851
f 1852 1868 1991
f 1852 1991 1853
f 1853 1991 1992
f 1853 1992 1993
f 1853 1993 1854
f 1854 1993 1994
f 1854 1994 1855
f 1855 1994 1995
f 1855 1995 1856
f 1856 1995 1996
f 1856 1996 1989
f 1857 1997 1998
f 1857 1998 1999
f 1857 1999 1858
f 1857 1861 1997
f 1858 1999 1859
f 1859 1999 1862
f 1859 1862 1860
f 1861 1863 2000
f 1861 2000 2001
f 1861 2001 1997
f 1862 1999 2002
f 1862 2002 2003
f 1862 2003 1864
f 1863 1990 2004
f 1863 2004 2000
f 1864 2003 2005
f 1864 2005 2006
f 1864 2006 1865
f 1865 2006 1883
f 1865 1883 1866
f 1866 1883 1882
f 1868 1961 1971
f 1868 1971 1991
f 1869 1871 1870
f 1869 1870 1881
f 1870 1875 2007
f 1870 2007 1881
f 1872 1883 1873
f 1873 2008 2009
f 1873 2009 1874
f 1873 1883 2010
f 1873 2010 2008
f 1874 2009 1875
f 1875 2009 2011
f 1875 2011 2007
f 1876 1880 2012
f 1876 2012 2013
f 1876 2013 1877
f 1877 2013 2014
f 1877 2014 1878
f 1878 2014 2015
f 1878 2015 1884
f 1879 2016 2017
f 1879 2017 1880
f 1879 1881 2016
f 1880 2017 2018
f 1880 2018 2012
f 1881 2007 2019
f 1881 2019 2016
f 1883 2006 2010
f 1884 2015 2020
f 1884 2020 2021
f 1884 2021 1885
f 1885 2021 2022
f 1885 2022 1886
f 1886 1888 1887
f 1886 2022 1888
f 1888 2023 2024
f 1888 2024 2025
f 1888 2025 2026
f 1888 2026 2027
f 1888 2027 1889
f 1888 2022 2023
f 1889 2027 1894
f 1889 1894 1890
f 1891 2028 2029
f 1891 2029 1892
f 1891 1894 2028
f 1892 2029 1895
f 1892 1895 1893
f 1894 2027 2026
f 1894 2026 2030
f 1894 2030 2028
f 1895 2029 2031
f 1895 2031 2032
f 1895 2032 2033
f 1895 2033 1898
f 1895 1898 1897
f 1898 2033 2032
f 1898 2032 2034
f 1898 2034 2035
f 1898 2035 1899
f 1899 2035 2036
f 1899 2036 2037
f 1899 2037 1900
f 1900 2037 2038
f 1900 2038 2039
f 1900 2039 1901
f 1901 2039 1902
f 1902 2039 1903
f 1903 2039 2040
f 1903 2040 2041
f 1903 2041 2042
f 1903 2042 1907
f 1903 1906 1905
f 1903 1905 2043
f 1903 2043 1904
f 1904 2043 1905
f 1907 2042 1908
f 1908 2042 2044
f 1908 2044 2045
f 1908 2045 1909
f 1909 2045 2046
f 1909 2046 1910
f 1910 2046 2047
f 1910 2047 1911
f 1911 2047 2048
f 1911 2048 1915
f 1912 1914 2049
f 1914 1920 2050
f 1914 2050 2049
f 1915 2048 1919
f 1916 2051 2052
f 1916 2052 1917
f 1916 1919 2053
f 1916 2053 2051
f 1917 2052 1920
f 1917 1920 1918
f 1919 2048 2054
f 1919 2054 2053
f 1920 2052 2050
f 1922 1948 1923
f 1923 1948 1947
f 1923 1947 2055
f 1923 2055 2056
f 1923 2056 2057
f 1923 2057 2058
f 1923 2058 2059
f 1923 2059 2060
f 1923 2060 1924
f 1924 2060 1925
f 1925 2060 1960
f 1926 1940 2061
f 1926 2061 1928
f 1926 1928 1927
f 1928 2061 2062
f 1928 2062 2063
f 1928 2063 1929
f 1929 2063 1930
f 1930 2063 2064
f 1930 2064 2065
f 1930 2065 2066
f 1930 2066 1943
f 1931 1935 2067
f 1931 2067 2068
f 1931 2068 1932
f 1932 2068 2069
f 1932 2069 1938
f 1933 1937 2070
f 1933 2070 1934
f 1934 2070 2071
f 1934 2071 2067
f 1934 2067 1935
f 1936 1958 2072
f 1936 2072 2070
f 1936 2070 1937
f 1938 2069 1939
f 1939 2073 2074
f 1939 2074 1940
f 1939 2069 2075
f 1939 2075 2073
f 1940 2074 2061
f 1942 1947 1948
f 1943 2066 1944
f 1944 2076 2077
f 1944 2077 2078
f 1944 2078 2079
f 1944 2079 1945
f 1944 2066 2080
f 1944 2080 2076
f 1946 2078 2081
f 1946 2081 1947
f 1946 2079 2078
f 1947 2081 2082
f 1947 2082 2055
f 1951 2083 2084
f 1951 2084 1952
f 1952 2084 2085
f 1952 2085 1954
f 1952 1954 1953
f 1954 2085 1955
f 1955 2086 2087
f 1955 2087 1956
f 1955 2085 2086
f 1956 2087 2088
f 1956 2088 2089
f 1956 2089 1957
f 1957 2089 1958
f 1958 2089 2090
f 1958 2090 2072
f 1959 2058 1973
f 1959 1960 2060
f 1959 2060 2058
f 1962 2091 1968
f 1962 1968 1963
f 1962 1988 2091
f 1964 1968 2092
f 1964 2092 2093
f 1964 2093 1965
f 1965 2093 1966
f 1966 2093 1969
f 1966 1969 1967
f 1968 2091 2094
f 1968 2094 2092
f 1969 2093 2095
f 1969 2095 2096
f 1969 2096 2226
f 1969 2226 2097
f 1969 2097 1971
f 1969 1971 1970
f 1971 2097 1991
f 1973 2058 2098
f 1973 2098 2099
f 1973 2099 1976
f 1974 1979 1980
f 1975 1976 1977
f 1976 2099 1977
f 1977 2099 2100
f 1977 2100 1978
f 1978 2100 1979
f 1979 2100 2101
f 1979 2101 2102
f 1979 2102 2103
f 1979 2103 1981
f 1979 1981 1980
f 1981 2103 1982
f 1982 2103 2102
f 1982 2102 2104
f 1982 2104 2105
f 1982 2105 1983
f 1983 2105 1984
f 1984 2106 1985
f 1984 2105 2107
f 1984 2107 2106
f 1985 2106 2108
f 1985 2108 1986
f 1986 2108 2109
f 1986 2109 1988
f 1988 2109 2091
f 1989 2110 2111
f 1989 2111 1990
f 1989 1996 2116
f 1989 2116 2110
f 1990 2111 2004
f 1991 2097 1992
f 1992 2112 1993
f 1992 2097 2112
f 1993 2112 2113
f 1993 2113 2114
f 1993 2114 1994
f 1994 2114 2115
f 1994 2115 1995
f 1995 2115 1996
f 1996 2115 2116
f 1997 2117 1998
f 1997 2001 2000
f 1997 2000 2118
f 1997 2118 2117
f 1998 2119 1999
f 1998 2117 2120
f 1998 2120 2121
f 1998 2121 2122
f 1998 2122 2119
f 1999 2119 2123
f 1999 2123 2124
f 1999 2124 2002
f 2000 2004 2118
f 2002 2124 2003
f 2003 2124 2123
f 2003 2123 2125
f 2003 2125 2005
f 2004 2111 2126
f 2004 2126 2118
f 2005 2125 2127
f 2005 2127 2006
f 2006 2127 2010
f 2007 2011 2128
f 2007 2128 2019
f 2008 2010 2129
f 2008 2129 2011
f 2008 2011 2009
f 2010 2127 2129
f 2011 2129 2130
f 2011 2130 2128
f 2012 2018 2131
f 2012 2131 2132
f 2012 2132 2133
f 2012 2133 2013
f 2013 2133 2134
f 2013 2134 2014
f 2014 2134 2020
f 2014 2020 2015
f 2016 2135 2017
f 2016 2019 2136
f 2016 2136 2135
f 2017 2135 2137
f 2017 2137 2131
f 2017 2131 2018
f 2019 2128 2138
f 2019 2138 2139
f 2019 2139 2136
f 2020 2140 2141
f 2020 2141 2021
f 2020 2134 2140
f 2021 2141 2022
f 2022 2141 2142
f 2022 2142 2143
f 2022 2143 2024
f 2022 2024 2023
f 2024 2143 2142
f 2024 2142 2144
f 2024 2144 2145
f 2024 2145 2146
f 2024 2146 2147
f 2024 2147 2148
f 2024 2148 2149
f 2024 2149 2026
f 2024 2026 2025
f 2026 2149 2150
f 2026 2150 2030
f 2028 2030 2151
f 2028 2151 2029
f 2029 2151 2152
f 2029 2152 2153
f 2029 2153 2154
f 2029 2154 2031
f 2030 2150 2151
f 2031 2154 2032
f 2032 2154 2153
f 2032 2153 2155
f 2032 2155 2035
f 2032 2035 2034
f 2035 2155 2156
f 2035 2156 2036
f 2036 2157 2158
f 2036 2158 2159
f 2036 2159 2160
f 2036 2160 2037
f 2036 2156 2161
f 2036 2161 2157
f 2037 2160 2038
f 2038 2160 2162
f 2038 2162 2163
f 2038 2163 2041
f 2038 2041 2040
f 2038 2040 2039
f 2041 2163 2164
f 2041 2164 2042
f 2042 2164 2165
f 2042 2165 2044
f 2044 2165 2045
f 2045 2165 2166
f 2045 2166 2046
f 2046 2166 2167
f 2046 2167 2168
f 2046 2168 2047
f 2047 2168 2048
f 2048 2168 2169
f 2048 2169 2054
f 2049 2050 2170
f 2050 2052 2171
f 2050 2171 2172
f 2050 2172 2173
f 2050 2173 2170
f 2051 2053 2174
f 2051 2174 2175
f 2051 2175 2052
f 2052 2175 2171
f 2053 2054 2176
f 2053 2176 2174
f 2054 2169 2177
f 2054 2177 2176
f 2055 2082 2178
f 2055 2178 2179
f 2055 2179 2056
f 2056 2180 2181
f 2056 2181 2057
f 2056 2179 2178
f 2056 2178 2180
f 2057 2181 2058
f 2058 2181 2098
f 2058 2060 2059
f 2061 2182 2062
f 2061 2074 2183
f 2061 2183 2184
f 2061 2184 2182
f 2062 2182 2063
f 2063 2185 2065
f 2063 2065 2064
f 2063 2182 2186
f 2063 2186 2185
f 2065 2185 2187
f 2065 2187 2188
f 2065 2188 2189
f 2065 2189 2190
f 2065 2190 2066
f 2066 2190 2080
f 2067 2191 2069
f 2067 2069 2068
f 2067 2071 2192
f 2067 2192 2191
f 2069 2191 2075
f 2070 2072 2193
f 2070 2193 2194
f 2070 2194 2071
f 2071 2194 2195
f 2071 2195 2196
f 2071 2196 2197
f 2071 2197 2192
f 2072 2090 2193
f 2073 2183 2074
f 2073 2075 2198
f 2073 2198 2199
f 2073 2199 2183
f 2075 2191 2200
f 2075 2200 2198
f 2076 2201 2078
f 2076 2078 2077
f 2076 2080 2190
f 2076 2190 2202
f 2076 2202 2203
f 2076 2203 2204
f 2076 2204 2205
f 2076 2205 2206
f 2076 2206 2201
f 2078 2207 2208
f 2078 2208 2209
f 2078 2209 2210
f 2078 2210 2081
f 2078 2201 2207
f 2081 2210 2178
f 2081 2178 2082
f 2083 2211 2084
f 2084 2211 2212
f 2084 2212 2213
f 2084 2213 2085
f 2085 2213 2086
f 2086 2213 2087
f 2087 2213 2214
f 2087 2214 2215
f 2087 2215 2088
f 2088 2216 2089
f 2088 2215 2217
f 2088 2217 2218
f 2088 2218 2216
f 2089 2193 2090
f 2089 2216 2193
f 2091 2109 2219
f 2091 2219 2094
f 2092 2094 2220
f 2092 2220 2093
f 2093 2220 2095
f 2094 2219 2221
f 2094 2221 2222
f 2094 2222 2220
f 2095 2223 2096
f 2095 2220 2224
f 2095 2224 2223
f 2096 2223 2225
f 2096 2225 2226
f 2097 2226 2112
f 2098 2181 2099
f 2099 2227 2100
f 2099 2181 2228
f 2099 2228 2227
f 2100 2227 2229
f 2100 2229 2101
f 2101 2229 2230
f 2101 2230 2102
f 2102 2230 2231
f 2102 2231 2104
f 2104 2231 2232
f 2104 2232 2233
f 2104 2233 2107
f 2104 2107 2105
f 2106 2234 2235
f 2106 2235 2108
f 2106 2107 2234
f 2107 2233 2236
f 2107 2236 2237
f 2107 2237 2238
f 2107 2238 2234
f 2108 2235 2109
f 2109 2239 2219
f 2109 2235 2239
f 2110 2116 2240
f 2110 2240 2241
f 2110 2241 2111
f 2111 2241 2126
f 2112 2242 2113
f 2112 2226 2242
f 2113 2243 2244
f 2113 2244 2114
f 2113 2242 2245
f 2113 2245 2243
f 2114 2244 2246
f 2114 2246 2115
f 2115 2246 2116
f 2116 2246 2247
f 2116 2247 2240
f 2117 2118 2248
f 2117 2248 2249
f 2117 2249 2120
f 2118 2126 2250
f 2118 2250 2248
f 2119 2122 2251
f 2119 2251 2123
f 2120 2252 2253
f 2120 2253 2121
f 2120 2249 2254
f 2120 2254 2252
f 2121 2253 2255
f 2121 2255 2122
f 2122 2256 2257
f 2122 2257 2258
f 2122 2258 2251
f 2122 2255 2256
f 2123 2251 2259
f 2123 2259 2125
f 2125 2259 2260
f 2125 2260 2127
f 2126 2241 2261
f 2126 2261 2250
f 2127 2260 2262
f 2127 2262 2129
f 2128 2130 2138
f 2129 2262 2263
f 2129 2263 2130
f 2130 2263 2138
f 2131 2264 2265
f 2131 2265 2266
f 2131 2266 2132
f 2131 2137 2264
f 2132 2266 2133
f 2133 2266 2267
f 2133 2267 2134
f 2134 2267 2140
f 2135 2268 2269
f 2135 2269 2137
f 2135 2136 2270
f 2135 2270 2268
f 2136 2139 2271
f 2136 2271 2272
f 2136 2272 2270
f 2137 2269 2264
f 2138 2271 2139
f 2138 2263 2273
f 2138 2273 2274
f 2138 2274 2271
f 2140 2267 2275
f 2140 2275 2276
f 2140 2276 2142
f 2140 2142 2141
f 2142 2276 2144
f 2144 2276 2277
f 2144 2277 2278
f 2144 2278 2279
f 2144 2279 2146
f 2144 2146 2145
f 2146 2279 2278
f 2146 2278 2280
f 2146 2280 2281
f 2146 2281 2282
f 2146 2282 2283
f 2146 2283 2284
f 2146 2284 2147
f 2147 2284 2285
f 2147 2285 2148
f 2148 2285 2149
f 2149 2286 2287
f 2149 2287 2150
f 2149 2285 2286
f 2150 2287 2288
f 2150 2288 2151
f 2151 2288 2153
f 2151 2153 2152
f 2153 2289 2290
f 2153 2290 2291
f 2153 2291 2155
f 2153 2288 2289
f 2155 2291 2156
f 2156 2291 2161
f 2157 2161 2292
f 2157 2292 2158
f 2158 2292 2293
f 2158 2293 2294
f 2158 2294 2295
f 2158 2295 2159
f 2159 2295 2296
f 2159 2296 2160
f 2160 2296 2162
f 2161 2291 2297
f 2161 2297 2298
f 2161 2298 2299
f 2161 2299 2293
f 2161 2293 2292
f 2162 2296 2163
f 2163 2296 2300
f 2163 2300 2301
f 2163 2301 2164
f 2164 2301 2165
f 2165 2301 2302
f 2165 2302 2303
f 2165 2303 2166
f 2166 2303 2167
f 2167 2303 2304
f 2167 2304 2168
f 2168 2304 2305
f 2168 2305 2169
f 2169 2305 2310
f 2169 2310 2177
f 2171 2175 2306
f 2171 2306 2172
f 2172 2307 2173
f 2172 2306 2307
f 2174 2176 2308
f 2174 2308 2175
f 2175 2308 2306
f 2176 2309 2308
f 2176 2177 2309
f 2177 2310 2311
f 2177 2311 2309
f 2178 2210 2209
f 2178 2209 2312
f 2178 2312 2313
f 2178 2313 2180
f 2180 2313 2314
f 2180 2314 2181
f 2181 2314 2228
f 2182 2184 2183
f 2182 2183 2315
f 2182 2315 2316
f 2182 2316 2317
f 2182 2317 2186
f 2183 2199 2318
f 2183 2318 2319
f 2183 2319 2320
f 2183 2320 2315
f 2185 2186 2187
f 2186 2317 2321
f 2186 2321 2187
f 2187 2322 2323
f 2187 2323 2203
f 2187 2203 2189
f 2187 2189 2188
f 2187 2321 2322
f 2189 2203 2202
f 2189 2202 2190
f 2191 2192 2200
f 2192 2197 2200
f 2193 2216 2324
f 2193 2324 2195
f 2193 2195 2194
f 2195 2324 2451
f 2195 2451 2325
f 2195 2325 2196
f 2196 2326 2197
f 2196 2325 2326
f 2197 2326 2200
f 2198 2318 2199
f 2198 2200 2327
f 2198 2327 2328
f 2198 2328 2318
f 2200 2326 2327
f 2201 2206 2207
f 2203 2329 2205
f 2203 2205 2204
f 2203 2323 2330
f 2203 2330 2331
f 2203 2331 2329
f 2205 2329 2332
f 2205 2332 2333
f 2205 2333 2206
f 2206 2333 2334
f 2206 2334 2335
f 2206 2335 2207
f 2207 2335 2336
f 2207 2336 2208
f 2208 2336 2209
f 2209 2336 2337
f 2209 2337 2338
f 2209 2338 2339
f 2209 2339 2340
f 2209 2340 2312
f 2211 2341 2212
f 2212 2341 2342
f 2212 2342 2343
f 2212 2343 2214
f 2212 2214 2213
f 2214 2343 2215
f 2215 2343 2344
f 2215 2344 2217
f 2216 2218 2324
f 2217 2345 2346
f 2217 2346 2347
f 2217 2347 2218
f 2217 2344 2345
f 2218 2347 2324
f 2219 2239 2348
f 2219 2348 2221
f 2220 2222 2349
f 2220 2349 2350
f 2220 2350 2224
f 2221 2348 2351
f 2221 2351 2352
f 2221 2352 2222
f 2222 2352 2349
f 2223 2353 2354
f 2223 2354 2225
f 2223 2224 2353
f 2224 2350 2355
f 2224 2355 2353
f 2225 2354 2242
f 2225 2242 2226
f 2227 2228 2356
f 2227 2356 2229
f 2228 2314 2339
f 2228 2339 2357
f 2228 2357 2356
f 2229 2356 2358
f 2229 2358 2230
f 2230 2359 2231
f 2230 2358 2359
f 2231 2359 2360
f 2231 2360 2361
f 2231 2361 2232
f 2232 2361 2236
f 2232 2236 2233
f 2234 2362 2235
f 2234 2238 2363
f 2234 2363 2362
f 2235 2362 2364
f 2235 2364 2348
f 2235 2348 2239
f 2236 2361 2365
f 2236 2365 2366
f 2236 2366 2237
f 2237 2366 2367
f 2237 2367 2238
f 2238 2367 2363
f 2240 2247 2368
f 2240 2368 2369
f 2240 2369 2241
f 2241 2369 2261
f 2242 2370 2245
f 2242 2354 2370
f 2243 2245 2371
f 2243 2371 2244
f 2244 2371 2247
f 2244 2247 2246
f 2245 2372 2371
f 2245 2370 2373
f 2245 2373 2374
f 2245 2374 2372
f 2247 2371 2375
f 2247 2375 2368
f 2248 2250 2376
f 2248 2376 2249
f 2249 2376 2381
f 2249 2381 2254
f 2250 2261 2376
f 2251 2258 2377
f 2251 2377 2259
f 2252 2254 2378
f 2252 2378 2379
f 2252 2379 2253
f 2253 2380 2255
f 2253 2379 2380
f 2254 2381 2378
f 2255 2380 2382
f 2255 2382 2256
f 2256 2382 2257
f 2257 2382 2383
f 2257 2383 2384
f 2257 2384 2385
f 2257 2385 2258
f 2258 2385 2386
f 2258 2386 2377
f 2259 2377 2387
f 2259 2387 2262
f 2259 2262 2260
f 2261 2369 2388
f 2261 2388 2376
f 2262 2387 2273
f 2262 2273 2263
f 2264 2269 2389
f 2264 2389 2390
f 2264 2390 2391
f 2264 2391 2265
f 2265 2391 2266
f 2266 2391 2275
f 2266 2275 2267
f 2268 2392 2269
f 2268 2270 2393
f 2268 2393 2392
f 2269 2392 2394
f 2269 2394 2395
f 2269 2395 2389
f 2270 2272 2396
f 2270 2396 2393
f 2271 2274 2397
f 2271 2397 2272
f 2272 2397 2396
f 2273 2387 2377
f 2273 2377 2398
f 2273 2398 2274
f 2274 2398 2399
f 2274 2399 2400
f 2274 2400 2397
f 2275 2401 2276
f 2275 2391 2401
f 2276 2401 2277
f 2277 2401 2278
f 2278 2402 2280
f 2278 2401 2403
f 2278 2403 2402
f 2280 2404 2281
f 2280 2402 2404
f 2281 2405 2406
f 2281 2406 2282
f 2281 2404 2405
f 2282 2406 2283
f 2283 2407 2408
f 2283 2408 2286
f 2283 2286 2285
f 2283 2285 2284
f 2283 2406 2407
f 2286 2408 2287
f 2287 2408 2409
f 2287 2409 2288
f 2288 2409 2410
f 2288 2410 2411
f 2288 2411 2289
f 2289 2411 2290
f 2290 2411 2297
f 2290 2297 2291
f 2293 2412 2294
f 2293 2299 2412
f 2294 2413 2414
f 2294 2414 2295
f 2294 2412 2413
f 2295 2300 2296
f 2295 2414 2415
f 2295 2415 2416
f 2295 2416 2300
f 2297 2411 2298
f 2298 2417 2299
f 2298 2411 2418
f 2298 2418 2419
f 2298 2419 2417
f 2299 2417 2420
f 2299 2420 2412
f 2300 2416 2421
f 2300 2421 2301
f 2301 2421 2422
f 2301 2422 2302
f 2302 2422 2303
f 2303 2422 2423
f 2303 2423 2304
f 2304 2423 2424
f 2304 2424 2425
f 2304 2425 2426
f 2304 2426 2305
f 2305 2427 2310
f 2305 2426 2428
f 2305 2428 2427
f 2306 2429 2307
f 2306 2308 2430
f 2306 2430 2429
f 2307 2429 2431
f 2308 2309 2430
f 2309 2432 2430
f 2309 2311 2432
f 2310 2427 2433
f 2310 2433 2434
f 2310 2434 2311
f 2311 2435 2432
f 2311 2434 2435
f 2312 2340 2313
f 2313 2340 2314
f 2314 2340 2436
f 2314 2436 2339
f 2315 2320 2437
f 2315 2437 2317
f 2315 2317 2316
f 2317 2437 2438
f 2317 2438 2439
f 2317 2439 2440
f 2317 2440 2441
f 2317 2441 2442
f 2317 2442 2443
f 2317 2443 2321
f 2318 2328 2444
f 2318 2444 2445
f 2318 2445 2319
f 2319 2446 2320
f 2319 2445 2447
f 2319 2447 2446
f 2320 2439 2438
f 2320 2438 2437
f 2320 2446 2439
f 2321 2443 2448
f 2321 2448 2322
f 2322 2448 2449
f 2322 2449 2323
f 2323 2449 2450
f 2323 2450 2330
f 2324 2347 2452
f 2324 2452 2451
f 2325 2451 2453
f 2325 2453 2454
f 2325 2454 2326
f 2326 2454 2327
f 2327 2455 2444
f 2327 2444 2328
f 2327 2454 2456
f 2327 2456 2455
f 2329 2331 2332
f 2330 2457 2458
f 2330 2458 2459
f 2330 2459 2460
f 2330 2460 2461
f 2330 2461 2332
f 2330 2332 2331
f 2330 2450 2449
f 2330 2449 2462
f 2330 2462 2463
f 2330 2463 2457
f 2332 2461 2460
f 2332 2460 2464
f 2332 2464 2465
f 2332 2465 2466
f 2332 2466 2333
f 2333 2466 2467
f 2333 2467 2468
f 2333 2468 2334
f 2334 2468 2469
f 2334 2469 2335
f 2335 2469 2470
f 2335 2470 2336
f 2336 2470 2471
f 2336 2471 2337
f 2337 2471 2338
f 2338 2471 2339
f 2339 2472 2473
f 2339 2473 2474
f 2339 2474 2359
f 2339 2359 2475
f 2339 2475 2356
f 2339 2356 2357
f 2339 2436 2340
f 2339 2471 2476
f 2339 2476 2472
f 2342 2477 2343
f 2343 2477 2478
f 2343 2478 2344
f 2344 2478 2345
f 2345 2478 2479
f 2345 2479 2480
f 2345 2480 2481
f 2345 2481 2482
f 2345 2482 2346
f 2346 2483 2452
f 2346 2452 2347
f 2346 2482 2483
f 2348 2364 2484
f 2348 2484 2351
f 2349 2352 2485
f 2349 2485 2486
f 2349 2486 2350
f 2350 2486 2355
f 2351 2484 2487
f 2351 2487 2488
f 2351 2488 2352
f 2352 2488 2485
f 2353 2489 2373
f 2353 2373 2354
f 2353 2355 2490
f 2353 2490 2489
f 2354 2373 2370
f 2355 2486 2491
f 2355 2491 2492
f 2355 2492 2490
f 2356 2475 2358
f 2358 2475 2359
f 2359 2474 2601
f 2359 2601 2493
f 2359 2493 2360
f 2360 2494 2361
f 2360 2493 2494
f 2361 2494 2495
f 2361 2495 2496
f 2361 2496 2365
f 2362 2363 2497
f 2362 2497 2498
f 2362 2498 2484
f 2362 2484 2364
f 2363 2367 2499
f 2363 2499 2497
f 2365 2496 2500
f 2365 2500 2501
f 2365 2501 2366
f 2366 2501 2499
f 2366 2499 2367
f 2368 2375 2502
f 2368 2502 2503
f 2368 2503 2369
f 2369 2503 2388
f 2371 2372 2504
f 2371 2504 2375
f 2372 2374 2505
f 2372 2505 2506
f 2372 2506 2504
f 2373 2507 2374
f 2373 2489 2507
f 2374 2507 2505
f 2375 2504 2508
f 2375 2508 2502
f 2376 2388 2381
f 2377 2386 2398
f 2378 2381 2509
f 2378 2509 2510
f 2378 2510 2511
f 2378 2511 2379
f 2379 2511 2380
f 2380 2511 2512
f 2380 2512 2382
f 2381 2388 2513
f 2381 2513 2514
f 2381 2514 2509
f 2382 2512 2383
f 2383 2512 2515
f 2383 2515 2384
f 2384 2516 2385
f 2384 2515 2517
f 2384 2517 2518
f 2384 2518 2516
f 2385 2516 2519
f 2385 2519 2651
f 2385 2651 2520
f 2385 2520 2521
f 2385 2521 2386
f 2386 2521 2398
f 2388 2503 2513
f 2389 2395 2522
f 2389 2522 2390
f 2390 2522 2523
f 2390 2523 2401
f 2390 2401 2391
f 2392 2393 2524
f 2392 2524 2525
f 2392 2525 2394
f 2393 2396 2526
f 2393 2526 2524
f 2394 2527 2395
f 2394 2525 2527
f 2395 2528 2529
f 2395 2529 2530
f 2395 2530 2522
f 2395 2527 2528
f 2396 2397 2526
f 2397 2531 2526
f 2397 2400 2532
f 2397 2532 2531
f 2398 2521 2399
f 2399 2521 2400
f 2400 2533 2532
f 2400 2521 2533
f 2401 2523 2403
f 2402 2403 2534
f 2402 2534 2535
f 2402 2535 2536
f 2402 2536 2404
f 2403 2523 2534
f 2404 2536 2537
f 2404 2537 2405
f 2405 2538 2406
f 2405 2537 2538
f 2406 2538 2539
f 2406 2539 2540
f 2406 2540 2407
f 2407 2540 2408
f 2408 2540 2541
f 2408 2541 2542
f 2408 2542 2409
f 2409 2542 2543
f 2409 2543 2410
f 2410 2543 2411
f 2411 2544 2418
f 2411 2543 2544
f 2412 2545 2546
f 2412 2546 2547
f 2412 2547 2548
f 2412 2548 2413
f 2412 2420 2417
f 2412 2417 2549
f 2412 2549 2550
f 2412 2550 2545
f 2413 2548 2551
f 2413 2551 2414
f 2414 2551 2415
f 2415 2552 2416
f 2415 2551 2553
f 2415 2553 2554
f 2415 2554 2552
f 2416 2552 2421
f 2417 2419 2550
f 2417 2550 2549
f 2418 2544 2419
f 2419 2544 2550
f 2421 2552 2422
f 2422 2552 2555
f 2422 2555 2556
f 2422 2556 2423
f 2423 2556 2424
f 2424 2555 2557
f 2424 2557 2425
f 2424 2556 2555
f 2425 2557 2558
f 2425 2558 2428
f 2425 2428 2426
f 2427 2428 2559
f 2427 2559 2433
f 2428 2558 2560
f 2428 2560 2561
f 2428 2561 2559
f 2429 2430 2431
f 2430 2432 2562
f 2430 2562 2431
f 2432 2435 2563
f 2432 2563 2564
f 2432 2564 2562
f 2433 2565 2434
f 2433 2559 2566
f 2433 2566 2565
f 2434 2565 2435
f 2435 2565 2567
f 2435 2567 2568
f 2435 2568 2563
f 2439 2446 2569
f 2439 2569 2570
f 2439 2570 2440
f 2440 2570 2441
f 2441 2570 2571
f 2441 2571 2572
f 2441 2572 2449
f 2441 2449 2442
f 2442 2449 2443
f 2443 2449 2448
f 2444 2455 2445
f 2445 2455 2573
f 2445 2573 2447
f 2446 2447 2573
f 2446 2573 2569
f 2449 2572 2462
f 2451 2452 2453
f 2452 2483 2574
f 2452 2574 2575
f 2452 2575 2453
f 2453 2576 2454
f 2453 2575 2577
f 2453 2577 2578
f 2453 2578 2576
f 2454 2576 2579
f 2454 2579 2456
f 2455 2580 2573
f 2455 2456 2581
f 2455 2581 2580
f 2456 2579 2581
f 2457 2463 2458
f 2458 2463 2582
f 2458 2582 2583
f 2458 2583 2584
f 2458 2584 2585
f 2458 2585 2586
f 2458 2586 2587
f 2458 2587 2459
f 2459 2587 2460
f 2460 2588 2589
f 2460 2589 2590
f 2460 2590 2464
f 2460 2587 2588
f 2462 2572 2463
f 2463 2572 2582
f 2464 2590 2465
f 2465 2590 2466
f 2466 2591 2592
f 2466 2592 2467
f 2466 2590 2593
f 2466 2593 2591
f 2467 2592 2594
f 2467 2594 2468
f 2468 2594 2595
f 2468 2595 2596
f 2468 2596 2469
f 2469 2596 2597
f 2469 2597 2598
f 2469 2598 2470
f 2470 2598 2471
f 2471 2597 2476
f 2471 2598 2597
f 2472 2476 2597
f 2472 2597 2599
f 2472 2599 2600
f 2472 2600 2601
f 2472 2601 2473
f 2473 2601 2474
f 2477 2602 2478
f 2478 2602 2479
f 2479 2602 2603
f 2479 2603 2604
f 2479 2604 2605
f 2479 2605 2606
f 2479 2606 2607
f 2479 2607 2480
f 2480 2607 2481
f 2481 2607 2482
f 2482 2607 2608
f 2482 2608 2609
f 2482 2609 2610
f 2482 2610 2611
f 2482 2611 2483
f 2483 2611 2574
f 2484 2498 2612
f 2484 2612 2487
f 2485 2488 2613
f 2485 2613 2614
f 2485 2614 2486
f 2486 2614 2491
f 2487 2612 2615
f 2487 2615 2616
f 2487 2616 2488
f 2488 2616 2613
f 2489 2617 2507
f 2489 2490 2492
f 2489 2492 2617
f 2491 2614 2748
f 2491 2748 2618
f 2491 2618 2492
f 2492 2619 2617
f 2492 2618 2619
f 2493 2601 2495
f 2493 2495 2494
f 2495 2620 2500
f 2495 2500 2496
f 2495 2601 2600
f 2495 2600 2599
f 2495 2599 2621
f 2495 2621 2622
f 2495 2622 2623
f 2495 2623 2624
f 2495 2624 2620
f 2497 2499 2625
f 2497 2625 2626
f 2497 2626 2612
f 2497 2612 2498
f 2499 2627 2625
f 2499 2501 2628
f 2499 2628 2627
f 2500 2629 2630
f 2500 2630 2501
f 2500 2620 2629
f 2501 2630 2628
f 2502 2508 2631
f 2502 2631 2503
f 2503 2632 2513
f 2503 2631 2632
f 2504 2506 2633
f 2504 2633 2508
f 2505 2634 2506
f 2505 2507 2634
f 2506 2634 2635
f 2506 2635 2633
f 2507 2617 2636
f 2507 2636 2637
f 2507 2637 2634
f 2508 2633 2638
f 2508 2638 2631
f 2509 2514 2639
f 2509 2639 2510
f 2510 2640 2641
f 2510 2641 2511
f 2510 2639 2640
f 2511 2641 2642
f 2511 2642 2512
f 2512 2642 2643
f 2512 2643 2515
f 2513 2632 2514
f 2514 2632 2644
f 2514 2644 2771
f 2514 2771 2639
f 2515 2643 2517
f 2516 2518 2645
f 2516 2645 2519
f 2517 2643 2646
f 2517 2646 2647
f 2517 2647 2648
f 2517 2648 2649
f 2517 2649 2518
f 2518 2649 2648
f 2518 2648 2647
f 2518 2647 2645
f 2519 2645 2650
f 2519 2650 2651
f 2520 2651 2652
f 2520 2652 2533
f 2520 2533 2521
f 2522 2530 2534
f 2522 2534 2523
f 2524 2653 2525
f 2524 2526 2653
f 2525 2654 2527
f 2525 2653 2654
f 2526 2531 2655
f 2526 2655 2656
f 2526 2656 2653
f 2527 2654 2657
f 2527 2657 2528
f 2528 2658 2529
f 2528 2657 2658
f 2529 2658 2659
f 2529 2659 2660
f 2529 2660 2661
f 2529 2661 2530
f 2530 2661 2534
f 2531 2532 2655
f 2532 2533 2652
f 2532 2652 2655
f 2534 2661 2535
f 2535 2662 2536
f 2535 2661 2662
f 2536 2663 2537
f 2536 2662 2663
f 2537 2663 2664
f 2537 2664 2665
f 2537 2665 2538
f 2538 2666 2667
f 2538 2667 2539
f 2538 2665 2666
f 2539 2667 2540
f 2540 2668 2669
f 2540 2669 2670
f 2540 2670 2541
f 2540 2667 2668
f 2541 2670 2543
f 2541 2543 2542
f 2543 2670 2671
f 2543 2671 2544
f 2544 2671 2550
f 2545 2672 2546
f 2545 2550 2672
f 2546 2673 2674
f 2546 2674 2675
f 2546 2675 2676
f 2546 2676 2547
f 2546 2672 2677
f 2546 2677 2678
f 2546 2678 2679
f 2546 2679 2680
f 2546 2680 2673
f 2547 2676 2548
f 2548 2681 2682
f 2548 2682 2551
f 2548 2676 2681
f 2550 2683 2684
f 2550 2684 2677
f 2550 2677 2672
f 2550 2671 2670
f 2550 2670 2683
f 2551 2682 2685
f 2551 2685 2553
f 2552 2554 2555
f 2553 2685 2686
f 2553 2686 2687
f 2553 2687 2554
f 2554 2687 2555
f 2555 2687 2686
f 2555 2686 2688
f 2555 2688 2689
f 2555 2689 2557
f 2557 2689 2558
f 2558 2689 2560
f 2559 2561 2690
f 2559 2690 2566
f 2560 2691 2692
f 2560 2692 2561
f 2560 2689 2693
f 2560 2693 2694
f 2560 2694 2695
f 2560 2695 2691
f 2561 2692 2690
f 2563 2568 2700
f 2563 2700 2696
f 2563 2696 2697
f 2563 2697 2564
f 2565 2568 2567
f 2565 2566 2698
f 2565 2698 2699
f 2565 2699 2568
f 2566 2690 2698
f 2568 2699 2701
f 2568 2701 2700
f 2569 2573 2702
f 2569 2702 2703
f 2569 2703 2704
f 2569 2704 2570
f 2570 2704 2571
f 2571 2582 2572
f 2571 2704 2582
f 2573 2705 2702
f 2573 2580 2706
f 2573 2706 2707
f 2573 2707 2708
f 2573 2708 2705
f 2574 2709 2577
f 2574 2577 2575
f 2574 2611 2710
f 2574 2710 2709
f 2576 2578 2579
f 2577 2709 2578
f 2578 2709 2711
f 2578 2711 2712
f 2578 2712 2713
f 2578 2713 2714
f 2578 2714 2579
f 2579 2714 2715
f 2579 2715 2706
f 2579 2706 2580
f 2579 2580 2581
f 2582 2704 2716
f 2582 2716 2717
f 2582 2717 2583
f 2583 2717 2584
f 2584 2717 2718
f 2584 2718 2719
f 2584 2719 2720
f 2584 2720 2585
f 2585 2720 2721
f 2585 2721 2722
f 2585 2722 2723
f 2585 2723 2724
f 2585 2724 2725
f 2585 2725 2588
f 2585 2588 2586
f 2586 2588 2587
f 2588 2724 2726
f 2588 2726 2589
f 2588 2725 2724
f 2589 2726 2590
f 2590 2726 2593
f 2591 2727 2592
f 2591 2593 2727
f 2592 2727 2728
f 2592 2728 2729
f 2592 2729 2730
f 2592 2730 2594
f 2593 2726 2731
f 2593 2731 2727
f 2594 2730 2595
f 2595 2732 2733
f 2595 2733 2599
f 2595 2599 2734
f 2595 2734 2596
f 2595 2730 2732
f 2596 2734 2599
f 2596 2599 2597
f 2599 2733 2621
f 2604 2735 2605
f 2605 2736 2737
f 2605 2737 2738
f 2605 2738 2739
f 2605 2739 2606
f 2605 2735 2736
f 2606 2739 2607
f 2607 2739 2740
f 2607 2740 2608
f 2608 2740 2741
f 2608 2741 2609
f 2609 2741 2742
f 2609 2742 2743
f 2609 2743 2611
f 2609 2611 2610
f 2611 2743 2744
f 2611 2744 2710
f 2612 2626 2745
f 2612 2745 2615
f 2613 2746 2614
f 2613 2616 2747
f 2613 2747 2746
f 2614 2746 2748
f 2615 2745 2749
f 2615 2749 2750
f 2615 2750 2616
f 2616 2750 2747
f 2617 2751 2636
f 2617 2619 2751
f 2618 2748 2752
f 2618 2752 2751
f 2618 2751 2619
f 2620 2624 2753
f 2620 2753 2629
f 2621 2733 2623
f 2621 2623 2622
f 2623 2754 2624
f 2623 2733 2755
f 2623 2755 2756
f 2623 2756 2754
f 2624 2754 2753
f 2625 2757 2626
f 2625 2627 2757
f 2626 2757 2745
f 2627 2758 2757
f 2627 2628 2630
f 2627 2630 2758
f 2629 2759 2630
f 2629 2753 2760
f 2629 2760 2759
f 2630 2759 2761
f 2630 2761 2762
f 2630 2762 2758
f 2631 2638 2763
f 2631 2763 2644
f 2631 2644 2632
f 2633 2635 2764
f 2633 2764 2638
f 2634 2637 2765
f 2634 2765 2766
f 2634 2766 2767
f 2634 2767 2635
f 2635 2767 2764
f 2636 2768 2637
f 2636 2751 2768
f 2637 2768 2769
f 2637 2769 2765
f 2638 2764 2770
f 2638 2770 2763
f 2639 2771 2772
f 2639 2772 2773
f 2639 2773 2640
f 2640 2774 2775
f 2640 2775 2641
f 2640 2773 2774
f 2641 2776 2777
f 2641 2777 2642
f 2641 2775 2778
f 2641 2778 2776
f 2642 2777 2779
f 2642 2779 2780
f 2642 2780 2643
f 2643 2780 2646
f 2644 2763 2771
f 2645 2647 2650
f 2646 2780 2781
f 2646 2781 2782
f 2646 2782 2783
f 2646 2783 2647
f 2647 2783 2784
f 2647 2784 2785
f 2647 2785 2786
f 2647 2786 2787
f 2647 2787 2650
f 2650 2787 2651
f 2651 2787 2788
f 2651 2788 2655
f 2651 2655 2652
f 2653 2789 2790
f 2653 2790 2654
f 2653 2656 2791
f 2653 2791 2792
f 2653 2792 2789
f 2654 2790 2657
f 2655 2788 2791
f 2655 2791 2656
f 2657 2790 2793
f 2657 2793 2658
f 2658 2793 2794
f 2658 2794 2659
f 2659 2795 2796
f 2659 2796 2660
f 2659 2794 2795
f 2660 2796 2797
f 2660 2797 2662
f 2660 2662 2661
f 2662 2797 2663
f 2663 2797 2798
f 2663 2798 2664
f 2664 2798 2799
f 2664 2799 2800
f 2664 2800 2665
f 2665 2800 2666
f 2666 2801 2802
f 2666 2802 2667
f 2666 2800 2801
f 2667 2802 2668
f 2668 2802 2803
f 2668 2803 2804
f 2668 2804 2669
f 2669 2804 2805
f 2669 2805 2670
f 2670 2805 2683
f 2673 2680 2806
f 2673 2806 2807
f 2673 2807 2674
f 2674 2807 2808
f 2674 2808 2809
f 2674 2809 2810
f 2674 2810 2811
f 2674 2811 2675
f 2675 2811 2681
f 2675 2681 2676
f 2677 2684 2678
f 2678 2684 2812
f 2678 2812 2813
f 2678 2813 2679
f 2679 2813 2680
f 2680 2813 2806
f 2681 2811 2814
f 2681 2814 2815
f 2681 2815 2682
f 2682 2815 2685
f 2683 2805 2684
f 2684 2805 2816
f 2684 2816 2812
f 2685 2815 2817
f 2685 2817 2818
f 2685 2818 2686
f 2686 2818 2819
f 2686 2819 2693
f 2686 2693 2688
f 2688 2693 2689
f 2690 2692 2820
f 2690 2820 2698
f 2691 2695 2692
f 2692 2695 2821
f 2692 2821 2822
f 2692 2822 2820
f 2693 2819 2823
f 2693 2823 2694
f 2694 2824 2825
f 2694 2825 2695
f 2694 2823 2824
f 2695 2825 2826
f 2695 2826 2945
f 2695 2945 2821
f 2696 2827 2697
f 2696 2700 2827
f 2698 2820 2822
f 2698 2822 2828
f 2698 2828 2829
f 2698 2829 2699
f 2699 2829 2701
f 2700 2830 2831
f 2700 2831 2827
f 2700 2701 2829
f 2700 2829 2830
f 2702 2705 2703
f 2703 2705 2832
f 2703 2832 2833
f 2703 2833 2704
f 2704 2833 2716
f 2705 2708 2834
f 2705 2834 2835
f 2705 2835 2836
f 2705 2836 2832
f 2706 2715 2707
f 2707 2715 2837
f 2707 2837 2834
f 2707 2834 2708
f 2709 2710 2711
f 2710 2744 2711
f 2711 2744 2838
f 2711 2838 2712
f 2712 2839 2840
f 2712 2840 2713
f 2712 2838 2841
f 2712 2841 2839
f 2713 2840 2842
f 2713 2842 2715
f 2713 2715 2714
f 2715 2842 2837
f 2716 2833 2717
f 2717 2843 2718
f 2717 2833 2844
f 2717 2844 2843
f 2718 2843 2845
f 2718 2845 2846
f 2718 2846 2847
f 2718 2847 2848
f 2718 2848 2719
f 2719 2848 2849
f 2719 2849 2720
f 2720 2850 2851
f 2720 2851 2852
f 2720 2852 2853
f 2720 2853 2721
f 2720 2849 2854
f 2720 2854 2850
f 2721 2853 2722
f 2722 2853 2852
f 2722 2852 2723
f 2723 2855 2856
f 2723 2856 2857
f 2723 2857 2724
f 2723 2852 2855
f 2724 2857 2726
f 2726 2857 2858
f 2726 2858 2859
f 2726 2859 2731
f 2727 2860 2861
f 2727 2861 2862
f 2727 2862 2728
f 2727 2731 2859
f 2727 2859 2863
f 2727 2863 2860
f 2728 2862 2729
f 2729 2862 2864
f 2729 2864 2865
f 2729 2865 2730
f 2730 2865 2732
f 2732 2865 2755
f 2732 2755 2733
f 2735 2866 2736
f 2736 2866 2867
f 2736 2867 2868
f 2736 2868 2738
f 2736 2738 2737
f 2738 2869 2870
f 2738 2870 2739
f 2738 2868 2869
f 2739 2870 2740
f 2740 2870 2871
f 2740 2871 2872
f 2740 2872 2742
f 2740 2742 2741
f 2742 2872 2871
f 2742 2871 2743
f 2743 2871 2873
f 2743 2873 2874
f 2743 2874 2744
f 2744 2874 2838
f 2745 2757 2749
f 2746 2747 2875
f 2746 2875 2748
f 2747 2750 2876
f 2747 2876 2877
f 2747 2877 2875
f 2748 2875 2752
f 2749 2878 2750
f 2749 2757 2879
f 2749 2879 2878
f 2750 2878 2876
f 2751 2880 2768
f 2751 2752 2880
f 2752 2875 2881
f 2752 2881 2880
f 2753 2882 2760
f 2753 2754 2882
f 2754 2756 2882
f 2755 2865 2756
f 2756 2865 2883
f 2756 2883 2884
f 2756 2884 2882
f 2757 2758 2885
f 2757 2885 2879
f 2758 2762 2886
f 2758 2886 2885
f 2759 2760 2887
f 2759 2887 2761
f 2760 2882 2888
f 2760 2888 2887
f 2761 2887 3013
f 2761 3013 2889
f 2761 2889 2762
f 2762 2889 2886
f 2763 2770 2898
f 2763 2898 2890
f 2763 2890 2771
f 2764 2767 2891
f 2764 2891 2892
f 2764 2892 2770
f 2765 2893 2766
f 2765 2769 2894
f 2765 2894 2893
f 2766 2893 2891
f 2766 2891 2767
f 2768 2895 2894
f 2768 2894 2769
f 2768 2880 2896
f 2768 2896 2895
f 2770 2892 2897
f 2770 2897 2898
f 2771 2890 2772
f 2772 2890 2899
f 2772 2899 2900
f 2772 2900 2901
f 2772 2901 2773
f 2773 2901 2902
f 2773 2902 2774
f 2774 2903 2775
f 2774 2902 2904
f 2774 2904 2903
f 2775 2903 2778
f 2776 2905 2777
f 2776 2778 2905
f 2777 2905 2906
f 2777 2906 2779
f 2778 2903 2907
f 2778 2907 2905
f 2779 2908 2780
f 2779 2906 2908
f 2780 2908 2781
f 2781 2908 2909
f 2781 2909 2910
f 2781 2910 2911
f 2781 2911 2782
f 2782 2911 2912
f 2782 2912 2913
f 2782 2913 2784
f 2782 2784 2783
f 2784 2913 2914
f 2784 2914 2785
f 2785 2914 2786
f 2786 2914 2915
f 2786 2915 2916
f 2786 2916 2917
f 2786 2917 2787
f 2787 2917 2918
f 2787 2918 2792
f 2787 2792 2791
f 2787 2791 2788
f 2789 2919 2790
f 2789 2792 2920
f 2789 2920 2919
f 2790 2921 2922
f 2790 2922 2793
f 2790 2919 2921
f 2792 2918 2920
f 2793 2922 2794
f 2794 2922 2923
f 2794 2923 2795
f 2795 2923 2924
f 2795 2924 2925
f 2795 2925 2796
f 2796 2925 2926
f 2796 2926 2797
f 2797 2926 2798
f 2798 2927 2799
f 2798 2926 2927
f 2799 2928 2800
f 2799 2927 2928
f 2800 2928 2801
f 2801 2928 2929
f 2801 2929 2802
f 2802 2929 2930
f 2802 2930 2931
f 2802 2931 2804
f 2802 2804 2803
f 2804 2931 2816
f 2804 2816 2805
f 2806 2932 2808
f 2806 2808 2807
f 2806 2813 2933
f 2806 2933 2932
f 2808 2934 2809
f 2808 2932 2934
f 2809 2935 2936
f 2809 2936 2937
f 2809 2937 2810
f 2809 2934 2935
f 2810 2937 2938
f 2810 2938 2939
f 2810 2939 2811
f 2811 2939 2814
f 2812 2940 2941
f 2812 2941 2813
f 2812 2816 2931
f 2812 2931 2942
f 2812 2942 2940
f 2813 2941 2933
f 2814 2939 2943
f 2814 2943 2817
f 2814 2817 2815
f 2817 2943 2819
f 2817 2819 2818
f 2819 2944 2823
f 2819 2943 2944
f 2821 2945 2822
f 2822 2945 2946
f 2822 2946 2947
f 2822 2947 2828
f 2823 2944 2824
f 2824 2944 2948
f 2824 2948 2949
f 2824 2949 2950
f 2824 2950 2951
f 2824 2951 2825
f 2825 2951 2826
f 2826 2951 2952
f 2826 2952 2945
f 2828 2947 2953
f 2828 2953 2829
f 2829 2953 2954
f 2829 2954 2955
f 2829 2955 2830
f 2830 2956 2957
f 2830 2957 2831
f 2830 2955 2956
f 2832 2836 2958
f 2832 2958 2959
f 2832 2959 2833
f 2833 2959 2844
f 2834 2960 2835
f 2834 2837 2960
f 2835 2961 2962
f 2835 2962 2836
f 2835 2960 2961
f 2836 2962 2963
f 2836 2963 2964
f 2836 2964 2958
f 2837 2965 2960
f 2837 2842 2968
f 2837 2968 2965
f 2838 2874 2841
f 2839 2841 2966
f 2839 2966 2967
f 2839 2967 2968
f 2839 2968 2840
f 2840 2968 2842
f 2841 2874 2966
f 2843 2844 2845
f 2844 2959 2958
f 2844 2958 2845
f 2845 2958 2969
f 2845 2969 2846
f 2846 2969 2847
f 2847 2969 2970
f 2847 2970 2971
f 2847 2971 2972
f 2847 2972 2848
f 2848 2972 2973
f 2848 2973 2849
f 2849 2973 2850
f 2849 2850 2854
f 2850 2974 2975
f 2850 2975 2976
f 2850 2976 2977
f 2850 2977 2851
f 2850 2973 2978
f 2850 2978 2974
f 2851 2977 2979
f 2851 2979 2980
f 2851 2980 2852
f 2852 2980 2855
f 2855 2981 2856
f 2855 2980 2979
f 2855 2979 2981
f 2856 2981 2982
f 2856 2982 2983
f 2856 2983 2857
f 2857 2983 2984
f 2857 2984 2858
f 2858 2984 2863
f 2858 2863 2859
f 2860 2863 2984
f 2860 2984 2985
f 2860 2985 2861
f 2861 2985 2862
f 2862 2985 2986
f 2862 2986 2864
f 2864 2987 2883
f 2864 2883 2865
f 2864 2986 2987
f 2866 2988 2867
f 2867 2989 2868
f 2867 2988 2990
f 2867 2990 2991
f 2867 2991 2989
f 2868 2989 2869
f 2869 2992 2871
f 2869 2871 2870
f 2869 2989 2993
f 2869 2993 2994
f 2869 2994 2995
f 2869 2995 2992
f 2871 2992 2874
f 2871 2874 2873
f 2874 2992 2996
f 2874 2996 2966
f 2875 2877 2997
f 2875 2997 2881
f 2876 2998 2877
f 2876 2878 2998
f 2877 2998 2997
f 2878 2999 2998
f 2878 2879 3000
f 2878 3000 3001
f 2878 3001 3002
f 2878 3002 3003
f 2878 3003 3004
f 2878 3004 2999
f 2879 2885 3005
f 2879 3005 3000
f 2880 2881 3006
f 2880 3006 2896
f 2881 2997 3007
f 2881 3007 3006
f 2882 2884 3008
f 2882 3008 2888
f 2883 2987 2884
f 2884 3009 3008
f 2884 2987 3009
f 2885 2886 3005
f 2886 2889 3005
f 2887 3010 3011
f 2887 3011 3012
f 2887 3012 3013
f 2887 2888 3014
f 2887 3014 3010
f 2888 3008 3014
f 2889 3013 3012
f 2889 3012 3015
f 2889 3015 3005
f 2890 2898 3016
f 2890 3016 2899
f 2891 2893 3017
f 2891 3017 2892
f 2892 3017 2897
f 2893 2894 3018
f 2893 3018 3017
f 2894 2895 3019
f 2894 3019 3018
f 2895 2896 3020
f 2895 3020 3019
f 2896 3006 3021
f 2896 3021 3020
f 2897 3017 3022
f 2897 3022 2898
f 2898 3022 3016
f 2899 3016 3023
f 2899 3023 2900
f 2900 3023 3024
f 2900 3024 2901
f 2901 3024 2904
f 2901 2904 2902
f 2903 2904 3025
f 2903 3025 2907
f 2904 3024 3026
f 2904 3026 3025
f 2905 2907 3027
f 2905 3027 3028
f 2905 3028 3029
f 2905 3029 2906
f 2906 3029 3030
f 2906 3030 2908
f 2907 3025 3031
f 2907 3031 3032
f 2907 3032 3028
f 2907 3028 3027
f 2908 3030 2909
f 2909 3033 2910
f 2909 3030 3033
f 2910 3033 3034
f 2910 3034 3035
f 2910 3035 2911
f 2911 3035 3036
f 2911 3036 2912
f 2912 3036 3037
f 2912 3037 3038
f 2912 3038 3039
f 2912 3039 3040
f 2912 3040 2913
f 2913 3040 2914
f 2914 3040 2915
f 2915 3039 2916
f 2915 3040 3039
f 2916 3039 3041
f 2916 3041 3042
f 2916 3042 3043
f 2916 3043 2917
f 2917 3043 3044
f 2917 3044 2919
f 2917 2919 2920
f 2917 2920 2918
f 2919 3044 3045
f 2919 3045 2921
f 2921 3045 3046
f 2921 3046 3047
f 2921 3047 2922
f 2922 3047 3048
f 2922 3048 2923
f 2923 3048 2924
f 2924 3048 3049
f 2924 3049 2925
f 2925 3050 3051
f 2925 3051 2926
f 2925 3049 3050
f 2926 3051 2927
f 2927 3051 3052
f 2927 3052 3053
f 2927 3053 3054
f 2927 3054 2928
f 2928 3054 3055
f 2928 3055 3056
f 2928 3056 3057
f 2928 3057 2929
f 2929 3058 3059
f 2929 3059 2942
f 2929 2942 2930
f 2929 3057 3060
f 2929 3060 3058
f 2930 2942 2931
f 2932 2933 3061
f 2932 3061 3062
f 2932 3062 2934
f 2933 2941 3063
f 2933 3063 3064
f 2933 3064 3061
f 2934 3065 2935
f 2934 3062 3065
f 2935 3066 3067
f 2935 3067 2936
f 2935 3065 3066
f 2936 3067 3068
f 2936 3068 2938
f 2936 2938 2937
f 2938 3068 3069
f 2938 3069 2944
f 2938 2944 2939
f 2939 2944 2943
f 2940 3070 3071
f 2940 3071 2941
f 2940 2942 3070
f 2941 3071 3063
f 2942 3059 3070
f 2944 3069 3072
f 2944 3072 2948
f 2945 2952 3073
f 2945 3073 3074
f 2945 3074 2946
f 2946 3074 3075
f 2946 3075 2947
f 2947 3076 2954
f 2947 2954 2953
f 2947 3075 3076
f 2948 3072 2949
f 2949 3072 3077
f 2949 3077 2950
f 2950 3077 3078
f 2950 3078 3079
f 2950 3079 2951
f 2951 3079 2952
f 2952 3079 3080
f 2952 3080 3073
f 2954 3076 3186
f 2954 3186 3192
f 2954 3192 3191
f 2954 3191 3297
f 2954 3297 3392
f 2954 3392 3473
f 2954 3473 3472
f 2954 3472 3524
f 2954 3524 3523
f 2954 3523 3522
f 2954 3522 3560
f 2954 3560 3563
f 2954 3563 3562
f 2954 3562 3561
f 2954 3561 3526
f 2954 3526 3528
f 2954 3528 3527
f 2954 3527 3520
f 2954 3520 3519
f 2954 3519 3518
f 2954 3518 3517
f 2954 3517 3463
f 2954 3463 3462
f 2954 3462 3516
f 2954 3516 3515
f 2954 3515 3514
f 2954 3514 3452
f 2954 3452 3451
f 2954 3451 3450
f 2954 3450 3449
f 2954 3449 3448
f 2954 3448 3368
f 2954 3368 3367
f 2954 3367 3366
f 2954 3366 3365
f 2954 3365 3364
f 2954 3364 3363
f 2954 3363 3362
f 2954 3362 3360
f 2954 3360 3361
f 2954 3361 3444
f 2954 3444 3443
f 2954 3443 3442
f 2954 3442 3441
f 2954 3441 3445
f 2954 3445 3447
f 2954 3447 3446
f 2954 3446 3510
f 2954 3510 3513
f 2954 3513 3512
f 2954 3512 3511
f 2954 3511 3559
f 2954 3559 3558
f 2954 3558 3589
f 2954 3589 3588
f 2954 3588 3612
f 2954 3612 3608
f 2954 3608 3606
f 2954 3606 3607
f 2954 3607 3604
f 2954 3604 3605
f 2954 3605 3610
f 2954 3610 3609
f 2954 3609 3611
f 2954 3611 3614
f 2954 3614 3613
f 2954 3613 3598
f 2954 3598 3596
f 2954 3596 3568
f 2954 3568 3567
f 2954 3567 3566
f 2954 3566 3531
f 2954 3531 3477
f 2954 3477 3398
f 2954 3398 3309
f 2954 3309 3308
f 2954 3308 3212
f 2954 3212 3211
f 2954 3211 3098
f 2954 3098 3097
f 2954 3097 3209
f 2954 3209 3210
f 2954 3210 3099
f 2954 3099 3103
f 2954 3103 3216
f 2954 3216 3307
f 2954 3307 3207
f 2954 3207 3206
f 2954 3206 3205
f 2954 3205 3204
f 2954 3204 3303
f 2954 3303 3396
f 2954 3396 3476
f 2954 3476 3397
f 2954 3397 3304
f 2954 3304 3229
f 2954 3229 3321
f 2954 3321 3226
f 2954 3226 3225
f 2954 3225 3117
f 2954 3117 3116
f 2954 3116 3227
f 2954 3227 3320
f 2954 3320 3412
f 2954 3412 3489
f 2954 3489 3542
f 2954 3542 3575
f 2954 3575 3600
f 2954 3600 3601
f 2954 3601 3595
f 2954 3595 3594
f 2954 3594 3593
f 2954 3593 3592
f 2954 3592 3591
f 2954 3591 3590
f 2954 3590 3565
f 2954 3565 3530
f 2954 3530 3475
f 2954 3475 3394
f 2954 3394 3299
f 2954 3299 3195
f 2954 3195 3193
f 2954 3193 3081
f 2954 3081 2955
f 2955 3081 2956
f 2956 3081 3082
f 2958 2964 2970
f 2958 2970 2969
f 2960 3083 2961
f 2960 2965 3083
f 2961 3083 3084
f 2961 3084 3085
f 2961 3085 2962
f 2962 3085 2963
f 2963 3085 3086
f 2963 3086 2971
f 2963 2971 2970
f 2963 2970 2964
f 2965 2968 3090
f 2965 3090 3087
f 2965 3087 3083
f 2966 2996 2967
f 2967 3088 3089
f 2967 3089 3090
f 2967 3090 2968
f 2967 2996 3091
f 2967 3091 3088
f 2971 3086 3092
f 2971 3092 3093
f 2971 3093 3094
f 2971 3094 2972
f 2972 3094 3095
f 2972 3095 2978
f 2972 2978 2973
f 2974 3096 3097
f 2974 3097 3098
f 2974 3098 2975
f 2974 2978 3099
f 2974 3099 3096
f 2975 3098 3100
f 2975 3100 2976
f 2976 3100 3101
f 2976 3101 3102
f 2976 3102 2977
f 2977 3102 2979
f 2978 3103 3099
f 2978 3095 3103
f 2979 3102 2981
f 2981 3102 3101
f 2981 3101 3104
f 2981 3104 3105
f 2981 3105 2982
f 2982 3105 2983
f 2983 3105 3106
f 2983 3106 2984
f 2984 3106 3107
f 2984 3107 3108
f 2984 3108 3109
f 2984 3109 2985
f 2985 3108 3110
f 2985 3110 2986
f 2985 3109 3108
f 2986 3110 3111
f 2986 3111 2987
f 2987 3111 3112
f 2987 3112 3113
f 2987 3113 3009
f 2989 2991 2993
f 2991 3114 2993
f 2992 2995 3091
f 2992 3091 2996
f 2993 3115 2994
f 2993 3114 3116
f 2993 3116 3117
f 2993 3117 3115
f 2994 3115 2995
f 2995 3115 3118
f 2995 3118 3119
f 2995 3119 3091
f 2997 2998 3007
f 2998 2999 3004
f 2998 3004 3120
f 2998 3120 3007
f 3000 3002 3001
f 3000 3005 3002
f 3002 3121 3003
f 3002 3005 3122
f 3002 3122 3123
f 3002 3123 3121
f 3003 3121 3004
f 3004 3124 3120
f 3004 3121 3125
f 3004 3125 3124
f 3005 3015 3126
f 3005 3126 3127
f 3005 3127 3122
f 3006 3007 3128
f 3006 3128 3021
f 3007 3120 3129
f 3007 3129 3130
f 3007 3130 3128
f 3008 3009 3131
f 3008 3131 3014
f 3009 3113 3131
f 3010 3132 3133
f 3010 3133 3011
f 3010 3014 3134
f 3010 3134 3132
f 3011 3133 3012
f 3012 3133 3126
f 3012 3126 3015
f 3014 3131 3135
f 3014 3135 3136
f 3014 3136 3134
f 3016 3022 3137
f 3016 3137 3023
f 3017 3018 3138
f 3017 3138 3139
f 3017 3139 3137
f 3017 3137 3022
f 3018 3019 3140
f 3018 3140 3138
f 3019 3020 3140
f 3020 3141 3140
f 3020 3021 3141
f 3021 3128 3142
f 3021 3142 3141
f 3023 3137 3143
f 3023 3143 3024
f 3024 3143 3144
f 3024 3144 3026
f 3025 3026 3031
f 3026 3144 3145
f 3026 3145 3146
f 3026 3146 3031
f 3028 3147 3148
f 3028 3148 3030
f 3028 3030 3029
f 3028 3032 3147
f 3030 3148 3149
f 3030 3149 3033
f 3031 3150 3151
f 3031 3151 3032
f 3031 3146 3255
f 3031 3255 3150
f 3032 3151 3147
f 3033 3149 3152
f 3033 3152 3034
f 3034 3152 3153
f 3034 3153 3154
f 3034 3154 3035
f 3035 3155 3036
f 3035 3154 3155
f 3036 3155 3156
f 3036 3156 3157
f 3036 3157 3158
f 3036 3158 3037
f 3037 3159 3160
f 3037 3160 3161
f 3037 3161 3041
f 3037 3041 3039
f 3037 3039 3038
f 3037 3158 3159
f 3041 3161 3042
f 3042 3161 3162
f 3042 3162 3163
f 3042 3163 3164
f 3042 3164 3043
f 3043 3164 3165
f 3043 3165 3045
f 3043 3045 3044
f 3045 3165 3046
f 3046 3165 3166
f 3046 3166 3047
f 3047 3166 3167
f 3047 3167 3168
f 3047 3168 3048
f 3048 3168 3049
f 3049 3168 3169
f 3049 3169 3170
f 3049 3170 3052
f 3049 3052 3050
f 3050 3052 3051
f 3052 3171 3053
f 3052 3170 3171
f 3053 3171 3054
f 3054 3171 3055
f 3055 3060 3056
f 3055 3171 3060
f 3056 3060 3057
f 3058 3172 3173
f 3058 3173 3059
f 3058 3060 3174
f 3058 3174 3172
f 3059 3173 3070
f 3060 3171 3175
f 3060 3175 3176
f 3060 3176 3174
f 3061 3177 3178
f 3061 3178 3062
f 3061 3064 3177
f 3062 3178 3065
f 3063 3071 3064
f 3064 3071 3184
f 3064 3184 3179
f 3064 3179 3177
f 3065 3180 3181
f 3065 3181 3066
f 3065 3178 3180
f 3066 3181 3182
f 3066 3182 3067
f 3067 3182 3072
f 3067 3072 3069
f 3067 3069 3068
f 3070 3183 3071
f 3070 3173 3183
f 3071 3183 3184
f 3072 3182 3077
f 3073 3080 3185
f 3073 3185 3074
f 3074 3186 3076
f 3074 3076 3075
f 3074 3185 3080
f 3074 3080 3186
f 3077 3182 3078
f 3078 3182 3187
f 3078 3187 3188
f 3078 3188 3189
f 3078 3189 3190
f 3078 3190 3079
f 3079 3190 3080
f 3080 3190 3191
f 3080 3191 3192
f 3080 3192 3186
f 3081 3193 3082
f 3082 3193 3195
f 3082 3195 3194
f 3083 3087 3196
f 3083 3196 3197
f 3083 3197 3084
f 3084 3197 3085
f 3085 3197 3198
f 3085 3198 3199
f 3085 3199 3086
f 3086 3199 3200
f 3086 3200 3092
f 3087 3201 3196
f 3087 3090 3201
f 3088 3119 3202
f 3088 3202 3089
f 3088 3091 3119
f 3089 3202 3203
f 3089 3203 3201
f 3089 3201 3090
f 3092 3204 3205
f 3092 3205 3206
f 3092 3206 3093
f 3092 3200 3204
f 3093 3206 3207
f 3093 3207 3208
f 3093 3208 3094
f 3094 3208 3095
f 3095 3208 3103
f 3096 3209 3097
f 3096 3099 3210
f 3096 3210 3209
f 3098 3211 3100
f 3100 3211 3212
f 3100 3212 3213
f 3100 3213 3214
f 3100 3214 3101
f 3101 3214 3215
f 3101 3215 3104
f 3103 3208 3216
f 3104 3215 3105
f 3105 3215 3217
f 3105 3217 3218
f 3105 3218 3106
f 3106 3218 3107
f 3107 3218 3219
f 3107 3219 3108
f 3108 3220 3110
f 3108 3219 3220
f 3110 3220 3221
f 3110 3221 3112
f 3110 3112 3111
f 3112 3221 3222
f 3112 3222 3223
f 3112 3223 3135
f 3112 3135 3113
f 3113 3135 3131
f 3114 3224 3116
f 3115 3117 3225
f 3115 3225 3226
f 3115 3226 3118
f 3116 3224 3227
f 3118 3226 3119
f 3119 3226 3228
f 3119 3228 3229
f 3119 3229 3230
f 3119 3230 3202
f 3120 3231 3129
f 3120 3124 3232
f 3120 3232 3231
f 3121 3123 3125
f 3122 3127 3233
f 3122 3233 3123
f 3123 3233 3125
f 3124 3234 3235
f 3124 3235 3232
f 3124 3125 3236
f 3124 3236 3234
f 3125 3233 3237
f 3125 3237 3238
f 3125 3238 3236
f 3126 3239 3233
f 3126 3233 3127
f 3126 3133 3240
f 3126 3240 3239
f 3128 3241 3142
f 3128 3130 3241
f 3129 3231 3130
f 3130 3231 3242
f 3130 3242 3241
f 3132 3134 3133
f 3133 3134 3240
f 3134 3136 3243
f 3134 3243 3240
f 3135 3223 3136
f 3136 3244 3243
f 3136 3223 3244
f 3137 3139 3138
f 3137 3138 3245
f 3137 3245 3246
f 3137 3246 3143
f 3138 3247 3248
f 3138 3248 3245
f 3138 3140 3247
f 3140 3141 3249
f 3140 3249 3247
f 3141 3142 3250
f 3141 3250 3251
f 3141 3251 3249
f 3142 3241 3337
f 3142 3337 3250
f 3143 3246 3343
f 3143 3343 3252
f 3143 3252 3144
f 3144 3252 3253
f 3144 3253 3254
f 3144 3254 3145
f 3145 3255 3146
f 3145 3254 3256
f 3145 3256 3255
f 3147 3151 3257
f 3147 3257 3258
f 3147 3258 3259
f 3147 3259 3148
f 3148 3259 3260
f 3148 3260 3149
f 3149 3260 3152
f 3150 3261 3257
f 3150 3257 3151
f 3150 3255 3261
f 3152 3260 3262
f 3152 3262 3153
f 3153 3263 3154
f 3153 3262 3264
f 3153 3264 3263
f 3154 3263 3265
f 3154 3265 3266
f 3154 3266 3155
f 3155 3266 3156
f 3156 3266 3267
f 3156 3267 3268
f 3156 3268 3157
f 3157 3268 3269
f 3157 3269 3270
f 3157 3270 3158
f 3158 3270 3159
f 3159 3270 3271
f 3159 3271 3160
f 3160 3271 3272
f 3160 3272 3161
f 3161 3272 3162
f 3162 3273 3274
f 3162 3274 3163
f 3162 3272 3273
f 3163 3166 3164
f 3163 3274 3275
f 3163 3275 3167
f 3163 3167 3166
f 3164 3166 3165
f 3167 3275 3168
f 3168 3276 3169
f 3168 3275 3276
f 3169 3276 3277
f 3169 3277 3170
f 3170 3277 3278
f 3170 3278 3279
f 3170 3279 3171
f 3171 3279 3280
f 3171 3280 3175
f 3172 3281 3173
f 3172 3174 3282
f 3172 3282 3281
f 3173 3281 3283
f 3173 3283 3183
f 3174 3176 3282
f 3175 3284 3285
f 3175 3285 3286
f 3175 3286 3176
f 3175 3280 3284
f 3176 3286 3287
f 3176 3287 3282
f 3177 3179 3288
f 3177 3288 3289
f 3177 3289 3178
f 3178 3289 3180
f 3179 3290 3288
f 3179 3184 3291
f 3179 3291 3290
f 3180 3289 3292
f 3180 3292 3293
f 3180 3293 3181
f 3181 3293 3188
f 3181 3188 3187
f 3181 3187 3182
f 3183 3283 3294
f 3183 3294 3184
f 3184 3294 3291
f 3188 3293 3295
f 3188 3295 3296
f 3188 3296 3189
f 3189 3296 3297
f 3189 3297 3190
f 3190 3297 3191
f 3194 3195 3299
f 3194 3299 3298
f 3196 3198 3197
f 3196 3201 3198
f 3198 3201 3300
f 3198 3300 3301
f 3198 3301 3199
f 3199 3302 3200
f 3199 3301 3302
f 3200 3302 3303
f 3200 3303 3204
f 3201 3203 3300
f 3202 3230 3304
f 3202 3304 3305
f 3202 3305 3203
f 3203 3305 3306
f 3203 3306 3300
f 3207 3307 3208
f 3208 3307 3216
f 3212 3308 3213
f 3213 3308 3309
f 3213 3309 3310
f 3213 3310 3311
f 3213 3311 3214
f 3214 3311 3215
f 3215 3311 3312
f 3215 3312 3313
f 3215 3313 3217
f 3217 3313 3218
f 3218 3313 3314
f 3218 3314 3315
f 3218 3315 3219
f 3219 3315 3316
f 3219 3316 3220
f 3220 3316 3221
f 3221 3316 3222
f 3222 3316 3317
f 3222 3317 3223
f 3223 3317 3318
f 3223 3318 3244
f 3224 3319 3320
f 3224 3320 3227
f 3226 3321 3228
f 3228 3321 3229
f 3229 3304 3230
f 3231 3232 3322
f 3231 3322 3242
f 3232 3235 3322
f 3233 3239 3323
f 3233 3323 3324
f 3233 3324 3237
f 3234 3325 3235
f 3234 3236 3326
f 3234 3326 3325
f 3235 3325 3327
f 3235 3327 3328
f 3235 3328 3329
f 3235 3329 3322
f 3236 3238 3330
f 3236 3330 3331
f 3236 3331 3326
f 3237 3324 3238
f 3238 3324 3332
f 3238 3332 3333
f 3238 3333 3330
f 3239 3334 3324
f 3239 3324 3323
f 3239 3240 3335
f 3239 3335 3334
f 3240 3243 3336
f 3240 3336 3335
f 3241 3242 3337
f 3242 3322 3337
f 3243 3244 3338
f 3243 3338 3336
f 3244 3318 3338
f 3245 3248 3339
f 3245 3339 3340
f 3245 3340 3246
f 3246 3340 3339
f 3246 3339 3341
f 3246 3341 3342
f 3246 3342 3343
f 3247 3249 3251
f 3247 3251 3344
f 3247 3344 3345
f 3247 3345 3346
f 3247 3346 3341
f 3247 3341 3339
f 3247 3339 3248
f 3250 3347 3348
f 3250 3348 3344
f 3250 3344 3251
f 3250 3337 3347
f 3252 3343 3349
f 3252 3349 3253
f 3253 3349 3350
f 3253 3350 3351
f 3253 3351 3254
f 3254 3351 3256
f 3255 3256 3352
f 3255 3352 3261
f 3256 3351 3353
f 3256 3353 3354
f 3256 3354 3352
f 3257 3261 3355
f 3257 3355 3356
f 3257 3356 3258
f 3258 3356 3357
f 3258 3357 3259
f 3259 3357 3358
f 3259 3358 3260
f 3260 3358 3262
f 3261 3359 3355
f 3261 3352 3359
f 3262 3358 3264
f 3263 3360 3265
f 3263 3264 3360
f 3264 3358 3361
f 3264 3361 3360
f 3265 3360 3362
f 3265 3362 3363
f 3265 3363 3266
f 3266 3364 3267
f 3266 3363 3364
f 3267 3364 3365
f 3267 3365 3268
f 3268 3366 3367
f 3268 3367 3269
f 3268 3365 3366
f 3269 3368 3369
f 3269 3369 3270
f 3269 3367 3368
f 3270 3369 3271
f 3271 3369 3272
f 3272 3370 3273
f 3272 3369 3370
f 3273 3371 3372
f 3273 3372 3274
f 3273 3370 3371
f 3274 3372 3275
f 3275 3373 3276
f 3275 3372 3373
f 3276 3374 3277
f 3276 3373 3374
f 3277 3375 3278
f 3277 3374 3375
f 3278 3375 3376
f 3278 3376 3377
f 3278 3377 3279
f 3279 3377 3280
f 3280 3377 3284
f 3281 3282 3287
f 3281 3287 3378
f 3281 3378 3283
f 3283 3378 3379
f 3283 3379 3291
f 3283 3291 3294
f 3284 3380 3381
f 3284 3381 3285
f 3284 3377 3382
f 3284 3382 3383
f 3284 3383 3380
f 3285 3381 3384
f 3285 3384 3286
f 3286 3384 3385
f 3286 3385 3287
f 3287 3385 3378
f 3288 3290 3386
f 3288 3386 3289
f 3289 3387 3292
f 3289 3386 3387
f 3290 3291 3388
f 3290 3388 3386
f 3291 3389 3388
f 3291 3379 3389
f 3292 3390 3295
f 3292 3295 3293
f 3292 3387 3390
f 3295 3390 3391
f 3295 3391 3296
f 3296 3392 3297
f 3296 3391 3392
f 3298 3299 3393
f 3299 3394 3393
f 3300 3306 3301
f 3301 3306 3395
f 3301 3395 3302
f 3302 3395 3396
f 3302 3396 3303
f 3304 3397 3305
f 3305 3397 3306
f 3306 3397 3395
f 3309 3398 3310
f 3310 3398 3399
f 3310 3399 3400
f 3310 3400 3311
f 3311 3400 3312
f 3312 3401 3313
f 3312 3400 3402
f 3312 3402 3403
f 3312 3403 3401
f 3313 3401 3404
f 3313 3404 3314
f 3314 3404 3315
f 3315 3404 3316
f 3316 3405 3406
f 3316 3406 3407
f 3316 3407 3317
f 3316 3404 3405
f 3317 3408 3409
f 3317 3409 3318
f 3317 3407 3406
f 3317 3406 3408
f 3318 3409 3410
f 3318 3410 3338
f 3319 3411 3412
f 3319 3412 3320
f 3322 3329 3337
f 3324 3334 3332
f 3325 3326 3413
f 3325 3413 3327
f 3326 3331 3414
f 3326 3414 3413
f 3327 3413 3415
f 3327 3415 3416
f 3327 3416 3417
f 3327 3417 3328
f 3328 3417 3418
f 3328 3418 3337
f 3328 3337 3329
f 3330 3333 3423
f 3330 3423 3419
f 3330 3419 3331
f 3331 3419 3420
f 3331 3420 3414
f 3332 3334 3421
f 3332 3421 3333
f 3333 3421 3422
f 3333 3422 3423
f 3334 3335 3424
f 3334 3424 3421
f 3335 3425 3424
f 3335 3336 3426
f 3335 3426 3425
f 3336 3338 3426
f 3337 3418 3347
f 3338 3410 3426
f 3341 3346 3427
f 3341 3427 3428
f 3341 3428 3342
f 3342 3428 3429
f 3342 3429 3343
f 3343 3429 3349
f 3344 3348 3345
f 3345 3348 3430
f 3345 3430 3427
f 3345 3427 3346
f 3347 3418 3348
f 3348 3418 3431
f 3348 3431 3432
f 3348 3432 3433
f 3348 3433 3430
f 3349 3429 3434
f 3349 3434 3350
f 3350 3434 3435
f 3350 3435 3436
f 3350 3436 3351
f 3351 3436 3353
f 3352 3354 3437
f 3352 3437 3359
f 3353 3436 3438
f 3353 3438 3439
f 3353 3439 3440
f 3353 3440 3354
f 3354 3440 3437
f 3355 3359 3441
f 3355 3441 3442
f 3355 3442 3356
f 3356 3442 3443
f 3356 3443 3357
f 3357 3443 3444
f 3357 3444 3358
f 3358 3444 3361
f 3359 3445 3441
f 3359 3437 3446
f 3359 3446 3447
f 3359 3447 3445
f 3368 3448 3369
f 3369 3448 3449
f 3369 3449 3370
f 3370 3449 3450
f 3370 3450 3371
f 3371 3450 3451
f 3371 3451 3452
f 3371 3452 3453
f 3371 3453 3372
f 3372 3453 3454
f 3372 3454 3373
f 3373 3454 3374
f 3374 3454 3455
f 3374 3455 3375
f 3375 3456 3382
f 3375 3382 3376
f 3375 3455 3456
f 3376 3382 3377
f 3378 3385 3457
f 3378 3457 3458
f 3378 3458 3379
f 3379 3458 3389
f 3380 3383 3459
f 3380 3459 3381
f 3381 3459 3460
f 3381 3460 3461
f 3381 3461 3384
f 3382 3456 3462
f 3382 3462 3383
f 3383 3462 3463
f 3383 3463 3459
f 3384 3461 3464
f 3384 3464 3385
f 3385 3464 3457
f 3386 3388 3465
f 3386 3465 3387
f 3387 3465 3466
f 3387 3466 3390
f 3388 3389 3465
f 3389 3467 3468
f 3389 3468 3469
f 3389 3469 3465
f 3389 3458 3470
f 3389 3470 3471
f 3389 3471 3467
f 3390 3466 3472
f 3390 3472 3473
f 3390 3473 3391
f 3391 3473 3392
f 3393 3394 3474
f 3394 3475 3474
f 3395 3476 3396
f 3395 3397 3476
f 3398 3477 3478
f 3398 3478 3399
f 3399 3478 3479
f 3399 3479 3402
f 3399 3402 3400
f 3401 3403 3480
f 3401 3480 3404
f 3402 3479 3481
f 3402 3481 3403
f 3403 3481 3482
f 3403 3482 3483
f 3403 3483 3406
f 3403 3406 3405
f 3403 3405 3480
f 3404 3480 3405
f 3406 3483 3408
f 3408 3484 3409
f 3408 3483 3485
f 3408 3485 3484
f 3409 3486 3487
f 3409 3487 3426
f 3409 3426 3410
f 3409 3484 3486
f 3411 3488 3489
f 3411 3489 3412
f 3413 3414 3415
f 3414 3420 3490
f 3414 3490 3415
f 3415 3490 3416
f 3416 3491 3492
f 3416 3492 3493
f 3416 3493 3417
f 3416 3490 3491
f 3417 3493 3494
f 3417 3494 3431
f 3417 3431 3418
f 3419 3423 3499
f 3419 3499 3495
f 3419 3495 3496
f 3419 3496 3497
f 3419 3497 3420
f 3420 3497 3490
f 3421 3424 3498
f 3421 3498 3422
f 3422 3499 3423
f 3422 3498 3500
f 3422 3500 3499
f 3424 3425 3498
f 3425 3501 3498
f 3425 3426 3501
f 3426 3487 3501
f 3427 3430 3502
f 3427 3502 3503
f 3427 3503 3504
f 3427 3504 3428
f 3428 3504 3429
f 3429 3504 3434
f 3430 3433 3502
f 3431 3494 3432
f 3432 3494 3505
f 3432 3505 3433
f 3433 3505 3506
f 3433 3506 3502
f 3434 3504 3435
f 3435 3504 3507
f 3435 3507 3508
f 3435 3508 3509
f 3435 3509 3436
f 3436 3509 3438
f 3437 3440 3510
f 3437 3510 3446
f 3438 3509 3511
f 3438 3511 3512
f 3438 3512 3513
f 3438 3513 3439
f 3439 3513 3440
f 3440 3513 3510
f 3452 3454 3453
f 3452 3514 3455
f 3452 3455 3454
f 3455 3514 3515
f 3455 3515 3456
f 3456 3516 3462
f 3456 3515 3516
f 3457 3470 3458
f 3457 3464 3470
f 3459 3517 3518
f 3459 3518 3460
f 3459 3463 3517
f 3460 3518 3461
f 3461 3518 3519
f 3461 3519 3464
f 3464 3520 3521
f 3464 3521 3470
f 3464 3519 3520
f 3465 3469 3522
f 3465 3522 3523
f 3465 3523 3524
f 3465 3524 3466
f 3466 3524 3472
f 3467 3525 3468
f 3467 3471 3526
f 3467 3526 3525
f 3468 3525 3469
f 3469 3525 3522
f 3470 3521 3471
f 3471 3521 3520
f 3471 3520 3527
f 3471 3527 3528
f 3471 3528 3526
f 3474 3475 3530
f 3474 3530 3529
f 3477 3531 3478
f 3478 3531 3479
f 3479 3531 3532
f 3479 3532 3481
f 3481 3532 3533
f 3481 3533 3482
f 3482 3533 3534
f 3482 3534 3535
f 3482 3535 3483
f 3483 3535 3485
f 3484 3485 3536
f 3484 3536 3537
f 3484 3537 3486
f 3485 3535 3538
f 3485 3538 3536
f 3486 3537 3539
f 3486 3539 3487
f 3487 3539 3540
f 3487 3540 3501
f 3488 3541 3542
f 3488 3542 3489
f 3490 3497 3543
f 3490 3543 3491
f 3491 3544 3545
f 3491 3545 3492
f 3491 3543 3546
f 3491 3546 3544
f 3492 3545 3493
f 3493 3545 3547
f 3493 3547 3494
f 3494 3547 3505
f 3495 3499 3548
f 3495 3548 3549
f 3495 3549 3496
f 3496 3549 3497
f 3497 3549 3550
f 3497 3550 3543
f 3498 3501 3500
f 3499 3500 3551
f 3499 3551 3552
f 3499 3552 3548
f 3500 3501 3540
f 3500 3540 3551
f 3502 3553 3503
f 3502 3506 3505
f 3502 3505 3554
f 3502 3554 3553
f 3503 3553 3555
f 3503 3555 3504
f 3504 3555 3507
f 3505 3547 3556
f 3505 3556 3554
f 3507 3555 3557
f 3507 3557 3508
f 3508 3558 3559
f 3508 3559 3509
f 3508 3557 3558
f 3509 3559 3511
f 3522 3525 3560
f 3525 3526 3561
f 3525 3561 3562
f 3525 3562 3563
f 3525 3563 3560
f 3529 3530 3564
f 3530 3565 3564
f 3531 3566 3533
f 3531 3533 3532
f 3533 3566 3567
f 3533 3567 3568
f 3533 3568 3534
f 3534 3568 3569
f 3534 3569 3535
f 3535 3569 3538
f 3536 3538 3570
f 3536 3570 3537
f 3537 3570 3571
f 3537 3571 3539
f 3538 3569 3572
f 3538 3572 3570
f 3539 3571 3573
f 3539 3573 3540
f 3540 3573 3551
f 3541 3574 3575
f 3541 3575 3542
f 3543 3550 3546
f 3544 3546 3576
f 3544 3576 3577
f 3544 3577 3545
f 3545 3577 3578
f 3545 3578 3579
f 3545 3579 3547
f 3546 3550 3576
f 3547 3579 3580
f 3547 3580 3556
f 3548 3581 3582
f 3548 3582 3549
f 3548 3552 3581
f 3549 3582 3576
f 3549 3576 3583
f 3549 3583 3550
f 3550 3583 3576
f 3551 3573 3552
f 3552 3584 3581
f 3552 3573 3584
f 3553 3554 3585
f 3553 3585 3557
f 3553 3557 3555
f 3554 3586 3585
f 3554 3556 3586
f 3556 3580 3587
f 3556 3587 3586
f 3557 3585 3588
f 3557 3588 3589
f 3557 3589 3558
f 3564 3565 3590
f 3564 3590 3591
f 3564 3591 3592
f 3564 3592 3593
f 3564 3593 3594
f 3564 3594 3595
f 3568 3596 3569
f 3569 3596 3572
f 3570 3572 3571
f 3571 3597 3573
f 3571 3572 3597
f 3572 3596 3598
f 3572 3598 3597
f 3573 3597 3599
f 3573 3599 3584
f 3574 3600 3575
f 3574 3601 3600
f 3576 3582 3602
f 3576 3602 3603
f 3576 3603 3577
f 3577 3604 3578
f 1 2831 2957
f 1 2957 2956
f 1 2956 3082
f 1 3082 3194
f 1 3194 3298
f 1 3298 3393
f 1 3393 3474
f 1 3474 3529
f 1 3529 3564
f 1 3564 3595
f 1 3595 3601
f 1 3601 3574
f 1 3574 3541
f 1 3541 3488
f 1 3488 3411
f 1 3411 3319
f 1 3319 3224
f 1 3224 3114
f 1 3114 2991
f 1 2991 2990
f 1 2990 2988
f 1 2988 2866
f 1 2866 2735
f 1 2735 2604
f 1 2604 2603
f 1 2603 2602
f 1 2602 2477
f 1 2477 2342
f 1 2342 2341
f 1 2341 2211
f 1 2211 2083
f 1 2083 1951
f 1 272 327
f 1 327 393
f 1 393 392
f 1 392 391
f 1 391 390
f 1 390 396
f 1 396 395
f 1 79 108
f 1 108 107
f 1 107 106
f 1 106 109
f 1 109 105
f 1 105 145
f 1 145 183
f 1 183 227
f 1 2 3
f 1 3 4
f 1 4 10
f 1 10 20
f 1 20 19
f 1 19 35
f 1 35 54
f 1 54 79
f 1 2170 2173

