# https://github.com/mikedh/trimesh
v -0.00687574 -0.03739762 0.00314120 0.38039216 0.78823529 0.52549020
v -0.00691854 -0.03739044 0.00314120 0.38039216 0.78823529 0.52549020
v -0.00687574 -0.03738685 0.00188000 0.38039216 0.78823529 0.52549020
v -0.00687574 -0.03738685 0.00439562 0.38039216 0.78823529 0.52549020
v -0.00691854 -0.03737967 0.00439562 0.38039216 0.78823529 0.52549020
v -0.00817500 -0.03712485 0.00439562 0.38039216 0.78823529 0.52549020
v -0.00817500 -0.03713203 0.00314120 0.38039216 0.78823529 0.52549020
v -0.00691854 -0.03737967 0.00188000 0.38039216 0.78823529 0.52549020
v -0.00687574 -0.03734378 0.00062558 0.38039216 0.78823529 0.52549020
v -0.00687574 -0.03734378 0.00565682 0.38039216 0.78823529 0.52549020
v -0.00691854 -0.03733660 0.00565682 0.38039216 0.78823529 0.52549020
v -0.00817500 -0.03708896 0.00565682 0.38039216 0.78823529 0.52549020
v -0.00943145 -0.03683055 0.00439562 0.38039216 0.78823529 0.52549020
v -0.00943145 -0.03684132 0.00314120 0.38039216 0.78823529 0.52549020
v -0.00817500 -0.03712126 0.00188000 0.38039216 0.78823529 0.52549020
v -0.00691854 -0.03733660 0.00062558 0.38039216 0.78823529 0.52549020
v -0.00687574 -0.03728277 -0.00062884 0.38039216 0.78823529 0.52549020
v -0.00687574 -0.03727200 0.00691123 0.38039216 0.78823529 0.52549020
v -0.00691854 -0.03726482 0.00691123 0.38039216 0.78823529 0.52549020
v -0.00817500 -0.03701718 0.00691123 0.38039216 0.78823529 0.52549020
v -0.00943145 -0.03673724 0.00691123 0.38039216 0.78823529 0.52549020
v -0.01031189 -0.03652908 0.00691123 0.38039216 0.78823529 0.52549020
v -0.00943145 -0.03679107 0.00565682 0.38039216 0.78823529 0.52549020
v -0.01038220 -0.03655061 0.00565682 0.38039216 0.78823529 0.52549020
v -0.01042806 -0.03656856 0.00439562 0.38039216 0.78823529 0.52549020
v -0.01042500 -0.03657214 0.00314120 0.38039216 0.78823529 0.52549020
v -0.00943145 -0.03680543 0.00188000 0.38039216 0.78823529 0.52549020
v -0.00817500 -0.03707460 0.00062558 0.38039216 0.78823529 0.52549020
v -0.00691854 -0.03727559 -0.00062884 0.38039216 0.78823529 0.52549020
v -0.00687574 -0.03720022 -0.00184258 0.38039216 0.78823529 0.52549020
v -0.00687574 -0.03726841 0.00695192 0.38039216 0.78823529 0.52549020
v -0.00691854 -0.03691310 0.01068127 0.38039216 0.78823529 0.52549020
v -0.00817500 -0.03668699 0.01068127 0.38039216 0.78823529 0.52549020
v -0.01008261 -0.03646806 0.00884372 0.38039216 0.78823529 0.52549020
v -0.01017738 -0.03648960 0.00817243 0.38039216 0.78823529 0.52549020
v -0.01080713 -0.03634245 0.00817243 0.38039216 0.78823529 0.52549020
v -0.01093858 -0.03636398 0.00691123 0.38039216 0.78823529 0.52549020
v -0.01194742 -0.03609481 0.00691123 0.38039216 0.78823529 0.52549020
v -0.01194742 -0.03612352 0.00565682 0.38039216 0.78823529 0.52549020
v -0.01194742 -0.03613070 0.00439562 0.38039216 0.78823529 0.52549020
v -0.01194742 -0.03611993 0.00314120 0.38039216 0.78823529 0.52549020
v -0.01194742 -0.03607686 0.00188000 0.38039216 0.78823529 0.52549020
v -0.01035163 -0.03654702 0.00188000 0.38039216 0.78823529 0.52549020
v -0.00943145 -0.03674442 0.00062558 0.38039216 0.78823529 0.52549020
v -0.00817500 -0.03700641 -0.00062884 0.38039216 0.78823529 0.52549020
v -0.00691854 -0.03718945 -0.00188326 0.38039216 0.78823529 0.52549020
v -0.00687574 -0.03709255 -0.00309700 0.38039216 0.78823529 0.52549020
v -0.00687574 -0.03692028 0.01068127 0.38039216 0.78823529 0.52549020
v -0.00687574 -0.03677672 0.01198316 0.38039216 0.78823529 0.52549020
v -0.00818722 -0.03656138 0.01188145 0.38039216 0.78823529 0.52549020
v -0.00886284 -0.03647524 0.01141358 0.38039216 0.78823529 0.52549020
v -0.01057785 -0.03629220 0.00932514 0.38039216 0.78823529 0.52549020
v -0.01068791 -0.03599431 0.01194247 0.38039216 0.78823529 0.52549020
v -0.01194742 -0.03592253 0.00942685 0.38039216 0.78823529 0.52549020
v -0.01194742 -0.03603738 0.00817243 0.38039216 0.78823529 0.52549020
v -0.01320387 -0.03572155 0.00691123 0.38039216 0.78823529 0.52549020
v -0.01320387 -0.03575744 0.00565682 0.38039216 0.78823529 0.52549020
v -0.01320387 -0.03575385 0.00439562 0.38039216 0.78823529 0.52549020
v -0.01320387 -0.03572873 0.00314120 0.38039216 0.78823529 0.52549020
v -0.01320387 -0.03568207 0.00188000 0.38039216 0.78823529 0.52549020
v -0.01194742 -0.03599431 0.00062558 0.38039216 0.78823529 0.52549020
v -0.01023240 -0.03651472 0.00062558 0.38039216 0.78823529 0.52549020
v -0.00953233 -0.03662957 -0.00064918 0.38039216 0.78823529 0.52549020
v -0.00817500 -0.03691310 -0.00188326 0.38039216 0.78823529 0.52549020
v -0.00691854 -0.03708178 -0.00313768 0.38039216 0.78823529 0.52549020
v -0.00687574 -0.03708896 -0.00313768 0.38039216 0.78823529 0.52549020
v -0.00687574 -0.03656856 0.01346134 0.38039216 0.78823529 0.52549020
v -0.00777758 -0.03651472 0.01286464 0.38039216 0.78823529 0.52549020
v -0.00861521 -0.03642141 0.01225438 0.38039216 0.78823529 0.52549020
v -0.00934280 -0.03631015 0.01188145 0.38039216 0.78823529 0.52549020
v -0.01194742 -0.03566772 0.01194247 0.38039216 0.78823529 0.52549020
v -0.01068791 -0.03584358 0.01319689 0.38039216 0.78823529 0.52549020
v -0.01320387 -0.03554210 0.00942685 0.38039216 0.78823529 0.52549020
v -0.01300822 -0.03534829 0.01194247 0.38039216 0.78823529 0.52549020
v -0.01320387 -0.03564977 0.00817243 0.38039216 0.78823529 0.52549020
v -0.01418213 -0.03532317 0.00817243 0.38039216 0.78823529 0.52549020
v -0.01426162 -0.03536265 0.00691123 0.38039216 0.78823529 0.52549020
v -0.01429830 -0.03538419 0.00565682 0.38039216 0.78823529 0.52549020
v -0.01429525 -0.03538060 0.00439562 0.38039216 0.78823529 0.52549020
v -0.01425550 -0.03536265 0.00314120 0.38039216 0.78823529 0.52549020
v -0.01417296 -0.03533753 0.00188000 0.38039216 0.78823529 0.52549020
v -0.01320387 -0.03559953 0.00062558 0.38039216 0.78823529 0.52549020
v -0.01194742 -0.03589382 -0.00062884 0.38039216 0.78823529 0.52549020
v -0.01012235 -0.03648242 -0.00024912 0.38039216 0.78823529 0.52549020
v -0.01060231 -0.03630297 -0.00064918 0.38039216 0.78823529 0.52549020
v -0.01194742 -0.03578974 -0.00188326 0.38039216 0.78823529 0.52549020
v -0.01001535 -0.03644653 -0.00107636 0.38039216 0.78823529 0.52549020
v -0.01068791 -0.03617376 -0.00188326 0.38039216 0.78823529 0.52549020
v -0.00926025 -0.03660803 -0.00188326 0.38039216 0.78823529 0.52549020
v -0.00906155 -0.03654343 -0.00313768 0.38039216 0.78823529 0.52549020
v -0.00817500 -0.03678749 -0.00313768 0.38039216 0.78823529 0.52549020
v -0.00691854 -0.03695617 -0.00439888 0.38039216 0.78823529 0.52549020
v -0.00687574 -0.03696335 -0.00439888 0.38039216 0.78823529 0.52549020
v -0.00741990 -0.03643935 0.01370544 0.38039216 0.78823529 0.52549020
v -0.00687574 -0.03638552 0.01458014 0.38039216 0.78823529 0.52549020
v -0.00817500 -0.03574308 0.01697371 0.38039216 0.78823529 0.52549020
v -0.00943145 -0.03592253 0.01445809 0.38039216 0.78823529 0.52549020
v -0.00943145 -0.03611634 0.01319689 0.38039216 0.78823529 0.52549020
v -0.01194742 -0.03551698 0.01319689 0.38039216 0.78823529 0.52549020
v -0.01068791 -0.03564618 0.01445809 0.38039216 0.78823529 0.52549020
v -0.01377554 -0.03518679 0.01113557 0.38039216 0.78823529 0.52549020
v -0.01390394 -0.03522986 0.01029478 0.38039216 0.78823529 0.52549020
v -0.01403539 -0.03527293 0.00942685 0.38039216 0.78823529 0.52549020
v -0.01275754 -0.03526575 0.01319689 0.38039216 0.78823529 0.52549020
v -0.01363492 -0.03513654 0.01194247 0.38039216 0.78823529 0.52549020
v -0.01481189 -0.03510783 0.00817243 0.38039216 0.78823529 0.52549020
v -0.01488832 -0.03512937 0.00691123 0.38039216 0.78823529 0.52549020
v -0.01492806 -0.03514013 0.00565682 0.38039216 0.78823529 0.52549020
v -0.01492500 -0.03514013 0.00439562 0.38039216 0.78823529 0.52549020
v -0.01488526 -0.03512578 0.00314120 0.38039216 0.78823529 0.52549020
v -0.01480272 -0.03508630 0.00188000 0.38039216 0.78823529 0.52549020
v -0.01405679 -0.03529446 0.00062558 0.38039216 0.78823529 0.52549020
v -0.01394063 -0.03524780 -0.00037796 0.38039216 0.78823529 0.52549020
v -0.01295319 -0.03534112 -0.00313768 0.38039216 0.78823529 0.52549020
v -0.01194742 -0.03567848 -0.00313768 0.38039216 0.78823529 0.52549020
v -0.01068791 -0.03594407 -0.00439888 0.38039216 0.78823529 0.52549020
v -0.00891175 -0.03649319 -0.00401238 0.38039216 0.78823529 0.52549020
v -0.00825142 -0.03662598 -0.00441922 0.38039216 0.78823529 0.52549020
v -0.00789375 -0.03655420 -0.00565330 0.38039216 0.78823529 0.52549020
v -0.00687574 -0.03679825 -0.00565330 0.38039216 0.78823529 0.52549020
v -0.00691854 -0.03618453 0.01571251 0.38039216 0.78823529 0.52549020
v -0.00687574 -0.03597278 0.01697371 0.38039216 0.78823529 0.52549020
v -0.00943145 -0.03570720 0.01571251 0.38039216 0.78823529 0.52549020
v -0.00691854 -0.03596560 0.01697371 0.38039216 0.78823529 0.52549020
v -0.00691854 -0.03570720 0.01822813 0.38039216 0.78823529 0.52549020
v -0.00827588 -0.03542008 0.01832984 0.38039216 0.78823529 0.52549020
v -0.00952928 -0.03541290 0.01706864 0.38039216 0.78823529 0.52549020
v -0.01193213 -0.03532676 0.01436316 0.38039216 0.78823529 0.52549020
v -0.01260163 -0.03521550 0.01387496 0.38039216 0.78823529 0.52549020
v -0.01075516 -0.03538419 0.01575997 0.38039216 0.78823529 0.52549020
v -0.01121984 -0.03517961 0.01621428 0.38039216 0.78823529 0.52549020
v -0.01150109 -0.03526216 0.01537348 0.38039216 0.78823529 0.52549020
v -0.01437779 -0.03501452 0.01070161 0.38039216 0.78823529 0.52549020
v -0.01466515 -0.03505400 0.00942685 0.38039216 0.78823529 0.52549020
v -0.01446033 -0.03483866 0.01194247 0.38039216 0.78823529 0.52549020
v -0.01338730 -0.03505041 0.01319689 0.38039216 0.78823529 0.52549020
v -0.01552724 -0.03411009 0.01445809 0.38039216 0.78823529 0.52549020
v -0.01571984 -0.03464844 0.00942685 0.38039216 0.78823529 0.52549020
v -0.01571984 -0.03474175 0.00817243 0.38039216 0.78823529 0.52549020
v -0.01571984 -0.03478482 0.00691123 0.38039216 0.78823529 0.52549020
v -0.01571984 -0.03480277 0.00565682 0.38039216 0.78823529 0.52549020
v -0.01571984 -0.03480277 0.00439562 0.38039216 0.78823529 0.52549020
v -0.01571984 -0.03477047 0.00314120 0.38039216 0.78823529 0.52549020
v -0.01571984 -0.03469869 0.00188000 0.38039216 0.78823529 0.52549020
v -0.01571984 -0.03461255 0.00062558 0.38039216 0.78823529 0.52549020
v -0.01468655 -0.03504323 0.00062558 0.38039216 0.78823529 0.52549020
v -0.01446033 -0.03476688 -0.00313768 0.38039216 0.78823529 0.52549020
v -0.01358295 -0.03511142 -0.00313768 0.38039216 0.78823529 0.52549020
v -0.01276977 -0.03527652 -0.00439888 0.38039216 0.78823529 0.52549020
v -0.01194742 -0.03555287 -0.00439888 0.38039216 0.78823529 0.52549020
v -0.01068791 -0.03580769 -0.00565330 0.38039216 0.78823529 0.52549020
v -0.00943145 -0.03615941 -0.00565330 0.38039216 0.78823529 0.52549020
v -0.00943145 -0.03599431 -0.00691450 0.38039216 0.78823529 0.52549020
v -0.00767669 -0.03649319 -0.00649410 0.38039216 0.78823529 0.52549020
v -0.00693994 -0.03638193 -0.00827063 0.38039216 0.78823529 0.52549020
v -0.00687574 -0.03638911 -0.00831131 0.38039216 0.78823529 0.52549020
v -0.00687574 -0.03571437 0.01822813 0.38039216 0.78823529 0.52549020
v -0.01038220 -0.03528369 0.01670926 0.38039216 0.78823529 0.52549020
v -0.00690937 -0.03536983 0.01953679 0.38039216 0.78823529 0.52549020
v -0.00792432 -0.03529087 0.01915030 0.38039216 0.78823529 0.52549020
v -0.00876195 -0.03519397 0.01881804 0.38039216 0.78823529 0.52549020
v -0.01001535 -0.03519397 0.01755006 0.38039216 0.78823529 0.52549020
v -0.01075516 -0.03511860 0.01706864 0.38039216 0.78823529 0.52549020
v -0.01194742 -0.03483507 0.01697371 0.38039216 0.78823529 0.52549020
v -0.01320387 -0.03446181 0.01697371 0.38039216 0.78823529 0.52549020
v -0.01320387 -0.03469510 0.01571251 0.38039216 0.78823529 0.52549020
v -0.01446033 -0.03428954 0.01571251 0.38039216 0.78823529 0.52549020
v -0.01446033 -0.03448693 0.01445809 0.38039216 0.78823529 0.52549020
v -0.01571984 -0.03436850 0.01194247 0.38039216 0.78823529 0.52549020
v -0.01571984 -0.03451565 0.01068127 0.38039216 0.78823529 0.52549020
v -0.01630374 -0.03393064 0.01369866 0.38039216 0.78823529 0.52549020
v -0.01645048 -0.03398447 0.01286464 0.38039216 0.78823529 0.52549020
v -0.01526128 -0.03401319 0.01571251 0.38039216 0.78823529 0.52549020
v -0.01615394 -0.03387322 0.01445809 0.38039216 0.78823529 0.52549020
v -0.01682038 -0.03417110 0.00942685 0.38039216 0.78823529 0.52549020
v -0.01657276 -0.03403831 0.01194247 0.38039216 0.78823529 0.52549020
v -0.01720252 -0.03378349 0.01194247 0.38039216 0.78823529 0.52549020
v -0.01689681 -0.03421058 0.00817243 0.38039216 0.78823529 0.52549020
v -0.01761828 -0.03395576 0.00642981 0.38039216 0.78823529 0.52549020
v -0.01695490 -0.03423570 0.00439562 0.38039216 0.78823529 0.52549020
v -0.01692738 -0.03422135 0.00314120 0.38039216 0.78823529 0.52549020
v -0.01761828 -0.03395576 0.00604331 0.38039216 0.78823529 0.52549020
v -0.01686624 -0.03418905 0.00188000 0.38039216 0.78823529 0.52549020
v -0.01676841 -0.03414598 0.00062558 0.38039216 0.78823529 0.52549020
v -0.01664307 -0.03408856 -0.00062884 0.38039216 0.78823529 0.52549020
v -0.01571984 -0.03449770 -0.00062884 0.38039216 0.78823529 0.52549020
v -0.01581461 -0.03419264 -0.00315124 0.38039216 0.78823529 0.52549020
v -0.01446033 -0.03461614 -0.00439888 0.38039216 0.78823529 0.52549020
v -0.01339647 -0.03503964 -0.00439888 0.38039216 0.78823529 0.52549020
v -0.01571984 -0.03436850 -0.00188326 0.38039216 0.78823529 0.52549020
v -0.01264443 -0.03522986 -0.00520577 0.38039216 0.78823529 0.52549020
v -0.01201467 -0.03538419 -0.00563296 0.38039216 0.78823529 0.52549020
v -0.01167840 -0.03532676 -0.00691450 0.38039216 0.78823529 0.52549020
v -0.01068791 -0.03563900 -0.00691450 0.38039216 0.78823529 0.52549020
v -0.00943145 -0.03580051 -0.00816892 0.38039216 0.78823529 0.52549020
v -0.00817500 -0.03611634 -0.00816892 0.38039216 0.78823529 0.52549020
v -0.00812608 -0.03632091 -0.00691450 0.38039216 0.78823529 0.52549020
v -0.00691854 -0.03619889 -0.00943012 0.38039216 0.78823529 0.52549020
v -0.00687574 -0.03621325 -0.00938943 0.38039216 0.78823529 0.52549020
v -0.00687574 -0.03537342 0.01953679 0.38039216 0.78823529 0.52549020
v -0.00687574 -0.03535906 0.01959104 0.38039216 0.78823529 0.52549020
v -0.00732513 -0.03516885 0.01999109 0.38039216 0.78823529 0.52549020
v -0.00827588 -0.03510424 0.01953679 0.38039216 0.78823529 0.52549020
v -0.00943145 -0.03485660 0.01948255 0.38039216 0.78823529 0.52549020
v -0.01068791 -0.03455871 0.01948255 0.38039216 0.78823529 0.52549020
v -0.01068791 -0.03487814 0.01822813 0.38039216 0.78823529 0.52549020
v -0.01194742 -0.03455871 0.01822813 0.38039216 0.78823529 0.52549020
v -0.01444810 -0.03407779 0.01687200 0.38039216 0.78823529 0.52549020
v -0.01511148 -0.03395576 0.01638379 0.38039216 0.78823529 0.52549020
v -0.01325890 -0.03415675 0.01825525 0.38039216 0.78823529 0.52549020
v -0.01402011 -0.03400601 0.01785519 0.38039216 0.78823529 0.52549020
v -0.01485775 -0.03387322 0.01722459 0.38039216 0.78823529 0.52549020
v -0.01691210 -0.03374760 0.01325114 0.38039216 0.78823529 0.52549020
v -0.01697629 -0.03354303 0.01445809 0.38039216 0.78823529 0.52549020
v -0.01589104 -0.03376913 0.01571251 0.38039216 0.78823529 0.52549020
v -0.01734008 -0.03383374 0.01068127 0.38039216 0.78823529 0.52549020
v -0.01823275 -0.03341741 0.01068127 0.38039216 0.78823529 0.52549020
v -0.01745014 -0.03387322 0.00942685 0.38039216 0.78823529 0.52549020
v -0.01823275 -0.03315901 0.01319689 0.38039216 0.78823529 0.52549020
v -0.01823275 -0.03330974 0.01194247 0.38039216 0.78823529 0.52549020
v -0.01752657 -0.03390911 0.00817243 0.38039216 0.78823529 0.52549020
v -0.01757548 -0.03393423 0.00726383 0.38039216 0.78823529 0.52549020
v -0.01939138 -0.03298314 0.00691123 0.38039216 0.78823529 0.52549020
v -0.01940055 -0.03299032 0.00565682 0.38039216 0.78823529 0.52549020
v -0.01926910 -0.03290060 0.01068127 0.38039216 0.78823529 0.52549020
v -0.01932106 -0.03293290 0.00942685 0.38039216 0.78823529 0.52549020
v -0.01995082 -0.03259912 0.00942685 0.38039216 0.78823529 0.52549020
v -0.01758159 -0.03393782 0.00439562 0.38039216 0.78823529 0.52549020
v -0.01755408 -0.03392346 0.00314120 0.38039216 0.78823529 0.52549020
v -0.01749600 -0.03389475 0.00188000 0.38039216 0.78823529 0.52549020
v -0.01823275 -0.03359686 0.00439562 0.38039216 0.78823529 0.52549020
v -0.01739817 -0.03384809 0.00062558 0.38039216 0.78823529 0.52549020
v -0.01726977 -0.03378708 -0.00062884 0.38039216 0.78823529 0.52549020
v -0.01650551 -0.03402037 -0.00188326 0.38039216 0.78823529 0.52549020
v -0.01629763 -0.03392346 -0.00358520 0.38039216 0.78823529 0.52549020
v -0.01553947 -0.03415316 -0.00439888 0.38039216 0.78823529 0.52549020
v -0.01640462 -0.03397371 -0.00274440 0.38039216 0.78823529 0.52549020
v -0.01446033 -0.03443669 -0.00565330 0.38039216 0.78823529 0.52549020
v -0.01320387 -0.03477406 -0.00691450 0.38039216 0.78823529 0.52549020
v -0.01311827 -0.03498581 -0.00563296 0.38039216 0.78823529 0.52549020
v -0.01230509 -0.03511501 -0.00691450 0.38039216 0.78823529 0.52549020
v -0.01147663 -0.03525498 -0.00783667 0.38039216 0.78823529 0.52549020
v -0.01077350 -0.03540572 -0.00822316 0.38039216 0.78823529 0.52549020
v -0.01041277 -0.03531240 -0.00943012 0.38039216 0.78823529 0.52549020
v -0.00943145 -0.03558876 -0.00943012 0.38039216 0.78823529 0.52549020
v -0.00817500 -0.03591177 -0.00943012 0.38039216 0.78823529 0.52549020
v -0.00687574 -0.03620607 -0.00943012 0.38039216 0.78823529 0.52549020
v -0.00691854 -0.03596560 -0.01068454 0.38039216 0.78823529 0.52549020
v -0.00687574 -0.03501452 0.02068950 0.38039216 0.78823529 0.52549020
v -0.00817500 -0.03475611 0.02074375 0.38039216 0.78823529 0.52549020
v -0.00943145 -0.03449052 0.02074375 0.38039216 0.78823529 0.52549020
v -0.01073988 -0.03416751 0.02080477 0.38039216 0.78823529 0.52549020
v -0.01168757 -0.03404549 0.02043184 0.38039216 0.78823529 0.52549020
v -0.01252520 -0.03393423 0.02006568 0.38039216 0.78823529 0.52549020
v -0.01204219 -0.03418905 0.01957748 0.38039216 0.78823529 0.52549020
v -0.01287371 -0.03404190 0.01922488 0.38039216 0.78823529 0.52549020
v -0.01560673 -0.03366505 0.01687200 0.38039216 0.78823529 0.52549020
v -0.01371135 -0.03390911 0.01869599 0.38039216 0.78823529 0.52549020
v -0.01444810 -0.03376913 0.01825525 0.38039216 0.78823529 0.52549020
v -0.01571984 -0.03332410 0.01822813 0.38039216 0.78823529 0.52549020
v -0.01831835 -0.03294366 0.01443775 0.38039216 0.78823529 0.52549020
v -0.01697629 -0.03333128 0.01571251 0.38039216 0.78823529 0.52549020
v -0.01801570 -0.03288265 0.01571251 0.38039216 0.78823529 0.52549020
v -0.01823275 -0.03348919 0.00942685 0.38039216 0.78823529 0.52549020
v -0.01916210 -0.03284676 0.01194247 0.38039216 0.78823529 0.52549020
v -0.01879525 -0.03265654 0.01485137 0.38039216 0.78823529 0.52549020
v -0.01891142 -0.03271397 0.01401057 0.38039216 0.78823529 0.52549020
v -0.01901536 -0.03276780 0.01319689 0.38039216 0.78823529 0.52549020
v -0.02074872 -0.03219715 0.00817243 0.38039216 0.78823529 0.52549020
v -0.02001808 -0.03263501 0.00691123 0.38039216 0.78823529 0.52549020
v -0.02003031 -0.03263860 0.00565682 0.38039216 0.78823529 0.52549020
v -0.01937304 -0.03297955 0.00439562 0.38039216 0.78823529 0.52549020
v -0.01989885 -0.03257041 0.01068127 0.38039216 0.78823529 0.52549020
v -0.02074872 -0.03215767 0.00942685 0.38039216 0.78823529 0.52549020
v -0.01823275 -0.03356456 0.00314120 0.38039216 0.78823529 0.52549020
v -0.01823275 -0.03350355 0.00188000 0.38039216 0.78823529 0.52549020
v -0.01823275 -0.03341024 0.00062558 0.38039216 0.78823529 0.52549020
v -0.01823275 -0.03328821 -0.00062884 0.38039216 0.78823529 0.52549020
v -0.01713526 -0.03371530 -0.00188326 0.38039216 0.78823529 0.52549020
v -0.01688458 -0.03367941 -0.00315124 0.38039216 0.78823529 0.52549020
v -0.01697629 -0.03344612 -0.00439888 0.38039216 0.78823529 0.52549020
v -0.01616617 -0.03386245 -0.00439888 0.38039216 0.78823529 0.52549020
v -0.01502588 -0.03391628 -0.00735524 0.38039216 0.78823529 0.52549020
v -0.01454898 -0.03419981 -0.00692806 0.38039216 0.78823529 0.52549020
v -0.01424022 -0.03412803 -0.00816892 0.38039216 0.78823529 0.52549020
v -0.01320387 -0.03456589 -0.00816892 0.38039216 0.78823529 0.52549020
v -0.01191685 -0.03503964 -0.00822316 0.38039216 0.78823529 0.52549020
v -0.01125041 -0.03518320 -0.00867746 0.38039216 0.78823529 0.52549020
v -0.01103947 -0.03511860 -0.00943012 0.38039216 0.78823529 0.52549020
v -0.01017738 -0.03524062 -0.01021667 0.38039216 0.78823529 0.52549020
v -0.00943756 -0.03535189 -0.01065741 0.38039216 0.78823529 0.52549020
v -0.00817500 -0.03567848 -0.01068454 0.38039216 0.78823529 0.52549020
v -0.00687574 -0.03597278 -0.01068454 0.38039216 0.78823529 0.52549020
v -0.00687574 -0.03571796 -0.01190505 0.38039216 0.78823529 0.52549020
v -0.00687574 -0.03454436 0.02199817 0.38039216 0.78823529 0.52549020
v -0.00691854 -0.03453718 0.02199817 0.38039216 0.78823529 0.52549020
v -0.00828199 -0.03423211 0.02212022 0.38039216 0.78823529 0.52549020
v -0.00943145 -0.03412086 0.02182187 0.38039216 0.78823529 0.52549020
v -0.01035163 -0.03402037 0.02157099 0.38039216 0.78823529 0.52549020
v -0.01118926 -0.03391269 0.02127264 0.38039216 0.78823529 0.52549020
v -0.01204219 -0.03383374 0.02080477 0.38039216 0.78823529 0.52549020
v -0.01325890 -0.03382656 0.01957748 0.38039216 0.78823529 0.52549020
v -0.01320387 -0.03351073 0.02074375 0.38039216 0.78823529 0.52549020
v -0.01679593 -0.03288624 0.01822813 0.38039216 0.78823529 0.52549020
v -0.01709246 -0.03300827 0.01707542 0.38039216 0.78823529 0.52549020
v -0.01446033 -0.03344612 0.01948255 0.38039216 0.78823529 0.52549020
v -0.01578404 -0.03295443 0.01953679 0.38039216 0.78823529 0.52549020
v -0.01654525 -0.03277498 0.01915030 0.38039216 0.78823529 0.52549020
v -0.01779865 -0.03277498 0.01672961 0.38039216 0.78823529 0.52549020
v -0.01864240 -0.03258835 0.01571251 0.38039216 0.78823529 0.52549020
v -0.01964206 -0.03243761 0.01319689 0.38039216 0.78823529 0.52549020
v -0.01978880 -0.03250940 0.01194247 0.38039216 0.78823529 0.52549020
v -0.01939444 -0.03240890 0.01443775 0.38039216 0.78823529 0.52549020
v -0.01948921 -0.03217921 0.01571251 0.38039216 0.78823529 0.52549020
v -0.02173615 -0.03164444 0.00817243 0.38039216 0.78823529 0.52549020
v -0.02074872 -0.03222227 0.00691123 0.38039216 0.78823529 0.52549020
v -0.02074872 -0.03222587 0.00565682 0.38039216 0.78823529 0.52549020
v -0.01999974 -0.03262065 0.00439562 0.38039216 0.78823529 0.52549020
v -0.01933024 -0.03295802 0.00314120 0.38039216 0.78823529 0.52549020
v -0.02074872 -0.03207872 0.01068127 0.38039216 0.78823529 0.52549020
v -0.02169641 -0.03161932 0.00942685 0.38039216 0.78823529 0.52549020
v -0.02074872 -0.03195669 0.01194247 0.38039216 0.78823529 0.52549020
v -0.01926604 -0.03292931 0.00188000 0.38039216 0.78823529 0.52549020
v -0.01917738 -0.03288265 0.00062558 0.38039216 0.78823529 0.52549020
v -0.01907039 -0.03281805 -0.00062884 0.38039216 0.78823529 0.52549020
v -0.01896339 -0.03275345 -0.00163916 0.38039216 0.78823529 0.52549020
v -0.01835198 -0.03304416 -0.00198497 0.38039216 0.78823529 0.52549020
v -0.01814104 -0.03300109 -0.00313768 0.38039216 0.78823529 0.52549020
v -0.01796984 -0.03290060 -0.00439888 0.38039216 0.78823529 0.52549020
v -0.01778336 -0.03279293 -0.00565330 0.38039216 0.78823529 0.52549020
v -0.01766108 -0.03272114 -0.00646019 0.38039216 0.78823529 0.52549020
v -0.01697629 -0.03323078 -0.00565330 0.38039216 0.78823529 0.52549020
v -0.01594912 -0.03375837 -0.00565330 0.38039216 0.78823529 0.52549020
v -0.01564036 -0.03369018 -0.00692806 0.38039216 0.78823529 0.52549020
v -0.01571984 -0.03342818 -0.00816892 0.38039216 0.78823529 0.52549020
v -0.01486692 -0.03384809 -0.00816892 0.38039216 0.78823529 0.52549020
v -0.01402011 -0.03402754 -0.00918601 0.38039216 0.78823529 0.52549020
v -0.01332004 -0.03424647 -0.00953183 0.38039216 0.78823529 0.52549020
v -0.01194742 -0.03480277 -0.00943012 0.38039216 0.78823529 0.52549020
v -0.01194742 -0.03454436 -0.01068454 0.38039216 0.78823529 0.52549020
v -0.01063288 -0.03499657 -0.01065741 0.38039216 0.78823529 0.52549020
v -0.00986250 -0.03514731 -0.01105747 0.38039216 0.78823529 0.52549020
v -0.00902486 -0.03526934 -0.01159314 0.38039216 0.78823529 0.52549020
v -0.00822697 -0.03538777 -0.01198642 0.38039216 0.78823529 0.52549020
v -0.00687574 -0.03571078 -0.01193895 0.38039216 0.78823529 0.52549020
v -0.00687574 -0.03452641 0.02204563 0.38039216 0.78823529 0.52549020
v -0.00943145 -0.03356097 0.02325937 0.38039216 0.78823529 0.52549020
v -0.00943145 -0.03388039 0.02245247 0.38039216 0.78823529 0.52549020
v -0.01068791 -0.03328103 0.02325937 0.38039216 0.78823529 0.52549020
v -0.01073988 -0.03376555 0.02199139 0.38039216 0.78823529 0.52549020
v -0.01194742 -0.03344612 0.02199817 0.38039216 0.78823529 0.52549020
v -0.01329864 -0.03300827 0.02209988 0.38039216 0.78823529 0.52549020
v -0.01422799 -0.03283241 0.02174728 0.38039216 0.78823529 0.52549020
v -0.01506563 -0.03268167 0.02134044 0.38039216 0.78823529 0.52549020
v -0.01457344 -0.03300827 0.02085224 0.38039216 0.78823529 0.52549020
v -0.01742568 -0.03260989 0.01822813 0.38039216 0.78823529 0.52549020
v -0.01540802 -0.03280728 0.02050642 0.38039216 0.78823529 0.52549020
v -0.01624871 -0.03265295 0.01998432 0.38039216 0.78823529 0.52549020
v -0.01823275 -0.03192439 0.01948255 0.38039216 0.78823529 0.52549020
v -0.01697629 -0.03212537 0.02074375 0.38039216 0.78823529 0.52549020
v -0.01696712 -0.03248068 0.01953679 0.38039216 0.78823529 0.52549020
v -0.01948921 -0.03192798 0.01697371 0.38039216 0.78823529 0.52549020
v -0.01822358 -0.03250222 0.01707542 0.38039216 0.78823529 0.52549020
v -0.02065700 -0.03173776 0.01445809 0.38039216 0.78823529 0.52549020
v -0.02135707 -0.03142193 0.01371222 0.38039216 0.78823529 0.52549020
v -0.02050721 -0.03165162 0.01571251 0.38039216 0.78823529 0.52549020
v -0.02029321 -0.03152601 0.01697371 0.38039216 0.78823529 0.52549020
v -0.02232616 -0.03124248 0.00942685 0.38039216 0.78823529 0.52549020
v -0.02236590 -0.03126401 0.00817243 0.38039216 0.78823529 0.52549020
v -0.02173615 -0.03164804 0.00691123 0.38039216 0.78823529 0.52549020
v -0.02173004 -0.03164444 0.00565682 0.38039216 0.78823529 0.52549020
v -0.02074872 -0.03218280 0.00439562 0.38039216 0.78823529 0.52549020
v -0.01995694 -0.03259553 0.00314120 0.38039216 0.78823529 0.52549020
v -0.02160775 -0.03156908 0.01068127 0.38039216 0.78823529 0.52549020
v -0.02150381 -0.03150806 0.01194247 0.38039216 0.78823529 0.52549020
v -0.02074872 -0.03205359 0.00188000 0.38039216 0.78823529 0.52549020
v -0.02074872 -0.03213255 0.00314120 0.38039216 0.78823529 0.52549020
v -0.02146713 -0.03149371 0.00062558 0.38039216 0.78823529 0.52549020
v -0.02140293 -0.03145064 -0.00011351 0.38039216 0.78823529 0.52549020
v -0.01948921 -0.03218280 -0.00313768 0.38039216 0.78823529 0.52549020
v -0.01877079 -0.03263501 -0.00313768 0.38039216 0.78823529 0.52549020
v -0.01859960 -0.03253093 -0.00439888 0.38039216 0.78823529 0.52549020
v -0.01841006 -0.03242326 -0.00565330 0.38039216 0.78823529 0.52549020
v -0.01814104 -0.03235866 -0.00689416 0.38039216 0.78823529 0.52549020
v -0.01752657 -0.03264578 -0.00730099 0.38039216 0.78823529 0.52549020
v -0.01705578 -0.03297237 -0.00689416 0.38039216 0.78823529 0.52549020
v -0.01674701 -0.03290060 -0.00816892 0.38039216 0.78823529 0.52549020
v -0.01650856 -0.03277498 -0.00943012 0.38039216 0.78823529 0.52549020
v -0.01571984 -0.03317336 -0.00943012 0.38039216 0.78823529 0.52549020
v -0.01444810 -0.03375837 -0.00953183 0.38039216 0.78823529 0.52549020
v -0.01381529 -0.03394141 -0.01002003 0.38039216 0.78823529 0.52549020
v -0.01302045 -0.03413162 -0.01068454 0.38039216 0.78823529 0.52549020
v -0.01276671 -0.03402395 -0.01162026 0.38039216 0.78823529 0.52549020
v -0.01249769 -0.03391987 -0.01246106 0.38039216 0.78823529 0.52549020
v -0.01202384 -0.03419981 -0.01199998 0.38039216 0.78823529 0.52549020
v -0.01068791 -0.03466998 -0.01193895 0.38039216 0.78823529 0.52549020
v -0.00943756 -0.03505400 -0.01198642 0.38039216 0.78823529 0.52549020
v -0.00868247 -0.03517243 -0.01243394 0.38039216 0.78823529 0.52549020
v -0.00784177 -0.03528010 -0.01284078 0.38039216 0.78823529 0.52549020
v -0.00693077 -0.03538060 -0.01323406 0.38039216 0.78823529 0.52549020
v -0.00687574 -0.03539136 -0.01323406 0.38039216 0.78823529 0.52549020
v -0.00687574 -0.03412445 0.02304917 0.38039216 0.78823529 0.52549020
v -0.00687574 -0.03384809 0.02369333 0.38039216 0.78823529 0.52549020
v -0.00817500 -0.03324155 0.02451379 0.38039216 0.78823529 0.52549020
v -0.00944368 -0.03296520 0.02458837 0.38039216 0.78823529 0.52549020
v -0.01068791 -0.03285394 0.02422222 0.38039216 0.78823529 0.52549020
v -0.01151637 -0.03274268 0.02399846 0.38039216 0.78823529 0.52549020
v -0.01235401 -0.03263142 0.02374757 0.38039216 0.78823529 0.52549020
v -0.01193825 -0.03292931 0.02330005 0.38039216 0.78823529 0.52549020
v -0.01294096 -0.03280369 0.02290677 0.38039216 0.78823529 0.52549020
v -0.01377860 -0.03267449 0.02258808 0.38039216 0.78823529 0.52549020
v -0.01571984 -0.03219715 0.02199817 0.38039216 0.78823529 0.52549020
v -0.01457344 -0.03257400 0.02209988 0.38039216 0.78823529 0.52549020
v -0.01578404 -0.03256323 0.02085224 0.38039216 0.78823529 0.52549020
v -0.01700992 -0.03169828 0.02201851 0.38039216 0.78823529 0.52549020
v -0.01823275 -0.03223304 0.01822813 0.38039216 0.78823529 0.52549020
v -0.01905816 -0.03152960 0.01948255 0.38039216 0.78823529 0.52549020
v -0.01951366 -0.03164444 0.01813998 0.38039216 0.78823529 0.52549020
v -0.01822052 -0.03161214 0.02063526 0.38039216 0.78823529 0.52549020
v -0.01887779 -0.03143987 0.02014705 0.38039216 0.78823529 0.52549020
v -0.01779253 -0.03151524 0.02161845 0.38039216 0.78823529 0.52549020
v -0.02014953 -0.03144705 0.01765855 0.38039216 0.78823529 0.52549020
v -0.02128676 -0.03137886 0.01445809 0.38039216 0.78823529 0.52549020
v -0.02191040 -0.03112045 0.01325792 0.38039216 0.78823529 0.52549020
v -0.02213357 -0.03112404 0.01194247 0.38039216 0.78823529 0.52549020
v -0.02223751 -0.03119223 0.01068127 0.38039216 0.78823529 0.52549020
v -0.02200517 -0.03092306 0.01445809 0.38039216 0.78823529 0.52549020
v -0.02113696 -0.03129272 0.01571251 0.38039216 0.78823529 0.52549020
v -0.02091991 -0.03118146 0.01697371 0.38039216 0.78823529 0.52549020
v -0.02320354 -0.03056057 0.01068127 0.38039216 0.78823529 0.52549020
v -0.02337474 -0.03053185 0.00944041 0.38039216 0.78823529 0.52549020
v -0.02390667 -0.03018731 0.00902680 0.38039216 0.78823529 0.52549020
v -0.02325857 -0.03065388 0.00817243 0.38039216 0.78823529 0.52549020
v -0.02236590 -0.03126401 0.00691123 0.38039216 0.78823529 0.52549020
v -0.02235979 -0.03125683 0.00565682 0.38039216 0.78823529 0.52549020
v -0.02169029 -0.03162291 0.00439562 0.38039216 0.78823529 0.52549020
v -0.02156495 -0.03155831 0.00188000 0.38039216 0.78823529 0.52549020
v -0.02163527 -0.03159779 0.00314120 0.38039216 0.78823529 0.52549020
v -0.02219165 -0.03110968 0.00188000 0.38039216 0.78823529 0.52549020
v -0.02280001 -0.03030934 -0.00062884 0.38039216 0.78823529 0.52549020
v -0.02189512 -0.03100560 -0.00057460 0.38039216 0.78823529 0.52549020
v -0.02253710 -0.03010476 -0.00313768 0.38039216 0.78823529 0.52549020
v -0.02191040 -0.03056057 -0.00313768 0.38039216 0.78823529 0.52549020
v -0.02129593 -0.03137886 -0.00095431 0.38039216 0.78823529 0.52549020
v -0.02038798 -0.03160855 -0.00313768 0.38039216 0.78823529 0.52549020
v -0.02209383 -0.03102714 0.00062558 0.38039216 0.78823529 0.52549020
v -0.02291618 -0.03039906 0.00062558 0.38039216 0.78823529 0.52549020
v -0.02022596 -0.03150089 -0.00439888 0.38039216 0.78823529 0.52549020
v -0.01948921 -0.03197104 -0.00439888 0.38039216 0.78823529 0.52549020
v -0.01955340 -0.03172699 -0.00555159 0.38039216 0.78823529 0.52549020
v -0.01923241 -0.03168034 -0.00691450 0.38039216 0.78823529 0.52549020
v -0.01823275 -0.03205000 -0.00816892 0.38039216 0.78823529 0.52549020
v -0.01737371 -0.03256323 -0.00816892 0.38039216 0.78823529 0.52549020
v -0.01713832 -0.03242685 -0.00943012 0.38039216 0.78823529 0.52549020
v -0.01637405 -0.03270320 -0.01010818 0.38039216 0.78823529 0.52549020
v -0.01573512 -0.03290418 -0.01058961 0.38039216 0.78823529 0.52549020
v -0.01446033 -0.03349996 -0.01068454 0.38039216 0.78823529 0.52549020
v -0.01364715 -0.03386963 -0.01068454 0.38039216 0.78823529 0.52549020
v -0.01319164 -0.03374401 -0.01199998 0.38039216 0.78823529 0.52549020
v -0.01400482 -0.03277139 -0.01408164 0.38039216 0.78823529 0.52549020
v -0.01325890 -0.03297237 -0.01448170 0.38039216 0.78823529 0.52549020
v -0.01287677 -0.03282164 -0.01545811 0.38039216 0.78823529 0.52549020
v -0.01220727 -0.03380502 -0.01320015 0.38039216 0.78823529 0.52549020
v -0.01132683 -0.03395217 -0.01383753 0.38039216 0.78823529 0.52549020
v -0.01158057 -0.03403831 -0.01320015 0.38039216 0.78823529 0.52549020
v -0.01068791 -0.03434338 -0.01320015 0.38039216 0.78823529 0.52549020
v -0.00943145 -0.03475252 -0.01320015 0.38039216 0.78823529 0.52549020
v -0.00822697 -0.03507194 -0.01323406 0.38039216 0.78823529 0.52549020
v -0.00735876 -0.03516167 -0.01367480 0.38039216 0.78823529 0.52549020
v -0.00687574 -0.03521550 -0.01386466 0.38039216 0.78823529 0.52549020
v -0.00687574 -0.03347125 0.02451379 0.38039216 0.78823529 0.52549020
v -0.00903098 -0.03273909 0.02523931 0.38039216 0.78823529 0.52549020
v -0.00986861 -0.03264578 0.02506302 0.38039216 0.78823529 0.52549020
v -0.01193825 -0.03240531 0.02445276 0.38039216 0.78823529 0.52549020
v -0.01068791 -0.03254169 0.02485282 0.38039216 0.78823529 0.52549020
v -0.01329864 -0.03253452 0.02330005 0.38039216 0.78823529 0.52549020
v -0.01320387 -0.03202129 0.02451379 0.38039216 0.78823529 0.52549020
v -0.01446033 -0.03216126 0.02325937 0.38039216 0.78823529 0.52549020
v -0.01661250 -0.03153677 0.02287965 0.38039216 0.78823529 0.52549020
v -0.01745014 -0.03137168 0.02245247 0.38039216 0.78823529 0.52549020
v -0.01968791 -0.03121376 0.01948255 0.38039216 0.78823529 0.52549020
v -0.01994471 -0.03134297 0.01849935 0.38039216 0.78823529 0.52549020
v -0.01863017 -0.03132502 0.02098107 0.38039216 0.78823529 0.52549020
v -0.01937609 -0.03104867 0.02063526 0.38039216 0.78823529 0.52549020
v -0.01822052 -0.03117429 0.02201851 0.38039216 0.78823529 0.52549020
v -0.02063866 -0.03106662 0.01813998 0.38039216 0.78823529 0.52549020
v -0.02200517 -0.03075437 0.01571251 0.38039216 0.78823529 0.52549020
v -0.02311183 -0.03049596 0.01194247 0.38039216 0.78823529 0.52549020
v -0.02276027 -0.03026627 0.01571251 0.38039216 0.78823529 0.52549020
v -0.02288561 -0.03034881 0.01445809 0.38039216 0.78823529 0.52549020
v -0.02300177 -0.03042418 0.01319689 0.38039216 0.78823529 0.52549020
v -0.02208160 -0.03049955 0.01693981 0.38039216 0.78823529 0.52549020
v -0.02267773 -0.03020885 0.01650584 0.38039216 0.78823529 0.52549020
v -0.02176061 -0.03041342 0.01822813 0.38039216 0.78823529 0.52549020
v -0.02383024 -0.03013348 0.01068127 0.38039216 0.78823529 0.52549020
v -0.02387304 -0.03016219 0.00986760 0.38039216 0.78823529 0.52549020
v -0.02373853 -0.03007246 0.01194247 0.38039216 0.78823529 0.52549020
v -0.02526401 -0.02901371 0.01068127 0.38039216 0.78823529 0.52549020
v -0.02528846 -0.02903883 0.00942685 0.38039216 0.78823529 0.52549020
v -0.02453948 -0.02967049 0.00817243 0.38039216 0.78823529 0.52549020
v -0.02390972 -0.03019090 0.00817243 0.38039216 0.78823529 0.52549020
v -0.02338085 -0.03054980 0.00687733 0.38039216 0.78823529 0.52549020
v -0.02323105 -0.03062517 0.00565682 0.38039216 0.78823529 0.52549020
v -0.02232005 -0.03122453 0.00439562 0.38039216 0.78823529 0.52549020
v -0.02226502 -0.03117787 0.00314120 0.38039216 0.78823529 0.52549020
v -0.02301706 -0.03048161 0.00188000 0.38039216 0.78823529 0.52549020
v -0.02309655 -0.03054980 0.00314120 0.38039216 0.78823529 0.52549020
v -0.02342977 -0.02979611 -0.00062884 0.38039216 0.78823529 0.52549020
v -0.02270218 -0.03023038 -0.00159169 0.38039216 0.78823529 0.52549020
v -0.02354593 -0.02989301 0.00062558 0.38039216 0.78823529 0.52549020
v -0.02261353 -0.03016219 -0.00243249 0.38039216 0.78823529 0.52549020
v -0.02388221 -0.02891321 -0.00373438 0.38039216 0.78823529 0.52549020
v -0.02237813 -0.02998274 -0.00439888 0.38039216 0.78823529 0.52549020
v -0.02174838 -0.03044213 -0.00439888 0.38039216 0.78823529 0.52549020
v -0.02101774 -0.03118864 -0.00313768 0.38039216 0.78823529 0.52549020
v -0.02085266 -0.03107021 -0.00439888 0.38039216 0.78823529 0.52549020
v -0.02001502 -0.03136091 -0.00590418 0.38039216 0.78823529 0.52549020
v -0.01986217 -0.03125324 -0.00691450 0.38039216 0.78823529 0.52549020
v -0.01902759 -0.03154754 -0.00816892 0.38039216 0.78823529 0.52549020
v -0.01890531 -0.03146140 -0.00890801 0.38039216 0.78823529 0.52549020
v -0.01828472 -0.03174135 -0.00936909 0.38039216 0.78823529 0.52549020
v -0.01791787 -0.03163368 -0.01068454 0.38039216 0.78823529 0.52549020
v -0.01686624 -0.03229046 -0.01058961 0.38039216 0.78823529 0.52549020
v -0.01616617 -0.03259194 -0.01094898 0.38039216 0.78823529 0.52549020
v -0.01527656 -0.03278934 -0.01193895 0.38039216 0.78823529 0.52549020
v -0.01446033 -0.03318413 -0.01193895 0.38039216 0.78823529 0.52549020
v -0.01484246 -0.03257041 -0.01343070 0.38039216 0.78823529 0.52549020
v -0.01443893 -0.03243044 -0.01448170 0.38039216 0.78823529 0.52549020
v -0.01371440 -0.03263501 -0.01492244 0.38039216 0.78823529 0.52549020
v -0.01443893 -0.03286112 -0.01308488 0.38039216 0.78823529 0.52549020
v -0.01510231 -0.03269602 -0.01258990 0.38039216 0.78823529 0.52549020
v -0.01325890 -0.03252734 -0.01581070 0.38039216 0.78823529 0.52549020
v -0.01253743 -0.03267449 -0.01629891 0.38039216 0.78823529 0.52549020
v -0.01205136 -0.03304057 -0.01581070 0.38039216 0.78823529 0.52549020
v -0.01182514 -0.03360045 -0.01433930 0.38039216 0.78823529 0.52549020
v -0.01058702 -0.03365070 -0.01561406 0.38039216 0.78823529 0.52549020
v -0.01058702 -0.03404549 -0.01433930 0.38039216 0.78823529 0.52549020
v -0.00943145 -0.03438285 -0.01445457 0.38039216 0.78823529 0.52549020
v -0.00817500 -0.03473099 -0.01445457 0.38039216 0.78823529 0.52549020
v -0.00687574 -0.03503964 -0.01445457 0.38039216 0.78823529 0.52549020
v -0.00687574 -0.03292931 0.02558513 0.38039216 0.78823529 0.52549020
v -0.00817500 -0.03281805 0.02538171 0.38039216 0.78823529 0.52549020
v -0.00817500 -0.03247350 0.02601231 0.38039216 0.78823529 0.52549020
v -0.00944368 -0.03239096 0.02570040 0.38039216 0.78823529 0.52549020
v -0.01068791 -0.03205359 0.02577498 0.38039216 0.78823529 0.52549020
v -0.01320387 -0.03157267 0.02539527 0.38039216 0.78823529 0.52549020
v -0.01189850 -0.03170905 0.02581567 0.38039216 0.78823529 0.52549020
v -0.01438696 -0.03164086 0.02449344 0.38039216 0.78823529 0.52549020
v -0.01391617 -0.03146140 0.02519863 0.38039216 0.78823529 0.52549020
v -0.01531325 -0.03151524 0.02406626 0.38039216 0.78823529 0.52549020
v -0.01572595 -0.03169469 0.02327971 0.38039216 0.78823529 0.52549020
v -0.01615089 -0.03135732 0.02371367 0.38039216 0.78823529 0.52549020
v -0.01700992 -0.03119941 0.02327971 0.38039216 0.78823529 0.52549020
v -0.01832752 -0.03058569 0.02334751 0.38039216 0.78823529 0.52549020
v -0.01916210 -0.03033446 0.02299492 0.38039216 0.78823529 0.52549020
v -0.02137236 -0.03017295 0.02010637 0.38039216 0.78823529 0.52549020
v -0.02087100 -0.03056775 0.01960460 0.38039216 0.78823529 0.52549020
v -0.01954423 -0.03051032 0.02202529 0.38039216 0.78823529 0.52549020
v -0.02029016 -0.03026627 0.02161845 0.38039216 0.78823529 0.52549020
v -0.02055918 -0.03040624 0.02074375 0.38039216 0.78823529 0.52549020
v -0.02155272 -0.03028062 0.01926557 0.38039216 0.78823529 0.52549020
v -0.02339002 -0.02982482 0.01571251 0.38039216 0.78823529 0.52549020
v -0.02351230 -0.02991455 0.01445809 0.38039216 0.78823529 0.52549020
v -0.02362847 -0.02999709 0.01319689 0.38039216 0.78823529 0.52549020
v -0.02254933 -0.03012271 0.01734664 0.38039216 0.78823529 0.52549020
v -0.02413595 -0.02909266 0.01697371 0.38039216 0.78823529 0.52549020
v -0.02427657 -0.02919675 0.01571251 0.38039216 0.78823529 0.52549020
v -0.02400449 -0.02899935 0.01792978 0.38039216 0.78823529 0.52549020
v -0.02239036 -0.03002222 0.01822813 0.38039216 0.78823529 0.52549020
v -0.02451808 -0.02960230 0.01068127 0.38039216 0.78823529 0.52549020
v -0.02451808 -0.02948746 0.01194247 0.38039216 0.78823529 0.52549020
v -0.02520286 -0.02896346 0.01194247 0.38039216 0.78823529 0.52549020
v -0.02439274 -0.02928647 0.01445809 0.38039216 0.78823529 0.52549020
v -0.02502250 -0.02882349 0.01445809 0.38039216 0.78823529 0.52549020
v -0.02582956 -0.02846459 0.01194247 0.38039216 0.78823529 0.52549020
v -0.02660300 -0.02783651 0.01194247 0.38039216 0.78823529 0.52549020
v -0.02660911 -0.02785446 0.01068127 0.38039216 0.78823529 0.52549020
v -0.02591822 -0.02847895 0.00942685 0.38039216 0.78823529 0.52549020
v -0.02528846 -0.02904242 0.00817243 0.38039216 0.78823529 0.52549020
v -0.02390055 -0.03018372 0.00727061 0.38039216 0.78823529 0.52549020
v -0.02388221 -0.03016937 0.00642981 0.38039216 0.78823529 0.52549020
v -0.02386081 -0.03015142 0.00565682 0.38039216 0.78823529 0.52549020
v -0.02317297 -0.03059646 0.00439562 0.38039216 0.78823529 0.52549020
v -0.02364376 -0.02997197 0.00188000 0.38039216 0.78823529 0.52549020
v -0.02372630 -0.03003657 0.00314120 0.38039216 0.78823529 0.52549020
v -0.02380273 -0.03010476 0.00439562 0.38039216 0.78823529 0.52549020
v -0.02417569 -0.02916444 -0.00062884 0.38039216 0.78823529 0.52549020
v -0.02405952 -0.02906395 -0.00188326 0.38039216 0.78823529 0.52549020
v -0.02438051 -0.02934389 0.00188000 0.38039216 0.78823529 0.52549020
v -0.02428574 -0.02926135 0.00062558 0.38039216 0.78823529 0.52549020
v -0.02516924 -0.02768219 -0.00385643 0.38039216 0.78823529 0.52549020
v -0.02379356 -0.02883426 -0.00439888 0.38039216 0.78823529 0.52549020
v -0.02281529 -0.02906754 -0.00691450 0.38039216 0.78823529 0.52549020
v -0.02316380 -0.02935466 -0.00439888 0.38039216 0.78823529 0.52549020
v -0.02480545 -0.02861892 -0.00062884 0.38039216 0.78823529 0.52549020
v -0.02468928 -0.02851125 -0.00188326 0.38039216 0.78823529 0.52549020
v -0.02537712 -0.02788317 -0.00188326 0.38039216 0.78823529 0.52549020
v -0.02191652 -0.02977099 -0.00692806 0.38039216 0.78823529 0.52549020
v -0.02132039 -0.03013707 -0.00735524 0.38039216 0.78823529 0.52549020
v -0.02056529 -0.03048520 -0.00816892 0.38039216 0.78823529 0.52549020
v -0.01965734 -0.03111327 -0.00816892 0.38039216 0.78823529 0.52549020
v -0.02034213 -0.03033446 -0.00943012 0.38039216 0.78823529 0.52549020
v -0.01956563 -0.03054621 -0.01067097 0.38039216 0.78823529 0.52549020
v -0.01854763 -0.03123171 -0.01068454 0.38039216 0.78823529 0.52549020
v -0.01772833 -0.03150806 -0.01157958 0.38039216 0.78823529 0.52549020
v -0.01705883 -0.03179159 -0.01197286 0.38039216 0.78823529 0.52549020
v -0.01590632 -0.03245556 -0.01193895 0.38039216 0.78823529 0.52549020
v -0.01576875 -0.03175212 -0.01446135 0.38039216 0.78823529 0.52549020
v -0.01560061 -0.03227970 -0.01308488 0.38039216 0.78823529 0.52549020
v -0.01532853 -0.03156190 -0.01571577 0.38039216 0.78823529 0.52549020
v -0.01511454 -0.03144346 -0.01637349 0.38039216 0.78823529 0.52549020
v -0.01446033 -0.03199617 -0.01571577 0.38039216 0.78823529 0.52549020
v -0.01320387 -0.03213614 -0.01697019 0.38039216 0.78823529 0.52549020
v -0.01224395 -0.03255605 -0.01697019 0.38039216 0.78823529 0.52549020
v -0.01161725 -0.03281446 -0.01697019 0.38039216 0.78823529 0.52549020
v -0.01068791 -0.03316618 -0.01697019 0.38039216 0.78823529 0.52549020
v -0.00967296 -0.03384092 -0.01596666 0.38039216 0.78823529 0.52549020
v -0.01010095 -0.03395935 -0.01513264 0.38039216 0.78823529 0.52549020
v -0.00883532 -0.03395576 -0.01637349 0.38039216 0.78823529 0.52549020
v -0.00817500 -0.03433979 -0.01571577 0.38039216 0.78823529 0.52549020
v -0.00691854 -0.03464485 -0.01571577 0.38039216 0.78823529 0.52549020
v -0.00687574 -0.03465562 -0.01570899 0.38039216 0.78823529 0.52549020
v -0.00687574 -0.03291495 0.02561225 0.38039216 0.78823529 0.52549020
v -0.00687574 -0.03257400 0.02622929 0.38039216 0.78823529 0.52549020
v -0.00822697 -0.03179159 0.02713789 0.38039216 0.78823529 0.52549020
v -0.00943145 -0.03172340 0.02687345 0.38039216 0.78823529 0.52549020
v -0.01068791 -0.03156908 0.02662935 0.38039216 0.78823529 0.52549020
v -0.01144912 -0.03146858 0.02645983 0.38039216 0.78823529 0.52549020
v -0.01228675 -0.03135374 0.02626319 0.38039216 0.78823529 0.52549020
v -0.01320387 -0.03122094 0.02602587 0.38039216 0.78823529 0.52549020
v -0.01475686 -0.03131785 0.02490028 0.38039216 0.78823529 0.52549020
v -0.01438696 -0.03103072 0.02568006 0.38039216 0.78823529 0.52549020
v -0.01571373 -0.03049238 0.02581567 0.38039216 0.78823529 0.52549020
v -0.01572595 -0.03115993 0.02449344 0.38039216 0.78823529 0.52549020
v -0.01704966 -0.03057492 0.02458837 0.38039216 0.78823529 0.52549020
v -0.01796984 -0.03034164 0.02422222 0.38039216 0.78823529 0.52549020
v -0.01880748 -0.03015142 0.02382894 0.38039216 0.78823529 0.52549020
v -0.01999974 -0.03011194 0.02245925 0.38039216 0.78823529 0.52549020
v -0.01954423 -0.02997197 0.02334751 0.38039216 0.78823529 0.52549020
v -0.02118588 -0.03006887 0.02074375 0.38039216 0.78823529 0.52549020
v -0.02265327 -0.02893475 0.02141503 0.38039216 0.78823529 0.52549020
v -0.02280918 -0.02903883 0.02074375 0.38039216 0.78823529 0.52549020
v -0.02198683 -0.02991813 0.01960460 0.38039216 0.78823529 0.52549020
v -0.02072426 -0.02987866 0.02202529 0.38039216 0.78823529 0.52549020
v -0.02336557 -0.02934748 0.01830272 0.38039216 0.78823529 0.52549020
v -0.02476570 -0.02862968 0.01697371 0.38039216 0.78823529 0.52549020
v -0.02490633 -0.02873735 0.01571251 0.38039216 0.78823529 0.52549020
v -0.02385470 -0.02889527 0.01876380 0.38039216 0.78823529 0.52549020
v -0.02446000 -0.02855431 0.01830272 0.38039216 0.78823529 0.52549020
v -0.02308126 -0.02922905 0.01948255 0.38039216 0.78823529 0.52549020
v -0.02509587 -0.02888091 0.01346134 0.38039216 0.78823529 0.52549020
v -0.02565225 -0.02848612 0.01310874 0.38039216 0.78823529 0.52549020
v -0.02654492 -0.02777550 0.01319689 0.38039216 0.78823529 0.52549020
v -0.02639512 -0.02765347 0.01502766 0.38039216 0.78823529 0.52549020
v -0.02646543 -0.02771090 0.01419365 0.38039216 0.78823529 0.52549020
v -0.02717162 -0.02720485 0.01319689 0.38039216 0.78823529 0.52549020
v -0.02722970 -0.02722638 0.01194247 0.38039216 0.78823529 0.52549020
v -0.02723581 -0.02722997 0.01068127 0.38039216 0.78823529 0.52549020
v -0.02722970 -0.02723356 0.00942685 0.38039216 0.78823529 0.52549020
v -0.02659994 -0.02785087 0.00942685 0.38039216 0.78823529 0.52549020
v -0.02591516 -0.02846459 0.00817243 0.38039216 0.78823529 0.52549020
v -0.02526401 -0.02902448 0.00691123 0.38039216 0.78823529 0.52549020
v -0.02439885 -0.02975304 0.00687733 0.38039216 0.78823529 0.52549020
v -0.02451808 -0.02958795 0.00565682 0.38039216 0.78823529 0.52549020
v -0.02521815 -0.02898141 0.00565682 0.38039216 0.78823529 0.52549020
v -0.02513255 -0.02890604 0.00392775 0.38039216 0.78823529 0.52549020
v -0.02501027 -0.02879837 0.00188000 0.38039216 0.78823529 0.52549020
v -0.02491550 -0.02871582 0.00062558 0.38039216 0.78823529 0.52549020
v -0.02643181 -0.02643322 -0.00388355 0.38039216 0.78823529 0.52549020
v -0.02541075 -0.02666650 -0.00691450 0.38039216 0.78823529 0.52549020
v -0.02476265 -0.02729457 -0.00691450 0.38039216 0.78823529 0.52549020
v -0.02430409 -0.02805185 -0.00565330 0.38039216 0.78823529 0.52549020
v -0.02361930 -0.02867993 -0.00565330 0.38039216 0.78823529 0.52549020
v -0.02269607 -0.02897423 -0.00772817 0.38039216 0.78823529 0.52549020
v -0.02550246 -0.02799084 -0.00062884 0.38039216 0.78823529 0.52549020
v -0.02613221 -0.02739148 -0.00062884 0.38039216 0.78823529 0.52549020
v -0.02600687 -0.02726228 -0.00188326 0.38039216 0.78823529 0.52549020
v -0.02119199 -0.03003657 -0.00816892 0.38039216 0.78823529 0.52549020
v -0.02097188 -0.02987507 -0.00943012 0.38039216 0.78823529 0.52549020
v -0.02003642 -0.03011194 -0.01107781 0.38039216 0.78823529 0.52549020
v -0.01921407 -0.03042060 -0.01193895 0.38039216 0.78823529 0.52549020
v -0.01818078 -0.03109892 -0.01197286 0.38039216 0.78823529 0.52549020
v -0.01752962 -0.03138604 -0.01242038 0.38039216 0.78823529 0.52549020
v -0.01670116 -0.03163727 -0.01320015 0.38039216 0.78823529 0.52549020
v -0.01647494 -0.03150447 -0.01404095 0.38039216 0.78823529 0.52549020
v -0.01622120 -0.03136091 -0.01488175 0.38039216 0.78823529 0.52549020
v -0.01595523 -0.03121736 -0.01571577 0.38039216 0.78823529 0.52549020
v -0.01560673 -0.03097689 -0.01686170 0.38039216 0.78823529 0.52549020
v -0.01569233 -0.03040983 -0.01815002 0.38039216 0.78823529 0.52549020
v -0.01479049 -0.03127837 -0.01721430 0.38039216 0.78823529 0.52549020
v -0.01395285 -0.03149371 -0.01774319 0.38039216 0.78823529 0.52549020
v -0.01440836 -0.03160497 -0.01686170 0.38039216 0.78823529 0.52549020
v -0.01318247 -0.03167316 -0.01819071 0.38039216 0.78823529 0.52549020
v -0.01183125 -0.03229764 -0.01810934 0.38039216 0.78823529 0.52549020
v -0.01133295 -0.03269602 -0.01761435 0.38039216 0.78823529 0.52549020
v -0.00932445 -0.03364711 -0.01686170 0.38039216 0.78823529 0.52549020
v -0.01068791 -0.03281446 -0.01792626 0.38039216 0.78823529 0.52549020
v -0.01005815 -0.03268884 -0.01885521 0.38039216 0.78823529 0.52549020
v -0.00955679 -0.03303698 -0.01835344 0.38039216 0.78823529 0.52549020
v -0.00817500 -0.03383374 -0.01726176 0.38039216 0.78823529 0.52549020
v -0.00817500 -0.03404549 -0.01663116 0.38039216 0.78823529 0.52549020
v -0.00745964 -0.03392705 -0.01753977 0.38039216 0.78823529 0.52549020
v -0.00687574 -0.03425724 -0.01694307 0.38039216 0.78823529 0.52549020
v -0.00687574 -0.03208948 0.02702940 0.38039216 0.78823529 0.52549020
v -0.00867941 -0.03141116 0.02762610 0.38039216 0.78823529 0.52549020
v -0.00943145 -0.03133220 0.02749727 0.38039216 0.78823529 0.52549020
v -0.01068791 -0.03118146 0.02725316 0.38039216 0.78823529 0.52549020
v -0.01189850 -0.03104867 0.02694126 0.38039216 0.78823529 0.52549020
v -0.01324667 -0.03055698 0.02711755 0.38039216 0.78823529 0.52549020
v -0.01369300 -0.03013348 0.02759220 0.38039216 0.78823529 0.52549020
v -0.01446033 -0.03038830 0.02675140 0.38039216 0.78823529 0.52549020
v -0.01529185 -0.03024473 0.02652086 0.38039216 0.78823529 0.52549020
v -0.01612949 -0.03009400 0.02626319 0.38039216 0.78823529 0.52549020
v -0.01667670 -0.03032728 0.02542239 0.38039216 0.78823529 0.52549020
v -0.01751740 -0.03013348 0.02506302 0.38039216 0.78823529 0.52549020
v -0.01832752 -0.02999350 0.02458837 0.38039216 0.78823529 0.52549020
v -0.01919267 -0.02909984 0.02546307 0.38039216 0.78823529 0.52549020
v -0.01956257 -0.02936184 0.02458837 0.38039216 0.78823529 0.52549020
v -0.02040327 -0.02908549 0.02421544 0.38039216 0.78823529 0.52549020
v -0.02079152 -0.02930442 0.02328649 0.38039216 0.78823529 0.52549020
v -0.02157107 -0.02904242 0.02287965 0.38039216 0.78823529 0.52549020
v -0.02199600 -0.02917162 0.02190324 0.38039216 0.78823529 0.52549020
v -0.02405952 -0.02778268 0.02172016 0.38039216 0.78823529 0.52549020
v -0.02428880 -0.02795495 0.02074375 0.38039216 0.78823529 0.52549020
v -0.02343588 -0.02858303 0.02074375 0.38039216 0.78823529 0.52549020
v -0.02240870 -0.02876607 0.02225583 0.38039216 0.78823529 0.52549020
v -0.02385164 -0.02763194 0.02255418 0.38039216 0.78823529 0.52549020
v -0.02371102 -0.02878760 0.01948255 0.38039216 0.78823529 0.52549020
v -0.02536795 -0.02785446 0.01822813 0.38039216 0.78823529 0.52549020
v -0.02554526 -0.02799802 0.01697371 0.38039216 0.78823529 0.52549020
v -0.02569200 -0.02810928 0.01571251 0.38039216 0.78823529 0.52549020
v -0.02508975 -0.02761759 0.01995719 0.38039216 0.78823529 0.52549020
v -0.02523038 -0.02773243 0.01912317 0.38039216 0.78823529 0.52549020
v -0.02694234 -0.02724433 0.01454624 0.38039216 0.78823529 0.52549020
v -0.02771272 -0.02645475 0.01533279 0.38039216 0.78823529 0.52549020
v -0.02776774 -0.02651576 0.01445809 0.38039216 0.78823529 0.52549020
v -0.02632175 -0.02758887 0.01571251 0.38039216 0.78823529 0.52549020
v -0.02713493 -0.02688184 0.01573963 0.38039216 0.78823529 0.52549020
v -0.02781360 -0.02657677 0.01319689 0.38039216 0.78823529 0.52549020
v -0.02783194 -0.02659831 0.01194247 0.38039216 0.78823529 0.52549020
v -0.02784111 -0.02660190 0.01068127 0.38039216 0.78823529 0.52549020
v -0.02785029 -0.02660190 0.00942685 0.38039216 0.78823529 0.52549020
v -0.02783806 -0.02659113 0.00817243 0.38039216 0.78823529 0.52549020
v -0.02721136 -0.02722279 0.00817243 0.38039216 0.78823529 0.52549020
v -0.02658466 -0.02783651 0.00817243 0.38039216 0.78823529 0.52549020
v -0.02589376 -0.02844306 0.00691123 0.38039216 0.78823529 0.52549020
v -0.02584485 -0.02839999 0.00565682 0.38039216 0.78823529 0.52549020
v -0.02652046 -0.02777191 0.00565682 0.38039216 0.78823529 0.52549020
v -0.02645932 -0.02771449 0.00439562 0.38039216 0.78823529 0.52549020
v -0.02641958 -0.02767501 0.00360906 0.38039216 0.78823529 0.52549020
v -0.02637678 -0.02763194 0.00276826 0.38039216 0.78823529 0.52549020
v -0.02570117 -0.02816670 0.00188000 0.38039216 0.78823529 0.52549020
v -0.02561251 -0.02808416 0.00062558 0.38039216 0.78823529 0.52549020
v -0.02674974 -0.02676340 -0.00062884 0.38039216 0.78823529 0.52549020
v -0.02737950 -0.02609585 -0.00062884 0.38039216 0.78823529 0.52549020
v -0.02765158 -0.02513399 -0.00372081 0.38039216 0.78823529 0.52549020
v -0.02757515 -0.02504427 -0.00439888 0.38039216 0.78823529 0.52549020
v -0.02685368 -0.02585180 -0.00433785 0.38039216 0.78823529 0.52549020
v -0.02679560 -0.02557185 -0.00565330 0.38039216 0.78823529 0.52549020
v -0.02620558 -0.02619993 -0.00565330 0.38039216 0.78823529 0.52549020
v -0.02604050 -0.02602048 -0.00691450 0.38039216 0.78823529 0.52549020
v -0.02514784 -0.02640450 -0.00879952 0.38039216 0.78823529 0.52549020
v -0.02445388 -0.02721921 -0.00825706 0.38039216 0.78823529 0.52549020
v -0.02386998 -0.02764271 -0.00873171 0.38039216 0.78823529 0.52549020
v -0.02413289 -0.02789035 -0.00691450 0.38039216 0.78823529 0.52549020
v -0.02344505 -0.02851842 -0.00691450 0.38039216 0.78823529 0.52549020
v -0.02375687 -0.02753863 -0.00943012 0.38039216 0.78823529 0.52549020
v -0.02312712 -0.02809492 -0.00943012 0.38039216 0.78823529 0.52549020
v -0.02240565 -0.02872300 -0.00943012 0.38039216 0.78823529 0.52549020
v -0.02177895 -0.02924699 -0.00943012 0.38039216 0.78823529 0.52549020
v -0.02208160 -0.02934389 -0.00815536 0.38039216 0.78823529 0.52549020
v -0.02623921 -0.02749915 0.00062558 0.38039216 0.78823529 0.52549020
v -0.02154967 -0.02906036 -0.01068454 0.38039216 0.78823529 0.52549020
v -0.02066312 -0.02974945 -0.01067097 0.38039216 0.78823529 0.52549020
v -0.02078540 -0.02927212 -0.01185759 0.38039216 0.78823529 0.52549020
v -0.02039715 -0.02912856 -0.01320015 0.38039216 0.78823529 0.52549020
v -0.01984382 -0.02997197 -0.01193895 0.38039216 0.78823529 0.52549020
v -0.01881665 -0.03014424 -0.01372226 0.38039216 0.78823529 0.52549020
v -0.01833058 -0.03060363 -0.01326118 0.38039216 0.78823529 0.52549020
v -0.01733091 -0.03126760 -0.01320015 0.38039216 0.78823529 0.52549020
v -0.01692738 -0.03109533 -0.01446135 0.38039216 0.78823529 0.52549020
v -0.01704966 -0.03056416 -0.01574968 0.38039216 0.78823529 0.52549020
v -0.01663390 -0.03034881 -0.01697019 0.38039216 0.78823529 0.52549020
v -0.01639851 -0.03020526 -0.01767538 0.38039216 0.78823529 0.52549020
v -0.01609280 -0.03002580 -0.01850940 0.38039216 0.78823529 0.52549020
v -0.01525517 -0.03026627 -0.01907219 0.38039216 0.78823529 0.52549020
v -0.01440836 -0.03107379 -0.01819071 0.38039216 0.78823529 0.52549020
v -0.01448784 -0.03049238 -0.01949259 0.38039216 0.78823529 0.52549020
v -0.01318247 -0.03113840 -0.01947903 0.38039216 0.78823529 0.52549020
v -0.01236624 -0.03134656 -0.01989943 0.38039216 0.78823529 0.52549020
v -0.01194742 -0.03169110 -0.01947903 0.38039216 0.78823529 0.52549020
v -0.01068791 -0.03219356 -0.01948581 0.38039216 0.78823529 0.52549020
v -0.01068791 -0.03257400 -0.01855008 0.38039216 0.78823529 0.52549020
v -0.00817500 -0.03348919 -0.01823139 0.38039216 0.78823529 0.52549020
v -0.00955679 -0.03256682 -0.01956040 0.38039216 0.78823529 0.52549020
v -0.00922051 -0.03282164 -0.01919424 0.38039216 0.78823529 0.52549020
v -0.00687574 -0.03399524 -0.01771606 0.38039216 0.78823529 0.52549020
v -0.00687574 -0.03414239 -0.01728888 0.38039216 0.78823529 0.52549020
v -0.00687574 -0.03422135 -0.01705156 0.38039216 0.78823529 0.52549020
v -0.00699191 -0.03377990 -0.01822461 0.38039216 0.78823529 0.52549020
v -0.00687574 -0.03156549 0.02784308 0.38039216 0.78823529 0.52549020
v -0.00784177 -0.03148294 0.02773459 0.38039216 0.78823529 0.52549020
v -0.00822697 -0.03106303 0.02820924 0.38039216 0.78823529 0.52549020
v -0.01009483 -0.03018372 0.02892798 0.38039216 0.78823529 0.52549020
v -0.01058397 -0.03048161 0.02833129 0.38039216 0.78823529 0.52549020
v -0.01194742 -0.03038112 0.02795157 0.38039216 0.78823529 0.52549020
v -0.01285537 -0.03025550 0.02777527 0.38039216 0.78823529 0.52549020
v -0.01446033 -0.02999709 0.02738200 0.38039216 0.78823529 0.52549020
v -0.01324667 -0.02980688 0.02822958 0.38039216 0.78823529 0.52549020
v -0.01403539 -0.02898858 0.02900257 0.38039216 0.78823529 0.52549020
v -0.01445727 -0.02932236 0.02835163 0.38039216 0.78823529 0.52549020
v -0.01571984 -0.02913573 0.02795835 0.38039216 0.78823529 0.52549020
v -0.01571373 -0.02979970 0.02697516 0.38039216 0.78823529 0.52549020
v -0.01649022 -0.02898499 0.02774815 0.38039216 0.78823529 0.52549020
v -0.01693655 -0.02924699 0.02703618 0.38039216 0.78823529 0.52549020
v -0.01790259 -0.02906395 0.02662256 0.38039216 0.78823529 0.52549020
v -0.01704966 -0.02993967 0.02581567 0.38039216 0.78823529 0.52549020
v -0.01828778 -0.02934031 0.02583601 0.38039216 0.78823529 0.52549020
v -0.02003031 -0.02886656 0.02504946 0.38039216 0.78823529 0.52549020
v -0.01874022 -0.02885579 0.02629709 0.38039216 0.78823529 0.52549020
v -0.01956257 -0.02866916 0.02583601 0.38039216 0.78823529 0.52549020
v -0.02124090 -0.02883426 0.02372045 0.38039216 0.78823529 0.52549020
v -0.02079152 -0.02865840 0.02458837 0.38039216 0.78823529 0.52549020
v -0.02299872 -0.02790829 0.02325937 0.38039216 0.78823529 0.52549020
v -0.02273887 -0.02772525 0.02401202 0.38039216 0.78823529 0.52549020
v -0.02491856 -0.02748120 0.02074375 0.38039216 0.78823529 0.52549020
v -0.02362542 -0.02748479 0.02325937 0.38039216 0.78823529 0.52549020
v -0.02520592 -0.02645834 0.02275082 0.38039216 0.78823529 0.52549020
v -0.02449363 -0.02730893 0.02207953 0.38039216 0.78823529 0.52549020
v -0.02454254 -0.02679929 0.02320512 0.38039216 0.78823529 0.52549020
v -0.02599770 -0.02729816 0.01822813 0.38039216 0.78823529 0.52549020
v -0.02688731 -0.02682800 0.01697371 0.38039216 0.78823529 0.52549020
v -0.02617196 -0.02745608 0.01697371 0.38039216 0.78823529 0.52549020
v -0.02563391 -0.02685313 0.02074375 0.38039216 0.78823529 0.52549020
v -0.02638595 -0.02638656 0.02006568 0.38039216 0.78823529 0.52549020
v -0.02653269 -0.02652294 0.01922488 0.38039216 0.78823529 0.52549020
v -0.02670083 -0.02667009 0.01822813 0.38039216 0.78823529 0.52549020
v -0.02888663 -0.02510169 0.01445809 0.38039216 0.78823529 0.52549020
v -0.02836387 -0.02577284 0.01445809 0.38039216 0.78823529 0.52549020
v -0.02762101 -0.02636143 0.01617359 0.38039216 0.78823529 0.52549020
v -0.02810096 -0.02587692 0.01573963 0.38039216 0.78823529 0.52549020
v -0.02880103 -0.02498685 0.01571251 0.38039216 0.78823529 0.52549020
v -0.02853507 -0.02566876 0.01329182 0.38039216 0.78823529 0.52549020
v -0.02896917 -0.02520936 0.01194247 0.38039216 0.78823529 0.52549020
v -0.02845864 -0.02584103 0.01194247 0.38039216 0.78823529 0.52549020
v -0.02899363 -0.02524167 0.01068127 0.38039216 0.78823529 0.52549020
v -0.02847087 -0.02586974 0.01068127 0.38039216 0.78823529 0.52549020
v -0.02847699 -0.02588051 0.00942685 0.38039216 0.78823529 0.52549020
v -0.02846781 -0.02587333 0.00817243 0.38039216 0.78823529 0.52549020
v -0.02844336 -0.02585539 0.00691123 0.38039216 0.78823529 0.52549020
v -0.02781666 -0.02656960 0.00691123 0.38039216 0.78823529 0.52549020
v -0.02718996 -0.02719767 0.00691123 0.38039216 0.78823529 0.52549020
v -0.02656020 -0.02781139 0.00691123 0.38039216 0.78823529 0.52549020
v -0.02714716 -0.02715460 0.00565682 0.38039216 0.78823529 0.52549020
v -0.02708602 -0.02709000 0.00439562 0.38039216 0.78823529 0.52549020
v -0.02771577 -0.02646193 0.00439562 0.38039216 0.78823529 0.52549020
v -0.02632786 -0.02758528 0.00188000 0.38039216 0.78823529 0.52549020
v -0.02685368 -0.02687107 0.00062558 0.38039216 0.78823529 0.52549020
v -0.02748038 -0.02621070 0.00062558 0.38039216 0.78823529 0.52549020
v -0.02794811 -0.02546777 -0.00062884 0.38039216 0.78823529 0.52549020
v -0.02782583 -0.02533498 -0.00188326 0.38039216 0.78823529 0.52549020
v -0.02805205 -0.02558262 0.00062558 0.38039216 0.78823529 0.52549020
v -0.02893860 -0.02391374 -0.00260879 0.38039216 0.78823529 0.52549020
v -0.02884689 -0.02379530 -0.00344959 0.38039216 0.78823529 0.52549020
v -0.02810402 -0.02441620 -0.00439888 0.38039216 0.78823529 0.52549020
v -0.02742535 -0.02487559 -0.00565330 0.38039216 0.78823529 0.52549020
v -0.02663051 -0.02539240 -0.00691450 0.38039216 0.78823529 0.52549020
v -0.02637984 -0.02511964 -0.00871137 0.38039216 0.78823529 0.52549020
v -0.02455782 -0.02681006 -0.00930128 0.38039216 0.78823529 0.52549020
v -0.02525789 -0.02527038 -0.01164061 0.38039216 0.78823529 0.52549020
v -0.02482685 -0.02607073 -0.01068454 0.38039216 0.78823529 0.52549020
v -0.02387915 -0.02639373 -0.01254243 0.38039216 0.78823529 0.52549020
v -0.02402284 -0.02653730 -0.01170841 0.38039216 0.78823529 0.52549020
v -0.02419709 -0.02670957 -0.01068454 0.38039216 0.78823529 0.52549020
v -0.02353982 -0.02733764 -0.01068454 0.38039216 0.78823529 0.52549020
v -0.02291006 -0.02790829 -0.01068454 0.38039216 0.78823529 0.52549020
v -0.02217942 -0.02853637 -0.01068454 0.38039216 0.78823529 0.52549020
v -0.02199294 -0.02828155 -0.01191183 0.38039216 0.78823529 0.52549020
v -0.02179729 -0.02800879 -0.01320015 0.38039216 0.78823529 0.52549020
v -0.02123173 -0.02880196 -0.01222374 0.38039216 0.78823529 0.52549020
v -0.02102385 -0.02864045 -0.01320015 0.38039216 0.78823529 0.52549020
v -0.02021373 -0.02899217 -0.01402061 0.38039216 0.78823529 0.52549020
v -0.01862405 -0.03000786 -0.01445457 0.38039216 0.78823529 0.52549020
v -0.01775279 -0.03027345 -0.01535640 0.38039216 0.78823529 0.52549020
v -0.01799430 -0.03043495 -0.01445457 0.38039216 0.78823529 0.52549020
v -0.01979186 -0.02867634 -0.01571577 0.38039216 0.78823529 0.52549020
v -0.01896033 -0.02898858 -0.01652267 0.38039216 0.78823529 0.52549020
v -0.01751740 -0.03011912 -0.01619042 0.38039216 0.78823529 0.52549020
v -0.01726366 -0.02996120 -0.01697019 0.38039216 0.78823529 0.52549020
v -0.01699769 -0.02956641 -0.01825851 0.38039216 0.78823529 0.52549020
v -0.01674396 -0.02917521 -0.01948581 0.38039216 0.78823529 0.52549020
v -0.01569233 -0.02982482 -0.01949259 0.38039216 0.78823529 0.52549020
v -0.01492500 -0.03008682 -0.01991299 0.38039216 0.78823529 0.52549020
v -0.01408737 -0.03030575 -0.02038764 0.38039216 0.78823529 0.52549020
v -0.01324361 -0.03053544 -0.02078091 0.38039216 0.78823529 0.52549020
v -0.01194742 -0.03115275 -0.02074023 0.38039216 0.78823529 0.52549020
v -0.01152554 -0.03151524 -0.02031305 0.38039216 0.78823529 0.52549020
v -0.01106087 -0.03133579 -0.02115385 0.38039216 0.78823529 0.52549020
v -0.01066039 -0.03166598 -0.02074023 0.38039216 0.78823529 0.52549020
v -0.00867330 -0.03265654 -0.02002826 0.38039216 0.78823529 0.52549020
v -0.00822391 -0.03295802 -0.01956040 0.38039216 0.78823529 0.52549020
v -0.01022017 -0.03149012 -0.02149966 0.38039216 0.78823529 0.52549020
v -0.00943145 -0.03209307 -0.02074023 0.38039216 0.78823529 0.52549020
v -0.00687574 -0.03385527 -0.01808900 0.38039216 0.78823529 0.52549020
v -0.00783566 -0.03276421 -0.02028593 0.38039216 0.78823529 0.52549020
v -0.00691854 -0.03329897 -0.01948581 0.38039216 0.78823529 0.52549020
v -0.00687574 -0.03109174 0.02847368 0.38039216 0.78823529 0.52549020
v -0.00943145 -0.03024473 0.02900257 0.38039216 0.78823529 0.52549020
v -0.00943145 -0.02967767 0.02962639 0.38039216 0.78823529 0.52549020
v -0.01022017 -0.02895987 0.03020953 0.38039216 0.78823529 0.52549020
v -0.01105781 -0.02884861 0.03010104 0.38039216 0.78823529 0.52549020
v -0.01194742 -0.02873018 0.02997898 0.38039216 0.78823529 0.52549020
v -0.01194742 -0.02929724 0.02934838 0.38039216 0.78823529 0.52549020
v -0.01320387 -0.02911779 0.02915853 0.38039216 0.78823529 0.52549020
v -0.01093247 -0.03006887 0.02877203 0.38039216 0.78823529 0.52549020
v -0.01194742 -0.02992890 0.02858217 0.38039216 0.78823529 0.52549020
v -0.01320387 -0.02855431 0.02978235 0.38039216 0.78823529 0.52549020
v -0.01451230 -0.02830667 0.02957215 0.38039216 0.78823529 0.52549020
v -0.01487303 -0.02883784 0.02881271 0.38039216 0.78823529 0.52549020
v -0.01823275 -0.02793342 0.02802616 0.38039216 0.78823529 0.52549020
v -0.01732786 -0.02878401 0.02746337 0.38039216 0.78823529 0.52549020
v -0.01571984 -0.02866198 0.02858895 0.38039216 0.78823529 0.52549020
v -0.01753879 -0.02762835 0.02888052 0.38039216 0.78823529 0.52549020
v -0.01828778 -0.02859738 0.02703618 0.38039216 0.78823529 0.52549020
v -0.02074260 -0.02802673 0.02576820 0.38039216 0.78823529 0.52549020
v -0.02156190 -0.02777909 0.02534780 0.38039216 0.78823529 0.52549020
v -0.01900007 -0.02774320 0.02776849 0.38039216 0.78823529 0.52549020
v -0.01944946 -0.02799443 0.02700906 0.38039216 0.78823529 0.52549020
v -0.02032073 -0.02777909 0.02658188 0.38039216 0.78823529 0.52549020
v -0.02199294 -0.02797290 0.02446632 0.38039216 0.78823529 0.52549020
v -0.02240259 -0.02750991 0.02485282 0.38039216 0.78823529 0.52549020
v -0.02328608 -0.02706129 0.02454091 0.38039216 0.78823529 0.52549020
v -0.02414206 -0.02661266 0.02423578 0.38039216 0.78823529 0.52549020
v -0.02537712 -0.02661266 0.02199817 0.38039216 0.78823529 0.52549020
v -0.02497970 -0.02626453 0.02358484 0.38039216 0.78823529 0.52549020
v -0.02574091 -0.02574054 0.02318478 0.38039216 0.78823529 0.52549020
v -0.02647461 -0.02522013 0.02278472 0.38039216 0.78823529 0.52549020
v -0.02600382 -0.02602048 0.02199817 0.38039216 0.78823529 0.52549020
v -0.02751706 -0.02625735 0.01697371 0.38039216 0.78823529 0.52549020
v -0.02626061 -0.02626453 0.02074375 0.38039216 0.78823529 0.52549020
v -0.02687814 -0.02563646 0.02074375 0.38039216 0.78823529 0.52549020
v -0.02708296 -0.02582667 0.01963172 0.38039216 0.78823529 0.52549020
v -0.02732753 -0.02606355 0.01822813 0.38039216 0.78823529 0.52549020
v -0.03025008 -0.02273654 0.01697371 0.38039216 0.78823529 0.52549020
v -0.02988324 -0.02347947 0.01571251 0.38039216 0.78823529 0.52549020
v -0.03032957 -0.02285139 0.01571251 0.38039216 0.78823529 0.52549020
v -0.02932074 -0.02447362 0.01445809 0.38039216 0.78823529 0.52549020
v -0.03043351 -0.02300931 0.01319689 0.38039216 0.78823529 0.52549020
v -0.02891414 -0.02514117 0.01376647 0.38039216 0.78823529 0.52549020
v -0.02804594 -0.02562928 0.01697371 0.38039216 0.78823529 0.52549020
v -0.02867569 -0.02482893 0.01697371 0.38039216 0.78823529 0.52549020
v -0.03019506 -0.02265758 0.01769246 0.38039216 0.78823529 0.52549020
v -0.02894166 -0.02517706 0.01293245 0.38039216 0.78823529 0.52549020
v -0.02954696 -0.02451669 0.01068127 0.38039216 0.78823529 0.52549020
v -0.03012169 -0.02380966 0.00942685 0.38039216 0.78823529 0.52549020
v -0.03013392 -0.02383119 0.00817243 0.38039216 0.78823529 0.52549020
v -0.02900280 -0.02524884 0.00942685 0.38039216 0.78823529 0.52549020
v -0.02899669 -0.02524167 0.00817243 0.38039216 0.78823529 0.52549020
v -0.02898446 -0.02522731 0.00691123 0.38039216 0.78823529 0.52549020
v -0.02895389 -0.02518783 0.00565682 0.38039216 0.78823529 0.52549020
v -0.02840361 -0.02581591 0.00565682 0.38039216 0.78823529 0.52549020
v -0.02777386 -0.02652294 0.00565682 0.38039216 0.78823529 0.52549020
v -0.02892637 -0.02515553 0.00492451 0.38039216 0.78823529 0.52549020
v -0.02844030 -0.02565440 0.00446342 0.38039216 0.78823529 0.52549020
v -0.02888663 -0.02510887 0.00409049 0.38039216 0.78823529 0.52549020
v -0.02883772 -0.02505145 0.00314120 0.38039216 0.78823529 0.52549020
v -0.02767603 -0.02641886 0.00366331 0.38039216 0.78823529 0.52549020
v -0.02693316 -0.02695721 0.00188000 0.38039216 0.78823529 0.52549020
v -0.02756292 -0.02630042 0.00188000 0.38039216 0.78823529 0.52549020
v -0.02813765 -0.02567235 0.00188000 0.38039216 0.78823529 0.52549020
v -0.02857481 -0.02474997 -0.00062884 0.38039216 0.78823529 0.52549020
v -0.02868181 -0.02487200 0.00062558 0.38039216 0.78823529 0.52549020
v -0.02876741 -0.02496890 0.00188000 0.38039216 0.78823529 0.52549020
v -0.02911285 -0.02411831 -0.00062884 0.38039216 0.78823529 0.52549020
v -0.02984349 -0.02346870 0.00062558 0.38039216 0.78823529 0.52549020
v -0.02982515 -0.02319594 -0.00073733 0.38039216 0.78823529 0.52549020
v -0.03025008 -0.02273295 -0.00038474 0.38039216 0.78823529 0.52549020
v -0.03016754 -0.02262169 -0.00121876 0.38039216 0.78823529 0.52549020
v -0.02926877 -0.02332873 -0.00306987 0.38039216 0.78823529 0.52549020
v -0.02997189 -0.02234175 -0.00313768 0.38039216 0.78823529 0.52549020
v -0.02920457 -0.02301648 -0.00439888 0.38039216 0.78823529 0.52549020
v -0.02873378 -0.02364815 -0.00439888 0.38039216 0.78823529 0.52549020
v -0.02795423 -0.02424751 -0.00565330 0.38039216 0.78823529 0.52549020
v -0.02779220 -0.02405012 -0.00691450 0.38039216 0.78823529 0.52549020
v -0.02726027 -0.02468178 -0.00691450 0.38039216 0.78823529 0.52549020
v -0.02758432 -0.02378812 -0.00849439 0.38039216 0.78823529 0.52549020
v -0.02680477 -0.02435159 -0.00943012 0.38039216 0.78823529 0.52549020
v -0.02553608 -0.02434083 -0.01320015 0.38039216 0.78823529 0.52549020
v -0.02511115 -0.02510887 -0.01248141 0.38039216 0.78823529 0.52549020
v -0.02435911 -0.02564005 -0.01320015 0.38039216 0.78823529 0.52549020
v -0.02456700 -0.02583385 -0.01209491 0.38039216 0.78823529 0.52549020
v -0.02412678 -0.02539599 -0.01445457 0.38039216 0.78823529 0.52549020
v -0.02375076 -0.02626812 -0.01320015 0.38039216 0.78823529 0.52549020
v -0.02287338 -0.02663061 -0.01445457 0.38039216 0.78823529 0.52549020
v -0.02312406 -0.02685313 -0.01320015 0.38039216 0.78823529 0.52549020
v -0.02274192 -0.02776115 -0.01159314 0.38039216 0.78823529 0.52549020
v -0.02242705 -0.02748120 -0.01320015 0.38039216 0.78823529 0.52549020
v -0.02215497 -0.02725868 -0.01445457 0.38039216 0.78823529 0.52549020
v -0.02152827 -0.02778268 -0.01445457 0.38039216 0.78823529 0.52549020
v -0.02119505 -0.02750991 -0.01592597 0.38039216 0.78823529 0.52549020
v -0.02076400 -0.02797290 -0.01559372 0.38039216 0.78823529 0.52549020
v -0.02035741 -0.02784728 -0.01675999 0.38039216 0.78823529 0.52549020
v -0.01819606 -0.02981764 -0.01574968 0.38039216 0.78823529 0.52549020
v -0.01954117 -0.02833180 -0.01705834 0.38039216 0.78823529 0.52549020
v -0.01872188 -0.02881631 -0.01735669 0.38039216 0.78823529 0.52549020
v -0.01827555 -0.02929365 -0.01694985 0.38039216 0.78823529 0.52549020
v -0.01788119 -0.02910702 -0.01800763 0.38039216 0.78823529 0.52549020
v -0.01737371 -0.02876965 -0.01948581 0.38039216 0.78823529 0.52549020
v -0.01646882 -0.02899217 -0.02025880 0.38039216 0.78823529 0.52549020
v -0.01570150 -0.02922905 -0.02069955 0.38039216 0.78823529 0.52549020
v -0.01492194 -0.02881631 -0.02242861 0.38039216 0.78823529 0.52549020
v -0.01408431 -0.02906036 -0.02288969 0.38039216 0.78823529 0.52549020
v -0.01448784 -0.02989301 -0.02078091 0.38039216 0.78823529 0.52549020
v -0.01368689 -0.03010117 -0.02122166 0.38039216 0.78823529 0.52549020
v -0.01284925 -0.03031293 -0.02164884 0.38039216 0.78823529 0.52549020
v -0.01197493 -0.03051750 -0.02204211 0.38039216 0.78823529 0.52549020
v -0.01157751 -0.03028780 -0.02285579 0.38039216 0.78823529 0.52549020
v -0.01066039 -0.03110968 -0.02195396 0.38039216 0.78823529 0.52549020
v -0.00930611 -0.03158343 -0.02195396 0.38039216 0.78823529 0.52549020
v -0.00880475 -0.03143269 -0.02263203 0.38039216 0.78823529 0.52549020
v -0.00822391 -0.03246991 -0.02071989 0.38039216 0.78823529 0.52549020
v -0.00964239 -0.03129631 -0.02234046 0.38039216 0.78823529 0.52549020
v -0.00687574 -0.03331692 -0.01945869 0.38039216 0.78823529 0.52549020
v -0.00691854 -0.03260271 -0.02116741 0.38039216 0.78823529 0.52549020
v -0.00691854 -0.03286471 -0.02054359 0.38039216 0.78823529 0.52549020
v -0.00687574 -0.03330615 -0.01948581 0.38039216 0.78823529 0.52549020
v -0.00687574 -0.03288624 -0.02050969 0.38039216 0.78823529 0.52549020
v -0.00687574 -0.03046366 0.02923989 0.38039216 0.78823529 0.52549020
v -0.00691854 -0.03046007 0.02923989 0.38039216 0.78823529 0.52549020
v -0.00817500 -0.03035599 0.02912462 0.38039216 0.78823529 0.52549020
v -0.00817500 -0.02978893 0.02975522 0.38039216 0.78823529 0.52549020
v -0.00943145 -0.02904960 0.03029767 0.38039216 0.78823529 0.52549020
v -0.01065733 -0.02837128 0.03061636 0.38039216 0.78823529 0.52549020
v -0.01194742 -0.02810210 0.03057568 0.38039216 0.78823529 0.52549020
v -0.01320387 -0.02792624 0.03041973 0.38039216 0.78823529 0.52549020
v -0.01415156 -0.02777550 0.03028411 0.38039216 0.78823529 0.52549020
v -0.01498920 -0.02762117 0.03013494 0.38039216 0.78823529 0.52549020
v -0.01571984 -0.02803391 0.02934160 0.38039216 0.78823529 0.52549020
v -0.01670116 -0.02781857 0.02909750 0.38039216 0.78823529 0.52549020
v -0.01714138 -0.02710795 0.02963317 0.38039216 0.78823529 0.52549020
v -0.01758159 -0.02639015 0.03016206 0.38039216 0.78823529 0.52549020
v -0.01823275 -0.02681724 0.02935516 0.38039216 0.78823529 0.52549020
v -0.01915598 -0.02656601 0.02909072 0.38039216 0.78823529 0.52549020
v -0.01823275 -0.02744531 0.02865676 0.38039216 0.78823529 0.52549020
v -0.02115836 -0.02752427 0.02618182 0.38039216 0.78823529 0.52549020
v -0.02199294 -0.02724433 0.02576820 0.38039216 0.78823529 0.52549020
v -0.02052249 -0.02665932 0.02799225 0.38039216 0.78823529 0.52549020
v -0.01983771 -0.02749556 0.02741590 0.38039216 0.78823529 0.52549020
v -0.01999362 -0.02632913 0.02883306 0.38039216 0.78823529 0.52549020
v -0.02084043 -0.02709000 0.02711077 0.38039216 0.78823529 0.52549020
v -0.02291312 -0.02661266 0.02577498 0.38039216 0.78823529 0.52549020
v -0.02383330 -0.02635785 0.02506980 0.38039216 0.78823529 0.52549020
v -0.02519369 -0.02518783 0.02521219 0.38039216 0.78823529 0.52549020
v -0.02540157 -0.02538522 0.02451379 0.38039216 0.78823529 0.52549020
v -0.02627589 -0.02501197 0.02362552 0.38039216 0.78823529 0.52549020
v -0.02699125 -0.02446285 0.02315088 0.38039216 0.78823529 0.52549020
v -0.02767909 -0.02391374 0.02268301 0.38039216 0.78823529 0.52549020
v -0.02726639 -0.02469614 0.02199817 0.38039216 0.78823529 0.52549020
v -0.02663969 -0.02538882 0.02199817 0.38039216 0.78823529 0.52549020
v -0.02790226 -0.02543547 0.01822813 0.38039216 0.78823529 0.52549020
v -0.02750484 -0.02496890 0.02074375 0.38039216 0.78823529 0.52549020
v -0.02763323 -0.02511246 0.02003178 0.38039216 0.78823529 0.52549020
v -0.02776774 -0.02526679 0.01919098 0.38039216 0.78823529 0.52549020
v -0.03072393 -0.02200080 0.01697371 0.38039216 0.78823529 0.52549020
v -0.03089207 -0.02200080 0.01571251 0.38039216 0.78823529 0.52549020
v -0.03141177 -0.02134042 0.01476322 0.38039216 0.78823529 0.52549020
v -0.03038459 -0.02293394 0.01445809 0.38039216 0.78823529 0.52549020
v -0.03108466 -0.02188236 0.01439028 0.38039216 0.78823529 0.52549020
v -0.03143928 -0.02138349 0.01392920 0.38039216 0.78823529 0.52549020
v -0.03047019 -0.02307750 0.01194247 0.38039216 0.78823529 0.52549020
v -0.03009723 -0.02377017 0.01068127 0.38039216 0.78823529 0.52549020
v -0.03004832 -0.02370557 0.01194247 0.38039216 0.78823529 0.52549020
v -0.02853201 -0.02465666 0.01822813 0.38039216 0.78823529 0.52549020
v -0.02902420 -0.02402499 0.01822813 0.38039216 0.78823529 0.52549020
v -0.02971510 -0.02314928 0.01815354 0.38039216 0.78823529 0.52549020
v -0.03010334 -0.02252479 0.01852648 0.38039216 0.78823529 0.52549020
v -0.03047631 -0.02206540 0.01815354 0.38039216 0.78823529 0.52549020
v -0.03127726 -0.02111790 0.01697371 0.38039216 0.78823529 0.52549020
v -0.03155240 -0.02155576 0.00942685 0.38039216 0.78823529 0.52549020
v -0.03157074 -0.02158447 0.00817243 0.38039216 0.78823529 0.52549020
v -0.02958670 -0.02451669 0.00817243 0.38039216 0.78823529 0.52549020
v -0.03157074 -0.02157729 0.00691123 0.38039216 0.78823529 0.52549020
v -0.03156462 -0.02157371 0.00565682 0.38039216 0.78823529 0.52549020
v -0.03115192 -0.02220178 0.00565682 0.38039216 0.78823529 0.52549020
v -0.03011863 -0.02380966 0.00691123 0.38039216 0.78823529 0.52549020
v -0.02955919 -0.02451669 0.00691123 0.38039216 0.78823529 0.52549020
v -0.02948582 -0.02451669 0.00565682 0.38039216 0.78823529 0.52549020
v -0.03003915 -0.02370916 0.00439562 0.38039216 0.78823529 0.52549020
v -0.02931768 -0.02462077 0.00446342 0.38039216 0.78823529 0.52549020
v -0.02935742 -0.02442337 0.00314120 0.38039216 0.78823529 0.52549020
v -0.02929322 -0.02434083 0.00188000 0.38039216 0.78823529 0.52549020
v -0.02921679 -0.02424392 0.00062558 0.38039216 0.78823529 0.52549020
v -0.02991992 -0.02356201 0.00188000 0.38039216 0.78823529 0.52549020
v -0.03032651 -0.02284062 0.00062558 0.38039216 0.78823529 0.52549020
v -0.03058636 -0.02212282 -0.00073733 0.38039216 0.78823529 0.52549020
v -0.03088595 -0.02200080 0.00062558 0.38039216 0.78823529 0.52549020
v -0.03040294 -0.02171368 -0.00313768 0.38039216 0.78823529 0.52549020
v -0.03027760 -0.02151987 -0.00439888 0.38039216 0.78823529 0.52549020
v -0.02983432 -0.02214795 -0.00439888 0.38039216 0.78823529 0.52549020
v -0.02904866 -0.02280832 -0.00565330 0.38039216 0.78823529 0.52549020
v -0.02858092 -0.02343640 -0.00565330 0.38039216 0.78823529 0.52549020
v -0.02872461 -0.02236688 -0.00816892 0.38039216 0.78823529 0.52549020
v -0.02792671 -0.02298060 -0.00943012 0.38039216 0.78823529 0.52549020
v -0.02743452 -0.02360867 -0.00943012 0.38039216 0.78823529 0.52549020
v -0.02895083 -0.02267553 -0.00641273 0.38039216 0.78823529 0.52549020
v -0.02631564 -0.02378094 -0.01231189 0.38039216 0.78823529 0.52549020
v -0.02616584 -0.02359790 -0.01320015 0.38039216 0.78823529 0.52549020
v -0.02531598 -0.02408601 -0.01445457 0.38039216 0.78823529 0.52549020
v -0.02498581 -0.02496890 -0.01320015 0.38039216 0.78823529 0.52549020
v -0.02350313 -0.02602407 -0.01445457 0.38039216 0.78823529 0.52549020
v -0.02475653 -0.02471408 -0.01445457 0.38039216 0.78823529 0.52549020
v -0.02396475 -0.02522731 -0.01528859 0.38039216 0.78823529 0.52549020
v -0.02270830 -0.02647269 -0.01525469 0.38039216 0.78823529 0.52549020
v -0.02251570 -0.02630042 -0.01609549 0.38039216 0.78823529 0.52549020
v -0.02166889 -0.02665932 -0.01697019 0.38039216 0.78823529 0.52549020
v -0.02125619 -0.02629683 -0.01861789 0.38039216 0.78823529 0.52549020
v -0.02080069 -0.02684595 -0.01821105 0.38039216 0.78823529 0.52549020
v -0.01994471 -0.02752786 -0.01823139 0.38039216 0.78823529 0.52549020
v -0.01931801 -0.02800520 -0.01823139 0.38039216 0.78823529 0.52549020
v -0.01904899 -0.02780062 -0.01914678 0.38039216 0.78823529 0.52549020
v -0.01827555 -0.02868711 -0.01834666 0.38039216 0.78823529 0.52549020
v -0.01830306 -0.02812722 -0.01953328 0.38039216 0.78823529 0.52549020
v -0.01877079 -0.02759605 -0.01998758 0.38039216 0.78823529 0.52549020
v -0.01785979 -0.02783651 -0.02074023 0.38039216 0.78823529 0.52549020
v -0.01761828 -0.02767142 -0.02139117 0.38039216 0.78823529 0.52549020
v -0.01645659 -0.02772884 -0.02275408 0.38039216 0.78823529 0.52549020
v -0.01568010 -0.02794777 -0.02320838 0.38039216 0.78823529 0.52549020
v -0.01448478 -0.02860097 -0.02328975 0.38039216 0.78823529 0.52549020
v -0.01366243 -0.02882349 -0.02372371 0.38039216 0.78823529 0.52549020
v -0.01322833 -0.02929365 -0.02328975 0.38039216 0.78823529 0.52549020
v -0.01324361 -0.02992172 -0.02204211 0.38039216 0.78823529 0.52549020
v -0.01241515 -0.03010476 -0.02248964 0.38039216 0.78823529 0.52549020
v -0.01197493 -0.02990378 -0.02326941 0.38039216 0.78823529 0.52549020
v -0.01104558 -0.03007964 -0.02369659 0.38039216 0.78823529 0.52549020
v -0.00930611 -0.03099843 -0.02313380 0.38039216 0.78823529 0.52549020
v -0.00943145 -0.03004016 -0.02487642 0.38039216 0.78823529 0.52549020
v -0.00873138 -0.03015501 -0.02510696 0.38039216 0.78823529 0.52549020
v -0.00825754 -0.03054980 -0.02461876 0.38039216 0.78823529 0.52549020
v -0.00817500 -0.03119582 -0.02342536 0.38039216 0.78823529 0.52549020
v -0.00716922 -0.03133579 -0.02368981 0.38039216 0.78823529 0.52549020
v -0.00687574 -0.03260630 -0.02118097 0.38039216 0.78823529 0.52549020
v -0.00687574 -0.03137168 -0.02376440 0.38039216 0.78823529 0.52549020
v -0.00687574 -0.03044572 0.02926023 0.38039216 0.78823529 0.52549020
v -0.00687574 -0.02987866 0.02987049 0.38039216 0.78823529 0.52549020
v -0.00817500 -0.02916086 0.03039938 0.38039216 0.78823529 0.52549020
v -0.00817500 -0.02840358 0.03102998 0.38039216 0.78823529 0.52549020
v -0.00940699 -0.02818465 0.03100286 0.38039216 0.78823529 0.52549020
v -0.01068791 -0.02750991 0.03132833 0.38039216 0.78823529 0.52549020
v -0.01194742 -0.02735200 0.03120628 0.38039216 0.78823529 0.52549020
v -0.01320387 -0.02716537 0.03105033 0.38039216 0.78823529 0.52549020
v -0.01391617 -0.02643680 0.03145716 0.38039216 0.78823529 0.52549020
v -0.01445421 -0.02702899 0.03080622 0.38039216 0.78823529 0.52549020
v -0.01571984 -0.02745249 0.02996542 0.38039216 0.78823529 0.52549020
v -0.01571984 -0.02682442 0.03052821 0.38039216 0.78823529 0.52549020
v -0.01674396 -0.02658754 0.03033836 0.38039216 0.78823529 0.52549020
v -0.01995694 -0.02503709 0.03008747 0.38039216 0.78823529 0.52549020
v -0.01823275 -0.02619634 0.02997898 0.38039216 0.78823529 0.52549020
v -0.01702826 -0.02580155 0.03082656 0.38039216 0.78823529 0.52549020
v -0.01823275 -0.02556827 0.03050109 0.38039216 0.78823529 0.52549020
v -0.01911930 -0.02530268 0.03029767 0.38039216 0.78823529 0.52549020
v -0.01955646 -0.02581591 0.02958571 0.38039216 0.78823529 0.52549020
v -0.02200517 -0.02661984 0.02671071 0.38039216 0.78823529 0.52549020
v -0.02264410 -0.02641168 0.02641236 0.38039216 0.78823529 0.52549020
v -0.02136013 -0.02639015 0.02763966 0.38039216 0.78823529 0.52549020
v -0.02074872 -0.02543906 0.02919921 0.38039216 0.78823529 0.52549020
v -0.02143961 -0.02519142 0.02896189 0.38039216 0.78823529 0.52549020
v -0.02086489 -0.02612815 0.02836519 0.38039216 0.78823529 0.52549020
v -0.02354288 -0.02612815 0.02577498 0.38039216 0.78823529 0.52549020
v -0.02446305 -0.02545342 0.02568684 0.38039216 0.78823529 0.52549020
v -0.02400755 -0.02524167 0.02652764 0.38039216 0.78823529 0.52549020
v -0.02484519 -0.02487918 0.02604621 0.38039216 0.78823529 0.52549020
v -0.02529152 -0.02404294 0.02656832 0.38039216 0.78823529 0.52549020
v -0.02566143 -0.02439466 0.02561225 0.38039216 0.78823529 0.52549020
v -0.02642263 -0.02391015 0.02517151 0.38039216 0.78823529 0.52549020
v -0.02602827 -0.02474638 0.02451379 0.38039216 0.78823529 0.52549020
v -0.02750484 -0.02368763 0.02351703 0.38039216 0.78823529 0.52549020
v -0.02661523 -0.02411831 0.02451379 0.38039216 0.78823529 0.52549020
v -0.02981598 -0.02196850 0.02077765 0.38039216 0.78823529 0.52549020
v -0.02914342 -0.02291958 0.02074375 0.38039216 0.78823529 0.52549020
v -0.02866347 -0.02354766 0.02074375 0.38039216 0.78823529 0.52549020
v -0.02780749 -0.02406806 0.02199817 0.38039216 0.78823529 0.52549020
v -0.02893860 -0.02391374 0.01892653 0.38039216 0.78823529 0.52549020
v -0.02803371 -0.02434083 0.02074375 0.38039216 0.78823529 0.52549020
v -0.02881938 -0.02376659 0.01976733 0.38039216 0.78823529 0.52549020
v -0.03136591 -0.02126505 0.01571251 0.38039216 0.78823529 0.52549020
v -0.03174805 -0.02063698 0.01571251 0.38039216 0.78823529 0.52549020
v -0.03173276 -0.02085232 0.01439028 0.38039216 0.78823529 0.52549020
v -0.03109995 -0.02208693 0.01194247 0.38039216 0.78823529 0.52549020
v -0.03254900 -0.01985816 0.01068127 0.38039216 0.78823529 0.52549020
v -0.03200790 -0.02074465 0.01068127 0.38039216 0.78823529 0.52549020
v -0.03049465 -0.02314210 0.01068127 0.38039216 0.78823529 0.52549020
v -0.02927794 -0.02331078 0.01940118 0.38039216 0.78823529 0.52549020
v -0.02998412 -0.02235252 0.01948255 0.38039216 0.78823529 0.52549020
v -0.03039988 -0.02172444 0.01948255 0.38039216 0.78823529 0.52549020
v -0.03116415 -0.02091692 0.01822813 0.38039216 0.78823529 0.52549020
v -0.03165328 -0.02048983 0.01697371 0.38039216 0.78823529 0.52549020
v -0.03205987 -0.02074465 0.00942685 0.38039216 0.78823529 0.52549020
v -0.03208738 -0.02074465 0.00817243 0.38039216 0.78823529 0.52549020
v -0.03208738 -0.02074465 0.00691123 0.38039216 0.78823529 0.52549020
v -0.03207821 -0.02074465 0.00565682 0.38039216 0.78823529 0.52549020
v -0.03154322 -0.02154858 0.00439562 0.38039216 0.78823529 0.52549020
v -0.03113663 -0.02217666 0.00439562 0.38039216 0.78823529 0.52549020
v -0.03050688 -0.02308109 0.00439562 0.38039216 0.78823529 0.52549020
v -0.03045796 -0.02301290 0.00314120 0.38039216 0.78823529 0.52549020
v -0.02998412 -0.02364456 0.00314120 0.38039216 0.78823529 0.52549020
v -0.03039682 -0.02293394 0.00188000 0.38039216 0.78823529 0.52549020
v -0.03109995 -0.02191107 0.00182575 0.38039216 0.78823529 0.52549020
v -0.03146985 -0.02143015 0.00220547 0.38039216 0.78823529 0.52549020
v -0.03141788 -0.02134760 0.00136467 0.38039216 0.78823529 0.52549020
v -0.03136286 -0.02125787 0.00062558 0.38039216 0.78823529 0.52549020
v -0.03126197 -0.02109278 -0.00062884 0.38039216 0.78823529 0.52549020
v -0.03108466 -0.02064774 -0.00311734 0.38039216 0.78823529 0.52549020
v -0.03077284 -0.02074465 -0.00439888 0.38039216 0.78823529 0.52549020
v -0.03047019 -0.02079848 -0.00556515 0.38039216 0.78823529 0.52549020
v -0.03009417 -0.02125429 -0.00593130 0.38039216 0.78823529 0.52549020
v -0.02973038 -0.02188954 -0.00556515 0.38039216 0.78823529 0.52549020
v -0.02917400 -0.02173521 -0.00816892 0.38039216 0.78823529 0.52549020
v -0.02903643 -0.02154499 -0.00918601 0.38039216 0.78823529 0.52549020
v -0.02862372 -0.02197926 -0.00953861 0.38039216 0.78823529 0.52549020
v -0.02927488 -0.02206540 -0.00686025 0.38039216 0.78823529 0.52549020
v -0.02777692 -0.02277602 -0.01040653 0.38039216 0.78823529 0.52549020
v -0.02763935 -0.02260016 -0.01124733 0.38039216 0.78823529 0.52549020
v -0.02667943 -0.02296983 -0.01320015 0.38039216 0.78823529 0.52549020
v -0.02651435 -0.02276884 -0.01412910 0.38039216 0.78823529 0.52549020
v -0.02518452 -0.02393168 -0.01518688 0.38039216 0.78823529 0.52549020
v -0.02379967 -0.02505504 -0.01612261 0.38039216 0.78823529 0.52549020
v -0.02449363 -0.02449515 -0.01565475 0.38039216 0.78823529 0.52549020
v -0.02297732 -0.02547136 -0.01697019 0.38039216 0.78823529 0.52549020
v -0.02276332 -0.02526679 -0.01786524 0.38039216 0.78823529 0.52549020
v -0.02229865 -0.02610303 -0.01697019 0.38039216 0.78823529 0.52549020
v -0.02255239 -0.02506940 -0.01869926 0.38039216 0.78823529 0.52549020
v -0.02170558 -0.02544624 -0.01948581 0.38039216 0.78823529 0.52549020
v -0.02100551 -0.02607431 -0.01948581 0.38039216 0.78823529 0.52549020
v -0.02037881 -0.02661266 -0.01948581 0.38039216 0.78823529 0.52549020
v -0.01947698 -0.02728740 -0.01953328 0.38039216 0.78823529 0.52549020
v -0.02016482 -0.02644398 -0.02018422 0.38039216 0.78823529 0.52549020
v -0.01947392 -0.02672392 -0.02065886 0.38039216 0.78823529 0.52549020
v -0.01904287 -0.02654447 -0.02161493 0.38039216 0.78823529 0.52549020
v -0.01848954 -0.02740224 -0.02074023 0.38039216 0.78823529 0.52549020
v -0.01817161 -0.02699669 -0.02192684 0.38039216 0.78823529 0.52549020
v -0.01729423 -0.02745249 -0.02223197 0.38039216 0.78823529 0.52549020
v -0.01788730 -0.02661266 -0.02297106 0.38039216 0.78823529 0.52549020
v -0.01699769 -0.02704693 -0.02328297 0.38039216 0.78823529 0.52549020
v -0.01607140 -0.02748479 -0.02358810 0.38039216 0.78823529 0.52549020
v -0.01523377 -0.02774679 -0.02402884 0.38039216 0.78823529 0.52549020
v -0.01440836 -0.02795136 -0.02447636 0.38039216 0.78823529 0.52549020
v -0.01395591 -0.02773243 -0.02525614 0.38039216 0.78823529 0.52549020
v -0.01322833 -0.02857585 -0.02452383 0.38039216 0.78823529 0.52549020
v -0.01282480 -0.02904960 -0.02410343 0.38039216 0.78823529 0.52549020
v -0.01191379 -0.02923622 -0.02452383 0.38039216 0.78823529 0.52549020
v -0.01065122 -0.02981405 -0.02444924 0.38039216 0.78823529 0.52549020
v -0.01068791 -0.02916803 -0.02554093 0.38039216 0.78823529 0.52549020
v -0.00954456 -0.02939773 -0.02589352 0.38039216 0.78823529 0.52549020
v -0.00920217 -0.02905678 -0.02659192 0.38039216 0.78823529 0.52549020
v -0.00825754 -0.02989301 -0.02574434 0.38039216 0.78823529 0.52549020
v -0.00789375 -0.03027345 -0.02530360 0.38039216 0.78823529 0.52549020
v -0.00687574 -0.03103072 -0.02440856 0.38039216 0.78823529 0.52549020
v -0.00687574 -0.02925058 0.03047397 0.38039216 0.78823529 0.52549020
v -0.00691854 -0.02924699 0.03047397 0.38039216 0.78823529 0.52549020
v -0.00691854 -0.02851125 0.03110457 0.38039216 0.78823529 0.52549020
v -0.00691854 -0.02788317 0.03159278 0.38039216 0.78823529 0.52549020
v -0.00817500 -0.02777550 0.03151141 0.38039216 0.78823529 0.52549020
v -0.00896983 -0.02769654 0.03145716 0.38039216 0.78823529 0.52549020
v -0.01068791 -0.02688184 0.03172161 0.38039216 0.78823529 0.52549020
v -0.01194742 -0.02672392 0.03162668 0.38039216 0.78823529 0.52549020
v -0.01320387 -0.02577284 0.03194537 0.38039216 0.78823529 0.52549020
v -0.01438696 -0.02580873 0.03168771 0.38039216 0.78823529 0.52549020
v -0.01571984 -0.02539599 0.03157922 0.38039216 0.78823529 0.52549020
v -0.01647188 -0.02521295 0.03147072 0.38039216 0.78823529 0.52549020
v -0.01475381 -0.02625018 0.03132155 0.38039216 0.78823529 0.52549020
v -0.01571984 -0.02602407 0.03115882 0.38039216 0.78823529 0.52549020
v -0.01941583 -0.02446644 0.03077232 0.38039216 0.78823529 0.52549020
v -0.02051944 -0.02419727 0.03039938 0.38039216 0.78823529 0.52549020
v -0.02136013 -0.02387425 0.03016206 0.38039216 0.78823529 0.52549020
v -0.02086183 -0.02457770 0.02989084 0.38039216 0.78823529 0.52549020
v -0.01730952 -0.02497249 0.03131477 0.38039216 0.78823529 0.52549020
v -0.01823275 -0.02470691 0.03112491 0.38039216 0.78823529 0.52549020
v -0.01887168 -0.02389579 0.03143682 0.38039216 0.78823529 0.52549020
v -0.02200517 -0.02616404 0.02734131 0.38039216 0.78823529 0.52549020
v -0.02276944 -0.02525602 0.02778884 0.38039216 0.78823529 0.52549020
v -0.02312712 -0.02566876 0.02688701 0.38039216 0.78823529 0.52549020
v -0.02191652 -0.02548213 0.02824314 0.38039216 0.78823529 0.52549020
v -0.02278167 -0.02402499 0.02902969 0.38039216 0.78823529 0.52549020
v -0.02227725 -0.02486482 0.02862964 0.38039216 0.78823529 0.52549020
v -0.02191652 -0.02447362 0.02926023 0.38039216 0.78823529 0.52549020
v -0.02360707 -0.02489353 0.02736165 0.38039216 0.78823529 0.52549020
v -0.02445694 -0.02447003 0.02696838 0.38039216 0.78823529 0.52549020
v -0.02648683 -0.02273295 0.02650729 0.38039216 0.78823529 0.52549020
v -0.02612916 -0.02356919 0.02600553 0.38039216 0.78823529 0.52549020
v -0.02406869 -0.02405730 0.02782952 0.38039216 0.78823529 0.52549020
v -0.02490633 -0.02364097 0.02740912 0.38039216 0.78823529 0.52549020
v -0.02530069 -0.02280473 0.02781596 0.38039216 0.78823529 0.52549020
v -0.02571339 -0.02318876 0.02696160 0.38039216 0.78823529 0.52549020
v -0.02668249 -0.02319594 0.02565971 0.38039216 0.78823529 0.52549020
v -0.02760572 -0.02254633 0.02503589 0.38039216 0.78823529 0.52549020
v -0.02729390 -0.02326413 0.02457481 0.38039216 0.78823529 0.52549020
v -0.02780137 -0.02284780 0.02419509 0.38039216 0.78823529 0.52549020
v -0.03011557 -0.02128659 0.02122517 0.38039216 0.78823529 0.52549020
v -0.03027148 -0.02152705 0.02038437 0.38039216 0.78823529 0.52549020
v -0.03243589 -0.01941313 0.01580744 0.38039216 0.78823529 0.52549020
v -0.03273548 -0.01895015 0.01544806 0.38039216 0.78823529 0.52549020
v -0.03243283 -0.01965000 0.01445809 0.38039216 0.78823529 0.52549020
v -0.03223106 -0.01948850 0.01697371 0.38039216 0.78823529 0.52549020
v -0.03250926 -0.01979715 0.01194247 0.38039216 0.78823529 0.52549020
v -0.03288528 -0.01923009 0.01068127 0.38039216 0.78823529 0.52549020
v -0.03291585 -0.01927316 0.00942685 0.38039216 0.78823529 0.52549020
v -0.03256734 -0.01990123 0.00942685 0.38039216 0.78823529 0.52549020
v -0.03285471 -0.01916907 0.01194247 0.38039216 0.78823529 0.52549020
v -0.03106326 -0.02064415 0.01942152 0.38039216 0.78823529 0.52549020
v -0.03135674 -0.01998378 0.01979446 0.38039216 0.78823529 0.52549020
v -0.03153405 -0.02028884 0.01822813 0.38039216 0.78823529 0.52549020
v -0.03145457 -0.02015605 0.01895366 0.38039216 0.78823529 0.52549020
v -0.03199873 -0.01948850 0.01822813 0.38039216 0.78823529 0.52549020
v -0.03257957 -0.01992994 0.00817243 0.38039216 0.78823529 0.52549020
v -0.03257957 -0.01992994 0.00691123 0.38039216 0.78823529 0.52549020
v -0.03257651 -0.01991559 0.00565682 0.38039216 0.78823529 0.52549020
v -0.03203235 -0.02074465 0.00439562 0.38039216 0.78823529 0.52549020
v -0.03150960 -0.02149116 0.00314120 0.38039216 0.78823529 0.52549020
v -0.03108772 -0.02211923 0.00314120 0.38039216 0.78823529 0.52549020
v -0.03176028 -0.02085591 0.00182575 0.38039216 0.78823529 0.52549020
v -0.03195593 -0.02074465 0.00314120 0.38039216 0.78823529 0.52549020
v -0.03250926 -0.01979356 0.00314120 0.38039216 0.78823529 0.52549020
v -0.03172970 -0.02062980 0.00062558 0.38039216 0.78823529 0.52549020
v -0.03268351 -0.01884606 0.00005600 0.38039216 0.78823529 0.52549020
v -0.03164105 -0.02046470 -0.00062884 0.38039216 0.78823529 0.52549020
v -0.03153405 -0.02028167 -0.00188326 0.38039216 0.78823529 0.52549020
v -0.03139037 -0.02004120 -0.00351739 0.38039216 0.78823529 0.52549020
v -0.03130172 -0.01988687 -0.00439888 0.38039216 0.78823529 0.52549020
v -0.03116109 -0.01963924 -0.00565330 0.38039216 0.78823529 0.52549020
v -0.03037848 -0.02043240 -0.00691450 0.38039216 0.78823529 0.52549020
v -0.02996883 -0.02106048 -0.00691450 0.38039216 0.78823529 0.52549020
v -0.02985878 -0.02069440 -0.00822994 0.38039216 0.78823529 0.52549020
v -0.03014614 -0.02006991 -0.00869103 0.38039216 0.78823529 0.52549020
v -0.02938188 -0.02086308 -0.00953861 0.38039216 0.78823529 0.52549020
v -0.02890803 -0.02136195 -0.01002681 0.38039216 0.78823529 0.52549020
v -0.02814376 -0.02211206 -0.01077268 0.38039216 0.78823529 0.52549020
v -0.02797563 -0.02181776 -0.01193895 0.38039216 0.78823529 0.52549020
v -0.02776774 -0.02152705 -0.01320015 0.38039216 0.78823529 0.52549020
v -0.02752012 -0.02244583 -0.01193895 0.38039216 0.78823529 0.52549020
v -0.02730613 -0.02215512 -0.01320015 0.38039216 0.78823529 0.52549020
v -0.02670083 -0.02177469 -0.01571577 0.38039216 0.78823529 0.52549020
v -0.02622698 -0.02240277 -0.01571577 0.38039216 0.78823529 0.52549020
v -0.02553303 -0.02330002 -0.01564797 0.38039216 0.78823529 0.52549020
v -0.02501944 -0.02374505 -0.01602090 0.38039216 0.78823529 0.52549020
v -0.02419709 -0.02423316 -0.01697019 0.38039216 0.78823529 0.52549020
v -0.02400449 -0.02401782 -0.01786524 0.38039216 0.78823529 0.52549020
v -0.02360707 -0.02486123 -0.01697019 0.38039216 0.78823529 0.52549020
v -0.02328914 -0.02454540 -0.01828564 0.38039216 0.78823529 0.52549020
v -0.02381801 -0.02381324 -0.01870604 0.38039216 0.78823529 0.52549020
v -0.02298343 -0.02423675 -0.01948581 0.38039216 0.78823529 0.52549020
v -0.02233228 -0.02486482 -0.01948581 0.38039216 0.78823529 0.52549020
v -0.02147630 -0.02523449 -0.02028593 0.38039216 0.78823529 0.52549020
v -0.02122868 -0.02501197 -0.02111994 0.38039216 0.78823529 0.52549020
v -0.02038798 -0.02537087 -0.02177089 0.38039216 0.78823529 0.52549020
v -0.01988051 -0.02621070 -0.02102502 0.38039216 0.78823529 0.52549020
v -0.01957480 -0.02583744 -0.02211670 0.38039216 0.78823529 0.52549020
v -0.01984994 -0.02496172 -0.02325585 0.38039216 0.78823529 0.52549020
v -0.01872494 -0.02630042 -0.02245573 0.38039216 0.78823529 0.52549020
v -0.02032073 -0.02407165 -0.02414411 0.38039216 0.78823529 0.52549020
v -0.01753879 -0.02635426 -0.02381186 0.38039216 0.78823529 0.52549020
v -0.01670116 -0.02664496 -0.02427295 0.38039216 0.78823529 0.52549020
v -0.01631597 -0.02638297 -0.02511374 0.38039216 0.78823529 0.52549020
v -0.01547833 -0.02664496 -0.02552058 0.38039216 0.78823529 0.52549020
v -0.01479355 -0.02748479 -0.02486964 0.38039216 0.78823529 0.52549020
v -0.01504117 -0.02637220 -0.02636138 0.38039216 0.78823529 0.52549020
v -0.01343315 -0.02745249 -0.02609694 0.38039216 0.78823529 0.52549020
v -0.01309076 -0.02788317 -0.02571722 0.38039216 0.78823529 0.52549020
v -0.01231427 -0.02879119 -0.02494423 0.38039216 0.78823529 0.52549020
v -0.01147357 -0.02898858 -0.02526292 0.38039216 0.78823529 0.52549020
v -0.01068791 -0.02876965 -0.02616474 0.38039216 0.78823529 0.52549020
v -0.01003981 -0.02890963 -0.02638850 0.38039216 0.78823529 0.52549020
v -0.00817500 -0.02878042 -0.02746663 0.38039216 0.78823529 0.52549020
v -0.00748410 -0.02889886 -0.02762936 0.38039216 0.78823529 0.52549020
v -0.00817500 -0.02921110 -0.02683603 0.38039216 0.78823529 0.52549020
v -0.00700414 -0.02934389 -0.02714116 0.38039216 0.78823529 0.52549020
v -0.00691854 -0.03000427 -0.02613084 0.38039216 0.78823529 0.52549020
v -0.00687574 -0.03040265 -0.02551380 0.38039216 0.78823529 0.52549020
v -0.00687574 -0.03065747 -0.02506628 0.38039216 0.78823529 0.52549020
v -0.00687574 -0.02851484 0.03110457 0.38039216 0.78823529 0.52549020
v -0.00687574 -0.02788676 0.03159278 0.38039216 0.78823529 0.52549020
v -0.00687574 -0.02785446 0.03161312 0.38039216 0.78823529 0.52549020
v -0.00687574 -0.02703258 0.03210811 0.38039216 0.78823529 0.52549020
v -0.00817500 -0.02703258 0.03195893 0.38039216 0.78823529 0.52549020
v -0.00943145 -0.02585539 0.03243358 0.38039216 0.78823529 0.52549020
v -0.01059008 -0.02565440 0.03239289 0.38039216 0.78823529 0.52549020
v -0.01194742 -0.02577284 0.03214879 0.38039216 0.78823529 0.52549020
v -0.01320387 -0.02467460 0.03248782 0.38039216 0.78823529 0.52549020
v -0.01438084 -0.02441261 0.03239289 0.38039216 0.78823529 0.52549020
v -0.01571984 -0.02451669 0.03204030 0.38039216 0.78823529 0.52549020
v -0.01692432 -0.02453822 0.03170127 0.38039216 0.78823529 0.52549020
v -0.01970931 -0.02357996 0.03124018 0.38039216 0.78823529 0.52549020
v -0.02080374 -0.02330719 0.03084013 0.38039216 0.78823529 0.52549020
v -0.02264410 -0.02264323 0.03018240 0.38039216 0.78823529 0.52549020
v -0.02200517 -0.02357278 0.02993830 0.38039216 0.78823529 0.52549020
v -0.02108805 -0.02235970 0.03128087 0.38039216 0.78823529 0.52549020
v -0.02200517 -0.02294471 0.03037904 0.38039216 0.78823529 0.52549020
v -0.01823275 -0.02407883 0.03153853 0.38039216 0.78823529 0.52549020
v -0.01823275 -0.02326054 0.03195215 0.38039216 0.78823529 0.52549020
v -0.01936998 -0.02319952 0.03159956 0.38039216 0.78823529 0.52549020
v -0.02025041 -0.02274013 0.03149107 0.38039216 0.78823529 0.52549020
v -0.02319437 -0.02445926 0.02822958 0.38039216 0.78823529 0.52549020
v -0.02313323 -0.02313133 0.02945687 0.38039216 0.78823529 0.52549020
v -0.02402895 -0.02277961 0.02903647 0.38039216 0.78823529 0.52549020
v -0.02361930 -0.02361944 0.02867032 0.38039216 0.78823529 0.52549020
v -0.02762712 -0.02131889 0.02634456 0.38039216 0.78823529 0.52549020
v -0.02740395 -0.02207617 0.02586313 0.38039216 0.78823529 0.52549020
v -0.02613833 -0.02228433 0.02734809 0.38039216 0.78823529 0.52549020
v -0.02671611 -0.02192184 0.02696838 0.38039216 0.78823529 0.52549020
v -0.02446917 -0.02321029 0.02824314 0.38039216 0.78823529 0.52549020
v -0.02645626 -0.02144809 0.02772103 0.38039216 0.78823529 0.52549020
v -0.02486659 -0.02230586 0.02865676 0.38039216 0.78823529 0.52549020
v -0.02521815 -0.02146963 0.02898223 0.38039216 0.78823529 0.52549020
v -0.02567977 -0.02187518 0.02818889 0.38039216 0.78823529 0.52549020
v -0.02787474 -0.02171009 0.02551054 0.38039216 0.78823529 0.52549020
v -0.02898140 -0.02021347 0.02525288 0.38039216 0.78823529 0.52549020
v -0.03002080 -0.01987252 0.02355771 0.38039216 0.78823529 0.52549020
v -0.03021951 -0.02018117 0.02272369 0.38039216 0.78823529 0.52549020
v -0.03036320 -0.02041446 0.02199817 0.38039216 0.78823529 0.52549020
v -0.03146680 -0.01892143 0.02146250 0.38039216 0.78823529 0.52549020
v -0.03056496 -0.02081643 0.02077765 0.38039216 0.78823529 0.52549020
v -0.03121612 -0.01974690 0.02074375 0.38039216 0.78823529 0.52549020
v -0.03263765 -0.01875634 0.01697371 0.38039216 0.78823529 0.52549020
v -0.03268351 -0.01884606 0.01628208 0.38039216 0.78823529 0.52549020
v -0.03277522 -0.01902552 0.01445809 0.38039216 0.78823529 0.52549020
v -0.03298005 -0.01835078 0.01580744 0.38039216 0.78823529 0.52549020
v -0.03368928 -0.01687211 0.01567861 0.38039216 0.78823529 0.52549020
v -0.03396442 -0.01638401 0.01523786 0.38039216 0.78823529 0.52549020
v -0.03400416 -0.01647015 0.01445809 0.38039216 0.78823529 0.52549020
v -0.03370763 -0.01709822 0.01445809 0.38039216 0.78823529 0.52549020
v -0.03406531 -0.01659576 0.01319689 0.38039216 0.78823529 0.52549020
v -0.03376571 -0.01722384 0.01319689 0.38039216 0.78823529 0.52549020
v -0.03340192 -0.01823235 0.01068127 0.38039216 0.78823529 0.52549020
v -0.03334078 -0.01823235 0.01194247 0.38039216 0.78823529 0.52549020
v -0.03345083 -0.01823235 0.00942685 0.38039216 0.78823529 0.52549020
v -0.03294030 -0.01929828 0.00817243 0.38039216 0.78823529 0.52549020
v -0.03158297 -0.01911883 0.02074375 0.38039216 0.78823529 0.52549020
v -0.03265905 -0.01753967 0.01997753 0.38039216 0.78823529 0.52549020
v -0.03242366 -0.01817851 0.01953001 0.38039216 0.78823529 0.52549020
v -0.03170219 -0.01953515 0.01942152 0.38039216 0.78823529 0.52549020
v -0.03252454 -0.01854100 0.01822813 0.38039216 0.78823529 0.52549020
v -0.03294336 -0.01930187 0.00691123 0.38039216 0.78823529 0.52549020
v -0.03292808 -0.01928751 0.00565682 0.38039216 0.78823529 0.52549020
v -0.03255206 -0.01987252 0.00439562 0.38039216 0.78823529 0.52549020
v -0.03244200 -0.01967871 0.00188000 0.38039216 0.78823529 0.52549020
v -0.03285471 -0.01916190 0.00314120 0.38039216 0.78823529 0.52549020
v -0.03279356 -0.01905423 0.00188000 0.38039216 0.78823529 0.52549020
v -0.03290056 -0.01924444 0.00439562 0.38039216 0.78823529 0.52549020
v -0.03220966 -0.01948850 -0.00062884 0.38039216 0.78823529 0.52549020
v -0.03293725 -0.01811391 -0.00062884 0.38039216 0.78823529 0.52549020
v -0.03263154 -0.01874557 -0.00062884 0.38039216 0.78823529 0.52549020
v -0.03273548 -0.01894297 0.00089680 0.38039216 0.78823529 0.52549020
v -0.03298310 -0.01835078 0.00053743 0.38039216 0.78823529 0.52549020
v -0.03199261 -0.01948850 -0.00188326 0.38039216 0.78823529 0.52549020
v -0.03172970 -0.01956745 -0.00311734 0.38039216 0.78823529 0.52549020
v -0.03269268 -0.01760786 -0.00378184 0.38039216 0.78823529 0.52549020
v -0.03165939 -0.01925521 -0.00439888 0.38039216 0.78823529 0.52549020
v -0.03151877 -0.01901475 -0.00565330 0.38039216 0.78823529 0.52549020
v -0.03144234 -0.01888195 -0.00633136 0.38039216 0.78823529 0.52549020
v -0.03134757 -0.01870250 -0.00717216 0.38039216 0.78823529 0.52549020
v -0.03103881 -0.01937365 -0.00681279 0.38039216 0.78823529 0.52549020
v -0.03055885 -0.01958540 -0.00822994 0.38039216 0.78823529 0.52549020
v -0.03041822 -0.01926239 -0.00943012 0.38039216 0.78823529 0.52549020
v -0.03003915 -0.01989405 -0.00943012 0.38039216 0.78823529 0.52549020
v -0.02921679 -0.02057238 -0.01068454 0.38039216 0.78823529 0.52549020
v -0.02880715 -0.02120404 -0.01068454 0.38039216 0.78823529 0.52549020
v -0.02866652 -0.02074106 -0.01206101 0.38039216 0.78823529 0.52549020
v -0.02766075 -0.02137631 -0.01383075 0.38039216 0.78823529 0.52549020
v -0.02652658 -0.02154141 -0.01666506 0.38039216 0.78823529 0.52549020
v -0.02604967 -0.02197926 -0.01703800 0.38039216 0.78823529 0.52549020
v -0.02536183 -0.02288728 -0.01697019 0.38039216 0.78823529 0.52549020
v -0.02482379 -0.02351536 -0.01697019 0.38039216 0.78823529 0.52549020
v -0.02451197 -0.02325695 -0.01821783 0.38039216 0.78823529 0.52549020
v -0.02501944 -0.02247096 -0.01857042 0.38039216 0.78823529 0.52549020
v -0.02417263 -0.02295906 -0.01948581 0.38039216 0.78823529 0.52549020
v -0.02361013 -0.02358714 -0.01948581 0.38039216 0.78823529 0.52549020
v -0.02275110 -0.02400705 -0.02031983 0.38039216 0.78823529 0.52549020
v -0.02162609 -0.02412908 -0.02200143 0.38039216 0.78823529 0.52549020
v -0.02141516 -0.02392450 -0.02269305 0.38039216 0.78823529 0.52549020
v -0.02074260 -0.02426546 -0.02316770 0.38039216 0.78823529 0.52549020
v -0.02078540 -0.02482893 -0.02211670 0.38039216 0.78823529 0.52549020
v -0.02010673 -0.02513399 -0.02261169 0.38039216 0.78823529 0.52549020
v -0.02115836 -0.02365533 -0.02353386 0.38039216 0.78823529 0.52549020
v -0.02125925 -0.02251403 -0.02497813 0.38039216 0.78823529 0.52549020
v -0.02011896 -0.02263246 -0.02640207 0.38039216 0.78823529 0.52549020
v -0.01997222 -0.02376300 -0.02498491 0.38039216 0.78823529 0.52549020
v -0.01774668 -0.02525243 -0.02531038 0.38039216 0.78823529 0.52549020
v -0.01706189 -0.02617481 -0.02462554 0.38039216 0.78823529 0.52549020
v -0.01694878 -0.02551802 -0.02574434 0.38039216 0.78823529 0.52549020
v -0.01651162 -0.02525961 -0.02655124 0.38039216 0.78823529 0.52549020
v -0.01582684 -0.02618916 -0.02587318 0.38039216 0.78823529 0.52549020
v -0.01601638 -0.02493660 -0.02739204 0.38039216 0.78823529 0.52549020
v -0.01517568 -0.02519860 -0.02772429 0.38039216 0.78823529 0.52549020
v -0.01455815 -0.02609944 -0.02706657 0.38039216 0.78823529 0.52549020
v -0.01364103 -0.02629324 -0.02751409 0.38039216 0.78823529 0.52549020
v -0.01420353 -0.02661266 -0.02668007 0.38039216 0.78823529 0.52549020
v -0.01311827 -0.02699310 -0.02696486 0.38039216 0.78823529 0.52549020
v -0.01194742 -0.02739148 -0.02728355 0.38039216 0.78823529 0.52549020
v -0.01259552 -0.02767142 -0.02641563 0.38039216 0.78823529 0.52549020
v -0.01191379 -0.02848253 -0.02571722 0.38039216 0.78823529 0.52549020
v -0.01194742 -0.02784010 -0.02665973 0.38039216 0.78823529 0.52549020
v -0.01114952 -0.02758887 -0.02756834 0.38039216 0.78823529 0.52549020
v -0.01031189 -0.02776115 -0.02778532 0.38039216 0.78823529 0.52549020
v -0.00943145 -0.02792624 -0.02801586 0.38039216 0.78823529 0.52549020
v -0.00954456 -0.02862251 -0.02701911 0.38039216 0.78823529 0.52549020
v -0.00862744 -0.02760323 -0.02884310 0.38039216 0.78823529 0.52549020
v -0.00778981 -0.02773602 -0.02900583 0.38039216 0.78823529 0.52549020
v -0.00700414 -0.02856508 -0.02824640 0.38039216 0.78823529 0.52549020
v -0.00687574 -0.02898499 -0.02775141 0.38039216 0.78823529 0.52549020
v -0.00687574 -0.02944439 -0.02703267 0.38039216 0.78823529 0.52549020
v -0.00687574 -0.03001863 -0.02612406 0.38039216 0.78823529 0.52549020
v -0.00687574 -0.02612097 0.03256919 0.38039216 0.78823529 0.52549020
v -0.00691854 -0.02611738 0.03256919 0.38039216 0.78823529 0.52549020
v -0.00817500 -0.02598459 0.03250816 0.38039216 0.78823529 0.52549020
v -0.01010706 -0.02515912 0.03269124 0.38039216 0.78823529 0.52549020
v -0.01094470 -0.02502274 0.03264378 0.38039216 0.78823529 0.52549020
v -0.01194742 -0.02487200 0.03257597 0.38039216 0.78823529 0.52549020
v -0.01320387 -0.02404653 0.03275227 0.38039216 0.78823529 0.52549020
v -0.01391006 -0.02392450 0.03270480 0.38039216 0.78823529 0.52549020
v -0.01474769 -0.02371634 0.03262343 0.38039216 0.78823529 0.52549020
v -0.01571984 -0.02347588 0.03252172 0.38039216 0.78823529 0.52549020
v -0.01689375 -0.02316005 0.03237933 0.38039216 0.78823529 0.52549020
v -0.02387915 -0.02136195 0.03016884 0.38039216 0.78823529 0.52549020
v -0.02357650 -0.02200080 0.02994508 0.38039216 0.78823529 0.52549020
v -0.02196237 -0.02196491 0.03099608 0.38039216 0.78823529 0.52549020
v -0.02294980 -0.02200080 0.03037904 0.38039216 0.78823529 0.52549020
v -0.02151604 -0.02152346 0.03150463 0.38039216 0.78823529 0.52549020
v -0.01725754 -0.02237405 0.03260309 0.38039216 0.78823529 0.52549020
v -0.01823886 -0.02197209 0.03248782 0.38039216 0.78823529 0.52549020
v -0.01948921 -0.02200080 0.03210132 0.38039216 0.78823529 0.52549020
v -0.02069980 -0.02196491 0.03166058 0.38039216 0.78823529 0.52549020
v -0.02447528 -0.02193261 0.02928058 0.38039216 0.78823529 0.52549020
v -0.02736115 -0.02083796 0.02708365 0.38039216 0.78823529 0.52549020
v -0.02788697 -0.02048265 0.02670393 0.38039216 0.78823529 0.52549020
v -0.02897223 -0.01895373 0.02648017 0.38039216 0.78823529 0.52549020
v -0.02872461 -0.01978997 0.02608689 0.38039216 0.78823529 0.52549020
v -0.02783500 -0.01913318 0.02786342 0.38039216 0.78823529 0.52549020
v -0.02756292 -0.01996942 0.02753795 0.38039216 0.78823529 0.52549020
v -0.02609553 -0.02074465 0.02859573 0.38039216 0.78823529 0.52549020
v -0.02633704 -0.02001608 0.02884662 0.38039216 0.78823529 0.52549020
v -0.02457005 -0.02086308 0.02990440 0.38039216 0.78823529 0.52549020
v -0.02502555 -0.01994071 0.03008069 0.38039216 0.78823529 0.52549020
v -0.02546577 -0.02074465 0.02921277 0.38039216 0.78823529 0.52549020
v -0.02916788 -0.01941672 0.02570718 0.38039216 0.78823529 0.52549020
v -0.03005443 -0.01864867 0.02492741 0.38039216 0.78823529 0.52549020
v -0.03028065 -0.01903628 0.02408660 0.38039216 0.78823529 0.52549020
v -0.03043962 -0.01946696 0.02318478 0.38039216 0.78823529 0.52549020
v -0.03130477 -0.01863072 0.02230329 0.38039216 0.78823529 0.52549020
v -0.03100212 -0.01939877 0.02193036 0.38039216 0.78823529 0.52549020
v -0.03206904 -0.01823235 0.02074375 0.38039216 0.78823529 0.52549020
v -0.03166856 -0.01822158 0.02193036 0.38039216 0.78823529 0.52549020
v -0.03294336 -0.01812826 0.01697371 0.38039216 0.78823529 0.52549020
v -0.03283942 -0.01790934 0.01822813 0.38039216 0.78823529 0.52549020
v -0.03326130 -0.01823235 0.01319689 0.38039216 0.78823529 0.52549020
v -0.03348446 -0.01697619 0.01697371 0.38039216 0.78823529 0.52549020
v -0.03391856 -0.01627993 0.01607866 0.38039216 0.78823529 0.52549020
v -0.03432516 -0.01572004 0.01445809 0.38039216 0.78823529 0.52549020
v -0.03444132 -0.01572004 0.01319689 0.38039216 0.78823529 0.52549020
v -0.03452692 -0.01572004 0.01194247 0.38039216 0.78823529 0.52549020
v -0.03410505 -0.01668190 0.01194247 0.38039216 0.78823529 0.52549020
v -0.03380545 -0.01730997 0.01194247 0.38039216 0.78823529 0.52549020
v -0.03383297 -0.01736381 0.01068127 0.38039216 0.78823529 0.52549020
v -0.03385437 -0.01740688 0.00942685 0.38039216 0.78823529 0.52549020
v -0.03348752 -0.01823235 0.00817243 0.38039216 0.78823529 0.52549020
v -0.03349363 -0.01823235 0.00691123 0.38039216 0.78823529 0.52549020
v -0.03297087 -0.01706233 0.01953001 0.38039216 0.78823529 0.52549020
v -0.03327658 -0.01697619 0.01822813 0.38039216 0.78823529 0.52549020
v -0.03274771 -0.01771912 0.01913673 0.38039216 0.78823529 0.52549020
v -0.03254900 -0.01728485 0.02074375 0.38039216 0.78823529 0.52549020
v -0.03282719 -0.01665677 0.02074375 0.38039216 0.78823529 0.52549020
v -0.03354866 -0.01572004 0.01948255 0.38039216 0.78823529 0.52549020
v -0.03347223 -0.01823235 0.00565682 0.38039216 0.78823529 0.52549020
v -0.03331938 -0.01823235 0.00314120 0.38039216 0.78823529 0.52549020
v -0.03341721 -0.01823235 0.00439562 0.38039216 0.78823529 0.52549020
v -0.03319710 -0.01823235 0.00188000 0.38039216 0.78823529 0.52549020
v -0.03397359 -0.01640195 0.00108666 0.38039216 0.78823529 0.52549020
v -0.03347223 -0.01697619 -0.00062884 0.38039216 0.78823529 0.52549020
v -0.03329186 -0.01697619 -0.00188326 0.38039216 0.78823529 0.52549020
v -0.03241143 -0.01832925 -0.00313768 0.38039216 0.78823529 0.52549020
v -0.03309010 -0.01697619 -0.00313768 0.38039216 0.78823529 0.52549020
v -0.03287916 -0.01699773 -0.00427683 0.38039216 0.78823529 0.52549020
v -0.03260403 -0.01743200 -0.00461586 0.38039216 0.78823529 0.52549020
v -0.03231666 -0.01811032 -0.00427683 0.38039216 0.78823529 0.52549020
v -0.03194676 -0.01823235 -0.00565330 0.38039216 0.78823529 0.52549020
v -0.03166245 -0.01826465 -0.00681279 0.38039216 0.78823529 0.52549020
v -0.03155240 -0.01783756 -0.00816892 0.38039216 0.78823529 0.52549020
v -0.03122223 -0.01846563 -0.00816892 0.38039216 0.78823529 0.52549020
v -0.03106938 -0.01813903 -0.00935553 0.38039216 0.78823529 0.52549020
v -0.03027454 -0.01902910 -0.01036585 0.38039216 0.78823529 0.52549020
v -0.02988935 -0.01946337 -0.01074556 0.38039216 0.78823529 0.52549020
v -0.02891414 -0.02011298 -0.01256277 0.38039216 0.78823529 0.52549020
v -0.02904866 -0.02032115 -0.01172197 0.38039216 0.78823529 0.52549020
v -0.02828744 -0.02074465 -0.01320015 0.38039216 0.78823529 0.52549020
v -0.02779220 -0.02031397 -0.01547167 0.38039216 0.78823529 0.52549020
v -0.02764852 -0.02009504 -0.01630569 0.38039216 0.78823529 0.52549020
v -0.02751401 -0.02115379 -0.01467155 0.38039216 0.78823529 0.52549020
v -0.02738867 -0.02073747 -0.01581748 0.38039216 0.78823529 0.52549020
v -0.02687202 -0.02083796 -0.01703800 0.38039216 0.78823529 0.52549020
v -0.02636455 -0.02132248 -0.01750586 0.38039216 0.78823529 0.52549020
v -0.02520286 -0.02270065 -0.01772962 0.38039216 0.78823529 0.52549020
v -0.02529763 -0.02157729 -0.01948581 0.38039216 0.78823529 0.52549020
v -0.02515395 -0.02138349 -0.02012997 0.38039216 0.78823529 0.52549020
v -0.02479933 -0.02220537 -0.01948581 0.38039216 0.78823529 0.52549020
v -0.02552386 -0.02203310 -0.01818393 0.38039216 0.78823529 0.52549020
v -0.02397087 -0.02272578 -0.02026558 0.38039216 0.78823529 0.52549020
v -0.02324328 -0.02324259 -0.02071311 0.38039216 0.78823529 0.52549020
v -0.02250347 -0.02375941 -0.02116063 0.38039216 0.78823529 0.52549020
v -0.02225279 -0.02349023 -0.02200143 0.38039216 0.78823529 0.52549020
v -0.02265021 -0.02265041 -0.02265915 0.38039216 0.78823529 0.52549020
v -0.02154355 -0.02281550 -0.02413733 0.38039216 0.78823529 0.52549020
v -0.02201740 -0.02201156 -0.02452383 0.38039216 0.78823529 0.52549020
v -0.02165055 -0.02167420 -0.02552058 0.38039216 0.78823529 0.52549020
v -0.02134484 -0.02134042 -0.02636138 0.38039216 0.78823529 0.52549020
v -0.02141516 -0.02015605 -0.02770395 0.38039216 0.78823529 0.52549020
v -0.02104219 -0.01977921 -0.02854475 0.38039216 0.78823529 0.52549020
v -0.02020456 -0.02019912 -0.02900583 0.38039216 0.78823529 0.52549020
v -0.01890836 -0.02141220 -0.02895837 0.38039216 0.78823529 0.52549020
v -0.01799430 -0.02294112 -0.02802264 0.38039216 0.78823529 0.52549020
v -0.01746237 -0.02378094 -0.02752087 0.38039216 0.78823529 0.52549020
v -0.01698852 -0.02452745 -0.02703945 0.38039216 0.78823529 0.52549020
v -0.01735231 -0.02495814 -0.02614440 0.38039216 0.78823529 0.52549020
v -0.01662473 -0.02409677 -0.02790059 0.38039216 0.78823529 0.52549020
v -0.01609892 -0.02373429 -0.02873461 0.38039216 0.78823529 0.52549020
v -0.01376943 -0.02510887 -0.02887700 0.38039216 0.78823529 0.52549020
v -0.01280340 -0.02653371 -0.02781922 0.38039216 0.78823529 0.52549020
v -0.01194742 -0.02675981 -0.02809723 0.38039216 0.78823529 0.52549020
v -0.01131460 -0.02640091 -0.02891090 0.38039216 0.78823529 0.52549020
v -0.01047697 -0.02659113 -0.02913467 0.38039216 0.78823529 0.52549020
v -0.00943145 -0.02744531 -0.02864646 0.38039216 0.78823529 0.52549020
v -0.00828811 -0.02707206 -0.02958897 0.38039216 0.78823529 0.52549020
v -0.00943145 -0.02681724 -0.02938555 0.38039216 0.78823529 0.52549020
v -0.00878641 -0.02639732 -0.03016532 0.38039216 0.78823529 0.52549020
v -0.00794877 -0.02653730 -0.03031450 0.38039216 0.78823529 0.52549020
v -0.00691854 -0.02731611 -0.02977883 0.38039216 0.78823529 0.52549020
v -0.00687574 -0.02788676 -0.02913467 0.38039216 0.78823529 0.52549020
v -0.00687574 -0.02872659 -0.02808367 0.38039216 0.78823529 0.52549020
v -0.00687574 -0.02545701 0.03284041 0.38039216 0.78823529 0.52549020
v -0.00691854 -0.02548572 0.03282685 0.38039216 0.78823529 0.52549020
v -0.00943145 -0.02522731 0.03272514 0.38039216 0.78823529 0.52549020
v -0.01059008 -0.02457052 0.03284041 0.38039216 0.78823529 0.52549020
v -0.01194742 -0.02424392 0.03282007 0.38039216 0.78823529 0.52549020
v -0.01320387 -0.02326054 0.03298959 0.38039216 0.78823529 0.52549020
v -0.01438084 -0.02328207 0.03283363 0.38039216 0.78823529 0.52549020
v -0.01571984 -0.02284780 0.03276583 0.38039216 0.78823529 0.52549020
v -0.01641685 -0.02267194 0.03270480 0.38039216 0.78823529 0.52549020
v -0.02235673 -0.02103177 0.03127409 0.38039216 0.78823529 0.52549020
v -0.02328608 -0.02077695 0.03082656 0.38039216 0.78823529 0.52549020
v -0.02418486 -0.02052213 0.03037904 0.38039216 0.78823529 0.52549020
v -0.02268995 -0.02019194 0.03146395 0.38039216 0.78823529 0.52549020
v -0.02074872 -0.02074465 0.03211489 0.38039216 0.78823529 0.52549020
v -0.02196237 -0.02066569 0.03162668 0.38039216 0.78823529 0.52549020
v -0.01782616 -0.02153423 0.03273871 0.38039216 0.78823529 0.52549020
v -0.01866380 -0.02121122 0.03264378 0.38039216 0.78823529 0.52549020
v -0.01951672 -0.02077336 0.03252851 0.38039216 0.78823529 0.52549020
v -0.02828133 -0.01945978 0.02700906 0.38039216 0.78823529 0.52549020
v -0.02872766 -0.01823235 0.02739556 0.38039216 0.78823529 0.52549020
v -0.02916788 -0.01823235 0.02676496 0.38039216 0.78823529 0.52549020
v -0.03025314 -0.01649886 0.02652086 0.38039216 0.78823529 0.52549020
v -0.03003609 -0.01733868 0.02616826 0.38039216 0.78823529 0.52549020
v -0.02980069 -0.01822876 0.02576142 0.38039216 0.78823529 0.52549020
v -0.02745287 -0.01850870 0.02869744 0.38039216 0.78823529 0.52549020
v -0.02803371 -0.01814621 0.02828382 0.38039216 0.78823529 0.52549020
v -0.02890497 -0.01758274 0.02764644 0.38039216 0.78823529 0.52549020
v -0.02661523 -0.01917625 0.02911106 0.38039216 0.78823529 0.52549020
v -0.02619030 -0.01823235 0.02999254 0.38039216 0.78823529 0.52549020
v -0.02457005 -0.01950644 0.03060280 0.38039216 0.78823529 0.52549020
v -0.02529763 -0.01910088 0.03029089 0.38039216 0.78823529 0.52549020
v -0.03028677 -0.01780884 0.02533424 0.38039216 0.78823529 0.52549020
v -0.03050688 -0.01822876 0.02450700 0.38039216 0.78823529 0.52549020
v -0.03134757 -0.01741764 0.02369333 0.38039216 0.78823529 0.52549020
v -0.03111829 -0.01822158 0.02326615 0.38039216 0.78823529 0.52549020
v -0.03153100 -0.01779449 0.02285931 0.38039216 0.78823529 0.52549020
v -0.03232583 -0.01688647 0.02191680 0.38039216 0.78823529 0.52549020
v -0.03385742 -0.01612919 0.01697371 0.38039216 0.78823529 0.52549020
v -0.03416007 -0.01580259 0.01567861 0.38039216 0.78823529 0.52549020
v -0.03411727 -0.01550111 0.01697371 0.38039216 0.78823529 0.52549020
v -0.03483569 -0.01446030 0.01445809 0.38039216 0.78823529 0.52549020
v -0.03518725 -0.01377480 0.01345456 0.38039216 0.78823529 0.52549020
v -0.03499160 -0.01433828 0.01310196 0.38039216 0.78823529 0.52549020
v -0.03499771 -0.01453208 0.01194247 0.38039216 0.78823529 0.52549020
v -0.03502522 -0.01462181 0.01068127 0.38039216 0.78823529 0.52549020
v -0.03457889 -0.01572004 0.01068127 0.38039216 0.78823529 0.52549020
v -0.03412950 -0.01673573 0.01068127 0.38039216 0.78823529 0.52549020
v -0.03414785 -0.01677880 0.00942685 0.38039216 0.78823529 0.52549020
v -0.03416925 -0.01681110 0.00817243 0.38039216 0.78823529 0.52549020
v -0.03417841 -0.01682187 0.00691123 0.38039216 0.78823529 0.52549020
v -0.03386354 -0.01742841 0.00565682 0.38039216 0.78823529 0.52549020
v -0.03379323 -0.01571287 0.01835018 0.38039216 0.78823529 0.52549020
v -0.03271408 -0.01640554 0.02144215 0.38039216 0.78823529 0.52549020
v -0.03321238 -0.01572004 0.02074375 0.38039216 0.78823529 0.52549020
v -0.03386965 -0.01488022 0.01948255 0.38039216 0.78823529 0.52549020
v -0.03394608 -0.01508838 0.01885195 0.38039216 0.78823529 0.52549020
v -0.03400111 -0.01397579 0.02030301 0.38039216 0.78823529 0.52549020
v -0.03378405 -0.01724896 0.00314120 0.38039216 0.78823529 0.52549020
v -0.03372291 -0.01711975 0.00188000 0.38039216 0.78823529 0.52549020
v -0.03383602 -0.01736381 0.00439562 0.38039216 0.78823529 0.52549020
v -0.03401333 -0.01649168 0.00188000 0.38039216 0.78823529 0.52549020
v -0.03434656 -0.01572004 0.00188000 0.38039216 0.78823529 0.52549020
v -0.03417536 -0.01579541 0.00064592 0.38039216 0.78823529 0.52549020
v -0.03376877 -0.01592103 -0.00188326 0.38039216 0.78823529 0.52549020
v -0.03369234 -0.01563032 -0.00309021 0.38039216 0.78823529 0.52549020
v -0.03342026 -0.01572004 -0.00439888 0.38039216 0.78823529 0.52549020
v -0.03317264 -0.01572004 -0.00565330 0.38039216 0.78823529 0.52549020
v -0.03279356 -0.01657064 -0.00565330 0.38039216 0.78823529 0.52549020
v -0.03249091 -0.01719871 -0.00565330 0.38039216 0.78823529 0.52549020
v -0.03236558 -0.01688288 -0.00684669 0.38039216 0.78823529 0.52549020
v -0.03198344 -0.01697619 -0.00816892 0.38039216 0.78823529 0.52549020
v -0.03145763 -0.01765452 -0.00889445 0.38039216 0.78823529 0.52549020
v -0.03134451 -0.01742482 -0.00973524 0.38039216 0.78823529 0.52549020
v -0.03054968 -0.01832207 -0.01074556 0.38039216 0.78823529 0.52549020
v -0.03025008 -0.01774065 -0.01278653 0.38039216 0.78823529 0.52549020
v -0.03014003 -0.01880300 -0.01120665 0.38039216 0.78823529 0.52549020
v -0.02937882 -0.01961052 -0.01206101 0.38039216 0.78823529 0.52549020
v -0.02919234 -0.01930905 -0.01320015 0.38039216 0.78823529 0.52549020
v -0.02903337 -0.01904705 -0.01414944 0.38039216 0.78823529 0.52549020
v -0.02880715 -0.01993712 -0.01320015 0.38039216 0.78823529 0.52549020
v -0.02888357 -0.01879941 -0.01499024 0.38039216 0.78823529 0.52549020
v -0.02790531 -0.01926598 -0.01697019 0.38039216 0.78823529 0.52549020
v -0.02774940 -0.01900757 -0.01782455 0.38039216 0.78823529 0.52549020
v -0.02752624 -0.01989405 -0.01697019 0.38039216 0.78823529 0.52549020
v -0.02663969 -0.02046112 -0.01823139 0.38039216 0.78823529 0.52549020
v -0.02628812 -0.01994789 -0.01985196 0.38039216 0.78823529 0.52549020
v -0.02637372 -0.01881735 -0.02130980 0.38039216 0.78823529 0.52549020
v -0.02502861 -0.01995507 -0.02239471 0.38039216 0.78823529 0.52549020
v -0.02385775 -0.02133683 -0.02257100 0.38039216 0.78823529 0.52549020
v -0.02373853 -0.02244583 -0.02109960 0.38039216 0.78823529 0.52549020
v -0.02284587 -0.02286216 -0.02200143 0.38039216 0.78823529 0.52549020
v -0.02294675 -0.02195773 -0.02314736 0.38039216 0.78823529 0.52549020
v -0.02248819 -0.02119686 -0.02491032 0.38039216 0.78823529 0.52549020
v -0.02238119 -0.02234893 -0.02349317 0.38039216 0.78823529 0.52549020
v -0.02255544 -0.02003402 -0.02629358 0.38039216 0.78823529 0.52549020
v -0.02166584 -0.02043599 -0.02703267 0.38039216 0.78823529 0.52549020
v -0.02234451 -0.01956387 -0.02713438 0.38039216 0.78823529 0.52549020
v -0.02260130 -0.01882812 -0.02762258 0.38039216 0.78823529 0.52549020
v -0.02167807 -0.01940954 -0.02819216 0.38039216 0.78823529 0.52549020
v -0.02144879 -0.01894297 -0.02900583 0.38039216 0.78823529 0.52549020
v -0.02063866 -0.01937365 -0.02942623 0.38039216 0.78823529 0.52549020
v -0.02023513 -0.01897527 -0.03028738 0.38039216 0.78823529 0.52549020
v -0.01977351 -0.01981151 -0.02984663 0.38039216 0.78823529 0.52549020
v -0.01934246 -0.02060826 -0.02940589 0.38039216 0.78823529 0.52549020
v -0.01893588 -0.02018117 -0.03023313 0.38039216 0.78823529 0.52549020
v -0.01823275 -0.02108201 -0.02986698 0.38039216 0.78823529 0.52549020
v -0.01823275 -0.02167779 -0.02923638 0.38039216 0.78823529 0.52549020
v -0.01753879 -0.02257863 -0.02885666 0.38039216 0.78823529 0.52549020
v -0.01670116 -0.02289805 -0.02920247 0.38039216 0.78823529 0.52549020
v -0.01614783 -0.02249249 -0.03003649 0.38039216 0.78823529 0.52549020
v -0.01570455 -0.02325336 -0.02953472 0.38039216 0.78823529 0.52549020
v -0.01335673 -0.02461000 -0.02963643 0.38039216 0.78823529 0.52549020
v -0.01221644 -0.02495096 -0.02997547 0.38039216 0.78823529 0.52549020
v -0.01293179 -0.02534575 -0.02913467 0.38039216 0.78823529 0.52549020
v -0.01194742 -0.02623941 -0.02872105 0.38039216 0.78823529 0.52549020
v -0.01531019 -0.02277243 -0.03032128 0.38039216 0.78823529 0.52549020
v -0.01185876 -0.02553596 -0.02954829 0.38039216 0.78823529 0.52549020
v -0.01137880 -0.02517706 -0.03020601 0.38039216 0.78823529 0.52549020
v -0.01081325 -0.02605996 -0.02954829 0.38039216 0.78823529 0.52549020
v -0.00943145 -0.02626094 -0.03001615 0.38039216 0.78823529 0.52549020
v -0.01068791 -0.02534575 -0.03037552 0.38039216 0.78823529 0.52549020
v -0.00943145 -0.02562928 -0.03064675 0.38039216 0.78823529 0.52549020
v -0.00943145 -0.02498326 -0.03127735 0.38039216 0.78823529 0.52549020
v -0.00872833 -0.02511964 -0.03140618 0.38039216 0.78823529 0.52549020
v -0.00833702 -0.02583385 -0.03086373 0.38039216 0.78823529 0.52549020
v -0.00691854 -0.02668803 -0.03047045 0.38039216 0.78823529 0.52549020
v -0.00687574 -0.02671316 -0.03045689 0.38039216 0.78823529 0.52549020
v -0.00691854 -0.02605637 -0.03110105 0.38039216 0.78823529 0.52549020
v -0.00687574 -0.02731970 -0.02978561 0.38039216 0.78823529 0.52549020
v -0.00687574 -0.02733764 -0.02976527 0.38039216 0.78823529 0.52549020
v -0.00687574 -0.02451669 0.03314554 0.38039216 0.78823529 0.52549020
v -0.00943145 -0.02451669 0.03294891 0.38039216 0.78823529 0.52549020
v -0.01194742 -0.02326054 0.03309808 0.38039216 0.78823529 0.52549020
v -0.01446033 -0.02200080 0.03316589 0.38039216 0.78823529 0.52549020
v -0.01571984 -0.02200080 0.03300315 0.38039216 0.78823529 0.52549020
v -0.01689375 -0.02197209 0.03280651 0.38039216 0.78823529 0.52549020
v -0.02358262 -0.01948850 0.03124696 0.38039216 0.78823529 0.52549020
v -0.02295286 -0.01948850 0.03159278 0.38039216 0.78823529 0.52549020
v -0.02383941 -0.01877070 0.03140292 0.38039216 0.78823529 0.52549020
v -0.02200517 -0.01948850 0.03200639 0.38039216 0.78823529 0.52549020
v -0.01995082 -0.01992635 0.03263700 0.38039216 0.78823529 0.52549020
v -0.02072732 -0.01949926 0.03248782 0.38039216 0.78823529 0.52549020
v -0.01823886 -0.02077336 0.03284720 0.38039216 0.78823529 0.52549020
v -0.01911318 -0.02037498 0.03275905 0.38039216 0.78823529 0.52549020
v -0.02999635 -0.01572004 0.02740912 0.38039216 0.78823529 0.52549020
v -0.03043962 -0.01572004 0.02678530 0.38039216 0.78823529 0.52549020
v -0.03128643 -0.01472230 0.02614792 0.38039216 0.78823529 0.52549020
v -0.03108160 -0.01571645 0.02574786 0.38039216 0.78823529 0.52549020
v -0.03048242 -0.01694031 0.02576142 0.38039216 0.78823529 0.52549020
v -0.02769743 -0.01767246 0.02895511 0.38039216 0.78823529 0.52549020
v -0.02858398 -0.01708745 0.02830416 0.38039216 0.78823529 0.52549020
v -0.02911897 -0.01674650 0.02789733 0.38039216 0.78823529 0.52549020
v -0.02703405 -0.01814621 0.02929414 0.38039216 0.78823529 0.52549020
v -0.02638595 -0.01757197 0.03016206 0.38039216 0.78823529 0.52549020
v -0.02556054 -0.01823235 0.03046719 0.38039216 0.78823529 0.52549020
v -0.03133534 -0.01613278 0.02494097 0.38039216 0.78823529 0.52549020
v -0.03113663 -0.01699055 0.02452056 0.38039216 0.78823529 0.52549020
v -0.03172970 -0.01699055 0.02326615 0.38039216 0.78823529 0.52549020
v -0.03153711 -0.01658140 0.02410695 0.38039216 0.78823529 0.52549020
v -0.03235335 -0.01566262 0.02320512 0.38039216 0.78823529 0.52549020
v -0.03256123 -0.01604664 0.02228295 0.38039216 0.78823529 0.52549020
v -0.03402862 -0.01528936 0.01801115 0.38039216 0.78823529 0.52549020
v -0.03469200 -0.01446030 0.01571251 0.38039216 0.78823529 0.52549020
v -0.03451164 -0.01446030 0.01697371 0.38039216 0.78823529 0.52549020
v -0.03514139 -0.01363842 0.01445809 0.38039216 0.78823529 0.52549020
v -0.03523311 -0.01390401 0.01194247 0.38039216 0.78823529 0.52549020
v -0.03534010 -0.01301035 0.01445809 0.38039216 0.78823529 0.52549020
v -0.03574364 -0.01194800 0.01319689 0.38039216 0.78823529 0.52549020
v -0.03582617 -0.01194800 0.01194247 0.38039216 0.78823529 0.52549020
v -0.03590566 -0.01194800 0.01068127 0.38039216 0.78823529 0.52549020
v -0.03552658 -0.01320415 0.01068127 0.38039216 0.78823529 0.52549020
v -0.03526367 -0.01399373 0.01068127 0.38039216 0.78823529 0.52549020
v -0.03528202 -0.01402962 0.00942685 0.38039216 0.78823529 0.52549020
v -0.03503745 -0.01466129 0.00942685 0.38039216 0.78823529 0.52549020
v -0.03464003 -0.01572004 0.00817243 0.38039216 0.78823529 0.52549020
v -0.03465838 -0.01572004 0.00691123 0.38039216 0.78823529 0.52549020
v -0.03463086 -0.01572004 0.00565682 0.38039216 0.78823529 0.52549020
v -0.03416007 -0.01680033 0.00565682 0.38039216 0.78823529 0.52549020
v -0.03285471 -0.01566262 0.02191680 0.38039216 0.78823529 0.52549020
v -0.03329186 -0.01446030 0.02199817 0.38039216 0.78823529 0.52549020
v -0.03371374 -0.01442083 0.02073019 0.38039216 0.78823529 0.52549020
v -0.03409893 -0.01425214 0.01948255 0.38039216 0.78823529 0.52549020
v -0.03472869 -0.01320415 0.01822813 0.38039216 0.78823529 0.52549020
v -0.03422121 -0.01458592 0.01835018 0.38039216 0.78823529 0.52549020
v -0.03446578 -0.01320415 0.01948255 0.38039216 0.78823529 0.52549020
v -0.03387882 -0.01364201 0.02113703 0.38039216 0.78823529 0.52549020
v -0.03414479 -0.01321492 0.02073019 0.38039216 0.78823529 0.52549020
v -0.03457583 -0.01194800 0.02074375 0.38039216 0.78823529 0.52549020
v -0.03494880 -0.01184033 0.01939440 0.38039216 0.78823529 0.52549020
v -0.03407142 -0.01662088 0.00314120 0.38039216 0.78823529 0.52549020
v -0.03412339 -0.01673214 0.00439562 0.38039216 0.78823529 0.52549020
v -0.03485709 -0.01446030 0.00188000 0.38039216 0.78823529 0.52549020
v -0.03472257 -0.01446030 0.00062558 0.38039216 0.78823529 0.52549020
v -0.03445967 -0.01572004 0.00314120 0.38039216 0.78823529 0.52549020
v -0.03412339 -0.01549753 -0.00062884 0.38039216 0.78823529 0.52549020
v -0.03402862 -0.01528936 -0.00188326 0.38039216 0.78823529 0.52549020
v -0.03397359 -0.01514939 -0.00264269 0.38039216 0.78823529 0.52549020
v -0.03381462 -0.01475819 -0.00439888 0.38039216 0.78823529 0.52549020
v -0.03341721 -0.01446030 -0.00691450 0.38039216 0.78823529 0.52549020
v -0.03289445 -0.01574158 -0.00684669 0.38039216 0.78823529 0.52549020
v -0.03271408 -0.01640195 -0.00638561 0.38039216 0.78823529 0.52549020
v -0.03371680 -0.01439929 -0.00563974 0.38039216 0.78823529 0.52549020
v -0.03261014 -0.01617585 -0.00722641 0.38039216 0.78823529 0.52549020
v -0.03249091 -0.01590667 -0.00816892 0.38039216 0.78823529 0.52549020
v -0.03165634 -0.01699414 -0.00935553 0.38039216 0.78823529 0.52549020
v -0.03154628 -0.01658499 -0.01044721 0.38039216 0.78823529 0.52549020
v -0.03142400 -0.01633017 -0.01128123 0.38039216 0.78823529 0.52549020
v -0.03124057 -0.01699414 -0.01079303 0.38039216 0.78823529 0.52549020
v -0.03002386 -0.01860201 -0.01193895 0.38039216 0.78823529 0.52549020
v -0.03047019 -0.01701567 -0.01320015 0.38039216 0.78823529 0.52549020
v -0.03017671 -0.01635171 -0.01509195 0.38039216 0.78823529 0.52549020
v -0.02920457 -0.01700491 -0.01694985 0.38039216 0.78823529 0.52549020
v -0.02883160 -0.01744635 -0.01735669 0.38039216 0.78823529 0.52549020
v -0.02897834 -0.01771194 -0.01651589 0.38039216 0.78823529 0.52549020
v -0.02855953 -0.01817133 -0.01694985 0.38039216 0.78823529 0.52549020
v -0.02801537 -0.01827900 -0.01823817 0.38039216 0.78823529 0.52549020
v -0.02758126 -0.01873122 -0.01865857 0.38039216 0.78823529 0.52549020
v -0.02730001 -0.01944902 -0.01823817 0.38039216 0.78823529 0.52549020
v -0.02674363 -0.01951003 -0.01945191 0.38039216 0.78823529 0.52549020
v -0.02656632 -0.01910806 -0.02046900 0.38039216 0.78823529 0.52549020
v -0.02702793 -0.01821081 -0.02071311 0.38039216 0.78823529 0.52549020
v -0.02661523 -0.01793087 -0.02200143 0.38039216 0.78823529 0.52549020
v -0.02624533 -0.01736022 -0.02355420 0.38039216 0.78823529 0.52549020
v -0.02578676 -0.01823593 -0.02326263 0.38039216 0.78823529 0.52549020
v -0.02532515 -0.01911524 -0.02297106 0.38039216 0.78823529 0.52549020
v -0.02510198 -0.01880659 -0.02381186 0.38039216 0.78823529 0.52549020
v -0.02403201 -0.01904705 -0.02537141 0.38039216 0.78823529 0.52549020
v -0.02368045 -0.01987970 -0.02481540 0.38039216 0.78823529 0.52549020
v -0.02284281 -0.02036062 -0.02545956 0.38039216 0.78823529 0.52549020
v -0.02329831 -0.01953874 -0.02583249 0.38039216 0.78823529 0.52549020
v -0.02375381 -0.01869892 -0.02620543 0.38039216 0.78823529 0.52549020
v -0.02291618 -0.01919420 -0.02678178 0.38039216 0.78823529 0.52549020
v -0.02408703 -0.01786268 -0.02667329 0.38039216 0.78823529 0.52549020
v -0.02240565 -0.01833643 -0.02840914 0.38039216 0.78823529 0.52549020
v -0.02169335 -0.01814262 -0.02947370 0.38039216 0.78823529 0.52549020
v -0.02107277 -0.01849793 -0.02984663 0.38039216 0.78823529 0.52549020
v -0.02262270 -0.01759350 -0.02890412 0.38039216 0.78823529 0.52549020
v -0.02141821 -0.01766169 -0.03021279 0.38039216 0.78823529 0.52549020
v -0.02060198 -0.01806007 -0.03066709 0.38039216 0.78823529 0.52549020
v -0.02012813 -0.01761863 -0.03144009 0.38039216 0.78823529 0.52549020
v -0.01974294 -0.01845486 -0.03112139 0.38039216 0.78823529 0.52549020
v -0.01890531 -0.01889631 -0.03146043 0.38039216 0.78823529 0.52549020
v -0.01933941 -0.01935211 -0.03068065 0.38039216 0.78823529 0.52549020
v -0.01823275 -0.02045394 -0.03049080 0.38039216 0.78823529 0.52549020
v -0.01756019 -0.02134042 -0.03013820 0.38039216 0.78823529 0.52549020
v -0.01672256 -0.02165625 -0.03044333 0.38039216 0.78823529 0.52549020
v -0.01612032 -0.02122198 -0.03128413 0.38039216 0.78823529 0.52549020
v -0.01571678 -0.02200080 -0.03080270 0.38039216 0.78823529 0.52549020
v -0.01294096 -0.02411113 -0.03039587 0.38039216 0.78823529 0.52549020
v -0.01220727 -0.02368045 -0.03123666 0.38039216 0.78823529 0.52549020
v -0.01179456 -0.02443414 -0.03072134 0.38039216 0.78823529 0.52549020
v -0.01528268 -0.02150552 -0.03154858 0.38039216 0.78823529 0.52549020
v -0.01446033 -0.02238482 -0.03119598 0.38039216 0.78823529 0.52549020
v -0.01446033 -0.02302725 -0.03057216 0.38039216 0.78823529 0.52549020
v -0.01136963 -0.02391732 -0.03145365 0.38039216 0.78823529 0.52549020
v -0.01068791 -0.02470691 -0.03100612 0.38039216 0.78823529 0.52549020
v -0.01068791 -0.02407883 -0.03160282 0.38039216 0.78823529 0.52549020
v -0.00943145 -0.02435518 -0.03181980 0.38039216 0.78823529 0.52549020
v -0.00687574 -0.02473203 -0.03230801 0.38039216 0.78823529 0.52549020
v -0.00789069 -0.02526679 -0.03153501 0.38039216 0.78823529 0.52549020
v -0.00691854 -0.02469973 -0.03232157 0.38039216 0.78823529 0.52549020
v -0.00691854 -0.02542829 -0.03169097 0.38039216 0.78823529 0.52549020
v -0.00687574 -0.02608149 -0.03108749 0.38039216 0.78823529 0.52549020
v -0.00687574 -0.02543188 -0.03169775 0.38039216 0.78823529 0.52549020
v -0.00687574 -0.02326054 0.03342355 0.38039216 0.78823529 0.52549020
v -0.00691854 -0.02326054 0.03342355 0.38039216 0.78823529 0.52549020
v -0.00817500 -0.02326054 0.03334896 0.38039216 0.78823529 0.52549020
v -0.01068791 -0.02326054 0.03318623 0.38039216 0.78823529 0.52549020
v -0.01320387 -0.02200080 0.03327438 0.38039216 0.78823529 0.52549020
v -0.01571984 -0.02074465 0.03324725 0.38039216 0.78823529 0.52549020
v -0.01697629 -0.02074465 0.03307774 0.38039216 0.78823529 0.52549020
v -0.02335640 -0.01830413 0.03176229 0.38039216 0.78823529 0.52549020
v -0.02494607 -0.01697619 0.03132155 0.38039216 0.78823529 0.52549020
v -0.02449057 -0.01830413 0.03115203 0.38039216 0.78823529 0.52549020
v -0.02431937 -0.01697619 0.03164702 0.38039216 0.78823529 0.52549020
v -0.02513561 -0.01632300 0.03142326 0.38039216 0.78823529 0.52549020
v -0.02189206 -0.01812826 0.03241324 0.38039216 0.78823529 0.52549020
v -0.02029627 -0.01909012 0.03274548 0.38039216 0.78823529 0.52549020
v -0.02113391 -0.01847640 0.03260309 0.38039216 0.78823529 0.52549020
v -0.01823275 -0.01948850 0.03310486 0.38039216 0.78823529 0.52549020
v -0.01951672 -0.01949926 0.03285398 0.38039216 0.78823529 0.52549020
v -0.03015532 -0.01503813 0.02763288 0.38039216 0.78823529 0.52549020
v -0.03145151 -0.01388606 0.02643271 0.38039216 0.78823529 0.52549020
v -0.03165634 -0.01436699 0.02574786 0.38039216 0.78823529 0.52549020
v -0.03152488 -0.01529654 0.02531390 0.38039216 0.78823529 0.52549020
v -0.02788086 -0.01697619 0.02912462 0.38039216 0.78823529 0.52549020
v -0.02875518 -0.01596768 0.02873813 0.38039216 0.78823529 0.52549020
v -0.02746815 -0.01572004 0.03001289 0.38039216 0.78823529 0.52549020
v -0.02702488 -0.01708387 0.02982981 0.38039216 0.78823529 0.52549020
v -0.02589070 -0.01708387 0.03067739 0.38039216 0.78823529 0.52549020
v -0.02660300 -0.01673573 0.03031801 0.38039216 0.78823529 0.52549020
v -0.03172970 -0.01571645 0.02452056 0.38039216 0.78823529 0.52549020
v -0.03257040 -0.01477614 0.02359162 0.38039216 0.78823529 0.52549020
v -0.03273854 -0.01521041 0.02275082 0.38039216 0.78823529 0.52549020
v -0.03506802 -0.01342667 0.01571251 0.38039216 0.78823529 0.52549020
v -0.03499160 -0.01312520 0.01693981 0.38039216 0.78823529 0.52549020
v -0.03523005 -0.01265145 0.01649906 0.38039216 0.78823529 0.52549020
v -0.03527896 -0.01279860 0.01571251 0.38039216 0.78823529 0.52549020
v -0.03565192 -0.01194800 0.01445809 0.38039216 0.78823529 0.52549020
v -0.03610131 -0.01068826 0.01319689 0.38039216 0.78823529 0.52549020
v -0.03622665 -0.01068826 0.01068127 0.38039216 0.78823529 0.52549020
v -0.03594846 -0.01194800 0.00942685 0.38039216 0.78823529 0.52549020
v -0.03617774 -0.01068826 0.01194247 0.38039216 0.78823529 0.52549020
v -0.03556632 -0.01320415 0.00942685 0.38039216 0.78823529 0.52549020
v -0.03528813 -0.01405116 0.00817243 0.38039216 0.78823529 0.52549020
v -0.03504662 -0.01467923 0.00817243 0.38039216 0.78823529 0.52549020
v -0.03505579 -0.01467923 0.00691123 0.38039216 0.78823529 0.52549020
v -0.03504968 -0.01465411 0.00565682 0.38039216 0.78823529 0.52549020
v -0.03501911 -0.01458951 0.00439562 0.38039216 0.78823529 0.52549020
v -0.03456361 -0.01572004 0.00439562 0.38039216 0.78823529 0.52549020
v -0.03389716 -0.01239663 0.02247281 0.38039216 0.78823529 0.52549020
v -0.03374737 -0.01321492 0.02203207 0.38039216 0.78823529 0.52549020
v -0.03507719 -0.01218129 0.01822813 0.38039216 0.78823529 0.52549020
v -0.03516279 -0.01243252 0.01733986 0.38039216 0.78823529 0.52549020
v -0.03402862 -0.01280577 0.02163201 0.38039216 0.78823529 0.52549020
v -0.03498854 -0.01063802 0.02068950 0.38039216 0.78823529 0.52549020
v -0.03512611 -0.01102563 0.01974699 0.38039216 0.78823529 0.52549020
v -0.03416925 -0.01196595 0.02203207 0.38039216 0.78823529 0.52549020
v -0.03521476 -0.01135223 0.01891297 0.38039216 0.78823529 0.52549020
v -0.03500382 -0.01437058 0.00312085 0.38039216 0.78823529 0.52549020
v -0.03522699 -0.01388965 0.00352769 0.38039216 0.78823529 0.52549020
v -0.03519031 -0.01378557 0.00268689 0.38039216 0.78823529 0.52549020
v -0.03515362 -0.01367790 0.00188000 0.38039216 0.78823529 0.52549020
v -0.03508636 -0.01349127 0.00062558 0.38039216 0.78823529 0.52549020
v -0.03454221 -0.01446030 -0.00062884 0.38039216 0.78823529 0.52549020
v -0.03435878 -0.01446030 -0.00188326 0.38039216 0.78823529 0.52549020
v -0.03415090 -0.01451055 -0.00309021 0.38039216 0.78823529 0.52549020
v -0.03407142 -0.01413012 -0.00439888 0.38039216 0.78823529 0.52549020
v -0.03398888 -0.01393990 -0.00521256 0.38039216 0.78823529 0.52549020
v -0.03389716 -0.01368867 -0.00605336 0.38039216 0.78823529 0.52549020
v -0.03380545 -0.01342308 -0.00691450 0.38039216 0.78823529 0.52549020
v -0.03366483 -0.01308931 -0.00806043 0.38039216 0.78823529 0.52549020
v -0.03311456 -0.01446030 -0.00816892 0.38039216 0.78823529 0.52549020
v -0.03277522 -0.01527860 -0.00816892 0.38039216 0.78823529 0.52549020
v -0.03232889 -0.01559443 -0.00930128 0.38039216 0.78823529 0.52549020
v -0.03179696 -0.01583489 -0.01079303 0.38039216 0.78823529 0.52549020
v -0.03135674 -0.01490534 -0.01356631 0.38039216 0.78823529 0.52549020
v -0.03113358 -0.01565544 -0.01316625 0.38039216 0.78823529 0.52549020
v -0.03068724 -0.01572004 -0.01445457 0.38039216 0.78823529 0.52549020
v -0.03023785 -0.01522117 -0.01652945 0.38039216 0.78823529 0.52549020
v -0.02987712 -0.01567339 -0.01695663 0.38039216 0.78823529 0.52549020
v -0.02905477 -0.01660653 -0.01795339 0.38039216 0.78823529 0.52549020
v -0.02870321 -0.01700491 -0.01831276 0.38039216 0.78823529 0.52549020
v -0.02778914 -0.01781961 -0.01948581 0.38039216 0.78823529 0.52549020
v -0.02766075 -0.01760427 -0.02011641 0.38039216 0.78823529 0.52549020
v -0.02741007 -0.01845128 -0.01948581 0.38039216 0.78823529 0.52549020
v -0.02748649 -0.01730279 -0.02095721 0.38039216 0.78823529 0.52549020
v -0.02650823 -0.01652398 -0.02408309 0.38039216 0.78823529 0.52549020
v -0.02599159 -0.01695466 -0.02450349 0.38039216 0.78823529 0.52549020
v -0.02535572 -0.01789498 -0.02451705 0.38039216 0.78823529 0.52549020
v -0.02490633 -0.01852305 -0.02451705 0.38039216 0.78823529 0.52549020
v -0.02492773 -0.01728485 -0.02601557 0.38039216 0.78823529 0.52549020
v -0.02520898 -0.01644502 -0.02649700 0.38039216 0.78823529 0.52549020
v -0.02450280 -0.01694748 -0.02700554 0.38039216 0.78823529 0.52549020
v -0.02377216 -0.01744994 -0.02750731 0.38039216 0.78823529 0.52549020
v -0.02408092 -0.01661012 -0.02790737 0.38039216 0.78823529 0.52549020
v -0.02374770 -0.01614355 -0.02874139 0.38039216 0.78823529 0.52549020
v -0.02291006 -0.01675727 -0.02924316 0.38039216 0.78823529 0.52549020
v -0.02235673 -0.01709463 -0.02961609 0.38039216 0.78823529 0.52549020
v -0.02166278 -0.01697619 -0.03047045 0.38039216 0.78823529 0.52549020
v -0.02130204 -0.01625122 -0.03135872 0.38039216 0.78823529 0.52549020
v -0.02101468 -0.01697619 -0.03109427 0.38039216 0.78823529 0.52549020
v -0.02254933 -0.01622609 -0.03008396 0.38039216 0.78823529 0.52549020
v -0.01939138 -0.01811391 -0.03165028 0.38039216 0.78823529 0.52549020
v -0.02080374 -0.01578465 -0.03211137 0.38039216 0.78823529 0.52549020
v -0.01995388 -0.01615790 -0.03256567 0.38039216 0.78823529 0.52549020
v -0.01951672 -0.01701567 -0.03230801 0.38039216 0.78823529 0.52549020
v -0.01668893 -0.02038216 -0.03167063 0.38039216 0.78823529 0.52549020
v -0.01712303 -0.02086308 -0.03091119 0.38039216 0.78823529 0.52549020
v -0.01871882 -0.01746430 -0.03259280 0.38039216 0.78823529 0.52549020
v -0.01788119 -0.01784832 -0.03285046 0.38039216 0.78823529 0.52549020
v -0.01739206 -0.01868815 -0.03255889 0.38039216 0.78823529 0.52549020
v -0.01601332 -0.01986893 -0.03250465 0.38039216 0.78823529 0.52549020
v -0.01335367 -0.02335026 -0.03089763 0.38039216 0.78823529 0.52549020
v -0.01376637 -0.02258939 -0.03139262 0.38039216 0.78823529 0.52549020
v -0.01292874 -0.02284421 -0.03161638 0.38039216 0.78823529 0.52549020
v -0.01564647 -0.02069440 -0.03203000 0.38039216 0.78823529 0.52549020
v -0.01517262 -0.02017041 -0.03272841 0.38039216 0.78823529 0.52549020
v -0.01185265 -0.02326054 -0.03177912 0.38039216 0.78823529 0.52549020
v -0.01194742 -0.02236688 -0.03247752 0.38039216 0.78823529 0.52549020
v -0.01119232 -0.02256427 -0.03264026 0.38039216 0.78823529 0.52549020
v -0.01073988 -0.02322106 -0.03228767 0.38039216 0.78823529 0.52549020
v -0.01035468 -0.02277602 -0.03279621 0.38039216 0.78823529 0.52549020
v -0.00943145 -0.02359072 -0.03245040 0.38039216 0.78823529 0.52549020
v -0.00766447 -0.02393527 -0.03272163 0.38039216 0.78823529 0.52549020
v -0.00691854 -0.02407165 -0.03283012 0.38039216 0.78823529 0.52549020
v -0.00687574 -0.02410036 -0.03281656 0.38039216 0.78823529 0.52549020
v -0.00687574 -0.02322106 0.03343033 0.38039216 0.78823529 0.52549020
v -0.01446033 -0.02074465 0.03335574 0.38039216 0.78823529 0.52549020
v -0.00817500 -0.02200080 0.03351170 0.38039216 0.78823529 0.52549020
v -0.01571984 -0.01948850 0.03338287 0.38039216 0.78823529 0.52549020
v -0.01697629 -0.01948850 0.03326082 0.38039216 0.78823529 0.52549020
v -0.02325857 -0.01697619 0.03214201 0.38039216 0.78823529 0.52549020
v -0.02463731 -0.01583130 0.03177585 0.38039216 0.78823529 0.52549020
v -0.02531598 -0.01548676 0.03152497 0.38039216 0.78823529 0.52549020
v -0.02635232 -0.01370303 0.03140292 0.38039216 0.78823529 0.52549020
v -0.02617807 -0.01446030 0.03130121 0.38039216 0.78823529 0.52549020
v -0.02575008 -0.01583130 0.03117916 0.38039216 0.78823529 0.52549020
v -0.02223445 -0.01697619 0.03255563 0.38039216 0.78823529 0.52549020
v -0.02139682 -0.01763657 0.03269802 0.38039216 0.78823529 0.52549020
v -0.01948921 -0.01823235 0.03307096 0.38039216 0.78823529 0.52549020
v -0.02072732 -0.01812826 0.03279973 0.38039216 0.78823529 0.52549020
v -0.01823275 -0.01823235 0.03324725 0.38039216 0.78823529 0.52549020
v -0.02979152 -0.01455721 0.02827026 0.38039216 0.78823529 0.52549020
v -0.03031734 -0.01420190 0.02783630 0.38039216 0.78823529 0.52549020
v -0.03113052 -0.01320415 0.02723282 0.38039216 0.78823529 0.52549020
v -0.03260097 -0.01068826 0.02624285 0.38039216 0.78823529 0.52549020
v -0.03245117 -0.01203773 0.02577498 0.38039216 0.78823529 0.52549020
v -0.03205987 -0.01320415 0.02577498 0.38039216 0.78823529 0.52549020
v -0.03145763 -0.01139171 0.02769391 0.38039216 0.78823529 0.52549020
v -0.03172359 -0.01186546 0.02704975 0.38039216 0.78823529 0.52549020
v -0.03255511 -0.01320415 0.02486638 0.38039216 0.78823529 0.52549020
v -0.03232583 -0.01439929 0.02443920 0.38039216 0.78823529 0.52549020
v -0.02831802 -0.01561596 0.02930092 0.38039216 0.78823529 0.52549020
v -0.02893554 -0.01513145 0.02893476 0.38039216 0.78823529 0.52549020
v -0.02866652 -0.01320415 0.02995864 0.38039216 0.78823529 0.52549020
v -0.02781666 -0.01416960 0.03029089 0.38039216 0.78823529 0.52549020
v -0.02683840 -0.01572004 0.03048753 0.38039216 0.78823529 0.52549020
v -0.03272936 -0.01393990 0.02397133 0.38039216 0.78823529 0.52549020
v -0.03328575 -0.01320415 0.02325937 0.38039216 0.78823529 0.52549020
v -0.03286388 -0.01439929 0.02320512 0.38039216 0.78823529 0.52549020
v -0.03535233 -0.01198748 0.01693981 0.38039216 0.78823529 0.52549020
v -0.03570084 -0.01068826 0.01697371 0.38039216 0.78823529 0.52549020
v -0.03552047 -0.01194800 0.01571251 0.38039216 0.78823529 0.52549020
v -0.03598820 -0.01068826 0.01445809 0.38039216 0.78823529 0.52549020
v -0.03636422 -0.00962592 0.01319689 0.38039216 0.78823529 0.52549020
v -0.03640091 -0.00978742 0.01194247 0.38039216 0.78823529 0.52549020
v -0.03626334 -0.01068826 0.00942685 0.38039216 0.78823529 0.52549020
v -0.03628168 -0.01068826 0.00817243 0.38039216 0.78823529 0.52549020
v -0.03595457 -0.01194800 0.00817243 0.38039216 0.78823529 0.52549020
v -0.03557550 -0.01320415 0.00817243 0.38039216 0.78823529 0.52549020
v -0.03528202 -0.01405116 0.00691123 0.38039216 0.78823529 0.52549020
v -0.03527285 -0.01402603 0.00565682 0.38039216 0.78823529 0.52549020
v -0.03525145 -0.01396143 0.00439562 0.38039216 0.78823529 0.52549020
v -0.03285776 -0.01320415 0.02423578 0.38039216 0.78823529 0.52549020
v -0.03370763 -0.01196595 0.02322546 0.38039216 0.78823529 0.52549020
v -0.03401639 -0.01155680 0.02278472 0.38039216 0.78823529 0.52549020
v -0.03455138 -0.01068826 0.02199817 0.38039216 0.78823529 0.52549020
v -0.03527590 -0.01155321 0.01822813 0.38039216 0.78823529 0.52549020
v -0.03523922 -0.01018580 0.02023520 0.38039216 0.78823529 0.52549020
v -0.03511999 -0.00966181 0.02106922 0.38039216 0.78823529 0.52549020
v -0.03530647 -0.01063802 0.01939440 0.38039216 0.78823529 0.52549020
v -0.03551741 -0.01068826 0.01822813 0.38039216 0.78823529 0.52549020
v -0.03549296 -0.01320415 0.00439562 0.38039216 0.78823529 0.52549020
v -0.03580477 -0.01194800 0.00314120 0.38039216 0.78823529 0.52549020
v -0.03538290 -0.01330106 0.00312085 0.38039216 0.78823529 0.52549020
v -0.03536150 -0.01304983 0.00188000 0.38039216 0.78823529 0.52549020
v -0.03530036 -0.01286320 0.00062558 0.38039216 0.78823529 0.52549020
v -0.03524839 -0.01269811 -0.00026947 0.38039216 0.78823529 0.52549020
v -0.03502217 -0.01315391 -0.00066952 0.38039216 0.78823529 0.52549020
v -0.03464003 -0.01320415 -0.00313768 0.38039216 0.78823529 0.52549020
v -0.03441075 -0.01320415 -0.00439888 0.38039216 0.78823529 0.52549020
v -0.03431904 -0.01194800 -0.00691450 0.38039216 0.78823529 0.52549020
v -0.03402556 -0.01279501 -0.00691450 0.38039216 0.78823529 0.52549020
v -0.03386048 -0.01233203 -0.00840624 0.38039216 0.78823529 0.52549020
v -0.03328575 -0.01320415 -0.00943012 0.38039216 0.78823529 0.52549020
v -0.03275382 -0.01399014 -0.01029126 0.38039216 0.78823529 0.52549020
v -0.03283331 -0.01443159 -0.00930128 0.38039216 0.78823529 0.52549020
v -0.03268962 -0.01509197 -0.00879952 0.38039216 0.78823529 0.52549020
v -0.03257957 -0.01482638 -0.00964032 0.38039216 0.78823529 0.52549020
v -0.03245117 -0.01443159 -0.01069810 0.38039216 0.78823529 0.52549020
v -0.03263765 -0.01369226 -0.01112528 0.38039216 0.78823529 0.52549020
v -0.03152488 -0.01406551 -0.01411554 0.38039216 0.78823529 0.52549020
v -0.03139037 -0.01372815 -0.01495634 0.38039216 0.78823529 0.52549020
v -0.03083704 -0.01446030 -0.01571577 0.38039216 0.78823529 0.52549020
v -0.03041822 -0.01447466 -0.01695663 0.38039216 0.78823529 0.52549020
v -0.03009723 -0.01490175 -0.01736347 0.38039216 0.78823529 0.52549020
v -0.02931768 -0.01581695 -0.01831276 0.38039216 0.78823529 0.52549020
v -0.02895389 -0.01516016 -0.02020456 0.38039216 0.78823529 0.52549020
v -0.02783806 -0.01692236 -0.02061818 0.38039216 0.78823529 0.52549020
v -0.02772800 -0.01646656 -0.02151322 0.38039216 0.78823529 0.52549020
v -0.02725110 -0.01692236 -0.02196075 0.38039216 0.78823529 0.52549020
v -0.02733976 -0.01569851 -0.02326263 0.38039216 0.78823529 0.52549020
v -0.02756904 -0.01489457 -0.02368303 0.38039216 0.78823529 0.52549020
v -0.02673140 -0.01571645 -0.02450349 0.38039216 0.78823529 0.52549020
v -0.02652046 -0.01529654 -0.02535107 0.38039216 0.78823529 0.52549020
v -0.02627589 -0.01613278 -0.02491711 0.38039216 0.78823529 0.52549020
v -0.02537100 -0.01690800 -0.02566976 0.38039216 0.78823529 0.52549020
v -0.02538629 -0.01563032 -0.02696486 0.38039216 0.78823529 0.52549020
v -0.02518452 -0.01515657 -0.02771073 0.38039216 0.78823529 0.52549020
v -0.02491856 -0.01599281 -0.02733779 0.38039216 0.78823529 0.52549020
v -0.02604050 -0.01571645 -0.02577147 0.38039216 0.78823529 0.52549020
v -0.02628201 -0.01487304 -0.02619187 0.38039216 0.78823529 0.52549020
v -0.02447223 -0.01564826 -0.02822606 0.38039216 0.78823529 0.52549020
v -0.02402895 -0.01530372 -0.02908720 0.38039216 0.78823529 0.52549020
v -0.02158635 -0.01541139 -0.03165706 0.38039216 0.78823529 0.52549020
v -0.02366822 -0.01472230 -0.02992800 0.38039216 0.78823529 0.52549020
v -0.02283058 -0.01538986 -0.03036874 0.38039216 0.78823529 0.52549020
v -0.02030850 -0.01531808 -0.03283012 0.38039216 0.78823529 0.52549020
v -0.01911624 -0.01662447 -0.03287080 0.38039216 0.78823529 0.52549020
v -0.01827249 -0.01701567 -0.03313524 0.38039216 0.78823529 0.52549020
v -0.01823275 -0.01601434 -0.03375228 0.38039216 0.78823529 0.52549020
v -0.01756631 -0.01631582 -0.03392858 0.38039216 0.78823529 0.52549020
v -0.01707718 -0.01704797 -0.03375228 0.38039216 0.78823529 0.52549020
v -0.01697324 -0.01825388 -0.03308100 0.38039216 0.78823529 0.52549020
v -0.01655136 -0.01903269 -0.03280299 0.38039216 0.78823529 0.52549020
v -0.01278505 -0.02150552 -0.03278265 0.38039216 0.78823529 0.52549020
v -0.01564341 -0.01946337 -0.03296573 0.38039216 0.78823529 0.52549020
v -0.01477521 -0.01865226 -0.03383365 0.38039216 0.78823529 0.52549020
v -0.01439919 -0.01940236 -0.03352852 0.38039216 0.78823529 0.52549020
v -0.01446033 -0.02037498 -0.03287758 0.38039216 0.78823529 0.52549020
v -0.01194742 -0.02173880 -0.03293861 0.38039216 0.78823529 0.52549020
v -0.01073988 -0.02208693 -0.03310812 0.38039216 0.78823529 0.52549020
v -0.00978301 -0.02125070 -0.03388790 0.38039216 0.78823529 0.52549020
v -0.00939171 -0.02190748 -0.03359633 0.38039216 0.78823529 0.52549020
v -0.00943145 -0.02295906 -0.03292504 0.38039216 0.78823529 0.52549020
v -0.00691854 -0.02326054 -0.03337257 0.38039216 0.78823529 0.52549020
v -0.00687574 -0.02329284 -0.03335901 0.38039216 0.78823529 0.52549020
v -0.00687574 -0.02200080 0.03356594 0.38039216 0.78823529 0.52549020
v -0.00691854 -0.02200080 0.03356594 0.38039216 0.78823529 0.52549020
v -0.01320387 -0.02074465 0.03340999 0.38039216 0.78823529 0.52549020
v -0.01446033 -0.01948850 0.03345067 0.38039216 0.78823529 0.52549020
v -0.01571984 -0.01823235 0.03344389 0.38039216 0.78823529 0.52549020
v -0.02451808 -0.01446030 0.03212845 0.38039216 0.78823529 0.52549020
v -0.02249430 -0.01603588 0.03264378 0.38039216 0.78823529 0.52549020
v -0.02315769 -0.01565544 0.03245392 0.38039216 0.78823529 0.52549020
v -0.02554831 -0.01446030 0.03164024 0.38039216 0.78823529 0.52549020
v -0.02731530 -0.01194800 0.03123340 0.38039216 0.78823529 0.52549020
v -0.02696985 -0.01325081 0.03112491 0.38039216 0.78823529 0.52549020
v -0.02803677 -0.01320415 0.03044007 0.38039216 0.78823529 0.52549020
v -0.02586931 -0.01325081 0.03172839 0.38039216 0.78823529 0.52549020
v -0.02650823 -0.01286320 0.03149107 0.38039216 0.78823529 0.52549020
v -0.02713493 -0.01453567 0.03064349 0.38039216 0.78823529 0.52549020
v -0.02160469 -0.01697619 0.03275227 0.38039216 0.78823529 0.52549020
v -0.01948921 -0.01697619 0.03317945 0.38039216 0.78823529 0.52549020
v -0.02074872 -0.01572004 0.03307774 0.38039216 0.78823529 0.52549020
v -0.02074872 -0.01697619 0.03295569 0.38039216 0.78823529 0.52549020
v -0.01823275 -0.01697619 0.03330150 0.38039216 0.78823529 0.52549020
v -0.01948921 -0.01572004 0.03324047 0.38039216 0.78823529 0.52549020
v -0.02908228 -0.01446030 0.02907716 0.38039216 0.78823529 0.52549020
v -0.02996578 -0.01320415 0.02868388 0.38039216 0.78823529 0.52549020
v -0.03050382 -0.01320415 0.02805328 0.38039216 0.78823529 0.52549020
v -0.03268657 -0.01004942 0.02639880 0.38039216 0.78823529 0.52549020
v -0.03294642 -0.01068826 0.02561225 0.38039216 0.78823529 0.52549020
v -0.03280579 -0.01167883 0.02536137 0.38039216 0.78823529 0.52549020
v -0.03267128 -0.01251865 0.02510370 0.38039216 0.78823529 0.52549020
v -0.03011252 -0.01240740 0.02884662 0.38039216 0.78823529 0.52549020
v -0.03026537 -0.01156757 0.02900935 0.38039216 0.78823529 0.52549020
v -0.03102658 -0.01068826 0.02843978 0.38039216 0.78823529 0.52549020
v -0.03155240 -0.01068826 0.02781596 0.38039216 0.78823529 0.52549020
v -0.03241143 -0.00955055 0.02700228 0.38039216 0.78823529 0.52549020
v -0.02884383 -0.01235356 0.03011460 0.38039216 0.78823529 0.52549020
v -0.02933602 -0.01320415 0.02933482 0.38039216 0.78823529 0.52549020
v -0.03582923 -0.00943211 0.01822813 0.38039216 0.78823529 0.52549020
v -0.03600654 -0.00943211 0.01697371 0.38039216 0.78823529 0.52549020
v -0.03616245 -0.00943211 0.01571251 0.38039216 0.78823529 0.52549020
v -0.03585369 -0.01068826 0.01571251 0.38039216 0.78823529 0.52549020
v -0.03632142 -0.00933880 0.01441063 0.38039216 0.78823529 0.52549020
v -0.03650484 -0.00899784 0.01319689 0.38039216 0.78823529 0.52549020
v -0.03654459 -0.00915935 0.01194247 0.38039216 0.78823529 0.52549020
v -0.03647427 -0.00885787 0.01396310 0.38039216 0.78823529 0.52549020
v -0.03656293 -0.00923113 0.01068127 0.38039216 0.78823529 0.52549020
v -0.03643453 -0.00994175 0.00942685 0.38039216 0.78823529 0.52549020
v -0.03644982 -0.01000276 0.00817243 0.38039216 0.78823529 0.52549020
v -0.03644982 -0.01000276 0.00691123 0.38039216 0.78823529 0.52549020
v -0.03644370 -0.00998123 0.00565682 0.38039216 0.78823529 0.52549020
v -0.03593012 -0.01194800 0.00691123 0.38039216 0.78823529 0.52549020
v -0.03556021 -0.01320415 0.00691123 0.38039216 0.78823529 0.52549020
v -0.03553576 -0.01320415 0.00565682 0.38039216 0.78823529 0.52549020
v -0.03305341 -0.01203773 0.02461549 0.38039216 0.78823529 0.52549020
v -0.03383602 -0.01093949 0.02362552 0.38039216 0.78823529 0.52549020
v -0.03395831 -0.01009967 0.02391031 0.38039216 0.78823529 0.52549020
v -0.03410505 -0.01058777 0.02322546 0.38039216 0.78823529 0.52549020
v -0.03492434 -0.00932085 0.02188289 0.38039216 0.78823529 0.52549020
v -0.03438018 -0.00943211 0.02325937 0.38039216 0.78823529 0.52549020
v -0.03531259 -0.00932085 0.02068950 0.38039216 0.78823529 0.52549020
v -0.03559995 -0.00943211 0.01948255 0.38039216 0.78823529 0.52549020
v -0.03520865 -0.00882557 0.02138791 0.38039216 0.78823529 0.52549020
v -0.03586592 -0.01194800 0.00439562 0.38039216 0.78823529 0.52549020
v -0.03620525 -0.01068826 0.00439562 0.38039216 0.78823529 0.52549020
v -0.03613188 -0.01068826 0.00314120 0.38039216 0.78823529 0.52549020
v -0.03604323 -0.01068826 0.00188000 0.38039216 0.78823529 0.52549020
v -0.03571001 -0.01194800 0.00188000 0.38039216 0.78823529 0.52549020
v -0.03558772 -0.01194800 0.00062558 0.38039216 0.78823529 0.52549020
v -0.03539819 -0.01203055 -0.00066952 0.38039216 0.78823529 0.52549020
v -0.03533093 -0.01170036 -0.00188326 0.38039216 0.78823529 0.52549020
v -0.03525756 -0.01147784 -0.00285967 0.38039216 0.78823529 0.52549020
v -0.03505885 -0.01191570 -0.00322583 0.38039216 0.78823529 0.52549020
v -0.03519336 -0.01127686 -0.00370047 0.38039216 0.78823529 0.52549020
v -0.03483263 -0.01194800 -0.00439888 0.38039216 0.78823529 0.52549020
v -0.03457889 -0.01194800 -0.00565330 0.38039216 0.78823529 0.52549020
v -0.03472257 -0.01068826 -0.00691450 0.38039216 0.78823529 0.52549020
v -0.03445355 -0.01068826 -0.00816892 0.38039216 0.78823529 0.52549020
v -0.03407753 -0.01192647 -0.00806043 0.38039216 0.78823529 0.52549020
v -0.03400722 -0.01149220 -0.00902328 0.38039216 0.78823529 0.52549020
v -0.03374737 -0.01192647 -0.00943690 0.38039216 0.78823529 0.52549020
v -0.03339886 -0.01194800 -0.01068454 0.38039216 0.78823529 0.52549020
v -0.03292196 -0.01324363 -0.01069810 0.38039216 0.78823529 0.52549020
v -0.03279051 -0.01285243 -0.01165417 0.38039216 0.78823529 0.52549020
v -0.03266822 -0.01251507 -0.01249497 0.38039216 0.78823529 0.52549020
v -0.03253066 -0.01324363 -0.01202032 0.38039216 0.78823529 0.52549020
v -0.03155851 -0.01289191 -0.01545133 0.38039216 0.78823529 0.52549020
v -0.03129254 -0.01326876 -0.01581070 0.38039216 0.78823529 0.52549020
v -0.03013697 -0.01373533 -0.01873994 0.38039216 0.78823529 0.52549020
v -0.02996578 -0.01447466 -0.01828564 0.38039216 0.78823529 0.52549020
v -0.02910368 -0.01440647 -0.02067242 0.38039216 0.78823529 0.52549020
v -0.02897223 -0.01395067 -0.02149966 0.38039216 0.78823529 0.52549020
v -0.02877352 -0.01479049 -0.02103858 0.38039216 0.78823529 0.52549020
v -0.02775552 -0.01526783 -0.02284223 0.38039216 0.78823529 0.52549020
v -0.02856258 -0.01440647 -0.02195396 0.38039216 0.78823529 0.52549020
v -0.02795423 -0.01447107 -0.02326263 0.38039216 0.78823529 0.52549020
v -0.02776163 -0.01405834 -0.02411699 0.38039216 0.78823529 0.52549020
v -0.02757209 -0.01363842 -0.02495779 0.38039216 0.78823529 0.52549020
v -0.02737033 -0.01447107 -0.02453061 0.38039216 0.78823529 0.52549020
v -0.02673446 -0.01445672 -0.02577147 0.38039216 0.78823529 0.52549020
v -0.02650823 -0.01403321 -0.02657836 0.38039216 0.78823529 0.52549020
v -0.02600993 -0.01445672 -0.02700554 0.38039216 0.78823529 0.52549020
v -0.02624838 -0.01349845 -0.02741238 0.38039216 0.78823529 0.52549020
v -0.02537406 -0.01446030 -0.02796840 0.38039216 0.78823529 0.52549020
v -0.02490327 -0.01446030 -0.02859900 0.38039216 0.78823529 0.52549020
v -0.02421237 -0.01436699 -0.02952116 0.38039216 0.78823529 0.52549020
v -0.02391584 -0.01388248 -0.03020601 0.38039216 0.78823529 0.52549020
v -0.02346645 -0.01320415 -0.03102647 0.38039216 0.78823529 0.52549020
v -0.02119505 -0.01446030 -0.03253177 0.38039216 0.78823529 0.52549020
v -0.02056529 -0.01446030 -0.03304032 0.38039216 0.78823529 0.52549020
v -0.01970014 -0.01446030 -0.03366414 0.38039216 0.78823529 0.52549020
v -0.01886862 -0.01509556 -0.03394892 0.38039216 0.78823529 0.52549020
v -0.01940972 -0.01562673 -0.03327086 0.38039216 0.78823529 0.52549020
v -0.01622731 -0.01751813 -0.03390146 0.38039216 0.78823529 0.52549020
v -0.01823275 -0.01538627 -0.03409810 0.38039216 0.78823529 0.52549020
v -0.01672867 -0.01667831 -0.03410488 0.38039216 0.78823529 0.52549020
v -0.01320387 -0.02079130 -0.03308778 0.38039216 0.78823529 0.52549020
v -0.01577181 -0.01823235 -0.03366414 0.38039216 0.78823529 0.52549020
v -0.01538968 -0.01781243 -0.03405063 0.38039216 0.78823529 0.52549020
v -0.01393757 -0.01892861 -0.03398283 0.38039216 0.78823529 0.52549020
v -0.01320387 -0.01975049 -0.03374550 0.38039216 0.78823529 0.52549020
v -0.01190768 -0.02066210 -0.03360311 0.38039216 0.78823529 0.52549020
v -0.01068791 -0.02101741 -0.03376585 0.38039216 0.78823529 0.52549020
v -0.00687574 -0.02247096 -0.03386756 0.38039216 0.78823529 0.52549020
v -0.01230204 -0.01998378 -0.03388112 0.38039216 0.78823529 0.52549020
v -0.01320387 -0.01912242 -0.03407098 0.38039216 0.78823529 0.52549020
v -0.01068791 -0.02038934 -0.03407098 0.38039216 0.78823529 0.52549020
v -0.00939171 -0.02079489 -0.03417946 0.38039216 0.78823529 0.52549020
v -0.00894232 -0.02142656 -0.03397605 0.38039216 0.78823529 0.52549020
v -0.00687574 -0.02074465 0.03357950 0.38039216 0.78823529 0.52549020
v -0.01446033 -0.01823235 0.03349814 0.38039216 0.78823529 0.52549020
v -0.01571984 -0.01697619 0.03343711 0.38039216 0.78823529 0.52549020
v -0.01823275 -0.01572004 0.03332184 0.38039216 0.78823529 0.52549020
v -0.02343894 -0.01446030 0.03254207 0.38039216 0.78823529 0.52549020
v -0.02451808 -0.01320415 0.03233187 0.38039216 0.78823529 0.52549020
v -0.02577454 -0.01194800 0.03200639 0.38039216 0.78823529 0.52549020
v -0.02204797 -0.01565544 0.03281329 0.38039216 0.78823529 0.52549020
v -0.02267161 -0.01519605 0.03270480 0.38039216 0.78823529 0.52549020
v -0.02668860 -0.01194800 0.03157922 0.38039216 0.78823529 0.52549020
v -0.02754152 -0.01068826 0.03136223 0.38039216 0.78823529 0.52549020
v -0.02836999 -0.01194083 0.03054856 0.38039216 0.78823529 0.52549020
v -0.02074872 -0.01446030 0.03311842 0.38039216 0.78823529 0.52549020
v -0.02200517 -0.01320415 0.03296247 0.38039216 0.78823529 0.52549020
v -0.02200517 -0.01446030 0.03291500 0.38039216 0.78823529 0.52549020
v -0.01948921 -0.01446030 0.03323369 0.38039216 0.78823529 0.52549020
v -0.02074872 -0.01320415 0.03311842 0.38039216 0.78823529 0.52549020
v -0.03279051 -0.00921318 0.02656154 0.38039216 0.78823529 0.52549020
v -0.03356700 -0.00807547 0.02565971 0.38039216 0.78823529 0.52549020
v -0.03308704 -0.00955055 0.02589704 0.38039216 0.78823529 0.52549020
v -0.03374126 -0.00943211 0.02471721 0.38039216 0.78823529 0.52549020
v -0.03358229 -0.01058777 0.02440529 0.38039216 0.78823529 0.52549020
v -0.03039988 -0.01068826 0.02914496 0.38039216 0.78823529 0.52549020
v -0.03118860 -0.00943211 0.02863642 0.38039216 0.78823529 0.52549020
v -0.03249091 -0.00817596 0.02736844 0.38039216 0.78823529 0.52549020
v -0.03171442 -0.00943211 0.02800582 0.38039216 0.78823529 0.52549020
v -0.02897834 -0.01151732 0.03022309 0.38039216 0.78823529 0.52549020
v -0.03609214 -0.00817596 0.01822813 0.38039216 0.78823529 0.52549020
v -0.03641619 -0.00732178 0.01725850 0.38039216 0.78823529 0.52549020
v -0.03586592 -0.00817596 0.01948255 0.38039216 0.78823529 0.52549020
v -0.03630614 -0.00807906 0.01689234 0.38039216 0.78823529 0.52549020
v -0.03647427 -0.00759813 0.01641770 0.38039216 0.78823529 0.52549020
v -0.03638256 -0.00843078 0.01571251 0.38039216 0.78823529 0.52549020
v -0.03643453 -0.00867483 0.01479712 0.38039216 0.78823529 0.52549020
v -0.03666381 -0.00817596 0.01319689 0.38039216 0.78823529 0.52549020
v -0.03722937 -0.00566007 0.01194247 0.38039216 0.78823529 0.52549020
v -0.03674024 -0.00817596 0.01194247 0.38039216 0.78823529 0.52549020
v -0.03729662 -0.00566007 0.01068127 0.38039216 0.78823529 0.52549020
v -0.03759622 -0.00440392 0.00942685 0.38039216 0.78823529 0.52549020
v -0.03682889 -0.00817596 0.00942685 0.38039216 0.78823529 0.52549020
v -0.03656293 -0.00822262 0.01441063 0.38039216 0.78823529 0.52549020
v -0.03657821 -0.00931368 0.00942685 0.38039216 0.78823529 0.52549020
v -0.03659044 -0.00937469 0.00817243 0.38039216 0.78823529 0.52549020
v -0.03659044 -0.00937469 0.00691123 0.38039216 0.78823529 0.52549020
v -0.03658739 -0.00935316 0.00565682 0.38039216 0.78823529 0.52549020
v -0.03641619 -0.00986638 0.00439562 0.38039216 0.78823529 0.52549020
v -0.03589955 -0.01194800 0.00565682 0.38039216 0.78823529 0.52549020
v -0.03404085 -0.00943211 0.02408660 0.38039216 0.78823529 0.52549020
v -0.03467672 -0.00817596 0.02325937 0.38039216 0.78823529 0.52549020
v -0.03528202 -0.00817596 0.02159133 0.38039216 0.78823529 0.52549020
v -0.03505885 -0.00817596 0.02222193 0.38039216 0.78823529 0.52549020
v -0.03554798 -0.00817596 0.02074375 0.38039216 0.78823529 0.52549020
v -0.03648039 -0.00887941 0.00231396 0.38039216 0.78823529 0.52549020
v -0.03622054 -0.00943211 0.00062558 0.38039216 0.78823529 0.52549020
v -0.03593317 -0.01068826 0.00062558 0.38039216 0.78823529 0.52549020
v -0.03655987 -0.00923831 0.00439562 0.38039216 0.78823529 0.52549020
v -0.03651402 -0.00903014 0.00314120 0.38039216 0.78823529 0.52549020
v -0.03579561 -0.01068826 -0.00062884 0.38039216 0.78823529 0.52549020
v -0.03562441 -0.01068826 -0.00188326 0.38039216 0.78823529 0.52549020
v -0.03539207 -0.01078876 -0.00322583 0.38039216 0.78823529 0.52549020
v -0.03554492 -0.00943211 -0.00439888 0.38039216 0.78823529 0.52549020
v -0.03529730 -0.01040832 -0.00439888 0.38039216 0.78823529 0.52549020
v -0.03523005 -0.01014991 -0.00515153 0.38039216 0.78823529 0.52549020
v -0.03512305 -0.01103999 -0.00439888 0.38039216 0.78823529 0.52549020
v -0.03507108 -0.00942493 -0.00695518 0.38039216 0.78823529 0.52549020
v -0.03479900 -0.00943211 -0.00816892 0.38039216 0.78823529 0.52549020
v -0.03414173 -0.01071698 -0.00943690 0.38039216 0.78823529 0.52549020
v -0.03389411 -0.01115124 -0.00986408 0.38039216 0.78823529 0.52549020
v -0.03379323 -0.01071698 -0.01072522 0.38039216 0.78823529 0.52549020
v -0.03297699 -0.01203414 -0.01202032 0.38039216 0.78823529 0.52549020
v -0.03281496 -0.01167524 -0.01294927 0.38039216 0.78823529 0.52549020
v -0.03175416 -0.01204132 -0.01581070 0.38039216 0.78823529 0.52549020
v -0.03141483 -0.01252583 -0.01629213 0.38039216 0.78823529 0.52549020
v -0.03093487 -0.01320415 -0.01697019 0.38039216 0.78823529 0.52549020
v -0.03046714 -0.01327234 -0.01828564 0.38039216 0.78823529 0.52549020
v -0.03029900 -0.01289550 -0.01916712 0.38039216 0.78823529 0.52549020
v -0.02957447 -0.01320415 -0.02074023 0.38039216 0.78823529 0.52549020
v -0.02911285 -0.01314673 -0.02195396 0.38039216 0.78823529 0.52549020
v -0.02879492 -0.01352716 -0.02234046 0.38039216 0.78823529 0.52549020
v -0.02794200 -0.01321492 -0.02453061 0.38039216 0.78823529 0.52549020
v -0.02775246 -0.01280219 -0.02531038 0.38039216 0.78823529 0.52549020
v -0.02733364 -0.01321492 -0.02575113 0.38039216 0.78823529 0.52549020
v -0.02665191 -0.01312878 -0.02700554 0.38039216 0.78823529 0.52549020
v -0.02644098 -0.01265863 -0.02771751 0.38039216 0.78823529 0.52549020
v -0.02578065 -0.01320057 -0.02828709 0.38039216 0.78823529 0.52549020
v -0.02509892 -0.01374250 -0.02885666 0.38039216 0.78823529 0.52549020
v -0.02408703 -0.01320415 -0.03039587 0.38039216 0.78823529 0.52549020
v -0.02373547 -0.01223871 -0.03127735 0.38039216 0.78823529 0.52549020
v -0.02477488 -0.01327593 -0.02954151 0.38039216 0.78823529 0.52549020
v -0.02265938 -0.01137017 -0.03271485 0.38039216 0.78823529 0.52549020
v -0.02105442 -0.01194800 -0.03371160 0.38039216 0.78823529 0.52549020
v -0.01997528 -0.01358459 -0.03385399 0.38039216 0.78823529 0.52549020
v -0.01907039 -0.01446030 -0.03406419 0.38039216 0.78823529 0.52549020
v -0.01823275 -0.01446030 -0.03446425 0.38039216 0.78823529 0.52549020
v -0.01577181 -0.01704797 -0.03427439 0.38039216 0.78823529 0.52549020
v -0.01707718 -0.01582413 -0.03435576 0.38039216 0.78823529 0.52549020
v -0.01439919 -0.01823235 -0.03415912 0.38039216 0.78823529 0.52549020
v -0.01446033 -0.01697619 -0.03466767 0.38039216 0.78823529 0.52549020
v -0.01320387 -0.01823235 -0.03445069 0.38039216 0.78823529 0.52549020
v -0.00687574 -0.02187877 -0.03414556 0.38039216 0.78823529 0.52549020
v -0.01068791 -0.01948850 -0.03445069 0.38039216 0.78823529 0.52549020
v -0.00943145 -0.01948850 -0.03470835 0.38039216 0.78823529 0.52549020
v -0.00817500 -0.02074465 -0.03443035 0.38039216 0.78823529 0.52549020
v -0.00687574 -0.01948850 0.03349814 0.38039216 0.78823529 0.52549020
v -0.02210911 -0.00073596 0.03266412 0.38039216 0.78823529 0.52549020
v -0.01446033 -0.01697619 0.03345745 0.38039216 0.78823529 0.52549020
v -0.01697629 -0.01572004 0.03337609 0.38039216 0.78823529 0.52549020
v -0.02365905 -0.01320415 0.03263021 0.38039216 0.78823529 0.52549020
v -0.02577454 -0.01068826 0.03217591 0.38039216 0.78823529 0.52549020
v -0.02691482 -0.01068826 0.03168092 0.38039216 0.78823529 0.52549020
v -0.02281224 -0.01446030 0.03273871 0.38039216 0.78823529 0.52549020
v -0.02829050 -0.01068826 0.03086725 0.38039216 0.78823529 0.52549020
v -0.02764852 -0.01000635 0.03142326 0.38039216 0.78823529 0.52549020
v -0.02200517 -0.01194800 0.03297603 0.38039216 0.78823529 0.52549020
v -0.02325857 -0.01068826 0.03281329 0.38039216 0.78823529 0.52549020
v -0.02395252 -0.01068826 0.03270480 0.38039216 0.78823529 0.52549020
v -0.02388833 -0.01131993 0.03269124 0.38039216 0.78823529 0.52549020
v -0.02379967 -0.01215975 0.03267090 0.38039216 0.78823529 0.52549020
v -0.02302929 -0.01320415 0.03277261 0.38039216 0.78823529 0.52549020
v -0.02263187 -0.00125637 0.03269124 0.38039216 0.78823529 0.52549020
v -0.02313629 -0.00073596 0.03265056 0.38039216 0.78823529 0.52549020
v -0.02335945 -0.00073596 0.03263700 0.38039216 0.78823529 0.52549020
v -0.02385164 -0.00384404 0.03268446 0.38039216 0.78823529 0.52549020
v -0.02396170 -0.00468386 0.03269802 0.38039216 0.78823529 0.52549020
v -0.02407786 -0.00566007 0.03271158 0.38039216 0.78823529 0.52549020
v -0.02410232 -0.00691622 0.03271836 0.38039216 0.78823529 0.52549020
v -0.03290973 -0.00817596 0.02674462 0.38039216 0.78823529 0.52549020
v -0.03367400 -0.00691622 0.02592416 0.38039216 0.78823529 0.52549020
v -0.03402862 -0.00691622 0.02530034 0.38039216 0.78823529 0.52549020
v -0.03395831 -0.00758737 0.02515795 0.38039216 0.78823529 0.52549020
v -0.03386048 -0.00842719 0.02496809 0.38039216 0.78823529 0.52549020
v -0.03415090 -0.00807547 0.02453413 0.38039216 0.78823529 0.52549020
v -0.02971815 -0.01068826 0.02976878 0.38039216 0.78823529 0.52549020
v -0.03055885 -0.00943211 0.02928736 0.38039216 0.78823529 0.52549020
v -0.03186116 -0.00817596 0.02816177 0.38039216 0.78823529 0.52549020
v -0.03131700 -0.00817596 0.02879237 0.38039216 0.78823529 0.52549020
v -0.03261625 -0.00691622 0.02755151 0.38039216 0.78823529 0.52549020
v -0.03304425 -0.00691622 0.02692769 0.38039216 0.78823529 0.52549020
v -0.02908840 -0.01068826 0.03030445 0.38039216 0.78823529 0.52549020
v -0.02986489 -0.00943211 0.02991796 0.38039216 0.78823529 0.52549020
v -0.03643147 -0.00612664 0.01868243 0.38039216 0.78823529 0.52549020
v -0.03650179 -0.00648195 0.01784163 0.38039216 0.78823529 0.52549020
v -0.03654764 -0.00690904 0.01689234 0.38039216 0.78823529 0.52549020
v -0.03580172 -0.00691622 0.02074375 0.38039216 0.78823529 0.52549020
v -0.03611354 -0.00691622 0.01948255 0.38039216 0.78823529 0.52549020
v -0.03677081 -0.00566007 0.01697371 0.38039216 0.78823529 0.52549020
v -0.03667910 -0.00691622 0.01571251 0.38039216 0.78823529 0.52549020
v -0.03651402 -0.00779912 0.01571251 0.38039216 0.78823529 0.52549020
v -0.03713766 -0.00566007 0.01319689 0.38039216 0.78823529 0.52549020
v -0.03680749 -0.00691622 0.01445809 0.38039216 0.78823529 0.52549020
v -0.03746171 -0.00440392 0.01194247 0.38039216 0.78823529 0.52549020
v -0.03754119 -0.00440392 0.01068127 0.38039216 0.78823529 0.52549020
v -0.03771544 -0.00375072 0.00942685 0.38039216 0.78823529 0.52549020
v -0.03759622 -0.00440392 0.00817243 0.38039216 0.78823529 0.52549020
v -0.03734860 -0.00566007 0.00817243 0.38039216 0.78823529 0.52549020
v -0.03684724 -0.00817596 0.00817243 0.38039216 0.78823529 0.52549020
v -0.03684112 -0.00817596 0.00691123 0.38039216 0.78823529 0.52549020
v -0.03683195 -0.00817596 0.00565682 0.38039216 0.78823529 0.52549020
v -0.03497937 -0.00688033 0.02317800 0.38039216 0.78823529 0.52549020
v -0.03515668 -0.00727153 0.02249315 0.38039216 0.78823529 0.52549020
v -0.03441381 -0.00691622 0.02451379 0.38039216 0.78823529 0.52549020
v -0.03589955 -0.00440392 0.02199817 0.38039216 0.78823529 0.52549020
v -0.03683807 -0.00691622 0.00188000 0.38039216 0.78823529 0.52549020
v -0.03673412 -0.00691622 0.00062558 0.38039216 0.78823529 0.52549020
v -0.03653542 -0.00789961 0.00062558 0.38039216 0.78823529 0.52549020
v -0.03640702 -0.00852768 0.00062558 0.38039216 0.78823529 0.52549020
v -0.03718963 -0.00566007 0.00314120 0.38039216 0.78823529 0.52549020
v -0.03649262 -0.00769504 -0.00033049 0.38039216 0.78823529 0.52549020
v -0.03636422 -0.00814007 -0.00070343 0.38039216 0.78823529 0.52549020
v -0.03609520 -0.00943211 -0.00062884 0.38039216 0.78823529 0.52549020
v -0.03676775 -0.00817596 0.00439562 0.38039216 0.78823529 0.52549020
v -0.03593317 -0.00943211 -0.00188326 0.38039216 0.78823529 0.52549020
v -0.03574364 -0.00943211 -0.00313768 0.38039216 0.78823529 0.52549020
v -0.03583841 -0.00817596 -0.00439888 0.38039216 0.78823529 0.52549020
v -0.03562135 -0.00817596 -0.00565330 0.38039216 0.78823529 0.52549020
v -0.03533399 -0.00942493 -0.00560583 0.38039216 0.78823529 0.52549020
v -0.03525756 -0.00900502 -0.00656190 0.38039216 0.78823529 0.52549020
v -0.03517808 -0.00866048 -0.00740270 0.38039216 0.78823529 0.52549020
v -0.03449635 -0.00943211 -0.00943012 0.38039216 0.78823529 0.52549020
v -0.03402862 -0.01031501 -0.01033194 0.38039216 0.78823529 0.52549020
v -0.03390634 -0.00991663 -0.01117274 0.38039216 0.78823529 0.52549020
v -0.03344166 -0.01068826 -0.01193895 0.38039216 0.78823529 0.52549020
v -0.03298616 -0.01078876 -0.01330186 0.38039216 0.78823529 0.52549020
v -0.03281496 -0.01043703 -0.01421047 0.38039216 0.78823529 0.52549020
v -0.03259180 -0.01078876 -0.01456306 0.38039216 0.78823529 0.52549020
v -0.03225246 -0.01068826 -0.01571577 0.38039216 0.78823529 0.52549020
v -0.03142705 -0.01130198 -0.01758045 0.38039216 0.78823529 0.52549020
v -0.03132617 -0.01204132 -0.01708546 0.38039216 0.78823529 0.52549020
v -0.03097155 -0.01194800 -0.01823139 0.38039216 0.78823529 0.52549020
v -0.03047019 -0.01199825 -0.01954683 0.38039216 0.78823529 0.52549020
v -0.03000552 -0.01199825 -0.02079447 0.38039216 0.78823529 0.52549020
v -0.02953779 -0.01194800 -0.02200143 0.38039216 0.78823529 0.52549020
v -0.02896306 -0.01269093 -0.02272696 0.38039216 0.78823529 0.52549020
v -0.02786251 -0.01183674 -0.02575113 0.38039216 0.78823529 0.52549020
v -0.02751706 -0.01218129 -0.02615118 0.38039216 0.78823529 0.52549020
v -0.02893249 -0.01135941 -0.02392035 0.38039216 0.78823529 0.52549020
v -0.02721136 -0.01183674 -0.02691062 0.38039216 0.78823529 0.52549020
v -0.02657854 -0.01194800 -0.02792771 0.38039216 0.78823529 0.52549020
v -0.02615056 -0.01194800 -0.02855831 0.38039216 0.78823529 0.52549020
v -0.02531292 -0.01290268 -0.02911432 0.38039216 0.78823529 0.52549020
v -0.02429492 -0.01186905 -0.03083661 0.38039216 0.78823529 0.52549020
v -0.02499804 -0.01194800 -0.02999581 0.38039216 0.78823529 0.52549020
v -0.02392195 -0.01139889 -0.03146721 0.38039216 0.78823529 0.52549020
v -0.02278472 -0.01068826 -0.03283012 0.38039216 0.78823529 0.52549020
v -0.02192874 -0.01068109 -0.03351496 0.38039216 0.78823529 0.52549020
v -0.02127453 -0.01109741 -0.03387433 0.38039216 0.78823529 0.52549020
v -0.02341448 -0.01068826 -0.03221986 0.38039216 0.78823529 0.52549020
v -0.02021067 -0.01274476 -0.03400317 0.38039216 0.78823529 0.52549020
v -0.01952895 -0.01318262 -0.03424049 0.38039216 0.78823529 0.52549020
v -0.01948921 -0.01194800 -0.03462021 0.38039216 0.78823529 0.52549020
v -0.01812881 -0.01311084 -0.03490499 0.38039216 0.78823529 0.52549020
v -0.01727894 -0.01346974 -0.03511519 0.38039216 0.78823529 0.52549020
v -0.01690598 -0.01438852 -0.03496602 0.38039216 0.78823529 0.52549020
v -0.01571984 -0.01572004 -0.03482363 0.38039216 0.78823529 0.52549020
v -0.01571984 -0.01478690 -0.03512197 0.38039216 0.78823529 0.52549020
v -0.01449090 -0.01566262 -0.03507451 0.38039216 0.78823529 0.52549020
v -0.01320387 -0.01697619 -0.03489821 0.38039216 0.78823529 0.52549020
v -0.01194742 -0.01823235 -0.03468801 0.38039216 0.78823529 0.52549020
v -0.00691854 -0.02183212 -0.03415912 0.38039216 0.78823529 0.52549020
v -0.00687574 -0.02079130 -0.03462021 0.38039216 0.78823529 0.52549020
v -0.00808634 -0.01937724 -0.03497280 0.38039216 0.78823529 0.52549020
v -0.00691854 -0.02074465 -0.03463377 0.38039216 0.78823529 0.52549020
v -0.00687574 -0.01823235 0.03334896 0.38039216 0.78823529 0.52549020
v -0.02074872 -0.00073596 0.03260309 0.38039216 0.78823529 0.52549020
v -0.02083737 -0.00073596 0.03260987 0.38039216 0.78823529 0.52549020
v -0.02190429 -0.00073596 0.03265734 0.38039216 0.78823529 0.52549020
v -0.02212745 -0.00073596 0.03266412 0.38039216 0.78823529 0.52549020
v -0.02262881 -0.00125637 0.03269124 0.38039216 0.78823529 0.52549020
v -0.02458228 -0.01068826 0.03255563 0.38039216 0.78823529 0.52549020
v -0.02577454 -0.00943211 0.03227762 0.38039216 0.78823529 0.52549020
v -0.02703099 -0.00817596 0.03187756 0.38039216 0.78823529 0.52549020
v -0.02715022 -0.00952543 0.03170805 0.38039216 0.78823529 0.52549020
v -0.02923514 -0.00943211 0.03041294 0.38039216 0.78823529 0.52549020
v -0.02773412 -0.00917012 0.03147072 0.38039216 0.78823529 0.52549020
v -0.02845253 -0.00817596 0.03113169 0.38039216 0.78823529 0.52549020
v -0.02820796 -0.00952543 0.03111135 0.38039216 0.78823529 0.52549020
v -0.02472902 -0.00691622 0.03263021 0.38039216 0.78823529 0.52549020
v -0.02401367 -0.00943211 0.03271158 0.38039216 0.78823529 0.52549020
v -0.02464342 -0.00943211 0.03258953 0.38039216 0.78823529 0.52549020
v -0.02451808 -0.00073596 0.03254207 0.38039216 0.78823529 0.52549020
v -0.02470456 -0.00566007 0.03263021 0.38039216 0.78823529 0.52549020
v -0.03377794 -0.00566007 0.02611402 0.38039216 0.78823529 0.52549020
v -0.03414173 -0.00566007 0.02548342 0.38039216 0.78823529 0.52549020
v -0.03463392 -0.00566007 0.02451379 0.38039216 0.78823529 0.52549020
v -0.03069030 -0.00817596 0.02940263 0.38039216 0.78823529 0.52549020
v -0.03139648 -0.00735767 0.02888052 0.38039216 0.78823529 0.52549020
v -0.02999940 -0.00817596 0.03003323 0.38039216 0.78823529 0.52549020
v -0.03190396 -0.00693058 0.02839231 0.38039216 0.78823529 0.52549020
v -0.03267740 -0.00621637 0.02764644 0.38039216 0.78823529 0.52549020
v -0.03308704 -0.00574262 0.02714468 0.38039216 0.78823529 0.52549020
v -0.03634588 -0.00568878 0.01948255 0.38039216 0.78823529 0.52549020
v -0.03650790 -0.00528682 0.01905537 0.38039216 0.78823529 0.52549020
v -0.03658433 -0.00568878 0.01824847 0.38039216 0.78823529 0.52549020
v -0.03641007 -0.00314418 0.02115059 0.38039216 0.78823529 0.52549020
v -0.03649262 -0.00393376 0.02026232 0.38039216 0.78823529 0.52549020
v -0.03680749 -0.00440392 0.01822813 0.38039216 0.78823529 0.52549020
v -0.03698481 -0.00440392 0.01697371 0.38039216 0.78823529 0.52549020
v -0.03691143 -0.00566007 0.01571251 0.38039216 0.78823529 0.52549020
v -0.03736999 -0.00440392 0.01319689 0.38039216 0.78823529 0.52549020
v -0.03703372 -0.00566007 0.01445809 0.38039216 0.78823529 0.52549020
v -0.03766042 -0.00313342 0.01206452 0.38039216 0.78823529 0.52549020
v -0.03768793 -0.00358204 0.01068127 0.38039216 0.78823529 0.52549020
v -0.03781021 -0.00312265 0.00942685 0.38039216 0.78823529 0.52549020
v -0.03781327 -0.00311547 0.00817243 0.38039216 0.78823529 0.52549020
v -0.03771544 -0.00374354 0.00817243 0.38039216 0.78823529 0.52549020
v -0.03757787 -0.00440392 0.00691123 0.38039216 0.78823529 0.52549020
v -0.03754425 -0.00440392 0.00565682 0.38039216 0.78823529 0.52549020
v -0.03750145 -0.00440392 0.00439562 0.38039216 0.78823529 0.52549020
v -0.03531565 -0.00566007 0.02289999 0.38039216 0.78823529 0.52549020
v -0.03506802 -0.00566007 0.02353059 0.38039216 0.78823529 0.52549020
v -0.03514751 -0.00468386 0.02375435 0.38039216 0.78823529 0.52549020
v -0.03540124 -0.00432137 0.02330683 0.38039216 0.78823529 0.52549020
v -0.03611660 -0.00314418 0.02199817 0.38039216 0.78823529 0.52549020
v -0.03708569 -0.00566007 0.00188000 0.38039216 0.78823529 0.52549020
v -0.03731802 -0.00440392 0.00188000 0.38039216 0.78823529 0.52549020
v -0.03645287 -0.00749405 -0.00115773 0.38039216 0.78823529 0.52549020
v -0.03743419 -0.00440392 0.00314120 0.38039216 0.78823529 0.52549020
v -0.03620831 -0.00817596 -0.00188326 0.38039216 0.78823529 0.52549020
v -0.03603100 -0.00817596 -0.00313768 0.38039216 0.78823529 0.52549020
v -0.03631531 -0.00681932 -0.00304953 0.38039216 0.78823529 0.52549020
v -0.03608603 -0.00691622 -0.00439888 0.38039216 0.78823529 0.52549020
v -0.03587509 -0.00691622 -0.00565330 0.38039216 0.78823529 0.52549020
v -0.03563052 -0.00691622 -0.00691450 0.38039216 0.78823529 0.52549020
v -0.03535844 -0.00821544 -0.00695518 0.38039216 0.78823529 0.52549020
v -0.03517196 -0.00738997 -0.00863678 0.38039216 0.78823529 0.52549020
v -0.03479900 -0.00817596 -0.00943012 0.38039216 0.78823529 0.52549020
v -0.03448106 -0.00817596 -0.01068454 0.38039216 0.78823529 0.52549020
v -0.03415396 -0.00947159 -0.01072522 0.38039216 0.78823529 0.52549020
v -0.03402251 -0.00907680 -0.01156602 0.38039216 0.78823529 0.52549020
v -0.03342943 -0.00943211 -0.01320015 0.38039216 0.78823529 0.52549020
v -0.03298005 -0.00953619 -0.01456306 0.38039216 0.78823529 0.52549020
v -0.03268045 -0.01002430 -0.01505127 0.38039216 0.78823529 0.52549020
v -0.03258874 -0.00953619 -0.01581748 0.38039216 0.78823529 0.52549020
v -0.03267740 -0.00875738 -0.01630569 0.38039216 0.78823529 0.52549020
v -0.03156462 -0.01046216 -0.01796017 0.38039216 0.78823529 0.52549020
v -0.03129866 -0.00952184 -0.01955362 0.38039216 0.78823529 0.52549020
v -0.03093792 -0.01068826 -0.01948581 0.38039216 0.78823529 0.52549020
v -0.03223412 -0.00943211 -0.01697019 0.38039216 0.78823529 0.52549020
v -0.03012780 -0.01116201 -0.02124200 0.38039216 0.78823529 0.52549020
v -0.02873684 -0.01068826 -0.02477471 0.38039216 0.78823529 0.52549020
v -0.02822630 -0.01068826 -0.02577147 0.38039216 0.78823529 0.52549020
v -0.02766992 -0.01134146 -0.02641563 0.38039216 0.78823529 0.52549020
v -0.03008194 -0.00976230 -0.02240149 0.38039216 0.78823529 0.52549020
v -0.02987101 -0.00937828 -0.02318126 0.38039216 0.78823529 0.52549020
v -0.02904254 -0.01068826 -0.02414411 0.38039216 0.78823529 0.52549020
v -0.02741924 -0.01068826 -0.02723609 0.38039216 0.78823529 0.52549020
v -0.02674363 -0.01065955 -0.02834133 0.38039216 0.78823529 0.52549020
v -0.02631869 -0.01105793 -0.02879563 0.38039216 0.78823529 0.52549020
v -0.02552080 -0.01194800 -0.02937199 0.38039216 0.78823529 0.52549020
v -0.02513255 -0.01128763 -0.03015854 0.38039216 0.78823529 0.52549020
v -0.02529763 -0.01044780 -0.03033484 0.38039216 0.78823529 0.52549020
v -0.02404118 -0.01068826 -0.03158926 0.38039216 0.78823529 0.52549020
v -0.02361319 -0.00943211 -0.03240972 0.38039216 0.78823529 0.52549020
v -0.02298343 -0.00943211 -0.03301319 0.38039216 0.78823529 0.52549020
v -0.02222528 -0.00943211 -0.03363701 0.38039216 0.78823529 0.52549020
v -0.02146101 -0.01025758 -0.03400317 0.38039216 0.78823529 0.52549020
v -0.02081291 -0.01068109 -0.03426761 0.38039216 0.78823529 0.52549020
v -0.02042772 -0.01194800 -0.03413200 0.38039216 0.78823529 0.52549020
v -0.02423683 -0.00943211 -0.03178590 0.38039216 0.78823529 0.52549020
v -0.01938832 -0.01062007 -0.03495924 0.38039216 0.78823529 0.52549020
v -0.01846203 -0.01194800 -0.03506095 0.38039216 0.78823529 0.52549020
v -0.01764273 -0.01263350 -0.03521690 0.38039216 0.78823529 0.52549020
v -0.01644131 -0.01392195 -0.03522368 0.38039216 0.78823529 0.52549020
v -0.01492806 -0.01501660 -0.03518978 0.38039216 0.78823529 0.52549020
v -0.00760638 -0.01889272 -0.03521012 0.38039216 0.78823529 0.52549020
v -0.00687574 -0.02074106 -0.03464055 0.38039216 0.78823529 0.52549020
v -0.00691854 -0.01964641 -0.03505417 0.38039216 0.78823529 0.52549020
v -0.00687574 -0.01697619 0.03307096 0.38039216 0.78823529 0.52549020
v -0.01582378 -0.00073596 0.03176229 0.38039216 0.78823529 0.52549020
v -0.01697629 -0.00073596 0.03204030 0.38039216 0.78823529 0.52549020
v -0.01708023 -0.00073596 0.03206064 0.38039216 0.78823529 0.52549020
v -0.01823275 -0.00073596 0.03227084 0.38039216 0.78823529 0.52549020
v -0.01948921 -0.00073596 0.03246748 0.38039216 0.78823529 0.52549020
v -0.02577454 -0.00691622 0.03239289 0.38039216 0.78823529 0.52549020
v -0.02577454 -0.00817596 0.03233865 0.38039216 0.78823529 0.52549020
v -0.02703099 -0.00691622 0.03195215 0.38039216 0.78823529 0.52549020
v -0.02782277 -0.00817596 0.03152497 0.38039216 0.78823529 0.52549020
v -0.02936965 -0.00817596 0.03050109 0.38039216 0.78823529 0.52549020
v -0.02853813 -0.00691622 0.03120628 0.38039216 0.78823529 0.52549020
v -0.02949193 -0.00691622 0.03058246 0.38039216 0.78823529 0.52549020
v -0.02577454 -0.00566007 0.03241324 0.38039216 0.78823529 0.52549020
v -0.02577454 -0.00073596 0.03235899 0.38039216 0.78823529 0.52549020
v -0.02577454 -0.00314418 0.03238611 0.38039216 0.78823529 0.52549020
v -0.03398276 -0.00274939 0.02645305 0.38039216 0.78823529 0.52549020
v -0.03423039 -0.00440392 0.02562581 0.38039216 0.78823529 0.52549020
v -0.03493963 -0.00314418 0.02462228 0.38039216 0.78823529 0.52549020
v -0.03489377 -0.00432137 0.02440529 0.38039216 0.78823529 0.52549020
v -0.03521782 -0.00384763 0.02391031 0.38039216 0.78823529 0.52549020
v -0.03147902 -0.00652143 0.02896189 0.38039216 0.78823529 0.52549020
v -0.03011863 -0.00691622 0.03012816 0.38039216 0.78823529 0.52549020
v -0.03274160 -0.00538013 0.02772781 0.38039216 0.78823529 0.52549020
v -0.03227080 -0.00574262 0.02820246 0.38039216 0.78823529 0.52549020
v -0.03335606 -0.00440392 0.02702940 0.38039216 0.78823529 0.52549020
v -0.03657821 -0.00437162 0.01948255 0.38039216 0.78823529 0.52549020
v -0.03645593 -0.00244433 0.02135400 0.38039216 0.78823529 0.52549020
v -0.03656293 -0.00314418 0.02051999 0.38039216 0.78823529 0.52549020
v -0.03677081 -0.00314418 0.01948255 0.38039216 0.78823529 0.52549020
v -0.03698786 -0.00314418 0.01822813 0.38039216 0.78823529 0.52549020
v -0.03716517 -0.00314418 0.01697371 0.38039216 0.78823529 0.52549020
v -0.03712237 -0.00440392 0.01571251 0.38039216 0.78823529 0.52549020
v -0.03724771 -0.00440392 0.01445809 0.38039216 0.78823529 0.52549020
v -0.03771850 -0.00251611 0.01257307 0.38039216 0.78823529 0.52549020
v -0.03774907 -0.00270632 0.01173227 0.38039216 0.78823529 0.52549020
v -0.03778270 -0.00295396 0.01068127 0.38039216 0.78823529 0.52549020
v -0.03797530 -0.00188803 0.00942685 0.38039216 0.78823529 0.52549020
v -0.03797835 -0.00188803 0.00817243 0.38039216 0.78823529 0.52549020
v -0.03793861 -0.00188803 0.00565682 0.38039216 0.78823529 0.52549020
v -0.03778881 -0.00295396 0.00565682 0.38039216 0.78823529 0.52549020
v -0.03770322 -0.00367177 0.00691123 0.38039216 0.78823529 0.52549020
v -0.03768793 -0.00358204 0.00565682 0.38039216 0.78823529 0.52549020
v -0.03766653 -0.00343848 0.00439562 0.38039216 0.78823529 0.52549020
v -0.03559384 -0.00314418 0.02325937 0.38039216 0.78823529 0.52549020
v -0.03627862 -0.00197058 0.02191680 0.38039216 0.78823529 0.52549020
v -0.03753813 -0.00314418 0.00188000 0.38039216 0.78823529 0.52549020
v -0.03667298 -0.00566007 -0.00188326 0.38039216 0.78823529 0.52549020
v -0.03651402 -0.00660039 -0.00188326 0.38039216 0.78823529 0.52549020
v -0.03647122 -0.00633480 -0.00257489 0.38039216 0.78823529 0.52549020
v -0.03640396 -0.00722847 -0.00188326 0.38039216 0.78823529 0.52549020
v -0.03718351 -0.00440392 0.00062558 0.38039216 0.78823529 0.52549020
v -0.03739751 -0.00314418 0.00062558 0.38039216 0.78823529 0.52549020
v -0.03764513 -0.00309752 0.00307339 0.38039216 0.78823529 0.52549020
v -0.03641007 -0.00598667 -0.00340890 0.38039216 0.78823529 0.52549020
v -0.03648344 -0.00515043 -0.00389033 0.38039216 0.78823529 0.52549020
v -0.03609826 -0.00566007 -0.00565330 0.38039216 0.78823529 0.52549020
v -0.03586286 -0.00566007 -0.00691450 0.38039216 0.78823529 0.52549020
v -0.03559995 -0.00566007 -0.00816892 0.38039216 0.78823529 0.52549020
v -0.03525756 -0.00655373 -0.00900972 0.38039216 0.78823529 0.52549020
v -0.03506802 -0.00694852 -0.00943012 0.38039216 0.78823529 0.52549020
v -0.03475315 -0.00691622 -0.01068454 0.38039216 0.78823529 0.52549020
v -0.03442298 -0.00691622 -0.01193895 0.38039216 0.78823529 0.52549020
v -0.03412950 -0.00818314 -0.01196608 0.38039216 0.78823529 0.52549020
v -0.03400416 -0.00776682 -0.01275941 0.38039216 0.78823529 0.52549020
v -0.03389716 -0.00860664 -0.01240004 0.38039216 0.78823529 0.52549020
v -0.03338969 -0.00817596 -0.01445457 0.38039216 0.78823529 0.52549020
v -0.03294948 -0.00827287 -0.01581748 0.38039216 0.78823529 0.52549020
v -0.03264988 -0.00738997 -0.01747874 0.38039216 0.78823529 0.52549020
v -0.03256428 -0.00827287 -0.01702444 0.38039216 0.78823529 0.52549020
v -0.03217604 -0.00817596 -0.01823139 0.38039216 0.78823529 0.52549020
v -0.03154934 -0.00915935 -0.01917390 0.38039216 0.78823529 0.52549020
v -0.03173888 -0.00952184 -0.01831954 0.38039216 0.78823529 0.52549020
v -0.03139648 -0.00867124 -0.02001470 0.38039216 0.78823529 0.52549020
v -0.03021340 -0.00892247 -0.02271340 0.38039216 0.78823529 0.52549020
v -0.02886523 -0.00987715 -0.02503916 0.38039216 0.78823529 0.52549020
v -0.02863595 -0.00944647 -0.02572400 0.38039216 0.78823529 0.52549020
v -0.02777997 -0.01068826 -0.02660549 0.38039216 0.78823529 0.52549020
v -0.03032345 -0.00817596 -0.02295072 0.38039216 0.78823529 0.52549020
v -0.02921068 -0.00944647 -0.02457807 0.38039216 0.78823529 0.52549020
v -0.02792977 -0.00936392 -0.02705979 0.38039216 0.78823529 0.52549020
v -0.02756292 -0.00973359 -0.02750053 0.38039216 0.78823529 0.52549020
v -0.02645321 -0.01021810 -0.02898549 0.38039216 0.78823529 0.52549020
v -0.02768826 -0.00889735 -0.02770395 0.38039216 0.78823529 0.52549020
v -0.02580816 -0.01075287 -0.02957541 0.38039216 0.78823529 0.52549020
v -0.02545354 -0.00943211 -0.03051114 0.38039216 0.78823529 0.52549020
v -0.02486659 -0.00943211 -0.03114174 0.38039216 0.78823529 0.52549020
v -0.02608024 -0.00943211 -0.02976527 0.38039216 0.78823529 0.52549020
v -0.02388833 -0.00754789 -0.03268772 0.38039216 0.78823529 0.52549020
v -0.02331054 -0.00805035 -0.03305388 0.38039216 0.78823529 0.52549020
v -0.02239036 -0.00817596 -0.03377263 0.38039216 0.78823529 0.52549020
v -0.02159552 -0.00943211 -0.03409132 0.38039216 0.78823529 0.52549020
v -0.02074872 -0.00943211 -0.03456596 0.38039216 0.78823529 0.52549020
v -0.02431020 -0.00805035 -0.03211137 0.38039216 0.78823529 0.52549020
v -0.01963594 -0.00943211 -0.03504739 0.38039216 0.78823529 0.52549020
v -0.01890225 -0.01015350 -0.03521690 0.38039216 0.78823529 0.52549020
v -0.01871271 -0.01099333 -0.03515588 0.38039216 0.78823529 0.52549020
v -0.01783533 -0.01194800 -0.03527115 0.38039216 0.78823529 0.52549020
v -0.01697629 -0.01194800 -0.03544066 0.38039216 0.78823529 0.52549020
v -0.01690598 -0.01311084 -0.03527793 0.38039216 0.78823529 0.52549020
v -0.01571984 -0.01320415 -0.03542710 0.38039216 0.78823529 0.52549020
v -0.01571984 -0.01415883 -0.03527115 0.38039216 0.78823529 0.52549020
v -0.00691854 -0.01902193 -0.03525081 0.38039216 0.78823529 0.52549020
v -0.00687574 -0.01967512 -0.03504739 0.38039216 0.78823529 0.52549020
v -0.00687574 -0.01905423 -0.03524403 0.38039216 0.78823529 0.52549020
v -0.00687574 -0.01601793 0.03279295 0.38039216 0.78823529 0.52549020
v -0.01127792 -0.00073596 0.03022309 0.38039216 0.78823529 0.52549020
v -0.01193519 -0.00073596 0.03048753 0.38039216 0.78823529 0.52549020
v -0.01329253 -0.00073596 0.03098930 0.38039216 0.78823529 0.52549020
v -0.01428913 -0.00073596 0.03132155 0.38039216 0.78823529 0.52549020
v -0.01486692 -0.00073596 0.03149785 0.38039216 0.78823529 0.52549020
v -0.01493417 -0.00073596 0.03151819 0.38039216 0.78823529 0.52549020
v -0.01571984 -0.00073596 0.03173517 0.38039216 0.78823529 0.52549020
v -0.02703099 -0.00440392 0.03204030 0.38039216 0.78823529 0.52549020
v -0.02703099 -0.00566007 0.03199962 0.38039216 0.78823529 0.52549020
v -0.02807651 -0.00440392 0.03162668 0.38039216 0.78823529 0.52549020
v -0.02790837 -0.00691622 0.03155887 0.38039216 0.78823529 0.52549020
v -0.02870321 -0.00440392 0.03132155 0.38039216 0.78823529 0.52549020
v -0.02862067 -0.00566007 0.03126730 0.38039216 0.78823529 0.52549020
v -0.02954696 -0.00440392 0.03079266 0.38039216 0.78823529 0.52549020
v -0.02966924 -0.00577133 0.03057568 0.38039216 0.78823529 0.52549020
v -0.03023785 -0.00542679 0.03022309 0.38039216 0.78823529 0.52549020
v -0.02703099 -0.00073596 0.03206742 0.38039216 0.78823529 0.52549020
v -0.02703099 -0.00314418 0.03206064 0.38039216 0.78823529 0.52549020
v -0.03359451 -0.00315854 0.02693448 0.38039216 0.78823529 0.52549020
v -0.03359146 -0.00188803 0.02715145 0.38039216 0.78823529 0.52549020
v -0.03402251 -0.00188803 0.02652086 0.38039216 0.78823529 0.52549020
v -0.03444744 -0.00188803 0.02577498 0.38039216 0.78823529 0.52549020
v -0.03425790 -0.00315854 0.02586991 0.38039216 0.78823529 0.52549020
v -0.03500077 -0.00188803 0.02475111 0.38039216 0.78823529 0.52549020
v -0.03525756 -0.00314418 0.02399846 0.38039216 0.78823529 0.52549020
v -0.03071476 -0.00577133 0.02976200 0.38039216 0.78823529 0.52549020
v -0.03154628 -0.00566007 0.02902969 0.38039216 0.78823529 0.52549020
v -0.03281496 -0.00440392 0.02781596 0.38039216 0.78823529 0.52549020
v -0.03631225 -0.00073596 0.02209988 0.38039216 0.78823529 0.52549020
v -0.03652319 -0.00073596 0.02153708 0.38039216 0.78823529 0.52549020
v -0.03653542 -0.00073596 0.02149640 0.38039216 0.78823529 0.52549020
v -0.03675858 -0.00073596 0.02075053 0.38039216 0.78823529 0.52549020
v -0.03662407 -0.00197058 0.02085902 0.38039216 0.78823529 0.52549020
v -0.03694506 -0.00188803 0.01948255 0.38039216 0.78823529 0.52549020
v -0.03716517 -0.00188803 0.01822813 0.38039216 0.78823529 0.52549020
v -0.03733331 -0.00188803 0.01697371 0.38039216 0.78823529 0.52549020
v -0.03730274 -0.00314418 0.01571251 0.38039216 0.78823529 0.52549020
v -0.03781633 -0.00201365 0.01206452 0.38039216 0.78823529 0.52549020
v -0.03747699 -0.00073596 0.01697371 0.38039216 0.78823529 0.52549020
v -0.03792027 -0.00188803 0.01068127 0.38039216 0.78823529 0.52549020
v -0.03810675 -0.00073596 0.00817243 0.38039216 0.78823529 0.52549020
v -0.03809452 -0.00073596 0.00942685 0.38039216 0.78823529 0.52549020
v -0.03808535 -0.00073596 0.00680952 0.38039216 0.78823529 0.52549020
v -0.03806395 -0.00073596 0.00565682 0.38039216 0.78823529 0.52549020
v -0.03806089 -0.00073596 0.00554833 0.38039216 0.78823529 0.52549020
v -0.03788664 -0.00188803 0.00439562 0.38039216 0.78823529 0.52549020
v -0.03776436 -0.00281040 0.00439562 0.38039216 0.78823529 0.52549020
v -0.03773990 -0.00264531 0.00345311 0.38039216 0.78823529 0.52549020
v -0.03572835 -0.00188803 0.02325937 0.38039216 0.78823529 0.52549020
v -0.03771239 -0.00245509 0.00261231 0.38039216 0.78823529 0.52549020
v -0.03768487 -0.00197417 0.00176473 0.38039216 0.78823529 0.52549020
v -0.03652930 -0.00560624 -0.00304953 0.38039216 0.78823529 0.52549020
v -0.03755953 -0.00188803 0.00062558 0.38039216 0.78823529 0.52549020
v -0.03722937 -0.00314418 -0.00062884 0.38039216 0.78823529 0.52549020
v -0.03670050 -0.00440392 -0.00313768 0.38039216 0.78823529 0.52549020
v -0.03652930 -0.00433573 -0.00434463 0.38039216 0.78823529 0.52549020
v -0.03647733 -0.00387275 -0.00510407 0.38039216 0.78823529 0.52549020
v -0.03641007 -0.00471258 -0.00473113 0.38039216 0.78823529 0.52549020
v -0.03605851 -0.00440392 -0.00691450 0.38039216 0.78823529 0.52549020
v -0.03631836 -0.00433573 -0.00557871 0.38039216 0.78823529 0.52549020
v -0.03580783 -0.00440392 -0.00816892 0.38039216 0.78823529 0.52549020
v -0.03533093 -0.00562418 -0.00943012 0.38039216 0.78823529 0.52549020
v -0.03523311 -0.00518274 -0.01017599 0.38039216 0.78823529 0.52549020
v -0.03515056 -0.00601897 -0.00985052 0.38039216 0.78823529 0.52549020
v -0.03503134 -0.00562418 -0.01063029 0.38039216 0.78823529 0.52549020
v -0.03467672 -0.00566007 -0.01193895 0.38039216 0.78823529 0.52549020
v -0.03432516 -0.00566007 -0.01320015 0.38039216 0.78823529 0.52549020
v -0.03408059 -0.00685162 -0.01318659 0.38039216 0.78823529 0.52549020
v -0.03372903 -0.00685162 -0.01437999 0.38039216 0.78823529 0.52549020
v -0.03331021 -0.00691622 -0.01571577 0.38039216 0.78823529 0.52549020
v -0.03275382 -0.00655014 -0.01778387 0.38039216 0.78823529 0.52549020
v -0.03250620 -0.00694852 -0.01821105 0.38039216 0.78823529 0.52549020
v -0.03289750 -0.00694852 -0.01702444 0.38039216 0.78823529 0.52549020
v -0.03169302 -0.00822262 -0.01955362 0.38039216 0.78823529 0.52549020
v -0.03151265 -0.00783142 -0.02031305 0.38039216 0.78823529 0.52549020
v -0.03072393 -0.00817596 -0.02200143 0.38039216 0.78823529 0.52549020
v -0.02898446 -0.00903732 -0.02527648 0.38039216 0.78823529 0.52549020
v -0.02877964 -0.00817596 -0.02613762 0.38039216 0.78823529 0.52549020
v -0.03046714 -0.00694852 -0.02333721 0.38039216 0.78823529 0.52549020
v -0.03013697 -0.00738997 -0.02380508 0.38039216 0.78823529 0.52549020
v -0.03003609 -0.00817596 -0.02357454 0.38039216 0.78823529 0.52549020
v -0.03112746 -0.00682291 -0.02189294 0.38039216 0.78823529 0.52549020
v -0.02958976 -0.00817596 -0.02451705 0.38039216 0.78823529 0.52549020
v -0.02888357 -0.00738638 -0.02633426 0.38039216 0.78823529 0.52549020
v -0.02656937 -0.00943211 -0.02913467 0.38039216 0.78823529 0.52549020
v -0.02723276 -0.00936392 -0.02818538 0.38039216 0.78823529 0.52549020
v -0.02859315 -0.00694494 -0.02695808 0.38039216 0.78823529 0.52549020
v -0.02777386 -0.00817596 -0.02782600 0.38039216 0.78823529 0.52549020
v -0.02734893 -0.00817596 -0.02845660 0.38039216 0.78823529 0.52549020
v -0.02525789 -0.00666140 -0.03154179 0.38039216 0.78823529 0.52549020
v -0.02623004 -0.00817596 -0.02996190 0.38039216 0.78823529 0.52549020
v -0.02395558 -0.00691622 -0.03274875 0.38039216 0.78823529 0.52549020
v -0.02325857 -0.00691622 -0.03329798 0.38039216 0.78823529 0.52549020
v -0.02251570 -0.00691622 -0.03387433 0.38039216 0.78823529 0.52549020
v -0.02176061 -0.00817596 -0.03417946 0.38039216 0.78823529 0.52549020
v -0.02074872 -0.00817596 -0.03471514 0.38039216 0.78823529 0.52549020
v -0.01974294 -0.00817596 -0.03510841 0.38039216 0.78823529 0.52549020
v -0.01900619 -0.00943211 -0.03524403 0.38039216 0.78823529 0.52549020
v -0.01826943 -0.01062007 -0.03531861 0.38039216 0.78823529 0.52549020
v -0.01697629 -0.01068826 -0.03554916 0.38039216 0.78823529 0.52549020
v -0.01571984 -0.01194800 -0.03558306 0.38039216 0.78823529 0.52549020
v -0.00691854 -0.01823235 -0.03535252 0.38039216 0.78823529 0.52549020
v -0.00687574 -0.01903269 -0.03525081 0.38039216 0.78823529 0.52549020
v -0.00687574 -0.00073596 0.02827704 0.38039216 0.78823529 0.52549020
v -0.00954762 -0.00073596 0.02946365 0.38039216 0.78823529 0.52549020
v -0.01069402 -0.00073596 0.02997220 0.38039216 0.78823529 0.52549020
v -0.02812848 -0.00314418 0.03164702 0.38039216 0.78823529 0.52549020
v -0.02875824 -0.00314418 0.03134867 0.38039216 0.78823529 0.52549020
v -0.02954696 -0.00188803 0.03093505 0.38039216 0.78823529 0.52549020
v -0.02954696 -0.00314418 0.03087403 0.38039216 0.78823529 0.52549020
v -0.03037848 -0.00314418 0.03032480 0.38039216 0.78823529 0.52549020
v -0.03030511 -0.00440392 0.03027055 0.38039216 0.78823529 0.52549020
v -0.03100518 -0.00314418 0.02981625 0.38039216 0.78823529 0.52549020
v -0.03093181 -0.00440392 0.02973488 0.38039216 0.78823529 0.52549020
v -0.02712576 -0.00073596 0.03203352 0.38039216 0.78823529 0.52549020
v -0.02816516 -0.00073596 0.03165380 0.38039216 0.78823529 0.52549020
v -0.02816516 -0.00188803 0.03164702 0.38039216 0.78823529 0.52549020
v -0.03289750 -0.00314418 0.02791089 0.38039216 0.78823529 0.52549020
v -0.03296476 -0.00188803 0.02798547 0.38039216 0.78823529 0.52549020
v -0.03362814 -0.00073596 0.02719892 0.38039216 0.78823529 0.52549020
v -0.03405613 -0.00073596 0.02656832 0.38039216 0.78823529 0.52549020
v -0.03452998 -0.00073596 0.02577498 0.38039216 0.78823529 0.52549020
v -0.03504968 -0.00073596 0.02484604 0.38039216 0.78823529 0.52549020
v -0.03537373 -0.00073596 0.02421544 0.38039216 0.78823529 0.52549020
v -0.03532176 -0.00188803 0.02412051 0.38039216 0.78823529 0.52549020
v -0.03171136 -0.00314418 0.02918565 0.38039216 0.78823529 0.52549020
v -0.03234112 -0.00314418 0.02854149 0.38039216 0.78823529 0.52549020
v -0.03225552 -0.00440392 0.02843978 0.38039216 0.78823529 0.52549020
v -0.03582617 -0.00073596 0.02325937 0.38039216 0.78823529 0.52549020
v -0.03707346 -0.00073596 0.01948255 0.38039216 0.78823529 0.52549020
v -0.03731191 -0.00073596 0.01822813 0.38039216 0.78823529 0.52549020
v -0.03761456 -0.00073596 0.01544128 0.38039216 0.78823529 0.52549020
v -0.03780410 -0.00073596 0.01325792 0.38039216 0.78823529 0.52549020
v -0.03791721 -0.00073596 0.01194925 0.38039216 0.78823529 0.52549020
v -0.03792638 -0.00073596 0.01184076 0.38039216 0.78823529 0.52549020
v -0.03801504 -0.00073596 0.01068127 0.38039216 0.78823529 0.52549020
v -0.03800587 -0.00073596 0.00439562 0.38039216 0.78823529 0.52549020
v -0.03799975 -0.00073596 0.00429391 0.38039216 0.78823529 0.52549020
v -0.03779798 -0.00197417 0.00307339 0.38039216 0.78823529 0.52549020
v -0.03540736 -0.00073596 0.02414763 0.38039216 0.78823529 0.52549020
v -0.03775518 -0.00161527 0.00210376 0.38039216 0.78823529 0.52549020
v -0.03771850 -0.00124560 0.00126974 0.38039216 0.78823529 0.52549020
v -0.03738834 -0.00188803 -0.00062884 0.38039216 0.78823529 0.52549020
v -0.03668521 -0.00314418 -0.00439888 0.38039216 0.78823529 0.52549020
v -0.03652624 -0.00314418 -0.00537529 0.38039216 0.78823529 0.52549020
v -0.03645593 -0.00246586 -0.00624999 0.38039216 0.78823529 0.52549020
v -0.03623888 -0.00314418 -0.00691450 0.38039216 0.78823529 0.52549020
v -0.03598820 -0.00314418 -0.00816892 0.38039216 0.78823529 0.52549020
v -0.03553270 -0.00440392 -0.00943012 0.38039216 0.78823529 0.52549020
v -0.03529425 -0.00440392 -0.01042687 0.38039216 0.78823529 0.52549020
v -0.03514139 -0.00440392 -0.01105747 0.38039216 0.78823529 0.52549020
v -0.03455444 -0.00440392 -0.01320015 0.38039216 0.78823529 0.52549020
v -0.03415702 -0.00445417 -0.01454272 0.38039216 0.78823529 0.52549020
v -0.03405002 -0.00566007 -0.01414944 0.38039216 0.78823529 0.52549020
v -0.03397053 -0.00638864 -0.01390534 0.38039216 0.78823529 0.52549020
v -0.03358229 -0.00566007 -0.01571577 0.38039216 0.78823529 0.52549020
v -0.03319710 -0.00566007 -0.01697019 0.38039216 0.78823529 0.52549020
v -0.03281802 -0.00554881 -0.01821105 0.38039216 0.78823529 0.52549020
v -0.03260708 -0.00588977 -0.01861789 0.38039216 0.78823529 0.52549020
v -0.03205987 -0.00691622 -0.01948581 0.38039216 0.78823529 0.52549020
v -0.03159825 -0.00682291 -0.02073345 0.38039216 0.78823529 0.52549020
v -0.03134146 -0.00717822 -0.02115385 0.38039216 0.78823529 0.52549020
v -0.02910063 -0.00817596 -0.02550702 0.38039216 0.78823529 0.52549020
v -0.03126503 -0.00566007 -0.02221163 0.38039216 0.78823529 0.52549020
v -0.03080341 -0.00566007 -0.02325585 0.38039216 0.78823529 0.52549020
v -0.03024091 -0.00655373 -0.02402206 0.38039216 0.78823529 0.52549020
v -0.02992298 -0.00694852 -0.02446958 0.38039216 0.78823529 0.52549020
v -0.03144540 -0.00633839 -0.02140473 0.38039216 0.78823529 0.52549020
v -0.02922291 -0.00694494 -0.02585961 0.38039216 0.78823529 0.52549020
v -0.03002386 -0.00566007 -0.02484252 0.38039216 0.78823529 0.52549020
v -0.02953779 -0.00566007 -0.02577147 0.38039216 0.78823529 0.52549020
v -0.02897223 -0.00654656 -0.02649022 0.38039216 0.78823529 0.52549020
v -0.02671917 -0.00817596 -0.02933131 0.38039216 0.78823529 0.52549020
v -0.02905783 -0.00566007 -0.02662583 0.38039216 0.78823529 0.52549020
v -0.02865429 -0.00566007 -0.02724965 0.38039216 0.78823529 0.52549020
v -0.02791143 -0.00691622 -0.02801586 0.38039216 0.78823529 0.52549020
v -0.02765769 -0.00501046 -0.02891090 0.38039216 0.78823529 0.52549020
v -0.02642875 -0.00639941 -0.03020601 0.38039216 0.78823529 0.52549020
v -0.02651129 -0.00566007 -0.03030772 0.38039216 0.78823529 0.52549020
v -0.02598242 -0.00566007 -0.03093154 0.38039216 0.78823529 0.52549020
v -0.02535266 -0.00566007 -0.03163672 0.38039216 0.78823529 0.52549020
v -0.02406258 -0.00566007 -0.03284368 0.38039216 0.78823529 0.52549020
v -0.02469233 -0.00566007 -0.03226732 0.38039216 0.78823529 0.52549020
v -0.02315463 -0.00567443 -0.03355565 0.38039216 0.78823529 0.52549020
v -0.02259824 -0.00610152 -0.03392180 0.38039216 0.78823529 0.52549020
v -0.02189206 -0.00691622 -0.03423371 0.38039216 0.78823529 0.52549020
v -0.02074872 -0.00691622 -0.03478294 0.38039216 0.78823529 0.52549020
v -0.02211217 -0.00567443 -0.03422015 0.38039216 0.78823529 0.52549020
v -0.02074872 -0.00566007 -0.03479650 0.38039216 0.78823529 0.52549020
v -0.01966040 -0.00691622 -0.03512197 0.38039216 0.78823529 0.52549020
v -0.01911624 -0.00817596 -0.03526437 0.38039216 0.78823529 0.52549020
v -0.01823275 -0.00943211 -0.03539320 0.38039216 0.78823529 0.52549020
v -0.01697629 -0.00943211 -0.03556950 0.38039216 0.78823529 0.52549020
v -0.01571984 -0.01068826 -0.03565086 0.38039216 0.78823529 0.52549020
v -0.01446033 -0.01194800 -0.03561018 0.38039216 0.78823529 0.52549020
v -0.00687574 -0.01701567 -0.03541354 0.38039216 0.78823529 0.52549020
v -0.00687574 -0.01823235 -0.03535252 0.38039216 0.78823529 0.52549020
v -0.00687574 -0.00073596 -0.03114174 0.38039216 0.78823529 0.52549020
v -0.02879492 -0.00188803 0.03137580 0.38039216 0.78823529 0.52549020
v -0.02954696 -0.00073596 0.03094862 0.38039216 0.78823529 0.52549020
v -0.03045796 -0.00073596 0.03037904 0.38039216 0.78823529 0.52549020
v -0.03043657 -0.00188803 0.03036548 0.38039216 0.78823529 0.52549020
v -0.03106326 -0.00188803 0.02987049 0.38039216 0.78823529 0.52549020
v -0.03178473 -0.00188803 0.02924668 0.38039216 0.78823529 0.52549020
v -0.02879186 -0.00073596 0.03137580 0.38039216 0.78823529 0.52549020
v -0.03241143 -0.00188803 0.02861607 0.38039216 0.78823529 0.52549020
v -0.03249091 -0.00073596 0.02860929 0.38039216 0.78823529 0.52549020
v -0.03299839 -0.00073596 0.02802616 0.38039216 0.78823529 0.52549020
v -0.03305036 -0.00073596 0.02795835 0.38039216 0.78823529 0.52549020
v -0.03792332 -0.00073596 0.00313442 0.38039216 0.78823529 0.52549020
v -0.03781021 -0.00073596 0.00177829 0.38039216 0.78823529 0.52549020
v -0.03774296 -0.00073596 0.00109344 0.38039216 0.78823529 0.52549020
v -0.03751062 -0.00073596 -0.00062884 0.38039216 0.78823529 0.52549020
v -0.03749533 -0.00073596 -0.00073733 0.38039216 0.78823529 0.52549020
v -0.03683807 -0.00188803 -0.00439888 0.38039216 0.78823529 0.52549020
v -0.03660267 -0.00198493 -0.00576179 0.38039216 0.78823529 0.52549020
v -0.03650484 -0.00162962 -0.00649410 0.38039216 0.78823529 0.52549020
v -0.03638256 -0.00198493 -0.00691450 0.38039216 0.78823529 0.52549020
v -0.03613800 -0.00188803 -0.00816892 0.38039216 0.78823529 0.52549020
v -0.03570695 -0.00314418 -0.00943012 0.38039216 0.78823529 0.52549020
v -0.03519336 -0.00368971 -0.01126767 0.38039216 0.78823529 0.52549020
v -0.03473786 -0.00314418 -0.01320015 0.38039216 0.78823529 0.52549020
v -0.03437712 -0.00314418 -0.01445457 0.38039216 0.78823529 0.52549020
v -0.03388188 -0.00314418 -0.01611583 0.38039216 0.78823529 0.52549020
v -0.03342638 -0.00440392 -0.01697019 0.38039216 0.78823529 0.52549020
v -0.03269574 -0.00505353 -0.01886877 0.38039216 0.78823529 0.52549020
v -0.03240837 -0.00554881 -0.01937054 0.38039216 0.78823529 0.52549020
v -0.03185505 -0.00566007 -0.02074023 0.38039216 0.78823529 0.52549020
v -0.03151571 -0.00566007 -0.02158781 0.38039216 0.78823529 0.52549020
v -0.03209961 -0.00440392 -0.02074023 0.38039216 0.78823529 0.52549020
v -0.03138120 -0.00440392 -0.02250320 0.38039216 0.78823529 0.52549020
v -0.03103269 -0.00440392 -0.02325585 0.38039216 0.78823529 0.52549020
v -0.03040905 -0.00432855 -0.02457129 0.38039216 0.78823529 0.52549020
v -0.03033874 -0.00566007 -0.02421192 0.38039216 0.78823529 0.52549020
v -0.03011557 -0.00469822 -0.02502560 0.38039216 0.78823529 0.52549020
v -0.03019200 -0.00386198 -0.02517477 0.38039216 0.78823529 0.52549020
v -0.02916482 -0.00440392 -0.02677500 0.38039216 0.78823529 0.52549020
v -0.02983432 -0.00432855 -0.02566298 0.38039216 0.78823529 0.52549020
v -0.02988935 -0.00314418 -0.02588674 0.38039216 0.78823529 0.52549020
v -0.02891414 -0.00245509 -0.02764971 0.38039216 0.78823529 0.52549020
v -0.02771883 -0.00417423 -0.02899905 0.38039216 0.78823529 0.52549020
v -0.02732447 -0.00451518 -0.02946692 0.38039216 0.78823529 0.52549020
v -0.02661217 -0.00440392 -0.03041621 0.38039216 0.78823529 0.52549020
v -0.02604967 -0.00440392 -0.03104681 0.38039216 0.78823529 0.52549020
v -0.02548717 -0.00314418 -0.03177912 0.38039216 0.78823529 0.52549020
v -0.02484519 -0.00314418 -0.03240972 0.38039216 0.78823529 0.52549020
v -0.02477488 -0.00440392 -0.03233513 0.38039216 0.78823529 0.52549020
v -0.02618113 -0.00188803 -0.03120276 0.38039216 0.78823529 0.52549020
v -0.02414512 -0.00440392 -0.03291148 0.38039216 0.78823529 0.52549020
v -0.02266550 -0.00526169 -0.03396926 0.38039216 0.78823529 0.52549020
v -0.02200517 -0.00440392 -0.03432186 0.38039216 0.78823529 0.52549020
v -0.02200517 -0.00314418 -0.03430830 0.38039216 0.78823529 0.52549020
v -0.02200517 -0.00073596 -0.03426083 0.38039216 0.78823529 0.52549020
v -0.02190123 -0.00073596 -0.03429474 0.38039216 0.78823529 0.52549020
v -0.02074872 -0.00440392 -0.03476260 0.38039216 0.78823529 0.52549020
v -0.02074872 -0.00073596 -0.03460665 0.38039216 0.78823529 0.52549020
v -0.01903370 -0.00691622 -0.03523724 0.38039216 0.78823529 0.52549020
v -0.01823275 -0.00817596 -0.03540676 0.38039216 0.78823529 0.52549020
v -0.01571984 -0.00817596 -0.03565086 0.38039216 0.78823529 0.52549020
v -0.01571984 -0.00943211 -0.03565764 0.38039216 0.78823529 0.52549020
v -0.01697629 -0.00817596 -0.03555594 0.38039216 0.78823529 0.52549020
v -0.01446033 -0.00817596 -0.03569155 0.38039216 0.78823529 0.52549020
v -0.01446033 -0.01068826 -0.03566443 0.38039216 0.78823529 0.52549020
v -0.00687574 -0.01697619 -0.03541354 0.38039216 0.78823529 0.52549020
v -0.00687574 -0.00807547 -0.03378619 0.38039216 0.78823529 0.52549020
v -0.00730679 -0.00073596 -0.03156214 0.38039216 0.78823529 0.52549020
v -0.03108466 -0.00073596 0.02989762 0.38039216 0.78823529 0.52549020
v -0.03181530 -0.00073596 0.02926702 0.38039216 0.78823529 0.52549020
v -0.03244506 -0.00073596 0.02865676 0.38039216 0.78823529 0.52549020
v -0.03696035 -0.00073596 -0.00439888 0.38039216 0.78823529 0.52549020
v -0.03673412 -0.00073596 -0.00574145 0.38039216 0.78823529 0.52549020
v -0.03652930 -0.00073596 -0.00682635 0.38039216 0.78823529 0.52549020
v -0.03642536 -0.00073596 -0.00736202 0.38039216 0.78823529 0.52549020
v -0.03627251 -0.00073596 -0.00806721 0.38039216 0.78823529 0.52549020
v -0.03585675 -0.00188803 -0.00943012 0.38039216 0.78823529 0.52549020
v -0.03537067 -0.00321955 -0.01078624 0.38039216 0.78823529 0.52549020
v -0.03524839 -0.00285347 -0.01147109 0.38039216 0.78823529 0.52549020
v -0.03489377 -0.00188803 -0.01320015 0.38039216 0.78823529 0.52549020
v -0.03453304 -0.00188803 -0.01445457 0.38039216 0.78823529 0.52549020
v -0.03393385 -0.00239049 -0.01629213 0.38039216 0.78823529 0.52549020
v -0.03361591 -0.00314418 -0.01697019 0.38039216 0.78823529 0.52549020
v -0.03301673 -0.00440392 -0.01823139 0.38039216 0.78823529 0.52549020
v -0.03275076 -0.00440392 -0.01902473 0.38039216 0.78823529 0.52549020
v -0.03252454 -0.00440392 -0.01965533 0.38039216 0.78823529 0.52549020
v -0.03261931 -0.00314418 -0.01991977 0.38039216 0.78823529 0.52549020
v -0.03228915 -0.00314418 -0.02074023 0.38039216 0.78823529 0.52549020
v -0.03143011 -0.00375790 -0.02262525 0.38039216 0.78823529 0.52549020
v -0.03122223 -0.00326262 -0.02320160 0.38039216 0.78823529 0.52549020
v -0.03060165 -0.00314418 -0.02451705 0.38039216 0.78823529 0.52549020
v -0.03023480 -0.00314418 -0.02525614 0.38039216 0.78823529 0.52549020
v -0.02926265 -0.00314418 -0.02693096 0.38039216 0.78823529 0.52549020
v -0.02995966 -0.00188803 -0.02601557 0.38039216 0.78823529 0.52549020
v -0.02926265 -0.00197776 -0.02715472 0.38039216 0.78823529 0.52549020
v -0.02894166 -0.00161527 -0.02769717 0.38039216 0.78823529 0.52549020
v -0.02858092 -0.00197776 -0.02818538 0.38039216 0.78823529 0.52549020
v -0.02787169 -0.00188803 -0.02920247 0.38039216 0.78823529 0.52549020
v -0.02779220 -0.00314418 -0.02909398 0.38039216 0.78823529 0.52549020
v -0.02675891 -0.00188803 -0.03057216 0.38039216 0.78823529 0.52549020
v -0.02730918 -0.00314418 -0.02972458 0.38039216 0.78823529 0.52549020
v -0.02738561 -0.00188803 -0.02982629 0.38039216 0.78823529 0.52549020
v -0.02555137 -0.00188803 -0.03181980 0.38039216 0.78823529 0.52549020
v -0.02553303 -0.00073596 -0.03189439 0.38039216 0.78823529 0.52549020
v -0.02487270 -0.00188803 -0.03244362 0.38039216 0.78823529 0.52549020
v -0.02421543 -0.00314418 -0.03295895 0.38039216 0.78823529 0.52549020
v -0.02680171 -0.00073596 -0.03061963 0.38039216 0.78823529 0.52549020
v -0.02621781 -0.00073596 -0.03125023 0.38039216 0.78823529 0.52549020
v -0.02332277 -0.00440392 -0.03354208 0.38039216 0.78823529 0.52549020
v -0.02333805 -0.00314418 -0.03358955 0.38039216 0.78823529 0.52549020
v -0.02269301 -0.00440392 -0.03398283 0.38039216 0.78823529 0.52549020
v -0.02271135 -0.00314418 -0.03398961 0.38039216 0.78823529 0.52549020
v -0.02270524 -0.00188803 -0.03398961 0.38039216 0.78823529 0.52549020
v -0.02264104 -0.00073596 -0.03400995 0.38039216 0.78823529 0.52549020
v -0.01948921 -0.00073596 -0.03479650 0.38039216 0.78823529 0.52549020
v -0.01890836 -0.00616971 -0.03521012 0.38039216 0.78823529 0.52549020
v -0.01823275 -0.00691622 -0.03535252 0.38039216 0.78823529 0.52549020
v -0.01697629 -0.00691622 -0.03551525 0.38039216 0.78823529 0.52549020
v -0.01571984 -0.00691622 -0.03563052 0.38039216 0.78823529 0.52549020
v -0.01446033 -0.00691622 -0.03567121 0.38039216 0.78823529 0.52549020
v -0.01320387 -0.00817596 -0.03562374 0.38039216 0.78823529 0.52549020
v -0.00687574 -0.01572004 -0.03539320 0.38039216 0.78823529 0.52549020
v -0.01320387 -0.00691622 -0.03560340 0.38039216 0.78823529 0.52549020
v -0.00687574 -0.00864253 -0.03398961 0.38039216 0.78823529 0.52549020
v -0.00797934 -0.00073596 -0.03218595 0.38039216 0.78823529 0.52549020
v -0.03622665 -0.00073596 -0.00827063 0.38039216 0.78823529 0.52549020
v -0.03596374 -0.00073596 -0.00943012 0.38039216 0.78823529 0.52549020
v -0.03593929 -0.00073596 -0.00953183 0.38039216 0.78823529 0.52549020
v -0.03555104 -0.00188803 -0.01068454 0.38039216 0.78823529 0.52549020
v -0.03530036 -0.00188803 -0.01168129 0.38039216 0.78823529 0.52549020
v -0.03513528 -0.00188803 -0.01230511 0.38039216 0.78823529 0.52549020
v -0.03518113 -0.00098001 -0.01247463 0.38039216 0.78823529 0.52549020
v -0.03509859 -0.00073596 -0.01286790 0.38039216 0.78823529 0.52549020
v -0.03503134 -0.00073596 -0.01311201 0.38039216 0.78823529 0.52549020
v -0.03464615 -0.00073596 -0.01445457 0.38039216 0.78823529 0.52549020
v -0.03397971 -0.00155066 -0.01644130 0.38039216 0.78823529 0.52549020
v -0.03412645 -0.00193828 -0.01581070 0.38039216 0.78823529 0.52549020
v -0.03378711 -0.00193828 -0.01690239 0.38039216 0.78823529 0.52549020
v -0.03336218 -0.00188803 -0.01823139 0.38039216 0.78823529 0.52549020
v -0.03320627 -0.00314418 -0.01823139 0.38039216 0.78823529 0.52549020
v -0.03284248 -0.00314418 -0.01928917 0.38039216 0.78823529 0.52549020
v -0.03266822 -0.00229718 -0.02006216 0.38039216 0.78823529 0.52549020
v -0.03170525 -0.00326262 -0.02212348 0.38039216 0.78823529 0.52549020
v -0.03148820 -0.00291807 -0.02274052 0.38039216 0.78823529 0.52549020
v -0.03073921 -0.00188803 -0.02451705 0.38039216 0.78823529 0.52549020
v -0.03154628 -0.00188803 -0.02286257 0.38039216 0.78823529 0.52549020
v -0.03030511 -0.00188803 -0.02538497 0.38039216 0.78823529 0.52549020
v -0.03032040 -0.00073596 -0.02550702 0.38039216 0.78823529 0.52549020
v -0.02999023 -0.00073596 -0.02608338 0.38039216 0.78823529 0.52549020
v -0.02940328 -0.00073596 -0.02703945 0.38039216 0.78823529 0.52549020
v -0.02893860 -0.00073596 -0.02777176 0.38039216 0.78823529 0.52549020
v -0.02855341 -0.00073596 -0.02834811 0.38039216 0.78823529 0.52549020
v -0.02791754 -0.00073596 -0.02925672 0.38039216 0.78823529 0.52549020
v -0.02787780 -0.00073596 -0.02931096 0.38039216 0.78823529 0.52549020
v -0.02743147 -0.00073596 -0.02988732 0.38039216 0.78823529 0.52549020
v -0.02737950 -0.00073596 -0.02994834 0.38039216 0.78823529 0.52549020
v -0.02488799 -0.00073596 -0.03247074 0.38039216 0.78823529 0.52549020
v -0.02424295 -0.00188803 -0.03296573 0.38039216 0.78823529 0.52549020
v -0.02333500 -0.00188803 -0.03359633 0.38039216 0.78823529 0.52549020
v -0.02425823 -0.00073596 -0.03296573 0.38039216 0.78823529 0.52549020
v -0.02327691 -0.00073596 -0.03362345 0.38039216 0.78823529 0.52549020
v -0.02269912 -0.00073596 -0.03398283 0.38039216 0.78823529 0.52549020
v -0.01938832 -0.00073596 -0.03481007 0.38039216 0.78823529 0.52549020
v -0.01697629 -0.00566007 -0.03544744 0.38039216 0.78823529 0.52549020
v -0.01571984 -0.00566007 -0.03557628 0.38039216 0.78823529 0.52549020
v -0.01446033 -0.00566007 -0.03561696 0.38039216 0.78823529 0.52549020
v -0.00687574 -0.01446030 -0.03533217 0.38039216 0.78823529 0.52549020
v -0.01352792 -0.00073596 -0.03526437 0.38039216 0.78823529 0.52549020
v -0.00687574 -0.00930650 -0.03421337 0.38039216 0.78823529 0.52549020
v -0.00861521 -0.00073596 -0.03275553 0.38039216 0.78823529 0.52549020
v -0.03565804 -0.00073596 -0.01068454 0.38039216 0.78823529 0.52549020
v -0.03527590 -0.00073596 -0.01218306 0.38039216 0.78823529 0.52549020
v -0.03519031 -0.00073596 -0.01251531 0.38039216 0.78823529 0.52549020
v -0.03424567 -0.00073596 -0.01579714 0.38039216 0.78823529 0.52549020
v -0.03400416 -0.00073596 -0.01659048 0.38039216 0.78823529 0.52549020
v -0.03345389 -0.00073596 -0.01823139 0.38039216 0.78823529 0.52549020
v -0.03288528 -0.00188085 -0.01958074 0.38039216 0.78823529 0.52549020
v -0.03270797 -0.00145735 -0.02015709 0.38039216 0.78823529 0.52549020
v -0.03190701 -0.00188803 -0.02200143 0.38039216 0.78823529 0.52549020
v -0.03081870 -0.00073596 -0.02451705 0.38039216 0.78823529 0.52549020
v -0.03197427 -0.00073596 -0.02200143 0.38039216 0.78823529 0.52549020
v -0.03157379 -0.00073596 -0.02293038 0.38039216 0.78823529 0.52549020
v -0.03154934 -0.00073596 -0.02298462 0.38039216 0.78823529 0.52549020
v -0.03034791 -0.00073596 -0.02545278 0.38039216 0.78823529 0.52549020
v -0.02332888 -0.00073596 -0.03358955 0.38039216 0.78823529 0.52549020
v -0.01823275 -0.00073596 -0.03495924 0.38039216 0.78823529 0.52549020
v -0.01617840 -0.00073596 -0.03519656 0.38039216 0.78823529 0.52549020
v -0.01560367 -0.00073596 -0.03525759 0.38039216 0.78823529 0.52549020
v -0.01812575 -0.00073596 -0.03497280 0.38039216 0.78823529 0.52549020
v -0.01697324 -0.00073596 -0.03510841 0.38039216 0.78823529 0.52549020
v -0.01446033 -0.00073596 -0.03531861 0.38039216 0.78823529 0.52549020
v -0.01549667 -0.00073596 -0.03526437 0.38039216 0.78823529 0.52549020
v -0.00687574 -0.01354511 -0.03525081 0.38039216 0.78823529 0.52549020
v -0.01290122 -0.00073596 -0.03512876 0.38039216 0.78823529 0.52549020
v -0.00687574 -0.01068826 -0.03466089 0.38039216 0.78823529 0.52549020
v -0.00866718 -0.00073596 -0.03279621 0.38039216 0.78823529 0.52549020
v -0.03300145 -0.00073596 -0.01949259 0.38039216 0.78823529 0.52549020
v -0.03270797 -0.00073596 -0.02024524 0.38039216 0.78823529 0.52549020
v -0.03297393 -0.00073596 -0.01956718 0.38039216 0.78823529 0.52549020
v -0.00687574 -0.01288832 -0.03516266 0.38039216 0.78823529 0.52549020
v -0.01281868 -0.00073596 -0.03510163 0.38039216 0.78823529 0.52549020
v -0.00687574 -0.01194800 -0.03497958 0.38039216 0.78823529 0.52549020
v -0.01077045 -0.00073596 -0.03424049 0.38039216 0.78823529 0.52549020
v -0.01010706 -0.00073596 -0.03386078 0.38039216 0.78823529 0.52549020
v -0.00935808 -0.00073596 -0.03331832 0.38039216 0.78823529 0.52549020
v -0.01194742 -0.00073596 -0.03480328 0.38039216 0.78823529 0.52549020
v -0.00687574 -0.01197672 -0.03498636 0.38039216 0.78823529 0.52549020
v -0.01184348 -0.00073596 -0.03475582 0.38039216 0.78823529 0.52549020
f 2006 2128 2129
f 2005 2125 2126
f 2003 2008 2012
f 2002 2125 2005
f 2001 2125 2002
f 2001 2124 2125
f 2000 2124 2001
f 2000 2121 2124
f 2008 2131 2013
f 2007 2131 2008
f 2006 2131 2007
f 2006 2130 2131
f 2006 2129 2130
f 2005 2126 2006
f 2006 2127 2128
f 2006 2126 2127
f 1978 2105 1980
f 1978 2104 2105
f 1977 2104 1978
f 1977 2103 2104
f 1976 2104 2103
f 1976 2102 2104
f 1976 2103 1977
f 1975 2102 1976
f 1983 2109 2110
f 1991 2119 1992
f 2026 2148 2038
f 2026 2147 2148
f 2024 2147 2026
f 2024 2146 2147
f 2024 2145 2146
f 2024 2025 2145
f 2023 2145 2025
f 1993 2120 1998
f 1992 2120 1993
f 1992 2119 2120
f 1991 2116 2119
f 1983 2108 2109
f 1989 1991 1990
f 1989 2116 1991
f 1988 2118 2114
f 1999 2002 2005
f 1998 2123 2121
f 1998 2122 2123
f 1998 2120 2122
f 1996 1998 2121
f 1996 2121 2000
f 1995 1998 1996
f 1993 1998 1994
f 1965 2089 1966
f 1963 2087 1964
f 1963 2086 2087
f 1962 2086 1963
f 1961 2086 1962
f 1961 2085 2086
f 1959 1961 1960
f 1968 2092 2093
f 1968 2091 2092
f 1967 2091 1968
f 1967 2090 2091
f 1966 2090 1967
f 1966 2089 2090
f 1964 2087 2088
f 1964 2089 1965
f 1972 1974 1973
f 1971 2096 1972
f 1971 2095 2096
f 1970 2095 1971
f 1970 2094 2095
f 1969 2094 1970
f 1968 2094 1969
f 1968 2093 2094
f 1975 2101 2102
f 1975 2100 2101
f 1983 2112 1988
f 1982 2107 1983
f 1982 2106 2107
f 1982 2105 2106
f 1980 1982 1981
f 1980 2105 1982
f 1978 1980 1979
f 1984 2113 1987
f 1983 2106 2108
f 1983 2107 2106
f 1983 2113 1984
f 1983 1988 2113
f 2026 2038 2027
f 1983 2111 2112
f 1983 2110 2111
f 1988 2117 2118
f 1988 2112 2117
f 1988 2116 1989
f 1988 2115 2116
f 1988 2114 2115
f 1987 2113 1988
f 1985 1987 1986
f 1984 1987 1985
f 1964 2088 2089
f 2057 2078 2058
f 2044 2171 2047
f 2052 2053 2155
f 2051 2052 2177
f 2051 2178 2165
f 2051 2177 2178
f 2049 2051 2165
f 2049 2165 2050
f 2047 2054 2048
f 2047 2070 2054
f 2058 2180 2181
f 2058 2179 2180
f 2058 2078 2179
f 2045 2167 2172
f 2057 2074 2078
f 2054 2070 2055
f 2053 2158 2155
f 2052 2155 2177
f 2031 2153 2154
f 2030 2152 2031
f 2029 2152 2030
f 2029 2149 2152
f 2028 2151 2149
f 2028 2150 2151
f 2028 2034 2150
f 2042 2045 2168
f 2064 2190 2065
f 2072 2197 2198
f 2072 2196 2197
f 2071 2195 2196
f 2071 2196 2072
f 2070 2195 2071
f 2070 2171 2195
f 2069 2194 2079
f 2068 2193 2194
f 2043 2171 2044
f 2043 2170 2171
f 2028 2149 2029
f 2042 2046 2045
f 2042 2170 2043
f 2042 2169 2170
f 2042 2168 2169
f 2040 2167 2045
f 2047 2171 2070
f 2045 2176 2168
f 2045 2175 2176
f 2045 2174 2175
f 2045 2173 2174
f 2045 2172 2173
f 2016 2137 2018
f 2013 2135 2136
f 2013 2134 2135
f 2013 2133 2134
f 2013 2131 2133
f 2011 2015 2014
f 2011 2132 2015
f 2011 2013 2132
f 2008 2013 2012
f 2018 2139 2140
f 2018 2138 2139
f 2018 2137 2138
f 2016 2018 2017
f 2038 2163 2164
f 2016 2132 2137
f 2015 2132 2016
f 2013 2136 2132
f 2023 2144 2145
f 2021 2143 2022
f 2021 2142 2143
f 2021 2141 2142
f 2020 2141 2021
f 2018 2020 2019
f 2018 2141 2020
f 2018 2140 2141
f 2036 2160 2161
f 2033 2158 2053
f 2033 2155 2158
f 2032 2155 2033
f 2031 2157 2153
f 2031 2156 2157
f 2031 2152 2156
f 2031 2155 2032
f 2031 2154 2155
f 2037 2162 2159
f 2036 2162 2037
f 2036 2161 2162
f 1972 1975 1974
f 2036 2038 2160
f 2035 2037 2159
f 2034 2159 2150
f 2034 2035 2159
f 2040 2166 2167
f 2040 2045 2041
f 2039 2166 2040
f 2039 2165 2166
f 2039 2050 2165
f 2038 2148 2163
f 2038 2164 2160
f 1882 2003 1887
f 1907 2028 1910
f 1907 1912 2028
f 1905 1915 1906
f 1905 2027 1915
f 1913 2035 1914
f 1912 2034 2028
f 1912 1914 2034
f 1911 2033 1925
f 1911 2032 2033
f 1911 2031 2032
f 1911 2030 2031
f 1911 2029 2030
f 1908 1925 1909
f 1881 2004 1882
f 1880 2004 1881
f 1879 2004 1880
f 1877 2008 2003
f 1877 2007 2008
f 1877 2006 2007
f 1877 2005 2006
f 1885 2011 1890
f 1885 2010 2011
f 1885 1888 2010
f 1885 2009 1888
f 1893 2019 2020
f 1923 1926 2052
f 1923 2051 2049
f 1922 2050 2039
f 1921 1923 2049
f 1900 2023 1901
f 1894 2021 2022
f 1894 2020 2021
f 1894 1896 2020
f 1894 1897 1895
f 1894 1899 1897
f 1893 2020 1896
f 1884 2009 1885
f 1905 2026 2027
f 1905 2024 2026
f 1904 2025 2024
f 1904 2023 2025
f 1904 2024 1905
f 1902 1904 1903
f 1901 1904 1902
f 1901 2023 1904
f 1910 2029 1911
f 1910 2028 2029
f 1908 1911 1925
f 1875 1999 1877
f 1862 1865 1864
f 1862 1866 1865
f 1862 1868 1866
f 1872 1990 1991
f 1872 1994 1873
f 1872 1993 1994
f 1872 1992 1993
f 1872 1991 1992
f 1870 1873 1871
f 1870 1872 1873
f 1868 1987 1988
f 1875 1877 1876
f 1862 1986 1987
f 1873 1998 1995
f 1873 1994 1998
f 1873 1875 1874
f 1873 1997 1875
f 1873 1996 1997
f 1873 1995 1996
f 1877 1999 2005
f 1877 2004 1879
f 1877 2003 2004
f 1875 2002 1999
f 1875 2001 2002
f 1893 2018 2019
f 1884 1889 2009
f 1882 2004 2003
f 1882 1887 1883
f 1890 2011 2014
f 1888 2009 1889
f 1887 2013 2011
f 1887 2012 2013
f 1887 2003 2012
f 1887 2010 1888
f 1887 2011 2010
f 1885 1890 1886
f 1923 2052 2051
f 1892 2018 1893
f 1892 2017 2018
f 1890 1892 1891
f 1890 2017 1892
f 1890 2016 2017
f 1890 2015 2016
f 1890 2014 2015
f 1868 1872 1869
f 1868 1990 1872
f 1868 1989 1990
f 1868 1988 1989
f 1956 2081 2082
f 1954 2077 2078
f 1954 2078 2074
f 1952 2077 1954
f 1952 2075 2077
f 1951 2076 2075
f 1959 2085 1961
f 1959 2084 2085
f 1959 2083 2084
f 1958 2083 1959
f 1958 2082 2083
f 1957 2082 1958
f 1956 2082 1957
f 1956 2069 2079
f 1931 1949 1932
f 1930 1932 1933
f 1929 2056 1946
f 1928 2056 1929
f 1928 2055 2056
f 1928 2054 2055
f 1928 2048 2054
f 1927 2048 1928
f 1935 2061 2062
f 1934 2060 1935
f 1934 2059 2060
f 1944 1956 1955
f 1972 2100 1975
f 1972 2099 2100
f 1972 2098 2099
f 1972 2097 2098
f 1972 2096 2097
f 1946 2071 2072
f 1946 2070 2071
f 1946 2055 2070
f 1946 2056 2055
f 1946 1950 1947
f 1944 1955 1945
f 1933 2059 1934
f 1944 2069 1956
f 1951 2073 2076
f 1951 1953 2073
f 1951 2075 1952
f 1949 2074 2057
f 1949 1954 2074
f 1948 1954 1949
f 1946 2073 1953
f 1946 2072 2073
f 1956 2080 2081
f 1956 2079 2080
f 1917 2039 2040
f 1914 2035 2034
f 1913 2037 2035
f 1913 2036 2037
f 1913 1916 2036
f 1918 2045 2046
f 1918 2041 2045
f 1918 2044 1919
f 1918 2043 2044
f 1918 2042 2043
f 1917 2041 1918
f 1917 2040 2041
f 1915 2036 1916
f 1921 1924 1923
f 1921 2050 1922
f 1921 2049 2050
f 1920 2048 1927
f 1919 2044 2047
f 1919 2048 1920
f 1919 2047 2048
f 1918 2046 2042
f 1926 2053 2052
f 1926 2033 2053
f 1925 2033 1926
f 1935 2062 1938
f 1932 2059 1933
f 1932 2058 2059
f 1932 2057 2058
f 1932 1949 2057
f 1937 2065 2066
f 1937 2064 2065
f 1937 2063 2064
f 1936 2062 2063
f 1936 1938 2062
f 1936 2063 1937
f 1935 2060 2061
f 2065 2190 2191
f 1943 2067 2068
f 1943 2069 1944
f 1943 2068 2069
f 1942 2067 1943
f 1940 2066 2067
f 1940 2067 1942
f 1939 2066 1940
f 1937 2066 1939
f 1917 1922 2039
f 1915 2038 2036
f 1915 2027 2038
f 2192 2194 2193
f 2191 2205 2204
f 2191 2315 2205
f 2191 2325 2315
f 2191 2314 2325
f 2190 2314 2191
f 2190 2313 2314
f 2197 2317 2318
f 2197 2290 2317
f 2197 2291 2290
f 2195 2197 2196
f 2195 2291 2197
f 2194 2316 2204
f 2191 2204 2316
f 2192 2316 2194
f 2201 2321 2202
f 2201 2203 2321
f 2199 2320 2319
f 2199 2318 2320
f 2199 2200 2318
f 2199 2319 2203
f 2197 2200 2198
f 2197 2318 2200
f 2175 2294 2176
f 2174 2292 2293
f 2217 2334 2218
f 2214 2331 2332
f 2214 2330 2331
f 2214 2329 2330
f 2214 2328 2329
f 2212 2214 2213
f 2212 2328 2214
f 2218 2220 2219
f 2218 2336 2220
f 2218 2335 2336
f 2217 2332 2334
f 2217 2333 2332
f 2174 2293 2175
f 2214 2216 2215
f 2214 2217 2216
f 2189 2311 2312
f 2189 2313 2190
f 2189 2312 2313
f 2188 2311 2189
f 2187 2311 2188
f 2187 2309 2311
f 2186 2310 2304
f 2186 2303 2310
f 2191 2316 2192
f 2150 2159 2277
f 2185 2306 2307
f 2184 2186 2304
f 2184 2306 2185
f 2184 2305 2306
f 2184 2304 2305
f 2154 2281 2155
f 2153 2281 2154
f 2153 2280 2281
f 2153 2279 2280
f 2153 2157 2279
f 2150 2278 2274
f 2150 2277 2278
f 2185 2307 2308
f 2161 2284 2277
f 2161 2283 2284
f 2161 2282 2283
f 2160 2164 2161
f 2159 2162 2277
f 2156 2276 2279
f 2156 2279 2157
f 2155 2281 2177
f 2166 2172 2167
f 2166 2178 2172
f 2165 2178 2166
f 2175 2295 2294
f 2173 2292 2174
f 2173 2177 2292
f 2173 2178 2177
f 2172 2178 2173
f 2170 2195 2171
f 2179 2202 2299
f 2179 2298 2180
f 2179 2297 2298
f 2177 2296 2292
f 2177 2281 2296
f 2176 2294 2287
f 2214 2332 2333
f 2175 2293 2295
f 2183 2303 2186
f 2181 2303 2183
f 2181 2302 2303
f 2180 2302 2181
f 2180 2301 2302
f 2180 2300 2301
f 2180 2298 2300
f 2179 2299 2297
f 2185 2309 2187
f 2185 2308 2309
f 2250 2360 2361
f 2247 2358 2356
f 2247 2355 2358
f 2247 2357 2248
f 2247 2356 2357
f 2246 2355 2247
f 2245 2355 2246
f 2244 2355 2245
f 2244 2354 2355
f 2252 2361 2362
f 2251 2361 2252
f 2250 2359 2360
f 2250 2361 2251
f 2238 2241 2240
f 2249 2357 2359
f 2249 2359 2250
f 2248 2357 2249
f 2259 2364 2366
f 2256 2365 2364
f 2255 2365 2256
f 2255 2363 2365
f 2254 2364 2259
f 2254 2256 2364
f 2252 2363 2255
f 2252 2362 2363
f 2277 2284 2380
f 2274 2377 2275
f 2274 2278 2377
f 2273 2376 2285
f 2272 2375 2376
f 2271 2375 2272
f 2270 2375 2271
f 2270 2374 2375
f 2270 2373 2374
f 2279 2379 2280
f 2278 2380 2377
f 2277 2380 2278
f 2222 2225 2224
f 2276 2379 2279
f 2276 2378 2379
f 2275 2377 2378
f 2275 2378 2276
f 2243 2354 2244
f 2243 2353 2354
f 2241 2351 2352
f 2241 2243 2242
f 2241 2353 2243
f 2241 2352 2353
f 2238 2240 2239
f 2205 2315 2206
f 2238 2350 2351
f 2238 2349 2350
f 2238 2348 2349
f 2237 2348 2238
f 2236 2348 2237
f 2235 2348 2236
f 2233 2235 2234
f 2207 2315 2325
f 2207 2324 2208
f 2207 2323 2324
f 2207 2322 2323
f 2206 2315 2207
f 2238 2351 2241
f 2203 2319 2321
f 2202 2321 2299
f 2211 2327 2328
f 2211 2328 2212
f 2210 2327 2211
f 2209 2327 2210
f 2209 2324 2327
f 2208 2324 2209
f 2207 2326 2322
f 2207 2325 2326
f 2214 2333 2217
f 2227 2341 2342
f 2222 2339 2225
f 2222 2338 2339
f 2222 2337 2338
f 2221 2337 2222
f 2220 2337 2221
f 2220 2336 2337
f 2218 2334 2335
f 2229 2343 2344
f 2228 2343 2229
f 2227 2343 2228
f 2227 2342 2343
f 2164 2273 2285
f 2225 2341 2227
f 2225 2340 2341
f 2225 2339 2340
f 2232 2346 2347
f 2232 2235 2233
f 2232 2348 2235
f 2232 2347 2348
f 2229 2232 2231
f 2229 2346 2232
f 2229 2345 2346
f 2229 2344 2345
f 2102 2229 2230
f 2091 2222 2223
f 2091 2221 2222
f 2090 2221 2091
f 2099 2227 2228
f 2098 2226 2099
f 2097 2226 2098
f 2097 2225 2226
f 2097 2224 2225
f 2097 2222 2224
f 2097 2223 2222
f 2093 2095 2094
f 2102 2230 2104
f 2091 2223 2097
f 2101 2229 2102
f 2100 2229 2101
f 2099 2225 2227
f 2099 2226 2225
f 2099 2229 2100
f 2099 2228 2229
f 2076 2199 2203
f 2075 2202 2077
f 2075 2201 2202
f 2075 2076 2201
f 2073 2200 2199
f 2090 2220 2221
f 2111 2117 2112
f 2111 2118 2117
f 2111 2240 2118
f 2120 2245 2246
f 2120 2246 2122
f 2118 2240 2241
f 2115 2119 2116
f 2115 2120 2119
f 2115 2245 2120
f 2115 2244 2245
f 2115 2243 2244
f 2073 2198 2200
f 2090 2219 2220
f 2089 2219 2090
f 2088 2219 2089
f 2088 2218 2219
f 2088 2217 2218
f 2088 2216 2217
f 2087 2216 2088
f 2092 2095 2093
f 2092 2096 2095
f 2092 2097 2096
f 2091 2097 2092
f 2063 2188 2189
f 2084 2213 2086
f 2084 2212 2213
f 2061 2185 2062
f 2061 2184 2185
f 2060 2183 2061
f 2060 2181 2183
f 2060 2182 2181
f 2059 2182 2060
f 2058 2182 2059
f 2058 2181 2182
f 2064 2189 2190
f 2063 2189 2064
f 2084 2086 2085
f 2062 2188 2063
f 2062 2187 2188
f 2062 2185 2187
f 2061 2186 2184
f 2061 2183 2186
f 2068 2194 2069
f 2067 2193 2068
f 2066 2193 2067
f 2065 2193 2066
f 2065 2192 2193
f 2065 2191 2192
f 2084 2210 2211
f 2073 2199 2076
f 2072 2198 2073
f 2080 2206 2207
f 2080 2205 2206
f 2080 2204 2205
f 2079 2194 2204
f 2079 2204 2080
f 2078 2202 2179
f 2077 2202 2078
f 2076 2203 2201
f 2084 2211 2212
f 2111 2239 2240
f 2083 2209 2084
f 2083 2208 2209
f 2082 2208 2083
f 2081 2208 2082
f 2080 2208 2081
f 2080 2207 2208
f 2087 2215 2216
f 2087 2214 2215
f 2086 2214 2087
f 2086 2213 2214
f 2084 2209 2210
f 2150 2274 2151
f 2139 2268 2269
f 2139 2267 2268
f 2139 2266 2267
f 2139 2265 2266
f 2148 2273 2164
f 2148 2376 2273
f 2148 2272 2376
f 2147 2271 2148
f 2145 2147 2146
f 2145 2271 2147
f 2145 2270 2271
f 2144 2270 2145
f 2139 2269 2264
f 2149 2156 2152
f 2149 2276 2156
f 2149 2275 2276
f 2149 2274 2275
f 2149 2151 2274
f 2148 2271 2272
f 2148 2164 2163
f 2124 2250 2251
f 2124 2249 2250
f 2122 2246 2247
f 2121 2249 2124
f 2168 2287 2288
f 2164 2286 2282
f 2164 2285 2286
f 2161 2164 2282
f 2161 2277 2162
f 2170 2291 2195
f 2170 2290 2291
f 2169 2289 2290
f 2169 2290 2170
f 2168 2176 2287
f 2168 2289 2169
f 2168 2288 2289
f 2121 2248 2249
f 2139 2263 2265
f 2139 2264 2140
f 2138 2263 2139
f 2138 2262 2263
f 2137 2262 2138
f 2137 2261 2262
f 2137 2257 2261
f 2135 2257 2136
f 2142 2264 2143
f 2140 2142 2141
f 2140 2264 2142
f 2110 2239 2111
f 2134 2258 2254
f 2133 2258 2134
f 2133 2254 2258
f 2106 2234 2108
f 2104 2229 2231
f 2104 2230 2229
f 2104 2106 2105
f 2104 2234 2106
f 2104 2233 2234
f 2104 2232 2233
f 2104 2231 2232
f 2134 2254 2259
f 2109 2239 2110
f 2109 2238 2239
f 2109 2237 2238
f 2109 2236 2237
f 2109 2235 2236
f 2109 2234 2235
f 2108 2234 2109
f 2115 2242 2243
f 2114 2242 2115
f 2114 2241 2242
f 2114 2118 2241
f 2132 2257 2137
f 2121 2247 2248
f 2121 2122 2247
f 2121 2123 2122
f 2128 2254 2129
f 2127 2252 2128
f 2126 2252 2127
f 2125 2252 2126
f 2125 2253 2252
f 2124 2253 2125
f 2124 2252 2253
f 2124 2251 2252
f 1875 2000 2001
f 2132 2136 2257
f 2131 2254 2133
f 2130 2254 2131
f 2129 2254 2130
f 2128 2256 2254
f 2128 2255 2256
f 2128 2252 2255
f 2135 2261 2257
f 2135 2260 2261
f 2134 2260 2135
f 2134 2259 2260
f 1594 1597 1596
f 1615 1738 1739
f 1615 1737 1738
f 1590 1594 1593
f 1590 1715 1594
f 1590 1714 1715
f 1590 1713 1714
f 1590 1712 1713
f 1588 1590 1589
f 1588 1712 1590
f 1588 1711 1712
f 1594 1715 1714
f 1594 1596 1595
f 1615 1739 1616
f 1594 1719 1597
f 1594 1718 1719
f 1594 1717 1718
f 1594 1716 1717
f 1590 1593 1592
f 1601 1722 1723
f 1598 1601 1600
f 1598 1721 1601
f 1598 1720 1721
f 1598 1719 1720
f 1598 1600 1603
f 1614 1736 1615
f 1607 1726 1608
f 1606 1726 1607
f 1613 1731 1730
f 1612 1731 1613
f 1612 1730 1731
f 1611 1728 1730
f 1611 1730 1612
f 1610 1729 1728
f 1610 1728 1611
f 1608 1724 1727
f 1615 1736 1737
f 1597 1719 1598
f 1614 1735 1736
f 1613 1735 1614
f 1613 1734 1735
f 1613 1733 1734
f 1613 1732 1733
f 1613 1730 1732
f 1616 1743 1617
f 1616 1742 1743
f 1616 1741 1742
f 1616 1740 1741
f 1616 1739 1740
f 1587 1708 1709
f 1575 1699 1576
f 1585 1706 1707
f 1584 1705 1585
f 1584 1704 1705
f 1583 1704 1584
f 1581 1583 1582
f 1581 1704 1583
f 1581 1703 1704
f 1580 1703 1581
f 1588 1710 1711
f 1588 1709 1710
f 1587 1709 1588
f 1576 1699 1577
f 1587 1707 1708
f 1586 1707 1587
f 1585 1705 1706
f 1585 1707 1586
f 1559 1681 1682
f 1558 1681 1559
f 1558 1680 1681
f 1558 1679 1680
f 1557 1679 1558
f 1557 1678 1679
f 1557 1677 1678
f 1575 1696 1697
f 1594 1714 1716
f 1605 1726 1606
f 1604 1726 1605
f 1604 1725 1726
f 1604 1724 1725
f 1601 1721 1722
f 1601 1604 1602
f 1601 1724 1604
f 1601 1723 1724
f 1575 1698 1699
f 1575 1697 1698
f 1608 1727 1728
f 1575 1694 1696
f 1574 1694 1575
f 1573 1686 1695
f 1572 1695 1693
f 1572 1573 1695
f 1580 1702 1703
f 1580 1701 1702
f 1580 1700 1701
f 1579 1699 1700
f 1579 1700 1580
f 1577 1699 1579
f 1641 1904 1769
f 1665 1772 1774
f 1664 1789 1788
f 1664 1666 1789
f 1663 1788 1785
f 1636 1766 1638
f 1633 1762 1764
f 1633 1765 1634
f 1633 1764 1765
f 1632 1763 1761
f 1632 1760 1763
f 1632 1762 1633
f 1632 1761 1762
f 1665 1774 1666
f 1641 1768 1904
f 1640 1768 1641
f 1639 1768 1640
f 1639 1767 1768
f 1638 1767 1639
f 1638 1766 1767
f 1636 1638 1637
f 1646 1648 1772
f 1645 1648 1646
f 1644 1771 1651
f 1644 1770 1771
f 1656 1662 1657
f 1651 1778 1652
f 1651 1771 1778
f 1650 1775 1773
f 1649 1777 1775
f 1658 1784 1667
f 1657 1784 1658
f 1657 1783 1784
f 1657 1782 1783
f 1657 1781 1782
f 1657 1780 1781
f 1657 1662 1780
f 1643 1770 1644
f 1663 1664 1788
f 1662 1787 1780
f 1662 1786 1787
f 1662 1785 1786
f 1661 1785 1662
f 1660 1785 1661
f 1660 1663 1785
f 1658 1667 1659
f 1667 1791 1792
f 1666 1790 1789
f 1666 1774 1790
f 1631 1760 1632
f 1623 1749 1750
f 1623 1748 1749
f 1623 1747 1748
f 1627 1630 1628
f 1627 1755 1630
f 1627 1754 1755
f 1626 1754 1627
f 1626 1753 1754
f 1626 1752 1753
f 1626 1749 1752
f 1626 1750 1749
f 1631 1755 1756
f 1623 1750 1624
f 1631 1759 1760
f 1631 1758 1759
f 1631 1757 1758
f 1631 1756 1757
f 1630 1755 1631
f 1629 1631 1632
f 1608 1725 1724
f 1608 1726 1725
f 1608 1610 1609
f 1608 1729 1610
f 1608 1728 1729
f 1622 1746 1623
f 1642 1770 1643
f 1642 1769 1770
f 1641 1769 1642
f 1649 1776 1777
f 1649 1653 1776
f 1649 1775 1650
f 1648 1774 1772
f 1648 1773 1774
f 1648 1650 1773
f 1647 1772 1665
f 1646 1772 1647
f 1557 1676 1677
f 1622 1745 1746
f 1622 1744 1745
f 1621 1744 1622
f 1621 1743 1744
f 1618 1621 1619
f 1618 1743 1621
f 1617 1743 1618
f 1625 1750 1626
f 1624 1750 1625
f 1623 1751 1747
f 1623 1746 1751
f 1484 1486 1485
f 1484 1617 1618
f 1484 1616 1617
f 1484 1615 1616
f 1484 1614 1615
f 1484 1613 1614
f 1484 1612 1613
f 1484 1611 1612
f 1489 1620 1619
f 1489 1621 1491
f 1489 1619 1621
f 1488 1620 1489
f 1486 1620 1488
f 1484 1618 1619
f 1484 1620 1486
f 1484 1619 1620
f 1495 1624 1496
f 1494 1624 1495
f 1494 1623 1624
f 1492 1623 1494
f 1492 1622 1623
f 1492 1494 1493
f 1491 1622 1492
f 1491 1621 1622
f 1501 1627 1628
f 1514 1638 1639
f 1511 1636 1512
f 1507 1635 1508
f 1507 1634 1635
f 1506 1634 1507
f 1506 1633 1634
f 1506 1632 1633
f 1506 1629 1632
f 1515 1517 1516
f 1514 1517 1515
f 1514 1640 1517
f 1514 1639 1640
f 1501 1626 1627
f 1512 1514 1513
f 1512 1638 1514
f 1512 1637 1638
f 1520 1644 1521
f 1519 1644 1520
f 1518 1644 1519
f 1518 1643 1644
f 1518 1642 1643
f 1518 1641 1642
f 1517 1641 1518
f 1517 1640 1641
f 1478 1607 1482
f 1476 1605 1606
f 1475 1605 1476
f 1475 1604 1605
f 1474 1604 1475
f 1474 1602 1604
f 1473 1603 1600
f 1483 1611 1484
f 1483 1610 1611
f 1483 1609 1610
f 1482 1609 1483
f 1482 1608 1609
f 1482 1607 1608
f 1476 1606 1477
f 1478 1606 1607
f 1455 1577 1579
f 1455 1582 1456
f 1455 1581 1582
f 1455 1580 1581
f 1455 1579 1580
f 1454 1578 1455
f 1452 1574 1575
f 1451 1574 1452
f 1459 1586 1461
f 1459 1585 1586
f 1468 1596 1597
f 1501 1625 1626
f 1501 1624 1625
f 1497 1624 1501
f 1497 1500 1498
f 1 1635 1634
f 1496 1624 1497
f 1469 1599 1470
f 1469 1598 1599
f 1468 1595 1596
f 1468 1598 1469
f 1468 1597 1598
f 1512 1636 1637
f 1467 1595 1468
f 1467 1594 1595
f 1473 1598 1603
f 1473 1599 1598
f 1473 1602 1474
f 1473 1601 1602
f 1473 1600 1601
f 1472 1599 1473
f 1471 1599 1472
f 1470 1599 1471
f 1477 1606 1478
f 1544 1667 1668
f 1541 1665 1666
f 1541 1647 1665
f 1541 1663 1542
f 1541 1664 1663
f 1539 1663 1660
f 1539 1542 1663
f 1536 1539 1660
f 1536 1655 1654
f 1545 1670 1546
f 1545 1669 1670
f 1545 1668 1669
f 1544 1668 1545
f 1569 1689 1570
f 1543 1667 1544
f 1543 1659 1667
f 1541 1666 1664
f 1552 1566 1554
f 1551 1552 1554
f 1550 1671 1672
f 1550 1672 1568
f 1549 1550 1568
f 1547 1671 1550
f 1547 1670 1671
f 1546 1670 1547
f 1566 1687 1673
f 1563 1685 1564
f 1563 1684 1685
f 1562 1684 1563
f 1562 1683 1684
f 1562 1682 1683
f 1561 1682 1562
f 1559 1561 1560
f 1559 1682 1561
f 1569 1688 1689
f 1568 1672 1688
f 1568 1688 1569
f 1556 1676 1557
f 1565 1687 1566
f 1565 1570 1687
f 1564 1686 1571
f 1564 1685 1686
f 1572 1694 1574
f 1572 1693 1694
f 1571 1686 1573
f 1570 1692 1690
f 1570 1689 1692
f 1570 1691 1687
f 1570 1690 1691
f 1534 1658 1659
f 1533 1654 1534
f 1533 1536 1654
f 1533 1537 1536
f 1532 1537 1533
f 1529 1653 1649
f 1529 1652 1653
f 1529 1649 1530
f 1536 1662 1655
f 1536 1661 1662
f 1536 1660 1661
f 1534 1659 1543
f 1534 1654 1655
f 1534 1657 1658
f 1534 1656 1657
f 1534 1655 1656
f 1505 1631 1629
f 1505 1630 1631
f 1505 1628 1630
f 1505 1629 1506
f 1503 1505 1504
f 1503 1628 1505
f 1502 1628 1503
f 1501 1628 1502
f 1522 1645 1646
f 1556 1674 1676
f 1555 1675 1674
f 1555 1673 1675
f 1555 1674 1556
f 1554 1566 1673
f 1554 1673 1555
f 1552 1567 1566
f 1524 1645 1525
f 1524 1526 1645
f 1522 1647 1541
f 1522 1646 1647
f 1652 1778 1779
f 1522 1525 1645
f 1522 1541 1540
f 1521 1644 1527
f 1528 1652 1529
f 1527 1652 1528
f 1527 1651 1652
f 1527 1644 1651
f 1526 1650 1648
f 1526 1649 1650
f 1526 1530 1649
f 1526 1648 1645
f 1777 1913 1914
f 1802 1933 1934
f 1809 1941 1811
f 1808 1941 1809
f 1808 1940 1941
f 1808 1939 1940
f 1807 1939 1808
f 1806 1939 1807
f 1806 1937 1939
f 1805 1938 1936
f 1778 1915 1779
f 1778 1906 1915
f 1777 1914 1912
f 1802 1934 1803
f 1776 1913 1777
f 1776 1779 1913
f 1775 1912 1907
f 1775 1777 1912
f 1782 1919 1920
f 1782 1918 1919
f 1781 1917 1918
f 1781 1918 1782
f 1780 1917 1781
f 1780 1787 1917
f 1779 1916 1913
f 1800 1930 1933
f 1823 1950 1946
f 1797 1819 1799
f 1796 1929 1814
f 1795 1928 1929
f 1795 1929 1796
f 1794 1927 1928
f 1794 1928 1795
f 1793 1795 1796
f 1791 1920 1927
f 1801 1806 1807
f 1800 1933 1802
f 1779 1915 1916
f 1799 1932 1930
f 1799 1931 1932
f 1799 1819 1931
f 1798 1799 1930
f 1798 1930 1800
f 1805 1935 1938
f 1805 1937 1806
f 1805 1936 1937
f 1804 1935 1805
f 1803 1934 1935
f 1803 1935 1804
f 1768 1903 1904
f 1766 1900 1901
f 1766 1768 1767
f 1763 1899 1898
f 1763 1897 1899
f 1761 1898 1762
f 1761 1763 1898
f 1760 1897 1763
f 1760 1895 1897
f 1770 1906 1771
f 1770 1905 1906
f 1769 1905 1770
f 1769 1904 1905
f 1757 1891 1758
f 1766 1903 1768
f 1766 1902 1903
f 1766 1901 1902
f 1774 1911 1908
f 1774 1910 1911
f 1774 1907 1910
f 1774 1909 1790
f 1774 1908 1909
f 1773 1907 1774
f 1773 1775 1907
f 1771 1906 1778
f 1789 1925 1926
f 1786 1922 1787
f 1785 1922 1786
f 1785 1921 1922
f 1785 1789 1921
f 1785 1788 1789
f 1783 1791 1784
f 1783 1920 1791
f 1782 1920 1783
f 1791 1927 1794
f 1790 1909 1925
f 1789 1926 1923
f 1823 1946 1953
f 1789 1790 1925
f 1789 1924 1921
f 1789 1923 1924
f 1787 1922 1917
f 1759 1896 1894
f 1759 1893 1896
f 1759 1895 1760
f 1759 1894 1895
f 1758 1891 1892
f 1758 1893 1759
f 1758 1892 1893
f 1828 1959 1960
f 1853 1981 1854
f 1852 1981 1853
f 1862 1987 1868
f 1861 1986 1862
f 1861 1985 1986
f 1859 1861 1860
f 1858 1982 1983
f 1858 1861 1859
f 1858 1985 1861
f 1858 1984 1985
f 1828 1831 1830
f 1828 1960 1831
f 1854 1981 1855
f 1828 1958 1959
f 1827 1958 1828
f 1827 1957 1958
f 1827 1956 1957
f 1827 1955 1956
f 1833 1964 1837
f 1833 1963 1964
f 1832 1963 1833
f 1832 1962 1963
f 1832 1961 1962
f 1832 1960 1961
f 1852 1979 1980
f 1875 1996 2000
f 1875 1997 1996
f 1847 1976 1977
f 1846 1974 1975
f 1846 1976 1847
f 1846 1975 1976
f 1842 1846 1845
f 1842 1974 1846
f 1842 1973 1974
f 1842 1972 1973
f 1852 1980 1981
f 1831 1960 1832
f 1851 1979 1852
f 1848 1850 1849
f 1848 1979 1851
f 1848 1978 1979
f 1848 1977 1978
f 1847 1977 1848
f 1858 1983 1984
f 1857 1982 1858
f 1856 1981 1982
f 1856 1982 1857
f 1855 1981 1856
f 1822 1950 1823
f 1809 1811 1810
f 1818 1948 1949
f 1818 1820 1948
f 1815 1947 1821
f 1815 1946 1947
f 1815 1929 1946
f 1815 1821 1816
f 1814 1929 1815
f 1812 1826 1813
f 1823 1952 1824
f 1823 1951 1952
f 1811 1942 1943
f 1821 1950 1822
f 1821 1947 1950
f 1820 1824 1948
f 1819 1949 1931
f 1818 1949 1819
f 1827 1829 1955
f 1825 1945 1829
f 1825 1826 1945
f 1824 1952 1954
f 1824 1954 1948
f 1823 1953 1951
f 1841 1971 1842
f 1829 1945 1955
f 1835 1969 1838
f 1834 1969 1835
f 1834 1968 1969
f 1834 1967 1968
f 1834 1966 1967
f 1834 1965 1966
f 1834 1964 1965
f 1834 1837 1964
f 1842 1971 1972
f 1841 1970 1971
f 1741 1744 1743
f 1840 1970 1841
f 1839 1970 1840
f 1839 1969 1970
f 1838 1969 1839
f 1835 1838 1836
f 1812 1945 1826
f 1812 1944 1945
f 1812 1943 1944
f 1811 1940 1942
f 1811 1941 1940
f 1811 1943 1812
f 1680 1810 1681
f 1708 1842 1843
f 1708 1841 1842
f 1706 1838 1839
f 1706 1708 1707
f 1706 1840 1708
f 1706 1839 1840
f 1685 1811 1812
f 1684 1811 1685
f 1684 1810 1811
f 1681 1683 1682
f 1681 1684 1683
f 1681 1810 1684
f 1708 1843 1710
f 1680 1809 1810
f 1689 1815 1816
f 1689 1814 1815
f 1688 1814 1689
f 1688 1796 1814
f 1687 1691 1797
f 1686 1813 1695
f 1685 1813 1686
f 1685 1812 1813
f 1692 1816 1821
f 1691 1820 1818
f 1699 1831 1832
f 1697 1825 1829
f 1697 1828 1698
f 1697 1827 1828
f 1696 1825 1697
f 1695 1813 1826
f 1695 1826 1825
f 1702 1834 1835
f 1701 1833 1702
f 1701 1832 1833
f 1700 1832 1701
f 1699 1832 1700
f 1691 1817 1820
f 1699 1830 1831
f 1698 1830 1699
f 1705 1838 1706
f 1705 1836 1838
f 1704 1836 1705
f 1703 1836 1704
f 1702 1837 1834
f 1702 1833 1837
f 1702 1836 1703
f 1702 1835 1836
f 1708 1710 1709
f 1675 1799 1798
f 1673 1687 1797
f 1672 1796 1688
f 1671 1793 1796
f 1671 1796 1672
f 1669 1795 1793
f 1677 1802 1803
f 1677 1800 1802
f 1677 1679 1678
f 1677 1801 1679
f 1676 1800 1677
f 1676 1798 1800
f 1675 1797 1799
f 1673 1797 1675
f 1680 1808 1809
f 1680 1807 1808
f 1679 1807 1680
f 1679 1801 1807
f 1677 1806 1801
f 1677 1805 1806
f 1677 1804 1805
f 1677 1803 1804
f 1655 1662 1656
f 1653 1779 1776
f 1652 1779 1653
f 1692 1822 1823
f 1691 1819 1797
f 1691 1818 1819
f 1690 1817 1691
f 1690 1692 1817
f 1689 1816 1692
f 1693 1695 1825
f 1693 1696 1694
f 1693 1825 1696
f 1692 1820 1817
f 1692 1824 1820
f 1692 1823 1824
f 1697 1829 1827
f 1692 1821 1822
f 1669 1794 1795
f 1669 1791 1794
f 1669 1792 1791
f 1669 1671 1670
f 1669 1793 1671
f 1668 1792 1669
f 1667 1784 1791
f 1667 1792 1668
f 1674 1798 1676
f 1674 1675 1798
f 1723 1861 1862
f 1754 1756 1755
f 1753 1756 1754
f 1753 1891 1756
f 1753 1890 1891
f 1753 1886 1890
f 1751 1889 1884
f 1751 1888 1889
f 1728 1863 1862
f 1724 1862 1863
f 1724 1728 1727
f 1724 1863 1728
f 1723 1862 1724
f 1756 1891 1757
f 1723 1860 1861
f 1722 1860 1723
f 1733 1867 1866
f 1732 1867 1733
f 1730 1867 1732
f 1730 1866 1867
f 1730 1865 1866
f 1730 1864 1865
f 1728 1864 1730
f 1728 1862 1864
f 1735 1869 1872
f 1745 1881 1882
f 1741 1880 1744
f 1740 1880 1741
f 1740 1879 1880
f 1740 1877 1879
f 1740 1878 1877
f 1738 1740 1739
f 1737 1878 1740
f 1747 1751 1884
f 1745 1751 1746
f 1745 1883 1751
f 1745 1882 1883
f 1735 1737 1736
f 1745 1880 1881
f 1744 1880 1745
f 1741 1743 1742
f 1751 1887 1888
f 1751 1883 1887
f 1748 1753 1752
f 1748 1886 1753
f 1748 1885 1886
f 1748 1884 1885
f 1748 1752 1749
f 1747 1884 1748
f 1718 1851 1852
f 1714 1849 1716
f 1713 1844 1714
f 1711 1713 1712
f 1711 1844 1713
f 1710 1849 1714
f 1710 1848 1849
f 1720 1853 1721
f 1719 1853 1720
f 1718 1850 1848
f 1718 1853 1719
f 1718 1852 1853
f 1716 1849 1850
f 1718 1848 1851
f 1717 1850 1718
f 1722 1859 1860
f 1722 1858 1859
f 1722 1857 1858
f 1722 1856 1857
f 1722 1855 1856
f 1721 1855 1722
f 1721 1854 1855
f 1721 1853 1854
f 1698 1828 1830
f 1737 1871 1873
f 1735 1871 1737
f 1735 1870 1871
f 1733 1735 1734
f 1733 1869 1735
f 1733 1868 1869
f 1733 1866 1868
f 1737 1877 1878
f 1737 1876 1877
f 1737 1875 1876
f 1737 1874 1875
f 1737 1873 1874
f 2264 2269 2369
f 1737 1740 1738
f 1735 1872 1870
f 1710 1847 1848
f 1710 1846 1847
f 1710 1845 1846
f 1710 1842 1845
f 1710 1843 1842
f 1710 1844 1711
f 1710 1714 1844
f 1708 1840 1841
f 1716 1850 1717
f 2728 2816 2729
f 2759 2846 2847
f 2759 2761 2762
f 2769 2855 2856
f 2769 2854 2855
f 2768 2854 2769
f 2768 2853 2854
f 2765 2851 2852
f 2765 2767 2766
f 2765 2768 2767
f 2765 2853 2768
f 2729 2828 2829
f 2729 2816 2828
f 2761 2849 2850
f 2727 2827 2751
f 2726 2827 2727
f 2726 2826 2827
f 2726 2825 2826
f 2724 2825 2726
f 2736 2832 2833
f 2735 2832 2736
f 2734 2832 2735
f 2731 2751 2831
f 2730 2829 2820
f 2730 2830 2829
f 2759 2848 2849
f 2782 2868 2869
f 2781 2868 2782
f 2755 2844 2845
f 2754 2756 2757
f 2753 2844 2755
f 2752 2844 2753
f 2752 2843 2844
f 2752 2841 2843
f 2751 2842 2831
f 2751 2827 2842
f 2759 2849 2761
f 2729 2830 2730
f 2759 2847 2848
f 2758 2846 2759
f 2757 2846 2758
f 2756 2846 2757
f 2756 2845 2846
f 2755 2845 2756
f 2765 2852 2853
f 2764 2851 2765
f 2763 2851 2764
f 2763 2850 2851
f 2761 2850 2763
f 2720 2817 2818
f 2702 2807 2808
f 2716 2718 2717
f 2716 2814 2718
f 2716 2813 2814
f 2716 2812 2813
f 2714 2716 2715
f 2714 2812 2716
f 2714 2811 2812
f 2714 2810 2811
f 2721 2730 2722
f 2720 2819 2809
f 2720 2818 2819
f 2702 2808 2703
f 2719 2817 2720
f 2718 2816 2728
f 2718 2815 2816
f 2718 2814 2815
f 2724 2824 2825
f 2723 2822 2823
f 2723 2824 2724
f 2723 2823 2824
f 2722 2822 2723
f 2722 2821 2822
f 2722 2820 2821
f 2748 2841 2750
f 2729 2829 2830
f 2740 2837 2838
f 2740 2836 2837
f 2740 2835 2836
f 2740 2834 2835
f 2740 2741 2834
f 2738 2833 2741
f 2737 2833 2738
f 2736 2833 2737
f 2750 2841 2752
f 2748 2750 2749
f 2782 2869 2785
f 2748 2840 2841
f 2748 2839 2840
f 2747 2839 2748
f 2742 2838 2744
f 2740 2838 2742
f 2712 2714 2713
f 2712 2810 2714
f 2712 2809 2810
f 2711 2809 2712
f 2710 2809 2711
f 2710 2720 2809
f 2789 2876 2877
f 2811 2902 2903
f 2811 2901 2902
f 2810 2901 2811
f 2809 2901 2810
f 2820 2829 2908
f 2818 2901 2819
f 2818 2907 2901
f 2815 2828 2816
f 2815 2906 2828
f 2815 2905 2906
f 2813 2815 2814
f 2813 2905 2815
f 2811 2903 2904
f 2787 2791 2875
f 2786 2874 2789
f 2786 2873 2874
f 2786 2872 2873
f 2786 2871 2872
f 2786 2868 2871
f 2786 2869 2868
f 2792 2881 2882
f 2792 2880 2881
f 2791 2879 2875
f 2791 2878 2879
f 2799 2889 2891
f 2850 2922 2851
f 2850 2977 2922
f 2850 2921 2977
f 2848 2850 2849
f 2802 2894 2895
f 2801 2894 2802
f 2800 2894 2801
f 2800 2893 2894
f 2799 2893 2800
f 2799 2892 2893
f 2799 2891 2892
f 2790 2878 2791
f 2809 2819 2901
f 2804 2899 2805
f 2804 2898 2899
f 2804 2897 2898
f 2803 2897 2804
f 2803 2896 2897
f 2802 2896 2803
f 2802 2895 2896
f 2813 2904 2905
f 2812 2904 2813
f 2811 2904 2812
f 2781 2866 2867
f 2770 2857 2771
f 2769 2857 2770
f 2769 2856 2857
f 2777 2864 2778
f 2777 2863 2864
f 2776 2862 2777
f 2774 2862 2776
f 2773 2859 2860
f 2773 2862 2774
f 2773 2861 2862
f 2773 2860 2861
f 2781 2867 2868
f 2771 2857 2858
f 2781 2784 2866
f 2780 2865 2786
f 2779 2785 2865
f 2779 2865 2780
f 2778 2864 2784
f 2777 2862 2863
f 2786 2865 2869
f 2785 2869 2865
f 2784 2864 2870
f 2784 2870 2866
f 2782 2785 2783
f 2798 2890 2889
f 2789 2874 2876
f 2789 2878 2790
f 2789 2877 2878
f 2795 2886 2796
f 2794 2885 2884
f 2794 2883 2885
f 2794 2884 2795
f 2793 2875 2880
f 2792 2793 2880
f 2792 2883 2794
f 2792 2882 2883
f 2722 2730 2820
f 2798 2888 2890
f 2798 2889 2799
f 2797 2887 2888
f 2797 2888 2798
f 2796 2887 2797
f 2796 2886 2887
f 2795 2884 2886
f 2772 2773 2775
f 2772 2859 2773
f 2772 2858 2859
f 2771 2858 2772
f 2617 2727 2641
f 2651 2754 2652
f 2650 2750 2752
f 2649 2756 2754
f 2649 2755 2756
f 2649 2753 2755
f 2646 2754 2651
f 2644 2649 2754
f 2619 2718 2728
f 2618 2730 2621
f 2618 2729 2730
f 2618 2728 2729
f 2618 2619 2728
f 2652 2754 2757
f 2615 2617 2616
f 2615 2727 2617
f 2624 2735 2625
f 2624 2734 2735
f 2624 2733 2734
f 2624 2732 2733
f 2624 2731 2732
f 2624 2642 2731
f 2620 2621 2730
f 2620 2730 2721
f 2629 2739 2631
f 2637 2640 2639
f 2636 2746 2747
f 2636 2745 2746
f 2635 2745 2636
f 2635 2743 2745
f 2634 2744 2743
f 2634 2742 2744
f 2634 2743 2635
f 2641 2727 2751
f 2640 2750 2650
f 2640 2749 2750
f 2637 2639 2638
f 2628 2737 2738
f 2637 2749 2640
f 2636 2749 2637
f 2636 2748 2749
f 2644 2646 2645
f 2644 2754 2646
f 2643 2649 2648
f 2643 2753 2649
f 2643 2752 2753
f 2643 2650 2752
f 2642 2751 2731
f 2641 2751 2642
f 2610 2612 2719
f 2608 2716 2609
f 2608 2715 2716
f 2607 2609 2619
f 2606 2715 2608
f 2606 2714 2715
f 2606 2713 2714
f 2613 2723 2724
f 2613 2722 2723
f 2613 2721 2722
f 2611 2719 2612
f 2610 2720 2710
f 2610 2719 2720
f 2609 2716 2717
f 2609 2718 2619
f 2615 2726 2727
f 2615 2724 2726
f 2615 2725 2724
f 2614 2725 2615
f 2613 2620 2721
f 2613 2622 2620
f 2613 2725 2614
f 2613 2724 2725
f 2589 2693 2590
f 2589 2692 2693
f 2631 2739 2738
f 2628 2738 2739
f 2627 2737 2628
f 2626 2737 2627
f 2626 2736 2737
f 2625 2735 2736
f 2625 2736 2626
f 2633 2742 2634
f 2632 2740 2742
f 2632 2742 2633
f 2631 2741 2740
f 2631 2738 2741
f 2636 2747 2748
f 2631 2740 2632
f 2629 2631 2630
f 2605 2713 2606
f 2605 2712 2713
f 2605 2711 2712
f 2603 2610 2710
f 2603 2605 2604
f 2603 2711 2605
f 2603 2710 2711
f 2597 2709 2598
f 2609 2717 2718
f 2667 2776 2670
f 2702 2806 2807
f 2699 2804 2805
f 2697 2699 2698
f 2697 2804 2699
f 2697 2803 2804
f 2695 2803 2697
f 2695 2802 2803
f 2695 2801 2802
f 2670 2776 2777
f 2670 2778 2671
f 2670 2777 2778
f 2667 2670 2668
f 2689 2798 2691
f 2667 2774 2776
f 2665 2775 2773
f 2665 2772 2775
f 2675 2782 2783
f 2675 2781 2782
f 2673 2677 2674
f 2673 2780 2677
f 2673 2779 2780
f 2672 2779 2673
f 2672 2676 2779
f 2671 2778 2675
f 2687 2796 2797
f 2685 2687 2686
f 2685 2794 2687
f 2684 2875 2793
f 2684 2787 2875
f 2683 2792 2690
f 2682 2793 2792
f 2682 2684 2793
f 2682 2792 2683
f 2689 2797 2798
f 2688 2797 2689
f 2687 2797 2688
f 2677 2786 2680
f 2687 2795 2796
f 2687 2794 2795
f 2685 2792 2794
f 2685 2690 2792
f 2694 2801 2695
f 2692 2694 2693
f 2692 2801 2694
f 2692 2800 2801
f 2691 2800 2692
f 2691 2799 2800
f 2691 2798 2799
f 2659 2769 2770
f 2656 2766 2767
f 2656 2765 2766
f 2656 2764 2765
f 2655 2764 2656
f 2655 2763 2764
f 2654 2763 2655
f 2654 2761 2763
f 2661 2770 2771
f 2659 2767 2768
f 2659 2661 2660
f 2659 2770 2661
f 2656 2767 2658
f 2659 2768 2769
f 2658 2767 2659
f 2656 2658 2657
f 2665 2667 2666
f 2665 2774 2667
f 2665 2773 2774
f 2664 2772 2665
f 2663 2772 2664
f 2661 2663 2662
f 2661 2772 2663
f 2661 2771 2772
f 2680 2786 2789
f 2677 2780 2786
f 2677 2680 2678
f 2676 2785 2779
f 2676 2783 2785
f 2675 2784 2781
f 2675 2778 2784
f 2675 2783 2676
f 2680 2787 2788
f 2680 2791 2787
f 2680 2790 2791
f 2680 2789 2790
f 2850 2920 2921
f 2679 2788 2787
f 2679 2680 2788
f 2679 2787 2684
f 2653 2762 2761
f 2653 2759 2762
f 2653 2760 2759
f 2653 2761 2654
f 2652 2760 2653
f 2652 2759 2760
f 2652 2758 2759
f 2652 2757 2758
f 3000 3056 3007
f 2991 3044 3046
f 2998 3055 3002
f 2998 3054 3055
f 2998 3053 3054
f 2997 3053 2998
f 2997 3052 3053
f 2996 3052 2997
f 2996 3051 3052
f 2996 3050 3051
f 3005 3057 3006
f 3004 3057 3005
f 3003 3008 3004
f 2991 3046 3045
f 3000 3055 3056
f 3000 3002 3055
f 2998 3001 2999
f 2998 3002 3001
f 2977 3026 3027
f 2976 3026 2977
f 2968 3024 3025
f 2967 3024 2968
f 2966 3023 3022
f 2966 3021 3023
f 2964 3021 2966
f 2989 3043 3044
f 3018 3065 3019
f 3032 3071 3072
f 3032 3073 3033
f 3032 3072 3073
f 3030 3032 3031
f 3030 3071 3032
f 3029 3071 3030
f 3028 3071 3029
f 3024 3070 3025
f 2991 3045 2992
f 2990 3044 2991
f 2964 3023 3021
f 2989 3044 2990
f 2988 3043 2989
f 2988 3042 3043
f 2987 3041 3042
f 2987 3042 2988
f 2995 3049 3050
f 2995 3050 2996
f 2994 3049 2995
f 2994 3048 3049
f 2994 3047 3048
f 2992 3045 3047
f 2952 3009 3010
f 2950 3007 3008
f 2950 3000 3007
f 2948 2951 2949
f 2948 3006 2951
f 2948 3005 3006
f 2948 3004 3005
f 2948 3003 3004
f 2948 2950 3003
f 2953 3012 3013
f 2953 3011 3012
f 2952 3011 2953
f 2952 3010 3011
f 2982 3036 3038
f 2951 3009 2952
f 2951 3006 3009
f 2950 3008 3003
f 2959 3015 3016
f 2959 3017 2960
f 2959 3016 3017
f 2958 3015 2959
f 2956 2958 2957
f 2954 3014 2955
f 2953 3014 2954
f 2953 3013 3014
f 2981 3035 3036
f 2980 3031 3032
f 2979 3031 2980
f 2979 3030 3031
f 2979 3029 3030
f 2977 2979 2978
f 2977 3029 2979
f 2977 3028 3029
f 2977 3027 3028
f 2982 3037 3036
f 2981 3037 2982
f 2981 3036 3037
f 3019 3065 3066
f 2980 3035 2981
f 2980 3034 3035
f 2980 3033 3034
f 2980 3032 3033
f 2985 3040 3041
f 2985 2987 2986
f 2985 3041 2987
f 2984 3040 2985
f 2982 3040 2983
f 2982 3039 3040
f 2982 3038 3039
f 3103 3107 3108
f 3065 3092 3091
f 3065 3088 3092
f 3065 3091 3066
f 3095 3102 3103
f 3094 3101 3100
f 3093 3094 3100
f 3078 3099 3098
f 3078 3097 3099
f 3078 3098 3081
f 3077 3097 3078
f 3076 3097 3077
f 3106 3108 3107
f 3066 3091 3068
f 3102 3107 3103
f 3100 3106 3107
f 3100 3101 3106
f 3095 3105 3096
f 3095 3104 3105
f 3095 3103 3104
f 3039 3041 3040
f 3039 3042 3041
f 3039 3077 3042
f 3039 3076 3077
f 3036 3039 3038
f 1 2022 2143
f 1 3 9
f 1 8 3
f 1 345 401
f 1 294 345
f 1 293 294
f 1 247 293
f 1 199 247
f 1 156 199
f 1 120 156
f 1 2264 2369
f 1 2143 2264
f 3036 3075 3039
f 1 1894 2022
f 1 1899 1894
f 1 1898 1899
f 1 1762 1898
f 1 66 93
f 1 47 66
f 1 2369 2489
f 3069 3096 3070
f 3069 3095 3096
f 3068 3094 3093
f 3067 3068 3093
f 3015 3017 3016
f 3059 3085 3061
f 3059 3060 3085
f 3012 3059 3013
f 3010 3060 3059
f 3010 3058 3060
f 3010 3012 3011
f 3010 3059 3012
f 3006 3010 3009
f 3006 3058 3010
f 3006 3057 3058
f 3018 3064 3065
f 3017 3064 3018
f 3063 3086 3064
f 3015 3064 3017
f 3015 3063 3064
f 3013 3062 3014
f 3013 3061 3062
f 3013 3059 3061
f 3024 3069 3070
f 3023 3068 3067
f 3023 3066 3068
f 3022 3023 3067
f 3020 3066 3023
f 3019 3066 3020
f 3047 3080 3084
f 3036 3074 3075
f 3035 3074 3036
f 3045 3080 3047
f 3045 3046 3080
f 3044 3079 3046
f 3042 3044 3043
f 3042 3079 3044
f 3042 3078 3079
f 3042 3077 3078
f 3039 3075 3076
f 3057 3060 3058
f 2964 3020 3023
f 3047 3084 3048
f 3046 3083 3080
f 3046 3082 3083
f 3046 3081 3082
f 3046 3078 3081
f 3046 3079 3078
f 3064 3090 3087
f 3064 3089 3090
f 3064 3086 3089
f 3064 3088 3065
f 3064 3087 3088
f 2884 2885 2949
f 2883 2949 2885
f 2883 2948 2949
f 2883 2947 2948
f 2882 2946 2883
f 2882 2945 2946
f 2881 2945 2882
f 2889 2890 2953
f 2888 2952 2890
f 2887 2952 2888
f 2886 2951 2952
f 2886 2952 2887
f 2884 2949 2951
f 2883 2946 2950
f 2884 2951 2886
f 2855 2925 2926
f 2855 2858 2856
f 2855 2927 2858
f 2855 2926 2927
f 2854 2925 2855
f 2854 2924 2925
f 2854 2923 2924
f 2853 2923 2854
f 2862 2929 2930
f 2861 2929 2862
f 2873 2938 2876
f 2906 2970 2971
f 2905 2970 2906
f 2905 2969 2970
f 2904 2969 2905
f 2903 2969 2904
f 2901 2907 2902
f 2876 2940 2941
f 2876 2938 2940
f 2876 2939 2877
f 2875 2881 2880
f 2875 2879 2881
f 2861 2928 2929
f 2873 2937 2938
f 2873 2876 2874
f 2881 2944 2945
f 2879 2944 2881
f 2879 2943 2944
f 2879 2942 2943
f 2877 2879 2878
f 2877 2942 2879
f 2877 2939 2942
f 2876 2941 2939
f 2883 2950 2947
f 2840 2912 2841
f 2821 2911 2822
f 2821 2910 2911
f 2821 2909 2910
f 2821 2908 2909
f 2820 2908 2821
f 2845 2915 2916
f 2844 2915 2845
f 2844 2914 2915
f 2844 2913 2914
f 2843 2913 2844
f 2843 2912 2913
f 2841 2912 2843
f 2826 2842 2827
f 2848 2920 2850
f 2848 2919 2920
f 2848 2918 2919
f 2847 2918 2848
f 2847 2917 2918
f 2846 2917 2847
f 2845 2917 2846
f 2845 2916 2917
f 2852 2923 2853
f 2851 2923 2852
f 2851 2922 2923
f 2863 2930 2870
f 2860 2927 2928
f 2860 2928 2861
f 2859 2927 2860
f 2858 2927 2859
f 2856 2858 2857
f 2867 2934 2935
f 2866 2933 2867
f 2866 2932 2933
f 2866 2931 2932
f 2866 2870 2931
f 2863 2870 2864
f 2906 2971 2908
f 2862 2930 2863
f 2872 2937 2873
f 2872 2936 2937
f 2870 2930 2931
f 2868 2872 2871
f 2868 2936 2872
f 2867 2933 2934
f 2867 2936 2868
f 2867 2935 2936
f 2828 2908 2829
f 2828 2906 2908
f 2945 3000 2946
f 2942 2998 2999
f 2942 2997 2998
f 2942 2996 2997
f 2942 2995 2996
f 2942 2994 2995
f 2941 3047 2994
f 2941 2992 3047
f 2947 2950 2948
f 2946 3000 2950
f 2945 3002 3000
f 2945 3001 3002
f 2945 2999 3001
f 2942 2999 2943
f 2944 2999 2945
f 2943 2999 2944
f 2920 2975 2921
f 2919 2975 2920
f 2919 2974 2975
f 2919 2973 2974
f 2918 2972 2973
f 2918 2973 2919
f 2917 2972 2918
f 2916 2972 2917
f 2924 2981 2925
f 2934 2989 2938
f 2963 3018 3019
f 2961 2963 3019
f 2961 2964 2962
f 2961 3020 2964
f 2961 3019 3020
f 2960 3018 2963
f 2960 3017 3018
f 2938 2989 2990
f 2935 2937 2936
f 2935 2938 2937
f 2934 2938 2935
f 2924 2980 2981
f 2933 2989 2934
f 2932 2989 2933
f 2932 2988 2989
f 2941 2942 2993
f 2941 2994 2942
f 2939 2941 2993
f 2939 2993 2942
f 2938 2941 2940
f 2938 2992 2941
f 2938 2991 2992
f 2938 2990 2991
f 2893 2959 2960
f 2891 2956 2957
f 2891 2955 2956
f 2891 2954 2955
f 2891 2953 2954
f 2890 2952 2953
f 2889 2953 2891
f 2895 2960 2963
f 2895 2962 2896
f 2895 2961 2962
f 2894 2960 2895
f 2893 2960 2894
f 2891 2957 2892
f 2892 2959 2893
f 2892 2958 2959
f 2900 2967 2968
f 2898 2964 2966
f 2898 2965 2964
f 2897 2965 2898
f 2896 2965 2897
f 2896 2964 2965
f 2896 2962 2964
f 2895 2963 2961
f 2908 2971 2909
f 2925 2982 2926
f 2923 2979 2924
f 2923 2978 2979
f 2922 2978 2923
f 2922 2977 2978
f 2921 2976 2977
f 2921 2975 2976
f 2927 2984 2928
f 2927 3040 2984
f 2927 2983 3040
f 2926 2983 2927
f 2926 2982 2983
f 2589 2691 2692
f 2925 2981 2982
f 2924 2979 2980
f 2932 2987 2988
f 2932 2986 2987
f 2930 2986 2932
f 2930 2932 2931
f 2929 2986 2930
f 2928 2984 2985
f 2928 2986 2929
f 2928 2985 2986
f 2892 2957 2958
f 2374 3108 3106
f 2374 3096 3105
f 2374 3070 3096
f 2374 3025 3070
f 2374 2968 3025
f 2374 2900 2968
f 2374 3088 3087
f 2374 3092 3088
f 2374 3091 3092
f 2374 3068 3091
f 2374 3094 3068
f 2374 3101 3094
f 2374 3106 3101
f 2374 3105 3104
f 2374 2956 2955
f 2374 2958 2956
f 2374 3015 2958
f 2374 3063 3015
f 2374 3086 3063
f 2374 3089 3086
f 2374 3090 3089
f 2374 3087 3090
f 2374 3004 3008
f 2374 3057 3004
f 2374 3060 3057
f 2374 3099 3097
f 2374 3080 3083
f 2374 3084 3080
f 2374 3048 3084
f 2374 3049 3048
f 2374 3050 3049
f 2374 3034 3033
f 2374 3035 3034
f 2374 3074 3035
f 2374 3075 3074
f 2374 3076 3075
f 2374 3097 3076
f 2374 3085 3060
f 2374 3098 3099
f 2374 2976 2975
f 2374 3026 2976
f 2374 3027 3026
f 2374 3028 3027
f 2374 3071 3028
f 2374 3072 3071
f 2374 3073 3072
f 2374 3033 3073
f 2374 3103 3108
f 2374 3104 3103
f 2357 2472 2359
f 2374 2600 2599
f 2374 2601 2600
f 2374 2602 2601
f 2374 2493 2602
f 2374 2806 2900
f 2374 2807 2806
f 2374 2808 2807
f 2374 2703 2808
f 2374 2704 2703
f 2374 2705 2704
f 2374 2706 2705
f 2374 2707 2706
f 2374 2599 2598
f 2357 2470 2472
f 2356 2471 2470
f 2356 2469 2471
f 2356 2358 2469
f 2356 2470 2357
f 2355 2469 2358
f 2354 2469 2355
f 2361 2477 2478
f 2360 2477 2361
f 2360 2475 2477
f 2359 2476 2473
f 2368 2487 2371
f 2374 3061 3085
f 2374 3062 3061
f 2374 3014 3062
f 2374 2955 3014
f 2371 2490 2372
f 2371 2486 2490
f 2371 2487 2486
f 2369 2491 2489
f 2369 2488 2491
f 2369 2372 2488
f 2368 2371 2370
f 2374 3083 3082
f 2374 2494 2493
f 2374 2495 2494
f 2373 2495 2374
f 2373 2494 2495
f 2373 2493 2494
f 2373 2492 2493
f 2372 2490 2491
f 2372 2491 2488
f 2374 2708 2707
f 2374 2709 2708
f 2374 2598 2709
f 2374 2902 2907
f 2374 2971 2970
f 2374 2909 2971
f 2374 2910 2909
f 2374 2911 2910
f 2374 2822 2911
f 2374 2823 2822
f 2374 2824 2823
f 2374 2611 2509
f 2374 2719 2611
f 2374 2817 2719
f 2374 2818 2817
f 2374 2907 2818
f 2374 2970 2969
f 2374 2903 2902
f 2374 2969 2903
f 2375 2497 2389
f 2375 2389 2376
f 2374 2497 2375
f 2374 2389 2497
f 2374 2496 2389
f 2374 2390 2496
f 2374 2391 2390
f 2374 2509 2391
f 2379 2501 2382
f 2393 2509 2394
f 2385 2498 2386
f 2385 2508 2498
f 2385 2506 2508
f 2385 2507 2506
f 2384 2507 2385
f 2384 2506 2507
f 2384 2395 2506
f 2396 2407 2397
f 2395 2510 2506
f 2394 2510 2395
f 2394 2509 2510
f 2378 2501 2379
f 2392 2509 2393
f 2391 2509 2392
f 2389 2496 2390
f 2399 2401 2400
f 2399 2430 2401
f 2398 2430 2399
f 2398 2513 2430
f 2398 2512 2513
f 2397 2512 2398
f 2397 2511 2512
f 2397 2407 2511
f 2374 2733 2732
f 2374 2741 2833
f 2374 2834 2741
f 2374 2835 2834
f 2374 2836 2835
f 2374 2837 2836
f 2374 2838 2837
f 2374 2825 2824
f 2374 2826 2825
f 2374 2842 2826
f 2374 2831 2842
f 2374 2731 2831
f 2374 2732 2731
f 2374 2833 2832
f 2374 2734 2733
f 2374 3051 3050
f 2374 3052 3051
f 2374 3053 3052
f 2374 3054 3053
f 2374 3055 3054
f 2374 3056 3055
f 2374 3007 3056
f 2374 3008 3007
f 2374 3081 3098
f 2374 3082 3081
f 2374 2973 2972
f 2378 2500 2501
f 2378 2499 2500
f 2378 2498 2499
f 2377 2498 2378
f 2377 2387 2498
f 2377 2380 2387
f 2374 2913 2912
f 2374 2914 2913
f 2374 2915 2914
f 2374 2916 2915
f 2374 2972 2916
f 2359 2472 2476
f 2374 2974 2973
f 2374 2975 2974
f 2374 2744 2838
f 2374 2743 2744
f 2374 2745 2743
f 2374 2746 2745
f 2374 2747 2746
f 2374 2839 2747
f 2374 2840 2839
f 2374 2912 2840
f 2374 2832 2734
f 2299 2414 2410
f 2292 2402 2403
f 2292 2296 2402
f 2297 2411 2298
f 2297 2410 2411
f 2297 2299 2410
f 2296 2409 2402
f 2296 2408 2409
f 2296 2381 2408
f 2294 2407 2396
f 2294 2406 2407
f 2301 2415 2416
f 2301 2412 2415
f 2292 2403 2293
f 2299 2413 2414
f 2299 2321 2413
f 2298 2301 2300
f 2298 2412 2301
f 2298 2411 2412
f 2305 2418 2528
f 2304 2419 2418
f 2304 2310 2419
f 2304 2418 2305
f 2303 2417 2310
f 2302 2417 2303
f 2322 2435 2323
f 2308 2425 2309
f 2308 2424 2425
f 2319 2413 2321
f 2318 2430 2428
f 2318 2401 2430
f 2318 2429 2320
f 2318 2428 2429
f 2317 2401 2318
f 2314 2426 2427
f 2314 2427 2325
f 2322 2326 2436
f 2301 2417 2302
f 2322 2434 2435
f 2322 2433 2434
f 2322 2432 2433
f 2319 2431 2413
f 2319 2429 2431
f 2319 2320 2429
f 2294 2404 2406
f 2294 2295 2404
f 2293 2405 2404
f 2293 2403 2405
f 2293 2404 2295
f 2260 2266 2265
f 2285 2391 2392
f 2290 2401 2317
f 2290 2400 2401
f 2289 2400 2290
f 2289 2399 2400
f 2288 2397 2398
f 2288 2399 2289
f 2288 2398 2399
f 2287 2294 2396
f 2261 2263 2262
f 2261 2265 2263
f 2260 2265 2261
f 2285 2392 2393
f 2260 2368 2266
f 2260 2367 2368
f 2260 2366 2367
f 2259 2366 2260
f 2269 2372 2369
f 2268 2372 2269
f 2268 2371 2372
f 2268 2370 2371
f 2268 2368 2370
f 2266 2268 2267
f 2266 2368 2268
f 2285 2376 2389
f 2301 2416 2417
f 2283 2384 2385
f 2283 2383 2384
f 2282 2383 2283
f 2282 2286 2383
f 2281 2381 2296
f 2280 2382 2381
f 2280 2379 2382
f 2280 2381 2281
f 2285 2390 2391
f 2285 2389 2390
f 2309 2425 2312
f 2284 2388 2380
f 2284 2387 2388
f 2284 2386 2387
f 2284 2385 2386
f 2283 2385 2284
f 2287 2397 2288
f 2287 2396 2397
f 2286 2395 2383
f 2286 2394 2395
f 2286 2393 2394
f 2285 2393 2286
f 2350 2464 2353
f 2340 2453 2454
f 2340 2452 2453
f 2340 2451 2452
f 2346 2460 2347
f 2345 2460 2346
f 2345 2459 2460
f 2345 2458 2459
f 2344 2457 2458
f 2344 2458 2345
f 2342 2344 2343
f 2342 2457 2344
f 2350 2353 2351
f 2340 2454 2455
f 2350 2463 2464
f 2349 2462 2350
f 2348 2462 2349
f 2347 2460 2461
f 2347 2462 2348
f 2347 2461 2462
f 2354 2468 2469
f 2353 2468 2354
f 2353 2467 2468
f 2353 2466 2467
f 2353 2464 2466
f 2367 2487 2368
f 2359 2475 2360
f 2359 2474 2475
f 2359 2473 2474
f 2364 2365 2483
f 2363 2482 2365
f 2363 2481 2482
f 2363 2480 2481
f 2363 2479 2480
f 2363 2478 2479
f 2362 2478 2363
f 2361 2478 2362
f 2351 2353 2352
f 2367 2486 2487
f 2367 2485 2486
f 2367 2484 2485
f 2367 2483 2484
f 2365 2482 2483
f 2364 2367 2366
f 2364 2483 2367
f 2341 2457 2342
f 2341 2456 2457
f 2341 2455 2456
f 2340 2455 2341
f 2308 2422 2423
f 2330 2445 2331
f 2330 2444 2445
f 2339 2451 2340
f 2338 2449 2450
f 2338 2451 2339
f 2338 2450 2451
f 2337 2449 2338
f 2336 2449 2337
f 2336 2448 2449
f 2335 2447 2448
f 2308 2423 2424
f 2331 2445 2332
f 2308 2421 2422
f 2307 2421 2308
f 2306 2421 2307
f 2305 2421 2306
f 2305 2420 2421
f 2305 2528 2420
f 2313 2425 2426
f 2313 2426 2314
f 2312 2425 2313
f 2310 2417 2419
f 2309 2312 2311
f 2330 2442 2443
f 2350 2465 2463
f 2350 2462 2465
f 2325 2436 2326
f 2325 2440 2436
f 2324 2439 2327
f 2323 2439 2324
f 2323 2438 2439
f 2323 2437 2438
f 2323 2435 2437
f 2322 2436 2432
f 2330 2443 2444
f 2386 2498 2387
f 2329 2442 2330
f 2328 2442 2329
f 2328 2441 2442
f 2327 2441 2328
f 2327 2439 2441
f 2325 2427 2440
f 2335 2448 2336
f 2334 2445 2446
f 2334 2447 2335
f 2334 2446 2447
f 2332 2445 2334
f 2530 2631 2632
f 2551 2654 2552
f 2551 2653 2654
f 2550 2653 2551
f 2550 2652 2653
f 2526 2628 2739
f 2525 2626 2627
f 2525 2623 2626
f 2525 2628 2526
f 2525 2627 2628
f 2524 2626 2623
f 2524 2625 2626
f 2523 2542 2624
f 2552 2654 2655
f 2528 2630 2631
f 2528 2529 2630
f 2528 2631 2530
f 2527 2630 2529
f 2527 2629 2630
f 2526 2629 2527
f 2526 2739 2629
f 2533 2637 2638
f 2533 2636 2637
f 2533 2635 2636
f 2532 2633 2634
f 2544 2643 2545
f 2541 2641 2542
f 2541 2617 2641
f 2540 2617 2541
f 2539 2540 2541
f 2545 2648 2649
f 2545 2643 2648
f 2545 2548 2547
f 2545 2647 2548
f 2545 2646 2647
f 2545 2645 2646
f 2545 2644 2645
f 2532 2635 2533
f 2550 2651 2652
f 2549 2651 2550
f 2549 2646 2651
f 2549 2647 2646
f 2548 2647 2549
f 2546 2650 2643
f 2546 2640 2650
f 2545 2649 2644
f 2554 2656 2657
f 2552 2656 2554
f 2552 2655 2656
f 2523 2624 2625
f 2512 2615 2616
f 2512 2614 2615
f 2511 2613 2512
f 2518 2621 2620
f 2518 2618 2621
f 2518 2620 2519
f 2517 2618 2518
f 2516 2607 2619
f 2516 2619 2618
f 2515 2618 2517
f 2514 2516 2618
f 2523 2625 2524
f 2512 2616 2617
f 2521 2623 2525
f 2521 2524 2623
f 2521 2525 2522
f 2520 2524 2521
f 2519 2622 2613
f 2519 2620 2622
f 2486 2594 2490
f 2485 2594 2486
f 2485 2593 2594
f 2484 2593 2485
f 2484 2592 2593
f 2511 2519 2613
f 2532 2634 2635
f 2531 2632 2633
f 2530 2632 2531
f 2538 2539 2541
f 2537 2639 2640
f 2537 2640 2546
f 2536 2639 2537
f 2535 2639 2536
f 2535 2638 2639
f 2534 2638 2535
f 2533 2638 2534
f 2542 2641 2642
f 2510 2612 2610
f 2510 2611 2612
f 2509 2611 2510
f 2506 2603 2508
f 2506 2610 2603
f 2506 2510 2610
f 2504 2606 2608
f 2514 2618 2515
f 2513 2617 2540
f 2512 2613 2614
f 2512 2617 2513
f 2570 2673 2674
f 2597 2705 2706
f 2597 2704 2705
f 2597 2703 2704
f 2597 2702 2703
f 2596 2701 2700
f 2573 2676 2574
f 2573 2675 2676
f 2573 2671 2675
f 2572 2671 2573
f 2571 2674 2575
f 2570 2672 2673
f 2570 2674 2571
f 2597 2706 2707
f 2577 2679 2681
f 2576 2680 2679
f 2576 2678 2680
f 2576 2679 2577
f 2575 2678 2576
f 2575 2677 2678
f 2575 2674 2677
f 2574 2676 2672
f 2580 2684 2682
f 2580 2679 2684
f 2580 2681 2679
f 2590 2693 2591
f 2588 2683 2690
f 2588 2690 2685
f 2586 2689 2589
f 2585 2689 2586
f 2585 2688 2689
f 2592 2695 2697
f 2592 2696 2695
f 2591 2696 2592
f 2591 2695 2696
f 2591 2694 2695
f 2591 2693 2694
f 2580 2683 2581
f 2589 2689 2691
f 2596 2805 2701
f 2596 2699 2805
f 2595 2596 2700
f 2594 2699 2596
f 2594 2698 2699
f 2593 2698 2594
f 2592 2698 2593
f 2592 2697 2698
f 2597 2708 2709
f 2597 2707 2708
f 2563 2664 2665
f 2559 2563 2560
f 2558 2563 2559
f 2558 2662 2563
f 2558 2661 2662
f 2564 2567 2669
f 2564 2669 2565
f 2563 2669 2567
f 2563 2668 2669
f 2563 2667 2668
f 2563 2666 2667
f 2563 2665 2666
f 2560 2563 2561
f 2569 2672 2570
f 2569 2574 2672
f 2568 2671 2572
f 2568 2670 2671
f 2565 2568 2566
f 2565 2670 2568
f 2565 2668 2670
f 2565 2669 2668
f 2544 2546 2643
f 2543 2546 2544
f 2542 2642 2624
f 2581 2683 2588
f 2580 2682 2683
f 2579 2681 2580
f 2578 2681 2579
f 2577 2681 2578
f 2584 2688 2585
f 2584 2687 2688
f 2584 2686 2687
f 2583 2686 2584
f 2583 2685 2686
f 2582 2588 2685
f 2582 2685 2583
f 2482 2484 2483
f 2558 2660 2661
f 2556 2657 2658
f 2556 2558 2557
f 2556 2660 2558
f 2556 2659 2660
f 2556 2658 2659
f 2555 2657 2556
f 2554 2657 2555
f 2563 2663 2664
f 2563 2662 2663
f 2561 2563 2562
f 2423 2427 2424
f 2447 2555 2448
f 2422 2532 2533
f 2422 2633 2532
f 2422 2531 2633
f 2421 2531 2422
f 2420 2531 2421
f 2420 2530 2531
f 2420 2528 2530
f 2419 2529 2528
f 2427 2535 2536
f 2424 2426 2425
f 2424 2427 2426
f 2448 2555 2556
f 2423 2535 2427
f 2423 2534 2535
f 2422 2534 2423
f 2422 2533 2534
f 2430 2540 2539
f 2430 2513 2540
f 2428 2539 2538
f 2428 2430 2539
f 2428 2431 2429
f 2428 2538 2431
f 2427 2537 2440
f 2447 2553 2552
f 2433 2437 2434
f 2443 2551 2444
f 2443 2550 2551
f 2443 2549 2550
f 2443 2548 2549
f 2442 2548 2443
f 2441 2548 2442
f 2441 2547 2548
f 2441 2545 2547
f 2447 2554 2555
f 2447 2552 2554
f 2427 2536 2537
f 2444 2446 2445
f 2444 2447 2446
f 2444 2553 2447
f 2444 2552 2553
f 2444 2551 2552
f 2450 2559 2451
f 2450 2558 2559
f 2450 2557 2558
f 2449 2557 2450
f 2448 2557 2449
f 2448 2556 2557
f 2415 2527 2416
f 2414 2524 2520
f 2413 2524 2414
f 2413 2523 2524
f 2413 2431 2523
f 2411 2522 2415
f 2411 2415 2412
f 2410 2522 2411
f 2410 2521 2522
f 2419 2527 2529
f 2418 2419 2528
f 2416 2419 2417
f 2416 2527 2419
f 2405 2515 2517
f 2415 2526 2527
f 2415 2525 2526
f 2415 2522 2525
f 2383 2395 2384
f 2382 2505 2502
f 2382 2504 2505
f 2382 2503 2504
f 2382 2501 2503
f 2381 2382 2502
f 2381 2502 2408
f 2380 2388 2387
f 2403 2516 2514
f 2433 2545 2437
f 2433 2544 2545
f 2433 2543 2544
f 2432 2543 2433
f 2432 2436 2543
f 2431 2542 2523
f 2431 2541 2542
f 2431 2538 2541
f 2404 2518 2406
f 2404 2517 2518
f 2404 2405 2517
f 2434 2437 2435
f 2403 2409 2516
f 2403 2515 2405
f 2403 2514 2515
f 2402 2409 2403
f 2410 2520 2521
f 2410 2414 2520
f 2409 2502 2516
f 2408 2502 2409
f 2407 2519 2511
f 2407 2518 2519
f 2406 2518 2407
f 2473 2582 2583
f 2501 2606 2503
f 2500 2606 2501
f 2470 2579 2472
f 2470 2471 2579
f 2469 2578 2471
f 2468 2578 2469
f 2468 2577 2578
f 2467 2575 2576
f 2467 2577 2468
f 2467 2576 2577
f 2473 2584 2474
f 2473 2583 2584
f 2502 2505 2607
f 2473 2476 2582
f 2472 2581 2476
f 2472 2580 2581
f 2472 2579 2580
f 2471 2578 2579
f 2477 2587 2478
f 2476 2588 2582
f 2476 2581 2588
f 2475 2587 2477
f 2475 2586 2587
f 2475 2585 2586
f 2499 2605 2500
f 2482 2592 2484
f 2481 2592 2482
f 2492 2600 2601
f 2492 2599 2600
f 2492 2598 2599
f 2492 2597 2598
f 2491 2596 2595
f 2490 2594 2596
f 2490 2596 2491
f 2489 2491 2595
f 2500 2605 2606
f 2474 2585 2475
f 2499 2604 2605
f 2498 2604 2499
f 2498 2603 2604
f 2498 2508 2603
f 2492 2602 2493
f 2492 2601 2602
f 2504 2607 2505
f 2504 2609 2607
f 2504 2608 2609
f 2503 2606 2504
f 2502 2607 2516
f 2465 2574 2569
f 2455 2563 2456
f 2463 2570 2571
f 2463 2569 2570
f 2463 2465 2569
f 2461 2465 2462
f 2461 2568 2465
f 2460 2568 2461
f 2459 2568 2460
f 2459 2566 2568
f 2466 2571 2575
f 2466 2575 2467
f 2456 2564 2565
f 2465 2573 2574
f 2465 2572 2573
f 2465 2568 2572
f 2464 2571 2466
f 2463 2571 2464
f 2440 2537 2546
f 2439 2545 2441
f 2438 2545 2439
f 2437 2545 2438
f 2436 2440 2546
f 2436 2546 2543
f 2454 2561 2455
f 2474 2584 2585
f 2481 2591 2592
f 2480 2591 2481
f 2480 2590 2591
f 2479 2590 2480
f 2479 2589 2590
f 2479 2586 2589
f 2479 2587 2586
f 2478 2587 2479
f 2455 2562 2563
f 2455 2561 2562
f 1497 1501 1500
f 2453 2561 2454
f 2451 2453 2452
f 2451 2561 2453
f 2451 2560 2561
f 2451 2559 2560
f 2458 2566 2459
f 2456 2567 2564
f 2456 2563 2567
f 2456 2458 2457
f 2456 2566 2458
f 2456 2565 2566
f 462 533 534
f 454 521 522
f 452 454 453
f 452 521 454
f 452 520 521
f 460 528 529
f 460 527 528
f 459 526 460
f 458 526 459
f 457 526 458
f 457 525 526
f 456 525 457
f 455 525 456
f 454 522 523
f 462 532 533
f 462 529 532
f 461 529 462
f 460 531 527
f 460 530 531
f 460 526 530
f 460 529 461
f 435 504 436
f 435 503 504
f 435 502 503
f 433 435 434
f 475 545 547
f 472 544 473
f 472 543 544
f 472 542 543
f 471 542 472
f 478 550 551
f 478 548 550
f 477 549 548
f 477 546 549
f 476 548 478
f 476 477 548
f 475 547 546
f 433 502 435
f 452 519 520
f 451 519 452
f 451 518 519
f 451 517 518
f 450 517 451
f 448 517 450
f 448 516 517
f 448 515 516
f 455 524 525
f 455 523 524
f 454 523 455
f 427 487 489
f 443 515 444
f 443 514 515
f 442 511 512
f 422 482 486
f 421 485 483
f 421 480 485
f 420 484 481
f 420 483 484
f 419 483 420
f 419 421 483
f 418 482 422
f 444 515 448
f 426 488 430
f 425 488 426
f 424 427 488
f 424 488 425
f 423 487 427
f 423 428 487
f 422 486 429
f 429 494 492
f 429 486 494
f 428 493 487
f 428 492 493
f 442 514 443
f 433 501 502
f 432 501 433
f 432 500 501
f 440 508 509
f 439 507 506
f 439 505 507
f 439 506 446
f 438 504 505
f 437 505 439
f 437 438 505
f 436 504 438
f 473 544 545
f 442 513 514
f 442 512 513
f 441 511 442
f 441 509 511
f 440 510 508
f 440 447 510
f 440 509 441
f 448 450 449
f 447 506 510
f 446 506 447
f 444 448 445
f 499 577 578
f 497 574 571
f 497 573 574
f 497 564 573
f 496 570 498
f 502 580 503
f 501 580 502
f 500 580 501
f 500 579 580
f 499 576 577
f 499 579 500
f 499 578 579
f 498 570 572
f 506 507 584
f 506 584 510
f 505 583 507
f 504 583 505
f 503 583 504
f 503 582 583
f 503 581 582
f 503 580 581
f 481 484 556
f 480 555 485
f 480 554 555
f 514 599 517
f 513 594 593
f 512 597 591
f 512 596 597
f 512 595 596
f 520 601 600
f 519 601 520
f 518 601 519
f 518 600 601
f 518 599 600
f 517 599 518
f 514 517 516
f 480 553 554
f 495 572 570
f 495 571 572
f 495 497 571
f 495 570 496
f 494 569 565
f 494 561 569
f 493 568 566
f 493 565 568
f 498 576 499
f 498 575 576
f 498 572 575
f 462 534 535
f 491 564 497
f 490 564 491
f 490 563 564
f 489 493 562
f 464 536 537
f 464 534 536
f 464 535 534
f 464 466 465
f 464 467 466
f 463 535 464
f 462 535 463
f 492 494 565
f 471 541 542
f 469 540 470
f 469 539 540
f 468 539 469
f 467 539 468
f 467 538 539
f 467 537 538
f 464 537 467
f 474 546 477
f 474 475 546
f 473 545 475
f 481 556 557
f 479 553 480
f 479 552 553
f 479 551 552
f 478 551 479
f 483 560 484
f 483 559 560
f 483 558 559
f 483 485 558
f 482 556 486
f 482 557 556
f 481 557 482
f 428 429 492
f 489 563 490
f 489 562 563
f 488 491 497
f 487 493 489
f 486 561 494
f 486 556 561
f 485 555 558
f 484 560 556
f 493 567 562
f 493 566 567
f 492 565 493
f 367 422 429
f 359 419 420
f 359 361 419
f 359 418 416
f 365 424 425
f 364 428 423
f 364 366 428
f 364 423 365
f 362 422 367
f 362 418 422
f 362 416 418
f 362 363 416
f 368 426 430
f 359 420 417
f 366 429 428
f 366 367 429
f 365 427 424
f 365 423 427
f 365 426 375
f 365 425 426
f 343 398 344
f 342 398 343
f 342 397 398
f 342 396 397
f 341 396 342
f 359 417 418
f 378 439 379
f 378 437 439
f 377 436 438
f 381 449 382
f 380 449 381
f 380 448 449
f 380 445 448
f 379 447 440
f 379 446 447
f 379 439 446
f 379 445 380
f 340 396 341
f 358 414 360
f 357 414 358
f 356 416 363
f 356 359 416
f 354 415 414
f 354 412 415
f 354 357 355
f 361 421 419
f 360 421 361
f 360 415 421
f 360 414 415
f 331 385 386
f 351 410 352
f 351 409 410
f 328 381 329
f 326 328 327
f 326 381 328
f 326 380 381
f 326 379 380
f 325 379 326
f 325 378 379
f 324 378 325
f 331 386 332
f 352 410 411
f 331 384 385
f 331 383 384
f 330 382 383
f 330 383 331
f 329 382 330
f 329 381 382
f 336 389 390
f 335 386 387
f 335 389 336
f 335 388 389
f 335 387 388
f 349 409 351
f 340 395 396
f 340 394 395
f 347 403 404
f 347 402 403
f 347 349 348
f 346 402 347
f 345 400 401
f 345 399 400
f 344 399 345
f 344 398 399
f 349 351 350
f 379 440 441
f 349 408 409
f 349 407 408
f 349 406 407
f 347 406 349
f 347 405 406
f 347 404 405
f 354 414 357
f 353 413 412
f 353 411 413
f 353 412 354
f 352 411 353
f 417 482 418
f 404 472 405
f 404 471 472
f 403 471 404
f 411 478 479
f 411 476 478
f 410 476 411
f 408 477 476
f 408 474 477
f 408 410 409
f 408 476 410
f 407 474 408
f 405 472 473
f 417 481 482
f 417 420 481
f 415 480 421
f 415 479 480
f 412 479 415
f 412 413 479
f 411 479 413
f 385 453 387
f 385 452 453
f 384 452 385
f 384 451 452
f 400 470 401
f 427 491 488
f 427 490 491
f 427 489 490
f 432 499 500
f 432 498 499
f 432 496 498
f 431 496 432
f 430 497 495
f 430 488 497
f 430 496 431
f 430 495 496
f 383 450 451
f 400 469 470
f 399 469 400
f 399 468 469
f 398 468 399
f 398 467 468
f 397 467 398
f 396 467 397
f 406 475 474
f 406 473 475
f 406 474 407
f 405 473 406
f 376 438 437
f 394 463 464
f 394 462 463
f 394 461 462
f 371 434 435
f 370 434 371
f 369 434 370
f 369 433 434
f 369 432 433
f 369 431 432
f 368 431 369
f 368 430 431
f 394 464 465
f 376 377 438
f 376 437 378
f 374 375 426
f 372 377 373
f 372 436 377
f 371 436 372
f 371 435 436
f 379 444 445
f 379 443 444
f 379 442 443
f 379 441 442
f 394 460 461
f 383 451 384
f 382 450 383
f 382 449 450
f 389 457 390
f 389 456 457
f 389 455 456
f 388 455 389
f 388 454 455
f 388 453 454
f 387 453 388
f 385 387 386
f 513 593 598
f 394 459 460
f 393 459 394
f 393 458 459
f 392 458 393
f 391 458 392
f 391 457 458
f 390 457 391
f 396 466 467
f 394 396 395
f 394 466 396
f 394 465 466
f 641 727 723
f 641 724 725
f 641 723 724
f 640 722 641
f 640 644 722
f 639 719 720
f 638 721 644
f 646 649 729
f 645 650 648
f 644 721 722
f 642 650 643
f 642 728 650
f 642 725 728
f 641 725 642
f 641 726 727
f 649 732 733
f 648 732 649
f 648 728 732
f 648 650 728
f 647 731 654
f 646 731 647
f 646 730 731
f 646 729 730
f 621 702 703
f 621 701 702
f 665 746 747
f 660 745 661
f 660 744 745
f 659 744 660
f 659 743 744
f 659 742 743
f 658 742 659
f 666 750 751
f 666 749 750
f 666 748 749
f 666 747 748
f 665 747 666
f 620 701 621
f 662 665 664
f 662 746 665
f 638 720 721
f 638 639 720
f 637 719 639
f 637 718 719
f 637 717 718
f 637 716 717
f 637 715 716
f 636 715 637
f 641 722 726
f 604 681 682
f 633 714 634
f 633 713 714
f 633 712 713
f 632 712 633
f 632 711 712
f 607 684 609
f 606 684 607
f 606 683 684
f 605 683 606
f 605 682 683
f 604 682 605
f 634 714 635
f 604 680 681
f 611 689 690
f 611 688 689
f 610 687 611
f 610 686 687
f 609 684 685
f 608 686 610
f 608 685 686
f 608 609 685
f 613 693 694
f 613 691 693
f 624 704 625
f 619 701 620
f 619 700 701
f 619 696 700
f 617 696 619
f 616 699 696
f 627 707 708
f 626 707 627
f 626 706 707
f 626 705 706
f 625 705 626
f 625 704 705
f 661 745 746
f 621 703 622
f 631 633 634
f 630 711 632
f 630 710 711
f 630 709 710
f 629 709 630
f 629 708 709
f 628 708 629
f 627 708 628
f 635 715 636
f 635 714 715
f 684 780 685
f 681 778 682
f 680 778 681
f 680 777 778
f 680 776 777
f 680 775 776
f 680 773 775
f 687 782 783
f 686 781 782
f 686 782 687
f 685 780 781
f 685 781 686
f 682 778 683
f 683 780 684
f 683 779 780
f 690 787 691
f 690 786 787
f 689 786 690
f 689 785 786
f 689 784 785
f 688 784 689
f 688 783 784
f 687 783 688
f 669 754 755
f 704 802 705
f 702 798 799
f 702 797 798
f 700 702 701
f 700 794 702
f 699 796 794
f 698 796 699
f 706 805 707
f 706 804 805
f 705 804 706
f 705 803 804
f 705 802 803
f 669 676 754
f 704 801 802
f 702 800 797
f 680 774 773
f 679 774 680
f 679 773 774
f 679 770 773
f 678 770 679
f 678 771 770
f 676 772 754
f 675 772 676
f 683 778 779
f 653 734 735
f 674 771 678
f 674 770 771
f 674 769 770
f 674 768 769
f 674 767 768
f 674 764 767
f 654 738 735
f 654 737 738
f 654 731 737
f 653 736 656
f 653 735 736
f 674 766 764
f 653 655 734
f 649 733 729
f 658 741 742
f 657 741 658
f 657 740 741
f 657 739 740
f 656 736 739
f 656 739 657
f 654 734 655
f 654 735 734
f 661 746 662
f 669 757 758
f 669 677 676
f 668 753 675
f 667 753 668
f 667 752 753
f 666 752 667
f 666 751 752
f 670 761 762
f 670 760 761
f 669 760 670
f 669 759 760
f 669 758 759
f 613 692 691
f 669 756 757
f 669 755 756
f 673 766 674
f 673 765 766
f 672 765 673
f 671 765 672
f 671 764 765
f 671 763 764
f 671 762 763
f 670 762 671
f 675 753 772
f 544 627 545
f 543 625 626
f 543 624 625
f 542 623 543
f 541 623 542
f 540 621 622
f 548 549 631
f 547 628 629
f 546 630 549
f 546 629 630
f 546 547 629
f 545 628 547
f 545 627 628
f 543 626 544
f 552 634 635
f 550 552 551
f 550 634 552
f 550 631 634
f 549 633 631
f 549 632 633
f 549 630 632
f 548 631 550
f 523 605 606
f 522 605 523
f 522 604 605
f 566 568 646
f 563 573 564
f 563 567 573
f 562 567 563
f 561 643 569
f 559 644 640
f 569 650 645
f 569 643 650
f 568 649 646
f 568 648 649
f 568 645 648
f 567 647 573
f 521 604 522
f 566 647 567
f 539 621 540
f 539 620 621
f 539 619 620
f 538 619 539
f 538 617 619
f 538 618 617
f 537 618 538
f 536 618 537
f 544 626 627
f 543 623 624
f 507 585 584
f 533 615 534
f 533 614 615
f 533 613 614
f 532 613 533
f 509 512 511
f 508 510 587
f 508 512 509
f 508 588 512
f 508 587 588
f 507 586 585
f 507 583 586
f 534 615 616
f 512 588 595
f 512 594 513
f 512 593 594
f 512 592 593
f 512 591 592
f 510 590 587
f 510 589 590
f 510 584 589
f 514 516 515
f 513 599 514
f 513 598 599
f 523 606 524
f 520 604 521
f 520 603 604
f 520 602 603
f 520 600 602
f 527 531 609
f 527 608 528
f 526 531 530
f 525 531 526
f 525 607 531
f 524 607 525
f 524 606 607
f 565 569 645
f 531 607 609
f 529 613 532
f 529 612 613
f 528 612 529
f 528 611 612
f 528 610 611
f 528 608 610
f 527 609 608
f 536 617 618
f 536 616 617
f 534 616 536
f 593 674 598
f 591 671 672
f 591 670 671
f 591 669 670
f 591 597 669
f 589 666 667
f 597 677 669
f 597 676 677
f 597 675 676
f 596 675 597
f 595 668 675
f 595 675 596
f 591 672 592
f 592 674 593
f 603 680 604
f 602 680 603
f 602 679 680
f 602 678 679
f 600 678 602
f 599 678 600
f 599 674 678
f 598 674 599
f 574 654 655
f 574 647 654
f 614 694 695
f 612 692 613
f 611 687 688
f 611 692 612
f 611 691 692
f 611 690 691
f 616 698 699
f 616 697 698
f 616 695 697
f 616 696 617
f 615 695 616
f 614 695 615
f 573 647 574
f 613 694 614
f 589 668 590
f 589 667 668
f 587 668 595
f 587 590 668
f 587 595 588
f 586 666 589
f 586 665 666
f 586 664 665
f 592 673 674
f 592 672 673
f 553 635 636
f 582 664 586
f 582 662 664
f 581 662 582
f 581 663 662
f 580 663 581
f 555 639 638
f 555 637 639
f 555 638 558
f 554 637 555
f 554 636 637
f 553 636 554
f 582 586 583
f 552 635 553
f 559 638 644
f 559 640 560
f 558 638 559
f 556 643 561
f 556 642 643
f 556 641 642
f 556 640 641
f 556 560 640
f 566 646 647
f 565 645 568
f 574 653 652
f 572 653 575
f 572 652 653
f 572 651 652
f 571 651 572
f 571 574 651
f 577 658 659
f 576 657 577
f 576 656 657
f 576 653 656
f 575 653 576
f 574 652 651
f 334 386 335
f 574 655 653
f 579 663 580
f 579 662 663
f 579 661 662
f 579 660 661
f 578 660 579
f 577 657 658
f 577 660 578
f 577 659 660
f 585 586 589
f 584 585 589
f 88 115 89
f 77 107 78
f 82 86 83
f 82 115 86
f 82 114 115
f 82 113 114
f 82 112 113
f 81 110 111
f 81 112 82
f 81 146 112
f 90 116 117
f 89 116 90
f 89 115 116
f 78 107 108
f 86 88 87
f 86 115 88
f 83 85 84
f 83 86 85
f 63 87 88
f 63 86 87
f 63 85 86
f 62 84 63
f 61 84 62
f 61 83 84
f 61 82 83
f 76 103 106
f 99 100 128
f 105 136 137
f 104 129 136
f 104 136 105
f 103 134 106
f 102 134 103
f 101 135 133
f 101 105 135
f 101 134 102
f 77 106 107
f 76 106 77
f 60 80 81
f 75 103 76
f 74 105 101
f 74 104 105
f 74 99 104
f 73 74 101
f 81 111 146
f 80 110 81
f 79 110 80
f 79 109 110
f 78 109 79
f 78 108 109
f 52 53 71
f 49 68 50
f 49 67 68
f 47 65 66
f 46 64 65
f 45 64 46
f 45 63 64
f 44 63 45
f 44 62 63
f 53 72 99
f 53 70 72
f 52 71 54
f 69 72 70
f 51 70 53
f 51 69 70
f 50 69 51
f 50 68 69
f 56 76 77
f 56 75 76
f 55 75 56
f 55 73 75
f 54 74 73
f 54 71 74
f 54 73 55
f 68 96 97
f 65 92 93
f 64 92 65
f 64 91 92
f 64 90 91
f 64 89 90
f 63 84 85
f 63 89 64
f 63 88 89
f 69 98 72
f 68 98 69
f 68 97 98
f 99 128 129
f 68 94 96
f 67 95 94
f 67 94 68
f 65 93 66
f 73 103 75
f 73 102 103
f 73 101 102
f 72 100 99
f 72 97 100
f 72 98 97
f 71 99 74
f 135 137 171
f 125 160 126
f 131 163 164
f 131 158 163
f 130 158 131
f 129 168 136
f 129 167 168
f 129 166 167
f 128 166 129
f 128 165 166
f 135 172 169
f 135 171 172
f 126 160 161
f 134 170 138
f 133 170 134
f 133 169 170
f 133 135 169
f 131 164 132
f 108 141 142
f 108 140 141
f 107 140 108
f 107 139 140
f 106 139 107
f 106 138 139
f 123 158 130
f 142 182 180
f 149 189 191
f 148 189 149
f 147 190 187
f 147 186 190
f 147 189 148
f 147 188 189
f 147 187 188
f 146 186 147
f 125 159 160
f 125 157 159
f 106 134 138
f 123 127 158
f 122 125 124
f 122 157 125
f 121 122 124
f 120 155 156
f 128 164 165
f 128 132 164
f 127 163 158
f 127 162 163
f 126 162 127
f 126 161 162
f 96 126 127
f 116 151 117
f 94 121 96
f 94 95 121
f 92 120 93
f 92 119 120
f 92 118 119
f 91 118 92
f 91 117 118
f 90 117 91
f 97 123 100
f 96 127 123
f 117 151 152
f 96 125 126
f 96 124 125
f 96 121 124
f 96 123 97
f 95 122 121
f 101 133 134
f 100 132 128
f 100 131 132
f 100 130 131
f 100 123 130
f 99 129 104
f 114 150 115
f 105 137 135
f 112 146 113
f 111 145 146
f 111 144 145
f 110 142 143
f 110 144 111
f 110 143 144
f 109 142 110
f 108 142 109
f 116 150 151
f 115 150 116
f 53 99 71
f 114 149 150
f 114 148 149
f 113 146 147
f 113 148 114
f 113 147 148
f 120 154 155
f 119 154 120
f 119 153 154
f 118 153 119
f 118 152 153
f 117 152 118
f 1 95 67
f 1 201 200
f 1 249 201
f 1 295 249
f 1 346 295
f 1 402 346
f 1 403 402
f 1 471 403
f 1 541 471
f 1 31 18
f 1 48 31
f 1 49 48
f 1 67 49
f 1 1144 1143
f 1 122 95
f 1 157 122
f 1 200 157
f 1 2701 2805
f 1 2700 2701
f 1 2595 2700
f 1 2489 2595
f 1 3100 3107
f 1 3093 3100
f 1 3067 3093
f 1 3022 3067
f 1 1381 1380
f 13 25 14
f 13 24 25
f 13 23 24
f 12 23 13
f 12 22 23
f 12 21 22
f 12 20 21
f 11 20 12
f 1 1258 1144
f 1 1379 1258
f 1 1380 1379
f 1 2966 3022
f 1 1382 1381
f 1 1511 1382
f 1 1636 1511
f 1 1766 1636
f 1 623 541
f 1 624 623
f 1 704 624
f 1 801 704
f 1 907 801
f 1 1028 907
f 1 1143 1028
f 1 30 47
f 1 1027 1141
f 1 1026 1027
f 1 1023 1026
f 1 904 1023
f 1 797 904
f 1 798 797
f 1 799 798
f 1 703 799
f 1 1508 1635
f 1 1509 1508
f 1 1510 1509
f 1 2 8
f 1 1378 1377
f 1 1257 1378
f 1 1142 1257
f 1 1141 1142
f 1 1377 1510
f 1 93 120
f 1 9 17
f 1 17 30
f 1 1764 1762
f 1 1765 1764
f 1 1634 1765
f 1 1900 1766
f 1 2898 2966
f 1 2899 2898
f 1 2805 2899
f 1 2806 2702
f 1 2900 2806
f 1 2967 2900
f 1 3024 2967
f 1 3069 3024
f 1 3095 3069
f 1 3102 3095
f 1 3107 3102
f 6 14 7
f 1 2023 1900
f 1 2144 2023
f 1 2270 2144
f 1 2373 2270
f 1 2492 2373
f 1 2597 2492
f 1 2702 2597
f 1 622 703
f 1 540 622
f 1 470 540
f 1 401 470
f 42 61 62
f 40 58 41
f 40 57 58
f 39 57 40
f 38 57 39
f 38 56 57
f 38 55 56
f 36 38 37
f 36 55 38
f 43 62 44
f 42 59 60
f 42 62 43
f 33 50 51
f 42 82 61
f 42 60 82
f 41 59 42
f 41 58 59
f 18 31 19
f 17 29 30
f 16 28 29
f 15 28 16
f 15 27 28
f 14 27 15
f 14 26 27
f 31 48 32
f 60 81 82
f 59 80 60
f 59 79 80
f 58 79 59
f 58 78 79
f 57 78 58
f 57 77 78
f 56 77 57
f 32 50 33
f 32 49 50
f 32 48 49
f 14 25 26
f 30 65 47
f 30 46 65
f 29 46 30
f 29 45 46
f 36 54 55
f 36 52 54
f 34 53 52
f 34 51 53
f 34 36 35
f 34 52 36
f 33 51 34
f 5 11 12
f 2 15 8
f 2 7 15
f 2 6 7
f 2 5 6
f 1 5 2
f 1 4 5
f 1 10 4
f 1 18 10
f 6 13 14
f 6 12 13
f 5 12 6
f 26 40 41
f 4 11 5
f 4 10 11
f 3 16 9
f 3 8 16
f 11 19 20
f 10 19 11
f 10 18 19
f 9 29 17
f 9 16 29
f 8 15 16
f 7 14 15
f 24 38 25
f 21 36 22
f 21 35 36
f 21 34 35
f 20 34 21
f 20 33 34
f 19 33 20
f 19 32 33
f 19 31 32
f 25 40 26
f 25 39 40
f 25 38 39
f 143 181 183
f 24 37 38
f 22 24 23
f 22 37 24
f 22 36 37
f 28 45 29
f 28 44 45
f 27 44 28
f 27 43 44
f 26 43 27
f 26 42 43
f 26 41 42
f 277 324 278
f 267 313 268
f 266 314 313
f 273 322 320
f 273 312 322
f 273 321 274
f 273 320 321
f 272 319 275
f 272 318 319
f 271 318 272
f 271 317 318
f 278 326 327
f 278 325 326
f 268 313 311
f 277 323 324
f 276 319 323
f 276 323 277
f 275 319 276
f 274 321 315
f 249 296 250
f 249 295 296
f 248 294 293
f 248 292 294
f 245 292 246
f 245 291 292
f 266 313 267
f 285 336 337
f 283 285 284
f 292 343 344
f 291 343 292
f 290 343 291
f 290 342 343
f 290 341 342
f 289 341 290
f 289 340 341
f 289 339 340
f 266 310 314
f 245 290 291
f 265 312 273
f 265 311 312
f 265 268 311
f 263 310 266
f 263 309 310
f 262 309 263
f 271 316 317
f 270 316 271
f 270 315 316
f 269 274 315
f 269 315 270
f 235 237 279
f 258 302 306
f 231 272 275
f 230 275 276
f 230 277 232
f 230 276 277
f 229 275 230
f 229 231 275
f 228 231 229
f 227 274 269
f 235 280 281
f 235 279 280
f 258 306 259
f 234 279 237
f 233 279 234
f 233 278 279
f 232 278 233
f 232 277 278
f 239 285 286
f 239 284 285
f 238 284 239
f 236 284 238
f 236 283 284
f 236 282 283
f 257 260 304
f 244 290 245
f 253 300 301
f 252 300 253
f 252 299 300
f 251 299 252
f 250 299 251
f 250 298 299
f 250 297 298
f 250 296 297
f 257 305 262
f 257 304 305
f 285 337 286
f 256 302 258
f 254 303 302
f 254 301 303
f 254 302 256
f 253 301 254
f 262 305 309
f 261 263 266
f 260 308 304
f 260 307 308
f 260 306 307
f 259 306 260
f 323 377 376
f 314 362 367
f 313 366 364
f 320 322 374
f 320 374 321
f 319 373 323
f 318 373 319
f 318 372 373
f 317 372 318
f 317 371 372
f 317 370 371
f 324 376 378
f 314 367 366
f 323 373 377
f 323 376 324
f 322 375 374
f 322 365 375
f 321 426 368
f 321 374 426
f 298 348 299
f 297 348 298
f 297 347 348
f 297 346 347
f 296 346 297
f 312 365 322
f 333 386 334
f 332 386 333
f 340 393 394
f 340 392 393
f 339 392 340
f 338 392 339
f 338 391 392
f 337 391 338
f 337 390 391
f 336 390 337
f 313 314 366
f 295 346 296
f 312 364 365
f 311 364 312
f 311 313 364
f 310 362 314
f 309 363 362
f 309 356 363
f 315 317 316
f 315 370 317
f 315 369 370
f 315 368 369
f 315 321 368
f 283 335 336
f 307 357 358
f 307 355 357
f 281 330 331
f 281 329 330
f 281 328 329
f 280 327 328
f 280 328 281
f 279 327 280
f 278 324 325
f 278 327 279
f 283 336 285
f 307 358 308
f 283 334 335
f 283 333 334
f 282 333 283
f 282 332 333
f 281 332 282
f 281 331 332
f 287 289 288
f 287 339 289
f 286 339 287
f 286 338 339
f 286 337 338
f 304 309 305
f 292 345 294
f 292 344 345
f 303 351 352
f 302 303 306
f 301 351 303
f 300 351 301
f 300 350 351
f 299 350 300
f 299 349 350
f 299 348 349
f 306 355 307
f 235 282 236
f 304 356 309
f 304 308 356
f 303 355 306
f 303 354 355
f 303 353 354
f 303 352 353
f 309 362 310
f 308 361 359
f 308 360 361
f 308 358 360
f 308 359 356
f 179 222 225
f 170 172 176
f 177 220 216
f 177 219 220
f 177 213 219
f 175 177 216
f 175 218 178
f 175 217 218
f 175 216 217
f 174 215 214
f 179 226 227
f 179 225 226
f 171 213 172
f 179 224 182
f 179 223 224
f 178 218 221
f 178 222 179
f 178 221 222
f 153 194 195
f 151 192 193
f 151 153 152
f 151 194 153
f 151 193 194
f 150 192 151
f 167 209 173
f 187 236 188
f 194 242 243
f 193 242 194
f 193 241 242
f 191 193 192
f 191 241 193
f 191 239 241
f 191 240 239
f 189 240 191
f 169 172 170
f 167 173 168
f 150 191 192
f 166 209 167
f 165 212 208
f 165 211 212
f 165 210 211
f 165 207 210
f 173 215 174
f 173 209 215
f 172 213 177
f 172 177 176
f 171 214 213
f 171 174 214
f 141 182 142
f 161 205 206
f 138 177 175
f 138 176 177
f 138 170 176
f 138 175 139
f 137 174 171
f 137 173 174
f 137 168 173
f 136 168 137
f 142 181 143
f 142 180 181
f 161 206 162
f 141 179 182
f 140 179 141
f 139 179 140
f 139 178 179
f 139 175 178
f 145 186 146
f 145 185 186
f 145 184 185
f 145 183 184
f 144 183 145
f 143 183 144
f 160 203 161
f 149 191 150
f 156 198 199
f 155 198 156
f 155 196 198
f 154 196 155
f 154 197 196
f 153 197 154
f 153 196 197
f 153 195 196
f 161 204 205
f 161 203 204
f 187 190 234
f 160 202 203
f 159 202 160
f 159 201 202
f 159 200 201
f 157 200 159
f 165 209 166
f 165 208 209
f 164 207 165
f 163 207 164
f 163 206 207
f 162 206 163
f 225 265 273
f 215 257 262
f 223 269 270
f 223 227 269
f 222 264 225
f 221 264 222
f 219 265 220
f 219 268 265
f 219 267 268
f 219 266 267
f 227 273 274
f 226 273 227
f 216 220 217
f 225 273 226
f 224 270 271
f 224 272 231
f 224 271 272
f 223 270 224
f 198 246 292
f 198 247 199
f 196 246 198
f 195 246 196
f 195 245 246
f 195 244 245
f 214 215 262
f 235 281 282
f 244 289 290
f 244 288 289
f 243 288 244
f 242 288 243
f 242 287 288
f 241 287 242
f 241 286 287
f 239 286 241
f 214 263 261
f 214 262 263
f 195 243 244
f 213 261 219
f 213 214 261
f 212 260 257
f 212 259 260
f 211 259 212
f 219 261 266
f 217 265 225
f 217 220 265
f 217 221 218
f 217 264 221
f 217 225 264
f 185 232 233
f 207 254 256
f 182 231 228
f 182 224 231
f 181 230 183
f 181 229 230
f 180 182 228
f 180 229 181
f 180 228 229
f 179 227 223
f 187 235 236
f 186 234 190
f 207 256 210
f 185 234 186
f 185 233 234
f 184 232 185
f 184 230 232
f 183 230 184
f 188 240 189
f 188 239 240
f 188 238 239
f 188 236 238
f 187 237 235
f 187 234 237
f 205 254 255
f 194 243 195
f 203 251 204
f 202 251 203
f 202 250 251
f 202 249 250
f 201 249 202
f 198 293 247
f 198 248 293
f 198 292 248
f 207 255 254
f 205 255 207
f 1459 1583 1584
f 205 253 254
f 205 252 253
f 205 207 206
f 204 252 205
f 204 251 252
f 211 258 259
f 210 258 211
f 210 256 258
f 209 257 215
f 209 212 257
f 208 212 209
f 1211 1325 1326
f 1200 1315 1316
f 1200 1317 1201
f 1200 1316 1317
f 1208 1321 1322
f 1208 1318 1321
f 1208 1319 1318
f 1208 1320 1209
f 1207 1319 1208
f 1206 1319 1207
f 1204 1206 1205
f 1204 1319 1206
f 1211 1326 1327
f 1201 1317 1318
f 1210 1325 1211
f 1210 1323 1325
f 1209 1324 1323
f 1209 1320 1324
f 1209 1323 1210
f 1208 1322 1320
f 1215 1330 1331
f 1214 1330 1215
f 1214 1329 1330
f 1214 1328 1329
f 1213 1327 1328
f 1231 1349 1350
f 1222 1336 1337
f 1221 1336 1222
f 1219 1336 1221
f 1226 1346 1347
f 1226 1345 1346
f 1225 1344 1227
f 1225 1343 1344
f 1224 1343 1225
f 1224 1342 1343
f 1224 1341 1342
f 1224 1340 1341
f 1213 1328 1214
f 1231 1348 1349
f 1229 1347 1348
f 1229 1348 1231
f 1228 1347 1229
f 1227 1344 1345
f 1226 1227 1345
f 1226 1347 1228
f 1203 1319 1204
f 1202 1319 1203
f 1202 1318 1319
f 1201 1318 1202
f 1170 1286 1287
f 1189 1308 1305
f 1189 1304 1308
f 1199 1315 1200
f 1198 1315 1199
f 1198 1314 1315
f 1197 1314 1198
f 1197 1307 1314
f 1196 1313 1303
f 1196 1311 1313
f 1195 1312 1311
f 1170 1287 1171
f 1193 1299 1194
f 1170 1280 1286
f 1170 1281 1280
f 1166 1285 1283
f 1166 1275 1285
f 1166 1282 1167
f 1166 1280 1282
f 1172 1292 1293
f 1172 1291 1292
f 1172 1290 1291
f 1172 1287 1290
f 1172 1174 1173
f 1189 1307 1197
f 1212 1327 1213
f 1211 1327 1212
f 1186 1196 1303
f 1186 1302 1187
f 1186 1301 1302
f 1186 1300 1301
f 1184 1193 1192
f 1182 1184 1192
f 1180 1183 1181
f 1180 1184 1183
f 1189 1197 1190
f 1222 1337 1338
f 1189 1306 1307
f 1189 1305 1306
f 1188 1190 1191
f 1187 1302 1304
f 1187 1304 1189
f 1186 1303 1300
f 1195 1309 1312
f 1195 1311 1196
f 1194 1310 1309
f 1194 1299 1310
f 1194 1309 1195
f 1258 1379 1260
f 1247 1364 1365
f 1247 1368 1248
f 1247 1367 1368
f 1254 1371 1372
f 1254 1374 1255
f 1254 1373 1374
f 1254 1372 1373
f 1253 1371 1254
f 1252 1371 1253
f 1252 1370 1371
f 1252 1369 1370
f 1248 1368 1249
f 1256 1378 1257
f 1256 1377 1378
f 1256 1376 1377
f 1256 1375 1376
f 1255 1375 1256
f 1255 1373 1375
f 1255 1374 1373
f 1262 1383 1263
f 1261 1383 1262
f 1261 1382 1383
f 1261 1381 1382
f 1278 1399 1400
f 1267 1389 1268
f 1267 1388 1389
f 1266 1388 1267
f 1274 1285 1275
f 1274 1283 1285
f 1274 1394 1283
f 1274 1393 1394
f 1273 1392 1274
f 1273 1391 1392
f 1272 1278 1391
f 1272 1391 1273
f 1261 1380 1381
f 1278 1398 1399
f 1278 1397 1398
f 1278 1390 1397
f 1276 1278 1277
f 1274 1396 1393
f 1274 1395 1396
f 1274 1392 1395
f 1250 1252 1251
f 1250 1369 1252
f 1250 1368 1369
f 1249 1368 1250
f 1219 1335 1336
f 1240 1242 1241
f 1240 1358 1242
f 1238 1355 1356
f 1247 1366 1367
f 1247 1365 1366
f 1246 1364 1247
f 1245 1364 1246
f 1245 1363 1364
f 1245 1362 1363
f 1244 1362 1245
f 1244 1361 1362
f 1242 1359 1360
f 1218 1335 1219
f 1218 1334 1335
f 1218 1333 1334
f 1218 1332 1333
f 1218 1331 1332
f 1217 1331 1218
f 1215 1331 1217
f 1224 1339 1340
f 1223 1339 1224
f 1222 1339 1223
f 1222 1338 1339
f 1238 1240 1239
f 1260 1380 1261
f 1260 1379 1380
f 1258 1260 1259
f 1234 1236 1235
f 1233 1236 1234
f 1233 1353 1236
f 1233 1352 1353
f 1232 1352 1233
f 1232 1351 1352
f 1231 1351 1232
f 1231 1350 1351
f 1172 1289 1174
f 1238 1358 1240
f 1238 1357 1358
f 1238 1356 1357
f 1236 1238 1237
f 1236 1355 1238
f 1236 1354 1355
f 1236 1353 1354
f 1243 1361 1244
f 1243 1360 1361
f 1242 1358 1359
f 1242 1360 1243
f 1114 1226 1228
f 1102 1220 1215
f 1102 1105 1220
f 1110 1112 1226
f 1108 1225 1111
f 1108 1111 1109
f 1107 1225 1108
f 1107 1224 1225
f 1107 1223 1224
f 1105 1215 1220
f 1104 1107 1106
f 1114 1229 1230
f 1114 1228 1229
f 1102 1215 1217
f 1113 1226 1114
f 1112 1227 1226
f 1111 1227 1112
f 1111 1225 1227
f 1110 1226 1113
f 1116 1118 1117
f 1116 1234 1118
f 1116 1233 1234
f 1116 1232 1233
f 1116 1231 1232
f 1116 1229 1231
f 1130 1132 1131
f 1123 1238 1239
f 1123 1237 1238
f 1129 1245 1246
f 1128 1245 1129
f 1127 1245 1128
f 1127 1244 1245
f 1126 1241 1242
f 1126 1244 1127
f 1126 1243 1244
f 1126 1242 1243
f 1133 1249 1250
f 1114 1116 1115
f 1130 1133 1132
f 1130 1249 1133
f 1129 1249 1130
f 1129 1248 1249
f 1129 1247 1248
f 1129 1246 1247
f 1104 1223 1107
f 1104 1222 1223
f 1104 1221 1222
f 1103 1221 1104
f 1103 1219 1221
f 1071 1191 1079
f 1095 1210 1211
f 1102 1219 1103
f 1102 1218 1219
f 1102 1217 1218
f 1100 1216 1215
f 1100 1215 1105
f 1099 1216 1100
f 1099 1215 1216
f 1098 1215 1099
f 1073 1182 1074
f 1071 1188 1191
f 1095 1211 1097
f 1070 1188 1071
f 1069 1190 1188
f 1069 1189 1190
f 1069 1187 1189
f 1069 1188 1070
f 1077 1194 1195
f 1077 1195 1078
f 1076 1194 1077
f 1076 1193 1194
f 1076 1192 1193
f 1076 1182 1192
f 1094 1208 1209
f 1114 1230 1116
f 1090 1205 1093
f 1089 1205 1090
f 1088 1205 1089
f 1088 1204 1205
f 1088 1203 1204
f 1085 1088 1087
f 1085 1203 1088
f 1085 1202 1203
f 1095 1096 1210
f 1094 1209 1096
f 1123 1239 1125
f 1094 1207 1208
f 1094 1206 1207
f 1093 1205 1206
f 1093 1206 1094
f 1090 1093 1091
f 1098 1214 1215
f 1098 1213 1214
f 1097 1213 1098
f 1097 1212 1213
f 1097 1211 1212
f 1096 1209 1210
f 1163 1279 1280
f 1151 1270 1152
f 1151 1269 1270
f 1158 1276 1159
f 1158 1269 1276
f 1158 1271 1269
f 1156 1161 1157
f 1156 1166 1165
f 1156 1275 1166
f 1156 1274 1275
f 1156 1273 1274
f 1163 1280 1281
f 1152 1270 1154
f 1163 1164 1279
f 1162 1164 1163
f 1160 1278 1272
f 1159 1278 1160
f 1159 1277 1278
f 1159 1276 1277
f 1166 1284 1280
f 1166 1283 1284
f 1164 1282 1280
f 1164 1167 1282
f 1164 1280 1279
f 1179 1193 1184
f 1172 1288 1289
f 1171 1287 1172
f 1176 1177 1296
f 1174 1177 1175
f 1174 1296 1177
f 1174 1295 1296
f 1174 1294 1295
f 1174 1288 1294
f 1174 1289 1288
f 1172 1293 1288
f 1179 1184 1180
f 1163 1169 1168
f 1179 1299 1193
f 1178 1299 1179
f 1178 1298 1299
f 1176 1298 1178
f 1176 1297 1298
f 1176 1296 1297
f 1156 1272 1273
f 1156 1160 1272
f 1155 1271 1158
f 1154 1271 1155
f 1154 1270 1271
f 1120 1122 1121
f 1145 1260 1146
f 1145 1259 1260
f 1151 1268 1269
f 1151 1267 1268
f 1151 1266 1267
f 1151 1265 1266
f 1149 1151 1150
f 1149 1265 1151
f 1148 1265 1149
f 1148 1264 1265
f 1123 1236 1237
f 1146 1148 1147
f 1120 1123 1122
f 1120 1235 1123
f 1120 1234 1235
f 1118 1120 1119
f 1118 1234 1120
f 1116 1230 1229
f 1125 1239 1240
f 1125 1241 1126
f 1125 1240 1241
f 1123 1235 1236
f 1123 1125 1124
f 1144 1258 1259
f 1163 1170 1169
f 1163 1281 1170
f 1137 1254 1255
f 1137 1253 1254
f 1136 1253 1137
f 1136 1252 1253
f 1136 1251 1252
f 1134 1251 1136
f 1134 1250 1251
f 1133 1250 1134
f 1144 1259 1145
f 1268 1389 1269
f 1140 1257 1142
f 1138 1140 1139
f 1138 1257 1140
f 1138 1256 1257
f 1137 1256 1138
f 1137 1255 1256
f 1148 1263 1264
f 1146 1263 1148
f 1146 1262 1263
f 1146 1261 1262
f 1146 1260 1261
f 1392 1400 1395
f 1389 1521 1390
f 1389 1520 1521
f 1388 1520 1389
f 1388 1519 1520
f 1388 1518 1519
f 1393 1524 1525
f 1393 1395 1524
f 1393 1396 1395
f 1393 1402 1394
f 1393 1403 1402
f 1393 1523 1403
f 1393 1522 1523
f 1390 1521 1398
f 1399 1529 1400
f 1398 1529 1399
f 1398 1528 1529
f 1398 1527 1528
f 1398 1521 1527
f 1395 1526 1524
f 1395 1400 1526
f 1393 1525 1522
f 1405 1408 1410
f 1403 1531 1412
f 1403 1522 1531
f 1412 1542 1539
f 1410 1539 1536
f 1410 1538 1539
f 1410 1412 1538
f 1410 1413 1412
f 1410 1537 1532
f 1415 1545 1416
f 1415 1544 1545
f 1415 1543 1544
f 1415 1534 1543
f 1415 1535 1534
f 1412 1539 1538
f 1403 1523 1522
f 1412 1541 1542
f 1419 1436 1421
f 1419 1549 1436
f 1418 1548 1419
f 1417 1548 1418
f 1417 1547 1548
f 1417 1546 1547
f 1416 1546 1417
f 1416 1545 1546
f 1391 1400 1392
f 1390 1398 1397
f 1384 1514 1385
f 1382 1511 1512
f 1376 1509 1510
f 1376 1510 1377
f 1375 1508 1509
f 1387 1518 1388
f 1387 1517 1518
f 1387 1516 1517
f 1386 1516 1387
f 1386 1515 1516
f 1385 1515 1386
f 1385 1514 1515
f 1382 1512 1513
f 1359 1486 1360
f 1359 1485 1486
f 1359 1484 1485
f 1359 1483 1484
f 1359 1482 1483
f 1359 1478 1482
f 1359 1479 1478
f 1359 1481 1479
f 1362 1490 1365
f 1362 1489 1490
f 1362 1488 1489
f 1368 1499 1369
f 1403 1409 1404
f 1403 1412 1411
f 1400 1530 1526
f 1400 1529 1530
f 1371 1503 1504
f 1371 1502 1503
f 1371 1501 1502
f 1370 1501 1371
f 1370 1500 1501
f 1370 1499 1500
f 1369 1499 1370
f 1412 1531 1522
f 1375 1509 1376
f 1373 1508 1375
f 1373 1507 1508
f 1373 1506 1507
f 1373 1505 1506
f 1372 1505 1373
f 1372 1504 1505
f 1371 1504 1372
f 1384 1513 1514
f 1382 1384 1383
f 1382 1513 1384
f 1437 1570 1565
f 1437 1567 1440
f 1437 1566 1567
f 1437 1565 1566
f 1436 1549 1437
f 1435 1564 1441
f 1442 1447 1443
f 1442 1571 1447
f 1441 1571 1442
f 1441 1564 1571
f 1440 1567 1552
f 1438 1440 1439
f 1437 1440 1438
f 1437 1569 1570
f 1448 1450 1453
f 1447 1571 1573
f 1446 1572 1574
f 1446 1574 1451
f 1445 1573 1572
f 1445 1447 1573
f 1445 1572 1446
f 1444 1446 1451
f 1450 1454 1453
f 1450 1578 1454
f 1461 1586 1462
f 1459 1584 1585
f 1458 1583 1459
f 1458 1582 1583
f 1457 1582 1458
f 1456 1582 1457
f 1463 1590 1591
f 1463 1589 1590
f 1463 1588 1589
f 1462 1588 1463
f 1462 1587 1588
f 1462 1586 1587
f 1450 1455 1578
f 1459 1461 1460
f 1467 1593 1594
f 1467 1592 1593
f 1466 1591 1590
f 1466 1592 1467
f 1466 1590 1592
f 1465 1591 1466
f 1464 1591 1465
f 1463 1591 1464
f 1437 1568 1569
f 1437 1549 1568
f 1432 1433 1560
f 1430 1558 1559
f 1430 1557 1558
f 1428 1430 1429
f 1428 1557 1430
f 1428 1556 1557
f 1435 1563 1564
f 1434 1563 1435
f 1434 1562 1563
f 1434 1561 1562
f 1433 1553 1560
f 1432 1560 1561
f 1430 1559 1560
f 1432 1561 1434
f 1410 1536 1537
f 1407 1410 1408
f 1405 1415 1414
f 1405 1535 1415
f 1405 1534 1535
f 1405 1533 1534
f 1405 1532 1533
f 1405 1410 1532
f 1412 1540 1541
f 1412 1522 1540
f 1419 1548 1547
f 1449 1455 1450
f 1449 1577 1455
f 1449 1576 1577
f 1449 1575 1576
f 1449 1452 1575
f 1423 1551 1425
f 1422 1552 1551
f 1422 1440 1552
f 1422 1551 1423
f 1419 1550 1549
f 1419 1547 1550
f 1362 1486 1488
f 1419 1421 1420
f 1427 1555 1556
f 1427 1556 1428
f 1426 1555 1427
f 1426 1554 1555
f 1425 1554 1426
f 1425 1551 1554
f 1424 1553 1433
f 1424 1431 1553
f 1431 1560 1553
f 1430 1560 1431
f 1303 1313 1422
f 1298 1418 1419
f 1297 1417 1298
f 1295 1297 1296
f 1295 1417 1297
f 1301 1426 1427
f 1301 1425 1426
f 1301 1423 1425
f 1301 1424 1302
f 1300 1423 1301
f 1300 1422 1423
f 1300 1303 1422
f 1299 1421 1310
f 1298 1419 1420
f 1302 1308 1304
f 1302 1424 1308
f 1301 1431 1424
f 1301 1430 1431
f 1301 1429 1430
f 1301 1428 1429
f 1301 1427 1428
f 1308 1424 1433
f 1307 1435 1314
f 1306 1435 1307
f 1306 1434 1435
f 1317 1443 1321
f 1314 1441 1315
f 1314 1435 1441
f 1313 1440 1422
f 1313 1439 1440
f 1322 1443 1447
f 1322 1446 1444
f 1322 1445 1446
f 1321 1443 1322
f 1320 1444 1324
f 1320 1322 1444
f 1317 1321 1318
f 1306 1432 1434
f 1324 1452 1449
f 1324 1451 1452
f 1324 1444 1451
f 1324 1450 1448
f 1324 1449 1450
f 1323 1448 1325
f 1323 1324 1448
f 1322 1447 1445
f 1299 1420 1421
f 1298 1417 1418
f 1298 1420 1299
f 1266 1387 1388
f 1290 1404 1409
f 1290 1401 1404
f 1288 1408 1405
f 1295 1416 1417
f 1295 1415 1416
f 1295 1414 1415
f 1295 1405 1414
f 1295 1406 1405
f 1292 1413 1410
f 1292 1412 1413
f 1292 1411 1412
f 1290 1409 1291
f 1266 1386 1387
f 1265 1386 1266
f 1264 1386 1265
f 1264 1385 1386
f 1264 1384 1385
f 1264 1383 1384
f 1263 1383 1264
f 1269 1390 1278
f 1269 1389 1390
f 1269 1271 1270
f 1269 1278 1276
f 1288 1407 1408
f 1305 1433 1432
f 1305 1308 1433
f 1305 1432 1306
f 1283 1404 1401
f 1283 1403 1404
f 1283 1402 1403
f 1283 1394 1402
f 1280 1401 1290
f 1280 1284 1401
f 1280 1290 1286
f 1278 1400 1391
f 1315 1441 1316
f 1288 1292 1407
f 1288 1293 1292
f 1288 1295 1294
f 1288 1406 1295
f 1288 1405 1406
f 1286 1290 1287
f 1283 1401 1284
f 1292 1403 1411
f 1292 1409 1403
f 1292 1410 1407
f 1291 1409 1292
f 1346 1472 1349
f 1342 1470 1343
f 1342 1469 1470
f 1342 1468 1469
f 1341 1467 1468
f 1349 1476 1350
f 1349 1475 1476
f 1349 1474 1475
f 1349 1473 1474
f 1347 1349 1348
f 1346 1471 1472
f 1346 1349 1347
f 1343 1470 1344
f 1353 1479 1480
f 1353 1478 1479
f 1353 1477 1478
f 1353 1476 1477
f 1351 1353 1352
f 1351 1476 1353
f 1350 1476 1351
f 1349 1472 1473
f 1357 1359 1358
f 1357 1481 1359
f 1356 1481 1357
f 1362 1365 1363
f 1362 1487 1486
f 1361 1487 1362
f 1360 1486 1487
f 1360 1487 1361
f 1365 1494 1495
f 1365 1493 1494
f 1365 1492 1493
f 1365 1491 1492
f 1365 1489 1491
f 1365 1490 1489
f 1363 1365 1364
f 1355 1481 1356
f 1367 1500 1499
f 1367 1498 1500
f 1367 1499 1368
f 1366 1498 1367
f 1366 1497 1498
f 1366 1496 1497
f 1366 1495 1496
f 1365 1495 1366
f 1345 1471 1346
f 1344 1471 1345
f 1344 1470 1471
f 1335 1337 1336
f 1333 1463 1334
f 1333 1462 1463
f 1333 1461 1462
f 1331 1333 1332
f 1341 1468 1342
f 1340 1467 1341
f 1338 1467 1340
f 1338 1466 1467
f 1338 1465 1466
f 1338 1340 1339
f 1337 1465 1338
f 1334 1464 1335
f 1312 1439 1313
f 1311 1312 1313
f 1310 1439 1312
f 1310 1438 1439
f 1310 1437 1438
f 1310 1436 1437
f 1310 1421 1436
f 1309 1310 1312
f 1316 1441 1442
f 1316 1443 1317
f 1316 1442 1443
f 1325 1448 1326
f 1354 1481 1355
f 1354 1479 1481
f 1354 1480 1479
f 1353 1480 1354
f 1328 1456 1457
f 1327 1456 1328
f 1327 1455 1456
f 1327 1454 1455
f 1327 1453 1454
f 1327 1448 1453
f 1326 1448 1327
f 702 794 800
f 1330 1333 1331
f 1330 1461 1333
f 1330 1460 1461
f 1329 1460 1330
f 1329 1459 1460
f 1329 1458 1459
f 1328 1458 1329
f 1328 1457 1458
f 1335 1465 1337
f 1335 1464 1465
f 1334 1463 1464
f 826 829 934
f 825 930 931
f 824 825 827
f 822 930 825
f 822 926 930
f 822 823 926
f 821 929 925
f 820 929 821
f 820 928 929
f 828 935 936
f 828 830 935
f 827 933 830
f 826 934 834
f 816 818 817
f 825 933 827
f 825 932 933
f 825 931 932
f 832 840 833
f 832 939 840
f 831 837 832
f 830 933 935
f 828 934 829
f 828 938 934
f 828 937 938
f 828 936 937
f 846 954 955
f 843 949 953
f 842 952 944
f 842 951 952
f 841 951 842
f 841 950 951
f 840 950 841
f 840 939 950
f 839 949 843
f 846 957 847
f 846 956 957
f 846 955 956
f 804 912 913
f 844 846 845
f 844 954 846
f 844 953 954
f 843 953 844
f 820 927 928
f 820 924 927
f 819 926 823
f 819 925 926
f 819 821 925
f 816 924 820
f 816 921 924
f 785 890 891
f 815 921 816
f 814 923 920
f 814 922 923
f 814 919 922
f 814 921 815
f 814 920 921
f 812 919 814
f 786 893 788
f 786 892 893
f 785 892 786
f 785 891 892
f 816 820 818
f 784 889 890
f 784 890 785
f 783 889 784
f 790 897 791
f 790 896 897
f 790 895 896
f 790 894 895
f 789 894 790
f 788 894 789
f 788 893 894
f 786 788 787
f 805 916 806
f 804 911 912
f 804 910 911
f 804 909 910
f 804 908 909
f 803 908 804
f 803 907 908
f 801 803 802
f 808 812 813
f 807 916 809
f 806 916 807
f 805 915 916
f 837 943 939
f 804 915 805
f 804 914 915
f 804 913 914
f 812 814 813
f 811 919 812
f 810 916 914
f 810 919 811
f 810 918 919
f 810 917 918
f 810 914 917
f 809 916 810
f 870 989 990
f 867 985 868
f 866 985 867
f 866 984 985
f 866 983 984
f 864 979 980
f 864 983 865
f 864 982 983
f 864 981 982
f 870 987 988
f 870 991 871
f 870 990 991
f 863 971 974
f 870 988 989
f 868 987 870
f 868 986 987
f 868 985 986
f 872 996 875
f 872 995 996
f 872 994 995
f 872 993 994
f 872 992 993
f 872 990 992
f 872 991 990
f 890 1007 1008
f 887 1006 888
f 887 1005 1006
f 887 1004 1005
f 887 1002 1004
f 886 1002 887
f 884 1003 888
f 883 1003 884
f 883 887 1003
f 891 1009 892
f 891 1008 1009
f 890 1008 891
f 871 991 872
f 889 1007 890
f 889 1006 1007
f 888 1006 889
f 887 888 1003
f 864 980 981
f 863 979 864
f 863 978 979
f 863 977 978
f 863 976 977
f 863 975 976
f 863 974 975
f 835 941 942
f 862 973 972
f 862 970 973
f 860 972 971
f 860 862 972
f 860 863 861
f 860 971 863
f 859 970 862
f 859 969 970
f 836 943 837
f 835 943 836
f 835 942 943
f 856 964 965
f 835 940 941
f 834 940 835
f 834 934 940
f 832 837 939
f 838 949 839
f 838 948 949
f 838 947 948
f 838 946 947
f 838 945 946
f 838 944 945
f 838 842 944
f 854 962 856
f 850 961 851
f 850 960 961
f 850 959 960
f 849 959 850
f 849 958 959
f 848 958 849
f 848 957 958
f 847 957 848
f 856 963 964
f 856 961 963
f 856 962 961
f 795 899 902
f 854 856 855
f 851 854 852
f 851 962 854
f 851 961 962
f 858 969 859
f 858 968 969
f 857 967 968
f 857 968 858
f 856 967 857
f 856 966 967
f 856 965 966
f 729 833 730
f 727 830 828
f 727 827 830
f 727 829 826
f 727 828 829
f 726 827 727
f 726 824 827
f 724 728 725
f 732 834 835
f 732 826 834
f 730 833 738
f 730 737 731
f 730 738 737
f 729 733 831
f 729 832 833
f 729 831 832
f 735 840 841
f 735 738 840
f 735 839 736
f 735 838 839
f 733 837 831
f 732 837 733
f 732 836 837
f 732 835 836
f 710 807 809
f 749 854 855
f 746 853 748
f 745 853 746
f 745 852 853
f 744 852 745
f 744 851 852
f 743 851 744
f 743 850 851
f 751 857 752
f 750 856 751
f 750 855 856
f 749 855 750
f 710 712 711
f 748 854 749
f 748 852 854
f 748 853 852
f 724 732 728
f 724 826 732
f 723 727 826
f 723 826 724
f 721 825 824
f 721 822 825
f 721 726 722
f 721 824 726
f 691 789 693
f 719 819 823
f 719 822 720
f 718 819 719
f 717 821 819
f 717 820 821
f 717 818 820
f 694 792 793
f 694 791 792
f 694 790 791
f 693 790 694
f 693 789 790
f 719 823 822
f 691 788 789
f 691 787 788
f 698 795 796
f 698 792 795
f 698 793 792
f 697 793 698
f 696 794 700
f 696 699 794
f 695 793 697
f 694 793 695
f 702 799 703
f 710 811 812
f 710 808 712
f 708 710 709
f 708 807 710
f 707 807 708
f 707 806 807
f 707 805 806
f 713 814 815
f 713 813 814
f 712 813 713
f 712 808 813
f 710 812 808
f 746 748 747
f 710 810 811
f 710 809 810
f 717 819 718
f 715 717 716
f 715 818 717
f 715 817 818
f 714 817 715
f 713 817 714
f 713 816 817
f 713 815 816
f 720 822 721
f 778 883 884
f 775 880 881
f 773 880 775
f 773 879 880
f 773 878 879
f 773 877 878
f 772 857 858
f 770 877 773
f 778 882 886
f 778 780 779
f 778 885 780
f 778 884 885
f 775 881 776
f 777 882 778
f 776 882 777
f 776 881 882
f 783 888 889
f 782 888 783
f 782 884 888
f 781 884 782
f 781 885 884
f 780 885 781
f 778 887 883
f 778 886 887
f 797 800 904
f 794 901 800
f 794 900 901
f 794 796 900
f 792 899 795
f 792 898 899
f 792 897 898
f 791 897 792
f 801 907 803
f 800 906 904
f 800 905 906
f 800 901 905
f 755 861 756
f 795 900 796
f 795 903 900
f 795 902 903
f 769 877 770
f 769 876 877
f 768 876 769
f 767 876 768
f 767 875 876
f 767 874 875
f 767 869 874
f 764 766 765
f 736 843 739
f 762 873 874
f 762 872 873
f 762 871 872
f 762 870 871
f 762 868 870
f 762 764 763
f 762 767 764
f 739 845 846
f 739 844 845
f 739 843 844
f 738 833 840
f 762 874 869
f 736 839 843
f 735 842 838
f 735 841 842
f 743 849 850
f 742 849 743
f 742 848 849
f 741 848 742
f 740 848 741
f 740 847 848
f 740 846 847
f 739 846 740
f 756 863 757
f 755 860 861
f 754 859 755
f 754 858 859
f 754 772 858
f 753 857 772
f 752 857 753
f 751 856 857
f 757 983 866
f 757 865 983
f 757 864 865
f 757 863 864
f 1074 1182 1075
f 756 861 863
f 755 862 860
f 755 859 862
f 762 869 767
f 761 868 762
f 761 867 868
f 759 761 760
f 759 867 761
f 759 866 867
f 757 759 758
f 757 866 759
f 1014 1131 1015
f 1005 1119 1120
f 1012 1127 1128
f 1011 1127 1012
f 1011 1126 1127
f 1010 1126 1011
f 1009 1126 1010
f 1009 1125 1126
f 1009 1124 1125
f 1008 1124 1009
f 1016 1132 1017
f 1015 1132 1016
f 1015 1131 1132
f 1005 1120 1121
f 1012 1131 1014
f 1012 1130 1131
f 1012 1129 1130
f 1012 1128 1129
f 1020 1137 1138
f 1020 1136 1137
f 1020 1135 1136
f 1019 1022 1020
f 1018 1134 1022
f 1017 1132 1133
f 1017 1134 1018
f 1037 1041 1153
f 1024 1140 1142
f 1034 1149 1035
f 1033 1149 1034
f 1033 1148 1149
f 1032 1148 1033
f 1032 1147 1148
f 1032 1146 1147
f 1032 1145 1146
f 1031 1145 1032
f 1037 1152 1154
f 1037 1153 1038
f 1017 1133 1134
f 1036 1152 1037
f 1036 1151 1152
f 1036 1150 1151
f 1035 1150 1036
f 1035 1149 1150
f 1008 1123 1124
f 1008 1122 1123
f 1007 1122 1008
f 1007 1121 1122
f 1005 1007 1006
f 1005 1121 1007
f 972 973 1092
f 1004 1119 1005
f 1002 1119 1004
f 1002 1118 1119
f 1002 1117 1118
f 1002 1116 1117
f 1000 1002 1001
f 1000 1116 1002
f 1000 1115 1116
f 975 1092 1091
f 974 1092 975
f 973 1091 1092
f 994 997 995
f 971 1092 974
f 971 972 1092
f 967 969 968
f 967 970 969
f 978 1095 1097
f 977 1096 1095
f 977 1094 1096
f 977 1095 978
f 975 977 976
f 975 1094 977
f 975 1093 1094
f 992 1111 1112
f 988 1109 989
f 988 1108 1109
f 988 1107 1108
f 988 1106 1107
f 987 1106 988
f 987 1104 1106
f 986 1105 1102
f 986 1100 1105
f 994 998 997
f 993 1110 994
f 992 1112 1110
f 1024 1142 1141
f 992 1109 1111
f 992 1110 993
f 990 1109 992
f 989 1109 990
f 1000 1114 1115
f 1000 1113 1114
f 998 1000 999
f 998 1113 1000
f 995 997 996
f 994 1113 998
f 994 1110 1113
f 1061 1181 1183
f 1053 1169 1170
f 1057 1180 1181
f 1057 1179 1180
f 1057 1178 1179
f 1057 1176 1178
f 1056 1176 1057
f 1055 1177 1176
f 1055 1175 1177
f 1055 1176 1056
f 1062 1184 1063
f 1061 1183 1062
f 1053 1170 1171
f 1060 1182 1073
f 1060 1063 1182
f 1058 1061 1059
f 1058 1181 1061
f 1057 1181 1058
f 1066 1068 1067
f 1066 1187 1069
f 1066 1186 1187
f 1066 1185 1186
f 1065 1185 1066
f 1064 1078 1185
f 1083 1202 1084
f 1075 1182 1076
f 1080 1198 1199
f 1080 1197 1198
f 1079 1197 1080
f 1079 1190 1197
f 1079 1191 1190
f 1078 1195 1196
f 1078 1186 1185
f 1078 1196 1186
f 1085 1087 1086
f 1084 1202 1085
f 1063 1184 1182
f 1083 1201 1202
f 1083 1200 1201
f 1083 1199 1200
f 1082 1199 1083
f 1080 1199 1082
f 1054 1175 1055
f 1053 1175 1054
f 1053 1174 1175
f 1053 1173 1174
f 1053 1172 1173
f 1053 1171 1172
f 1022 1134 1136
f 1045 1162 1163
f 1053 1168 1169
f 1052 1168 1053
f 1052 1163 1168
f 1051 1163 1052
f 1050 1164 1162
f 1049 1167 1164
f 1049 1166 1167
f 1049 1165 1166
f 1024 1141 1025
f 1022 1136 1135
f 1045 1163 1046
f 1020 1022 1135
f 1020 1024 1021
f 1020 1140 1024
f 1020 1139 1140
f 1020 1138 1139
f 1031 1144 1145
f 1029 1031 1030
f 1029 1144 1031
f 1029 1143 1144
f 1028 1143 1029
f 1025 1141 1027
f 1043 1157 1161
f 1062 1183 1184
f 1041 1043 1042
f 1041 1157 1043
f 1041 1156 1157
f 1040 1153 1041
f 1039 1153 1040
f 1038 1153 1039
f 1037 1155 1041
f 1037 1154 1155
f 1045 1050 1162
f 1043 1161 1049
f 879 999 881
f 1043 1049 1044
f 1041 1160 1156
f 1041 1159 1160
f 1041 1158 1159
f 1041 1155 1158
f 1049 1156 1165
f 1049 1161 1156
f 1047 1049 1164
f 1047 1050 1048
f 1047 1164 1050
f 1046 1163 1051
f 918 1037 919
f 912 1035 917
f 912 914 913
f 912 917 914
f 911 1035 912
f 911 1034 1035
f 910 1034 911
f 910 1033 1034
f 910 1032 1033
f 919 1039 922
f 919 1038 1039
f 919 1037 1038
f 906 1027 1026
f 918 1036 1037
f 917 1036 918
f 917 1035 1036
f 914 916 915
f 923 1042 1043
f 923 1041 1042
f 923 1040 1041
f 923 1039 1040
f 922 1039 923
f 921 927 924
f 920 923 927
f 937 1058 1059
f 935 1055 936
f 935 1054 1055
f 935 1053 1054
f 934 938 940
f 933 1053 935
f 933 1052 1053
f 932 1052 933
f 932 1051 1052
f 939 943 1060
f 938 1059 940
f 937 1059 938
f 920 927 921
f 937 1057 1058
f 937 1056 1057
f 937 1055 1056
f 936 1055 937
f 909 1032 910
f 909 1031 1032
f 908 1031 909
f 908 1030 1031
f 907 1030 908
f 907 1029 1030
f 907 1028 1029
f 877 996 878
f 906 1025 1027
f 906 1026 1023
f 905 1025 906
f 905 1024 1025
f 905 1021 1024
f 904 906 1023
f 902 1019 903
f 902 1022 1019
f 879 997 998
f 878 997 879
f 878 996 997
f 898 1018 902
f 876 996 877
f 875 996 876
f 873 875 874
f 872 875 873
f 882 1002 886
f 882 1001 1002
f 882 1000 1001
f 882 999 1000
f 881 999 882
f 879 881 880
f 879 998 999
f 896 1016 898
f 894 1012 1014
f 894 1013 1012
f 893 1013 894
f 893 1012 1013
f 893 1011 1012
f 893 1010 1011
f 893 1009 1010
f 892 1009 893
f 898 1017 1018
f 898 1016 1017
f 896 898 897
f 981 1101 982
f 896 1015 1016
f 895 1015 896
f 894 1015 895
f 894 1014 1015
f 902 1018 1022
f 900 905 901
f 900 1021 905
f 900 1020 1021
f 900 1019 1020
f 900 903 1019
f 898 902 899
f 959 1086 960
f 956 1086 1081
f 956 1085 1086
f 956 1084 1085
f 956 1083 1084
f 956 1082 1083
f 956 1080 1082
f 956 1081 957
f 963 1088 1089
f 960 1086 1087
f 960 963 961
f 960 1088 963
f 960 1087 1088
f 957 1081 958
f 959 1081 1086
f 958 1081 959
f 967 973 970
f 966 973 967
f 966 1091 973
f 966 1090 1091
f 965 1090 966
f 963 965 964
f 963 1090 965
f 963 1089 1090
f 943 1063 1060
f 984 986 985
f 975 1091 1093
f 981 1100 1101
f 981 1099 1100
f 980 1099 981
f 980 1098 1099
f 980 1097 1098
f 978 980 979
f 978 1097 980
f 986 1101 1100
f 986 1104 987
f 986 1103 1104
f 986 1102 1103
f 927 929 928
f 984 1101 986
f 982 984 983
f 982 1101 984
f 955 1080 956
f 955 1079 1080
f 955 1071 1079
f 954 1071 955
f 953 1071 954
f 952 1078 1064
f 952 1077 1078
f 952 1076 1077
f 926 931 930
f 947 1067 948
f 952 1075 1076
f 952 1074 1075
f 951 1074 952
f 951 1073 1074
f 950 1073 951
f 950 1060 1073
f 949 1071 953
f 949 1072 1071
f 927 1047 1048
f 926 1046 931
f 926 1045 1046
f 942 1062 943
f 925 1045 926
f 925 929 1045
f 923 1044 927
f 923 1043 1044
f 931 1051 932
f 931 1046 1051
f 929 1050 1045
f 929 1048 1050
f 927 1049 1047
f 927 1044 1049
f 943 1062 1063
f 946 1065 1066
f 927 1048 929
f 941 1061 1062
f 941 1059 1061
f 940 1059 941
f 939 1060 950
f 946 1067 947
f 941 1062 942
f 948 1067 1068
f 946 1066 1067
f 944 946 945
f 944 1065 946
f 944 1064 1185
f 948 1068 1066
f 948 1066 1069
f 948 1069 1070
f 948 1070 1071
f 948 1071 1072
f 948 1072 949
f 944 952 1064
f 944 1185 1065

